"country_code","maddison_country","region","series_id","series_label","episode_id","episode_label","phase","start_year","end_year","start_date","end_date","duration_years","average_growth","cumulative_growth","start_index_value","end_index_value","episode_index_end_100"
"AFG","Afghanistan","South and South East Asia","imf_weo_gdp_growth","IMF WEO real GDP growth",1,"2003-2019","expansion",2003,2019,"2003-01-01","2019-01-01",16,0.0649375,1.68009083027431,108.7,291.325873250818,268.009083027431
"AFG","Afghanistan","South and South East Asia","imf_weo_gdp_growth","IMF WEO real GDP growth",2,"2019-2022","contraction",2019,2022,"2019-01-01","2022-01-01",3,-0.077,-0.21725776,291.325873250818,228.033066598301,78.274224
"AFG","Afghanistan","South and South East Asia","imf_weo_gdp_growth","IMF WEO real GDP growth",3,"2022-2025","expansion",2022,2025,"2022-01-01","2025-01-01",3,0.024,0.0737101099999999,228.033066598301,244.841409020899,107.371011
"AGO","Angola","Sub Saharan Africa","imf_weo_gdp_growth","IMF WEO real GDP growth",1,"1980-1981","contraction",1980,1981,"1980-01-01","1981-01-01",1,-0.044,-0.0440000000000002,102.4,97.8944,95.6
"AGO","Angola","Sub Saharan Africa","imf_weo_gdp_growth","IMF WEO real GDP growth",2,"1981-1989","expansion",1981,1989,"1981-01-01","1989-01-01",8,0.0335,0.299258067565468,97.8944,127.190088969481,129.925806756547
"AGO","Angola","Sub Saharan Africa","imf_weo_gdp_growth","IMF WEO real GDP growth",3,"1989-1990","contraction",1989,1990,"1989-01-01","1990-01-01",1,-0.035,-0.0349999999999999,127.190088969481,122.738435855549,96.5
"AGO","Angola","Sub Saharan Africa","imf_weo_gdp_growth","IMF WEO real GDP growth",4,"1990-2015","expansion",1990,2015,"1990-01-01","2015-01-01",25,0.07848,5.49091616984747,122.738435855549,796.684897956569,649.091616984747
"AGO","Angola","Sub Saharan Africa","imf_weo_gdp_growth","IMF WEO real GDP growth",5,"2015-2020","contraction",2015,2020,"2015-01-01","2020-01-01",5,-0.0132,-0.06479425772416,796.684897956569,745.064291353425,93.520574227584
"AGO","Angola","Sub Saharan Africa","imf_weo_gdp_growth","IMF WEO real GDP growth",6,"2020-2031","expansion",2020,2031,"2020-01-01","2031-01-01",11,0.0295454545454545,0.376892691138533,745.064291353425,1025.87357719284,137.689269113853
"ALB","Albania","Eastern Europe","imf_weo_gdp_growth","IMF WEO real GDP growth",1,"1980-1984","expansion",1980,1984,"1980-01-01","1984-01-01",4,0.02925,0.12160952666,102.7,115.189298387982,112.160952666
"ALB","Albania","Eastern Europe","imf_weo_gdp_growth","IMF WEO real GDP growth",2,"1984-1985","contraction",1984,1985,"1984-01-01","1985-01-01",1,-0.015,-0.015,115.189298387982,113.461458912162,98.5
"ALB","Albania","Eastern Europe","imf_weo_gdp_growth","IMF WEO real GDP growth",3,"1985-1986","expansion",1985,1986,"1985-01-01","1986-01-01",1,0.056,0.056,113.461458912162,119.815300611243,105.6
"ALB","Albania","Eastern Europe","imf_weo_gdp_growth","IMF WEO real GDP growth",4,"1986-1988","contraction",1986,1988,"1986-01-01","1988-01-01",2,-0.011,-0.021888,119.815300611243,117.192783311464,97.8112
"ALB","Albania","Eastern Europe","imf_weo_gdp_growth","IMF WEO real GDP growth",5,"1988-1989","expansion",1988,1989,"1988-01-01","1989-01-01",1,0.098,0.0979999999999999,117.192783311464,128.677676075988,109.8
"ALB","Albania","Eastern Europe","imf_weo_gdp_growth","IMF WEO real GDP growth",6,"1989-1992","contraction",1989,1992,"1989-01-01","1992-01-01",3,-0.150666666666667,-0.398656,128.677676075988,77.3795484422389,60.1344
"ALB","Albania","Eastern Europe","imf_weo_gdp_growth","IMF WEO real GDP growth",7,"1992-1996","expansion",1992,1996,"1992-01-01","1996-01-01",4,0.0925,0.424559215376,77.3795484422389,110.231748815025,142.4559215376
"ALB","Albania","Eastern Europe","imf_weo_gdp_growth","IMF WEO real GDP growth",8,"1996-1997","contraction",1996,1997,"1996-01-01","1997-01-01",1,-0.109,-0.109,110.231748815025,98.2164881941873,89.1
"ALB","Albania","Eastern Europe","imf_weo_gdp_growth","IMF WEO real GDP growth",9,"1997-2019","expansion",1997,2019,"1997-01-01","2019-01-01",22,0.0483181818181818,1.80229910932414,98.2164881941873,275.231977387516,280.229910932414
"ALB","Albania","Eastern Europe","imf_weo_gdp_growth","IMF WEO real GDP growth",10,"2019-2020","contraction",2019,2020,"2019-01-01","2020-01-01",1,-0.033,-0.0330000000000001,275.231977387516,266.149322133728,96.7
"ALB","Albania","Eastern Europe","imf_weo_gdp_growth","IMF WEO real GDP growth",11,"2020-2031","expansion",2020,2031,"2020-01-01","2031-01-01",11,0.0408181818181818,0.550787318016247,266.149322133728,412.740993463606,155.078731801625
"ARE","United Arab Emirates","Middle East and North Africa","imf_weo_gdp_growth","IMF WEO real GDP growth",1,"1980-1981","expansion",1980,1981,"1980-01-01","1981-01-01",1,0.08,0.0799999999999998,98.2,106.056,108
"ARE","United Arab Emirates","Middle East and North Africa","imf_weo_gdp_growth","IMF WEO real GDP growth",2,"1981-1983","contraction",1981,1983,"1981-01-01","1983-01-01",2,-0.062,-0.120256,106.056,93.302129664,87.9744
"ARE","United Arab Emirates","Middle East and North Africa","imf_weo_gdp_growth","IMF WEO real GDP growth",3,"1983-1984","expansion",1983,1984,"1983-01-01","1984-01-01",1,0.045,0.0449999999999999,93.302129664,97.50072549888,104.5
"ARE","United Arab Emirates","Middle East and North Africa","imf_weo_gdp_growth","IMF WEO real GDP growth",4,"1984-1986","contraction",1984,1986,"1984-01-01","1986-01-01",2,-0.109,-0.213175,97.50072549888,76.7160083406562,78.6825
"ARE","United Arab Emirates","Middle East and North Africa","imf_weo_gdp_growth","IMF WEO real GDP growth",5,"1986-1987","expansion",1986,1987,"1986-01-01","1987-01-01",1,0.053,0.0529999999999999,76.7160083406562,80.781956782711,105.3
"ARE","United Arab Emirates","Middle East and North Africa","imf_weo_gdp_growth","IMF WEO real GDP growth",6,"1987-1988","contraction",1987,1988,"1987-01-01","1988-01-01",1,-0.026,-0.0259999999999999,80.781956782711,78.6816259063605,97.4
"ARE","United Arab Emirates","Middle East and North Africa","imf_weo_gdp_growth","IMF WEO real GDP growth",7,"1988-2008","expansion",1988,2008,"1988-01-01","2008-01-01",20,0.0666,2.53815704824513,78.6816259063605,278.387949267976,353.815704824513
"ARE","United Arab Emirates","Middle East and North Africa","imf_weo_gdp_growth","IMF WEO real GDP growth",8,"2008-2009","contraction",2008,2009,"2008-01-01","2009-01-01",1,-0.052,-0.0519999999999999,278.387949267976,263.911775906041,94.8
"ARE","United Arab Emirates","Middle East and North Africa","imf_weo_gdp_growth","IMF WEO real GDP growth",9,"2009-2016","expansion",2009,2016,"2009-01-01","2016-01-01",7,0.0594285714285714,0.497283975581491,263.911775906041,395.150873031369,149.728397558149
"ARE","United Arab Emirates","Middle East and North Africa","imf_weo_gdp_growth","IMF WEO real GDP growth",10,"2016-2017","contraction",2016,2017,"2016-01-01","2017-01-01",1,-0.011,-0.011,395.150873031369,390.804213428024,98.9
"ARE","United Arab Emirates","Middle East and North Africa","imf_weo_gdp_growth","IMF WEO real GDP growth",11,"2017-2019","expansion",2017,2019,"2017-01-01","2019-01-01",2,0.014,0.028195,390.804213428024,401.822938225627,102.8195
"ARE","United Arab Emirates","Middle East and North Africa","imf_weo_gdp_growth","IMF WEO real GDP growth",12,"2019-2020","contraction",2019,2020,"2019-01-01","2020-01-01",1,-0.087,-0.0870000000000002,401.822938225627,366.864342599998,91.3
"ARE","United Arab Emirates","Middle East and North Africa","imf_weo_gdp_growth","IMF WEO real GDP growth",13,"2020-2031","expansion",2020,2031,"2020-01-01","2031-01-01",11,0.0469090909090909,0.654738465456215,366.864342599998,607.064539304523,165.473846545621
"ARG","Argentina","Latin America","imf_weo_gdp_growth","IMF WEO real GDP growth",1,"1980-1982","contraction",1980,1982,"1980-01-01","1982-01-01",2,-0.044,-0.086233,100.7,92.0163369,91.3767
"ARG","Argentina","Latin America","imf_weo_gdp_growth","IMF WEO real GDP growth",2,"1982-1984","expansion",1982,1984,"1982-01-01","1984-01-01",2,0.0285,0.0577399999999999,92.0163369,97.329360192606,105.774
"ARG","Argentina","Latin America","imf_weo_gdp_growth","IMF WEO real GDP growth",3,"1984-1985","contraction",1984,1985,"1984-01-01","1985-01-01",1,-0.07,-0.0700000000000001,97.329360192606,90.5163049791235,93
"ARG","Argentina","Latin America","imf_weo_gdp_growth","IMF WEO real GDP growth",4,"1985-1987","expansion",1985,1987,"1985-01-01","1987-01-01",2,0.048,0.0977749999999999,90.5163049791235,99.3665366984573,109.7775
"ARG","Argentina","Latin America","imf_weo_gdp_growth","IMF WEO real GDP growth",5,"1987-1990","contraction",1987,1990,"1987-01-01","1990-01-01",3,-0.0343333333333333,-0.1004482,99.3665366984573,89.3853469468634,89.95518
"ARG","Argentina","Latin America","imf_weo_gdp_growth","IMF WEO real GDP growth",6,"1990-1994","expansion",1990,1994,"1990-01-01","1994-01-01",4,0.08225,0.37074516501,89.3853469468634,122.524532150154,137.074516501
"ARG","Argentina","Latin America","imf_weo_gdp_growth","IMF WEO real GDP growth",7,"1994-1995","contraction",1994,1995,"1994-01-01","1995-01-01",1,-0.028,-0.0280000000000002,122.524532150154,119.09384524995,97.2
"ARG","Argentina","Latin America","imf_weo_gdp_growth","IMF WEO real GDP growth",8,"1995-1998","expansion",1995,1998,"1995-01-01","1998-01-01",3,0.0583333333333333,0.184932745,119.09384524995,141.118196964628,118.4932745
"ARG","Argentina","Latin America","imf_weo_gdp_growth","IMF WEO real GDP growth",9,"1998-2002","contraction",1998,2002,"1998-01-01","2002-01-01",4,-0.04875,-0.183747743488,141.118196964628,115.188046707283,81.6252256512
"ARG","Argentina","Latin America","imf_weo_gdp_growth","IMF WEO real GDP growth",10,"2002-2008","expansion",2002,2008,"2002-01-01","2008-01-01",6,0.0798333333333333,0.584102357839628,115.188046707283,182.469656383948,158.410235783963
"ARG","Argentina","Latin America","imf_weo_gdp_growth","IMF WEO real GDP growth",11,"2008-2009","contraction",2008,2009,"2008-01-01","2009-01-01",1,-0.059,-0.0590000000000001,182.469656383948,171.703946657295,94.1
"ARG","Argentina","Latin America","imf_weo_gdp_growth","IMF WEO real GDP growth",12,"2009-2011","expansion",2009,2011,"2009-01-01","2011-01-01",2,0.0805,0.16706,171.703946657295,200.388807985863,116.706
"ARG","Argentina","Latin America","imf_weo_gdp_growth","IMF WEO real GDP growth",13,"2011-2012","contraction",2011,2012,"2011-01-01","2012-01-01",1,-0.01,-0.0100000000000001,200.388807985863,198.384919906004,99
"ARG","Argentina","Latin America","imf_weo_gdp_growth","IMF WEO real GDP growth",14,"2012-2013","expansion",2012,2013,"2012-01-01","2013-01-01",1,0.024,0.024,198.384919906004,203.146157983748,102.4
"ARG","Argentina","Latin America","imf_weo_gdp_growth","IMF WEO real GDP growth",15,"2013-2014","contraction",2013,2014,"2013-01-01","2014-01-01",1,-0.025,-0.025,203.146157983748,198.067504034154,97.5
"ARG","Argentina","Latin America","imf_weo_gdp_growth","IMF WEO real GDP growth",16,"2014-2015","expansion",2014,2015,"2014-01-01","2015-01-01",1,0.027,0.0269999999999999,198.067504034154,203.415326643077,102.7
"ARG","Argentina","Latin America","imf_weo_gdp_growth","IMF WEO real GDP growth",17,"2015-2016","contraction",2015,2016,"2015-01-01","2016-01-01",1,-0.021,-0.0209999999999999,203.415326643077,199.143604783572,97.9
"ARG","Argentina","Latin America","imf_weo_gdp_growth","IMF WEO real GDP growth",18,"2016-2017","expansion",2016,2017,"2016-01-01","2017-01-01",1,0.028,0.0279999999999998,199.143604783572,204.719625717512,102.8
"ARG","Argentina","Latin America","imf_weo_gdp_growth","IMF WEO real GDP growth",19,"2017-2020","contraction",2017,2020,"2017-01-01","2020-01-01",3,-0.0483333333333333,-0.13997748,204.719625717512,176.063488403031,86.002252
"ARG","Argentina","Latin America","imf_weo_gdp_growth","IMF WEO real GDP growth",20,"2020-2022","expansion",2020,2022,"2020-01-01","2022-01-01",2,0.082,0.17024,176.063488403031,206.036536668764,117.024
"ARG","Argentina","Latin America","imf_weo_gdp_growth","IMF WEO real GDP growth",21,"2022-2024","contraction",2022,2024,"2022-01-01","2024-01-01",2,-0.016,-0.031753,206.036536668764,199.49425851992,96.8247
"ARG","Argentina","Latin America","imf_weo_gdp_growth","IMF WEO real GDP growth",22,"2024-2031","expansion",2024,2031,"2024-01-01","2031-01-01",7,0.0362857142857143,0.283301828478875,199.49425851992,256.011346729651,128.330182847887
"ARM","Armenia","Eastern Europe","imf_weo_gdp_growth","IMF WEO real GDP growth",1,"1993-2008","expansion",1993,2008,"1993-01-01","2008-01-01",15,0.0902666666666667,2.62060322328478,85.9,311.009816880163,362.060322328478
"ARM","Armenia","Eastern Europe","imf_weo_gdp_growth","IMF WEO real GDP growth",2,"2008-2009","contraction",2008,2009,"2008-01-01","2009-01-01",1,-0.141,-0.141,311.009816880163,267.15743270006,85.9
"ARM","Armenia","Eastern Europe","imf_weo_gdp_growth","IMF WEO real GDP growth",3,"2009-2019","expansion",2009,2019,"2009-01-01","2019-01-01",10,0.0448,0.546222045242392,267.15743270006,413.084711991193,154.622204524239
"ARM","Armenia","Eastern Europe","imf_weo_gdp_growth","IMF WEO real GDP growth",4,"2019-2020","contraction",2019,2020,"2019-01-01","2020-01-01",1,-0.071,-0.0710000000000001,413.084711991193,383.755697439818,92.9
"ARM","Armenia","Eastern Europe","imf_weo_gdp_growth","IMF WEO real GDP growth",5,"2020-2031","expansion",2020,2031,"2020-01-01","2031-01-01",11,0.0641818181818182,0.977795058164698,383.755697439818,758.99012193902,197.77950581647
"AUS","Australia","Western Offshoots","imf_weo_gdp_growth","IMF WEO real GDP growth",1,"1980-1982","expansion",1980,1982,"1980-01-01","1982-01-01",2,0.021,0.0420409999999998,102.9,107.2260189,104.2041
"AUS","Australia","Western Offshoots","imf_weo_gdp_growth","IMF WEO real GDP growth",2,"1982-1983","contraction",1982,1983,"1982-01-01","1983-01-01",1,-0.005,-0.005,107.2260189,106.6898888055,99.5
"AUS","Australia","Western Offshoots","imf_weo_gdp_growth","IMF WEO real GDP growth",3,"1983-1990","expansion",1983,1990,"1983-01-01","1990-01-01",7,0.0421428571428571,0.333961219824349,106.6898888055,142.320174213909,133.396121982435
"AUS","Australia","Western Offshoots","imf_weo_gdp_growth","IMF WEO real GDP growth",4,"1990-1991","contraction",1990,1991,"1990-01-01","1991-01-01",1,-0.01,-0.0100000000000001,142.320174213909,140.89697247177,99
"AUS","Australia","Western Offshoots","imf_weo_gdp_growth","IMF WEO real GDP growth",5,"1991-2019","expansion",1991,2019,"1991-01-01","2019-01-01",28,0.0321071428571429,1.42018980776958,140.89697247177,340.997416721769,242.018980776958
"AUS","Australia","Western Offshoots","imf_weo_gdp_growth","IMF WEO real GDP growth",6,"2019-2020","contraction",2019,2020,"2019-01-01","2020-01-01",1,-0.02,-0.0200000000000001,340.997416721769,334.177468387333,98
"AUS","Australia","Western Offshoots","imf_weo_gdp_growth","IMF WEO real GDP growth",7,"2020-2031","expansion",2020,2031,"2020-01-01","2031-01-01",11,0.0245454545454545,0.304751893148654,334.177468387333,436.018684525998,130.475189314865
"AUT","Austria","Western Europe","imf_weo_gdp_growth","IMF WEO real GDP growth",1,"1980-1981","contraction",1980,1981,"1980-01-01","1981-01-01",1,-0.001,-0.001,102.3,102.1977,99.9
"AUT","Austria","Western Europe","imf_weo_gdp_growth","IMF WEO real GDP growth",2,"1981-2008","expansion",1981,2008,"1981-01-01","2008-01-01",27,0.0236666666666667,0.877915908477684,102.1977,191.91868663983,187.791590847768
"AUT","Austria","Western Europe","imf_weo_gdp_growth","IMF WEO real GDP growth",3,"2008-2009","contraction",2008,2009,"2008-01-01","2009-01-01",1,-0.036,-0.036,191.91868663983,185.009613920796,96.4
"AUT","Austria","Western Europe","imf_weo_gdp_growth","IMF WEO real GDP growth",4,"2009-2012","expansion",2009,2012,"2009-01-01","2012-01-01",3,0.0176666666666667,0.053807132,185.009613920796,194.964450638301,105.3807132
"AUT","Austria","Western Europe","imf_weo_gdp_growth","IMF WEO real GDP growth",5,"2012-2013","contraction",2012,2013,"2012-01-01","2013-01-01",1,-0.003,-0.003,194.964450638301,194.379557286386,99.7
"AUT","Austria","Western Europe","imf_weo_gdp_growth","IMF WEO real GDP growth",6,"2013-2019","expansion",2013,2019,"2013-01-01","2019-01-01",6,0.018,0.11286631390513,194.379557286386,216.318461415812,111.286631390513
"AUT","Austria","Western Europe","imf_weo_gdp_growth","IMF WEO real GDP growth",7,"2019-2020","contraction",2019,2020,"2019-01-01","2020-01-01",1,-0.063,-0.0629999999999998,216.318461415812,202.690398346616,93.7
"AUT","Austria","Western Europe","imf_weo_gdp_growth","IMF WEO real GDP growth",8,"2020-2022","expansion",2020,2022,"2020-01-01","2022-01-01",2,0.051,0.104597,202.690398346616,223.891205942477,110.4597
"AUT","Austria","Western Europe","imf_weo_gdp_growth","IMF WEO real GDP growth",9,"2022-2024","contraction",2022,2024,"2022-01-01","2024-01-01",2,-0.0075,-0.014944,223.891205942477,220.545375760872,98.5056
"AUT","Austria","Western Europe","imf_weo_gdp_growth","IMF WEO real GDP growth",10,"2024-2031","expansion",2024,2031,"2024-01-01","2031-01-01",7,0.009,0.0647079336756278,220.545375760872,234.816411308073,106.470793367563
"AZE","Azerbaijan","Eastern Europe","imf_weo_gdp_growth","IMF WEO real GDP growth",1,"1993-1995","contraction",1993,1995,"1993-01-01","1995-01-01",2,-0.1635,-0.30139,76.9,53.723109,69.861
"AZE","Azerbaijan","Eastern Europe","imf_weo_gdp_growth","IMF WEO real GDP growth",2,"1995-2015","expansion",1995,2015,"1995-01-01","2015-01-01",20,0.0984,5.16208369633731,53.723109,331.046294085452,616.208369633731
"AZE","Azerbaijan","Eastern Europe","imf_weo_gdp_growth","IMF WEO real GDP growth",3,"2015-2016","contraction",2015,2016,"2015-01-01","2016-01-01",1,-0.031,-0.0309999999999999,331.046294085452,320.783858968803,96.9
"AZE","Azerbaijan","Eastern Europe","imf_weo_gdp_growth","IMF WEO real GDP growth",4,"2016-2019","expansion",2016,2019,"2016-01-01","2019-01-01",3,0.014,0.0424557499999998,320.783858968803,334.402978289218,104.245575
"AZE","Azerbaijan","Eastern Europe","imf_weo_gdp_growth","IMF WEO real GDP growth",5,"2019-2020","contraction",2019,2020,"2019-01-01","2020-01-01",1,-0.042,-0.0420000000000001,334.402978289218,320.358053201071,95.8
"AZE","Azerbaijan","Eastern Europe","imf_weo_gdp_growth","IMF WEO real GDP growth",6,"2020-2031","expansion",2020,2031,"2020-01-01","2031-01-01",11,0.0290909090909091,0.369696833005728,320.358053201071,438.793410897387,136.969683300573
"BDI","Burundi","Sub Saharan Africa","imf_weo_gdp_growth","IMF WEO real GDP growth",1,"1980-1981","expansion",1980,1981,"1980-01-01","1981-01-01",1,0.122,0.122,93.2,104.5704,112.2
"BDI","Burundi","Sub Saharan Africa","imf_weo_gdp_growth","IMF WEO real GDP growth",2,"1981-1982","contraction",1981,1982,"1981-01-01","1982-01-01",1,-0.011,-0.011,104.5704,103.4201256,98.9
"BDI","Burundi","Sub Saharan Africa","imf_weo_gdp_growth","IMF WEO real GDP growth",3,"1982-1992","expansion",1982,1992,"1982-01-01","1992-01-01",10,0.041,0.48787543679114,103.4201256,153.876264550095,148.787543679114
"BDI","Burundi","Sub Saharan Africa","imf_weo_gdp_growth","IMF WEO real GDP growth",4,"1992-1996","contraction",1992,1996,"1992-01-01","1996-01-01",4,-0.06475,-0.23541571408,153.876264550095,117.651373851071,76.458428592
"BDI","Burundi","Sub Saharan Africa","imf_weo_gdp_growth","IMF WEO real GDP growth",5,"1996-2014","expansion",1996,2014,"1996-01-01","2014-01-01",18,0.0351111111111111,0.857802216202898,117.651373851071,218.572983079836,185.78022162029
"BDI","Burundi","Sub Saharan Africa","imf_weo_gdp_growth","IMF WEO real GDP growth",6,"2014-2016","contraction",2014,2016,"2014-01-01","2016-01-01",2,-0.0225,-0.0447660000000001,218.572983079836,208.788344919284,95.5234
"BDI","Burundi","Sub Saharan Africa","imf_weo_gdp_growth","IMF WEO real GDP growth",7,"2016-2031","expansion",2016,2031,"2016-01-01","2031-01-01",15,0.0294666666666667,0.54390023898679,208.788344919284,322.348375618538,154.390023898679
"BEL","Belgium","Western Europe","imf_weo_gdp_growth","IMF WEO real GDP growth",1,"1980-1981","contraction",1980,1981,"1980-01-01","1981-01-01",1,-0.003,-0.003,104.4,104.0868,99.7
"BEL","Belgium","Western Europe","imf_weo_gdp_growth","IMF WEO real GDP growth",2,"1981-1992","expansion",1981,1992,"1981-01-01","1992-01-01",11,0.0216363636363636,0.264522789715684,104.0868,131.620130708578,126.452278971568
"BEL","Belgium","Western Europe","imf_weo_gdp_growth","IMF WEO real GDP growth",3,"1992-1993","contraction",1992,1993,"1992-01-01","1993-01-01",1,-0.01,-0.0100000000000001,131.620130708578,130.303929401493,99
"BEL","Belgium","Western Europe","imf_weo_gdp_growth","IMF WEO real GDP growth",4,"1993-2008","expansion",1993,2008,"1993-01-01","2008-01-01",15,0.0242,0.430192288877073,130.303929401493,186.359675040397,143.019228887707
"BEL","Belgium","Western Europe","imf_weo_gdp_growth","IMF WEO real GDP growth",5,"2008-2009","contraction",2008,2009,"2008-01-01","2009-01-01",1,-0.019,-0.019,186.359675040397,182.81884121463,98.1
"BEL","Belgium","Western Europe","imf_weo_gdp_growth","IMF WEO real GDP growth",6,"2009-2019","expansion",2009,2019,"2009-01-01","2019-01-01",10,0.0154,0.164790440768143,182.81884121463,212.94563863911,116.479044076814
"BEL","Belgium","Western Europe","imf_weo_gdp_growth","IMF WEO real GDP growth",7,"2019-2020","contraction",2019,2020,"2019-01-01","2020-01-01",1,-0.048,-0.048,212.94563863911,202.724247984432,95.2
"BEL","Belgium","Western Europe","imf_weo_gdp_growth","IMF WEO real GDP growth",8,"2020-2031","expansion",2020,2031,"2020-01-01","2031-01-01",11,0.0189090909090909,0.227131970889798,202.724247984432,248.769405976289,122.71319708898
"BEN","Benin","Sub Saharan Africa","imf_weo_gdp_growth","IMF WEO real GDP growth",1,"1980-1982","expansion",1980,1982,"1980-01-01","1982-01-01",2,0.018,0.0363229999999999,109.3,113.2701039,103.6323
"BEN","Benin","Sub Saharan Africa","imf_weo_gdp_growth","IMF WEO real GDP growth",2,"1982-1983","contraction",1982,1983,"1982-01-01","1983-01-01",1,-0.02,-0.0200000000000001,113.2701039,111.004701822,98
"BEN","Benin","Sub Saharan Africa","imf_weo_gdp_growth","IMF WEO real GDP growth",3,"1983-1986","expansion",1983,1986,"1983-01-01","1986-01-01",3,0.0246666666666667,0.0754456439999998,111.004701822,119.379523037989,107.5445644
"BEN","Benin","Sub Saharan Africa","imf_weo_gdp_growth","IMF WEO real GDP growth",4,"1986-1987","contraction",1986,1987,"1986-01-01","1987-01-01",1,-0.021,-0.0209999999999999,119.379523037989,116.872553054191,97.9
"BEN","Benin","Sub Saharan Africa","imf_weo_gdp_growth","IMF WEO real GDP growth",5,"1987-1988","expansion",1987,1988,"1987-01-01","1988-01-01",1,0.034,0.034,116.872553054191,120.846219858033,103.4
"BEN","Benin","Sub Saharan Africa","imf_weo_gdp_growth","IMF WEO real GDP growth",6,"1988-1989","contraction",1988,1989,"1988-01-01","1989-01-01",1,-0.028,-0.028,120.846219858033,117.462525702009,97.2
"BEN","Benin","Sub Saharan Africa","imf_weo_gdp_growth","IMF WEO real GDP growth",7,"1989-2031","expansion",1989,2031,"1989-01-01","2031-01-01",42,0.0514761904761905,7.1838352300787,117.462525702009,961.293956054122,818.38352300787
"BFA","Burkina Faso","Sub Saharan Africa","imf_weo_gdp_growth","IMF WEO real GDP growth",1,"1980-1982","expansion",1980,1982,"1980-01-01","1982-01-01",2,0.0205,0.0413779999999999,104,108.303312,104.1378
"BFA","Burkina Faso","Sub Saharan Africa","imf_weo_gdp_growth","IMF WEO real GDP growth",2,"1982-1983","contraction",1982,1983,"1982-01-01","1983-01-01",1,-0.012,-0.0119999999999999,108.303312,107.003672256,98.8
"BFA","Burkina Faso","Sub Saharan Africa","imf_weo_gdp_growth","IMF WEO real GDP growth",3,"1983-1986","expansion",1983,1986,"1983-01-01","1986-01-01",3,0.0696666666666667,0.22127264,107.003672256,130.68065730578,122.127264
"BFA","Burkina Faso","Sub Saharan Africa","imf_weo_gdp_growth","IMF WEO real GDP growth",4,"1986-1987","contraction",1986,1987,"1986-01-01","1987-01-01",1,-0.002,-0.00199999999999989,130.68065730578,130.419295991168,99.8
"BFA","Burkina Faso","Sub Saharan Africa","imf_weo_gdp_growth","IMF WEO real GDP growth",5,"1987-1989","expansion",1987,1989,"1987-01-01","1989-01-01",2,0.04,0.0812760000000001,130.419295991168,141.019254692147,108.1276
"BFA","Burkina Faso","Sub Saharan Africa","imf_weo_gdp_growth","IMF WEO real GDP growth",6,"1989-1990","contraction",1989,1990,"1989-01-01","1990-01-01",1,-0.006,-0.00600000000000012,141.019254692147,140.173139163994,99.4
"BFA","Burkina Faso","Sub Saharan Africa","imf_weo_gdp_growth","IMF WEO real GDP growth",7,"1990-2031","expansion",1990,2031,"1990-01-01","2031-01-01",41,0.053,7.23639136251197,140.173139163994,1154.52083266651,823.639136251197
"BGD","Bangladesh","South and South East Asia","imf_weo_gdp_growth","IMF WEO real GDP growth",1,"1981-2031","expansion",1981,2031,"1981-01-01","2031-01-01",50,0.05158,11.3120698145393,103.8,1277.99284674918,1231.20698145393
"BGR","Bulgaria","Eastern Europe","imf_weo_gdp_growth","IMF WEO real GDP growth",1,"1980-1988","expansion",1980,1988,"1980-01-01","1988-01-01",8,0.039125,0.358588039451948,105.7,143.602755770071,135.858803945195
"BGR","Bulgaria","Eastern Europe","imf_weo_gdp_growth","IMF WEO real GDP growth",2,"1988-1995","contraction",1988,1995,"1988-01-01","1995-01-01",7,-0.0652857142857143,-0.380956821077072,143.602755770071,88.8963064339975,61.9043178922928
"BGR","Bulgaria","Eastern Europe","imf_weo_gdp_growth","IMF WEO real GDP growth",3,"1995-1996","expansion",1995,1996,"1995-01-01","1996-01-01",1,0.052,0.052,88.8963064339975,93.5189143685654,105.2
"BGR","Bulgaria","Eastern Europe","imf_weo_gdp_growth","IMF WEO real GDP growth",4,"1996-1997","contraction",1996,1997,"1996-01-01","1997-01-01",1,-0.141,-0.141,93.5189143685654,80.3327474425977,85.9
"BGR","Bulgaria","Eastern Europe","imf_weo_gdp_growth","IMF WEO real GDP growth",5,"1997-1998","expansion",1997,1998,"1997-01-01","1998-01-01",1,0.038,0.038,80.3327474425977,83.3853918454164,103.8
"BGR","Bulgaria","Eastern Europe","imf_weo_gdp_growth","IMF WEO real GDP growth",6,"1998-1999","contraction",1998,1999,"1998-01-01","1999-01-01",1,-0.084,-0.084,83.3853918454164,76.3810189304014,91.6
"BGR","Bulgaria","Eastern Europe","imf_weo_gdp_growth","IMF WEO real GDP growth",7,"1999-2008","expansion",1999,2008,"1999-01-01","2008-01-01",9,0.0585555555555556,0.668133763119072,76.3810189304014,127.41375653924,166.813376311907
"BGR","Bulgaria","Eastern Europe","imf_weo_gdp_growth","IMF WEO real GDP growth",8,"2008-2009","contraction",2008,2009,"2008-01-01","2009-01-01",1,-0.033,-0.033,127.41375653924,123.209102573445,96.7
"BGR","Bulgaria","Eastern Europe","imf_weo_gdp_growth","IMF WEO real GDP growth",9,"2009-2012","expansion",2009,2012,"2009-01-01","2012-01-01",3,0.0146666666666667,0.0445973519999998,123.209102573445,128.703902290517,104.4597352
"BGR","Bulgaria","Eastern Europe","imf_weo_gdp_growth","IMF WEO real GDP growth",10,"2012-2013","contraction",2012,2013,"2012-01-01","2013-01-01",1,-0.005,-0.005,128.703902290517,128.060382779064,99.5
"BGR","Bulgaria","Eastern Europe","imf_weo_gdp_growth","IMF WEO real GDP growth",11,"2013-2019","expansion",2013,2019,"2013-01-01","2019-01-01",6,0.0268333333333333,0.171904874031817,128.060382779064,150.074586749165,117.190487403182
"BGR","Bulgaria","Eastern Europe","imf_weo_gdp_growth","IMF WEO real GDP growth",12,"2019-2020","contraction",2019,2020,"2019-01-01","2020-01-01",1,-0.031,-0.0310000000000001,150.074586749165,145.422274559941,96.9
"BGR","Bulgaria","Eastern Europe","imf_weo_gdp_growth","IMF WEO real GDP growth",13,"2020-2031","expansion",2020,2031,"2020-01-01","2031-01-01",11,0.0327272727272727,0.423383163165204,145.422274559941,206.991617157808,142.33831631652
"BHR","Bahrain","Middle East and North Africa","imf_weo_gdp_growth","IMF WEO real GDP growth",1,"1980-1984","expansion",1980,1984,"1980-01-01","1984-01-01",4,0.051,0.21951245248,107.5,131.0975886416,121.951245248
"BHR","Bahrain","Middle East and North Africa","imf_weo_gdp_growth","IMF WEO real GDP growth",2,"1984-1985","contraction",1984,1985,"1984-01-01","1985-01-01",1,-0.009,-0.00900000000000001,131.0975886416,129.917710343826,99.1
"BHR","Bahrain","Middle East and North Africa","imf_weo_gdp_growth","IMF WEO real GDP growth",3,"1985-1986","expansion",1985,1986,"1985-01-01","1986-01-01",1,0.005,0.00499999999999967,129.917710343826,130.567298895545,100.5
"BHR","Bahrain","Middle East and North Africa","imf_weo_gdp_growth","IMF WEO real GDP growth",4,"1986-1987","contraction",1986,1987,"1986-01-01","1987-01-01",1,-0.012,-0.012,130.567298895545,129.000491308798,98.8
"BHR","Bahrain","Middle East and North Africa","imf_weo_gdp_growth","IMF WEO real GDP growth",5,"1987-2019","expansion",1987,2019,"1987-01-01","2019-01-01",32,0.043875,2.92802785328838,129.000491308798,506.717522948845,392.802785328838
"BHR","Bahrain","Middle East and North Africa","imf_weo_gdp_growth","IMF WEO real GDP growth",6,"2019-2020","contraction",2019,2020,"2019-01-01","2020-01-01",1,-0.059,-0.0590000000000003,506.717522948845,476.821189094863,94.1
"BHR","Bahrain","Middle East and North Africa","imf_weo_gdp_growth","IMF WEO real GDP growth",7,"2020-2025","expansion",2020,2025,"2020-01-01","2025-01-01",5,0.041,0.222122115104408,476.821189094863,582.733720143213,122.212211510441
"BHR","Bahrain","Middle East and North Africa","imf_weo_gdp_growth","IMF WEO real GDP growth",8,"2025-2026","contraction",2025,2026,"2025-01-01","2026-01-01",1,-0.005,-0.005,582.733720143213,579.820051542497,99.5
"BHR","Bahrain","Middle East and North Africa","imf_weo_gdp_growth","IMF WEO real GDP growth",9,"2026-2031","expansion",2026,2031,"2026-01-01","2031-01-01",5,0.0332,0.177290844611419,579.820051542497,682.616838203103,117.729084461142
"BIH","Bosnia and Herzegovina","Eastern Europe","imf_weo_gdp_growth","IMF WEO real GDP growth",1,"1995-2008","expansion",1995,2008,"1995-01-01","2008-01-01",13,0.121,2.99514383118086,120.7,482.213860423529,399.514383118086
"BIH","Bosnia and Herzegovina","Eastern Europe","imf_weo_gdp_growth","IMF WEO real GDP growth",2,"2008-2009","contraction",2008,2009,"2008-01-01","2009-01-01",1,-0.03,-0.0300000000000002,482.213860423529,467.747444610823,97
"BIH","Bosnia and Herzegovina","Eastern Europe","imf_weo_gdp_growth","IMF WEO real GDP growth",3,"2009-2011","expansion",2009,2011,"2009-01-01","2011-01-01",2,0.0095,0.0190900000000001,467.747444610823,476.676743328444,101.909
"BIH","Bosnia and Herzegovina","Eastern Europe","imf_weo_gdp_growth","IMF WEO real GDP growth",4,"2011-2012","contraction",2011,2012,"2011-01-01","2012-01-01",1,-0.008,-0.0079999999999999,476.676743328444,472.863329381816,99.2
"BIH","Bosnia and Herzegovina","Eastern Europe","imf_weo_gdp_growth","IMF WEO real GDP growth",5,"2012-2019","expansion",2012,2019,"2012-01-01","2019-01-01",7,0.0298571428571429,0.228322981713936,472.863329381816,580.828894689452,122.832298171394
"BIH","Bosnia and Herzegovina","Eastern Europe","imf_weo_gdp_growth","IMF WEO real GDP growth",6,"2019-2020","contraction",2019,2020,"2019-01-01","2020-01-01",1,-0.03,-0.0300000000000001,580.828894689452,563.404027848768,97
"BIH","Bosnia and Herzegovina","Eastern Europe","imf_weo_gdp_growth","IMF WEO real GDP growth",7,"2020-2031","expansion",2020,2031,"2020-01-01","2031-01-01",11,0.0324545454545455,0.419457125832154,563.404027848768,799.727862052471,141.945712583215
"BLR","Belarus","Eastern Europe","imf_weo_gdp_growth","IMF WEO real GDP growth",1,"1993-1995","contraction",1993,1995,"1993-01-01","1995-01-01",2,-0.114,-0.215013,92.4,72.5327988,78.4987
"BLR","Belarus","Eastern Europe","imf_weo_gdp_growth","IMF WEO real GDP growth",2,"1995-2014","expansion",1995,2014,"1995-01-01","2014-01-01",19,0.0614210526315789,2.07154382298591,72.5327988,222.78767011802,307.154382298591
"BLR","Belarus","Eastern Europe","imf_weo_gdp_growth","IMF WEO real GDP growth",3,"2014-2016","contraction",2014,2016,"2014-01-01","2016-01-01",2,-0.0315,-0.06205,222.78767011802,208.963695187197,93.795
"BLR","Belarus","Eastern Europe","imf_weo_gdp_growth","IMF WEO real GDP growth",4,"2016-2019","expansion",2016,2019,"2016-01-01","2019-01-01",3,0.0233333333333333,0.0715698499999999,208.963695187197,223.91919550719,107.156985
"BLR","Belarus","Eastern Europe","imf_weo_gdp_growth","IMF WEO real GDP growth",5,"2019-2020","contraction",2019,2020,"2019-01-01","2020-01-01",1,-0.007,-0.00700000000000012,223.91919550719,222.35176113864,99.3
"BLR","Belarus","Eastern Europe","imf_weo_gdp_growth","IMF WEO real GDP growth",6,"2020-2021","expansion",2020,2021,"2020-01-01","2021-01-01",1,0.023,0.0229999999999999,222.35176113864,227.465851644828,102.3
"BLR","Belarus","Eastern Europe","imf_weo_gdp_growth","IMF WEO real GDP growth",7,"2021-2022","contraction",2021,2022,"2021-01-01","2022-01-01",1,-0.045,-0.045,227.465851644828,217.229888320811,95.5
"BLR","Belarus","Eastern Europe","imf_weo_gdp_growth","IMF WEO real GDP growth",8,"2022-2031","expansion",2022,2031,"2022-01-01","2031-01-01",9,0.0174444444444444,0.167539142873885,217.229888320811,253.624397616669,116.753914287389
"BOL","Bolivia (Plurinational State of)","Latin America","imf_weo_gdp_growth","IMF WEO real GDP growth",1,"1980-1981","expansion",1980,1981,"1980-01-01","1981-01-01",1,0.003,0.00299999999999989,100.6,100.9018,100.3
"BOL","Bolivia (Plurinational State of)","Latin America","imf_weo_gdp_growth","IMF WEO real GDP growth",2,"1981-1986","contraction",1981,1986,"1981-01-01","1986-01-01",5,-0.0248,-0.11846890386304,100.9018,88.9480743561923,88.153109613696
"BOL","Bolivia (Plurinational State of)","Latin America","imf_weo_gdp_growth","IMF WEO real GDP growth",3,"1986-2019","expansion",1986,2019,"1986-01-01","2019-01-01",33,0.0401212121212121,2.64908440160643,88.9480743561923,324.57903068611,364.908440160643
"BOL","Bolivia (Plurinational State of)","Latin America","imf_weo_gdp_growth","IMF WEO real GDP growth",4,"2019-2020","contraction",2019,2020,"2019-01-01","2020-01-01",1,-0.127,-0.127,324.57903068611,283.357493788974,87.3
"BOL","Bolivia (Plurinational State of)","Latin America","imf_weo_gdp_growth","IMF WEO real GDP growth",5,"2020-2023","expansion",2020,2023,"2020-01-01","2023-01-01",3,0.054,0.1692175,283.357493788974,331.30654049421,116.92175
"BOL","Bolivia (Plurinational State of)","Latin America","imf_weo_gdp_growth","IMF WEO real GDP growth",6,"2023-2026","contraction",2023,2026,"2023-01-01","2026-01-01",3,-0.0186666666666667,-0.055113356,331.30654049421,313.047125182824,94.4886644
"BRA","Brazil","Latin America","imf_weo_gdp_growth","IMF WEO real GDP growth",1,"1980-1981","contraction",1980,1981,"1980-01-01","1981-01-01",1,-0.044,-0.044,109.2,104.3952,95.6
"BRA","Brazil","Latin America","imf_weo_gdp_growth","IMF WEO real GDP growth",2,"1981-1982","expansion",1981,1982,"1981-01-01","1982-01-01",1,0.006,0.00600000000000001,104.3952,105.0215712,100.6
"BRA","Brazil","Latin America","imf_weo_gdp_growth","IMF WEO real GDP growth",3,"1982-1983","contraction",1982,1983,"1982-01-01","1983-01-01",1,-0.034,-0.0339999999999998,105.0215712,101.4508377792,96.6
"BRA","Brazil","Latin America","imf_weo_gdp_growth","IMF WEO real GDP growth",4,"1983-1989","expansion",1983,1989,"1983-01-01","1989-01-01",6,0.0463333333333333,0.309780938726842,101.4508377792,132.878373541065,130.978093872684
"BRA","Brazil","Latin America","imf_weo_gdp_growth","IMF WEO real GDP growth",5,"1989-1990","contraction",1989,1990,"1989-01-01","1990-01-01",1,-0.042,-0.0419999999999999,132.878373541065,127.29748185234,95.8
"BRA","Brazil","Latin America","imf_weo_gdp_growth","IMF WEO real GDP growth",6,"1990-1991","expansion",1990,1991,"1990-01-01","1991-01-01",1,0.01,0.01,127.29748185234,128.570456670864,101
"BRA","Brazil","Latin America","imf_weo_gdp_growth","IMF WEO real GDP growth",7,"1991-1992","contraction",1991,1992,"1991-01-01","1992-01-01",1,-0.005,-0.00500000000000012,128.570456670864,127.927604387509,99.5
"BRA","Brazil","Latin America","imf_weo_gdp_growth","IMF WEO real GDP growth",8,"1992-2008","expansion",1992,2008,"1992-01-01","2008-01-01",16,0.034375,0.713085580868882,127.927604387509,219.150934471341,171.308558086888
"BRA","Brazil","Latin America","imf_weo_gdp_growth","IMF WEO real GDP growth",9,"2008-2009","contraction",2008,2009,"2008-01-01","2009-01-01",1,-0.001,-0.001,219.150934471341,218.93178353687,99.9
"BRA","Brazil","Latin America","imf_weo_gdp_growth","IMF WEO real GDP growth",10,"2009-2014","expansion",2009,2014,"2009-01-01","2014-01-01",5,0.0338,0.1792863563,218.93178353687,258.183265285456,117.92863563
"BRA","Brazil","Latin America","imf_weo_gdp_growth","IMF WEO real GDP growth",11,"2014-2016","contraction",2014,2016,"2014-01-01","2016-01-01",2,-0.034,-0.066845,258.183265285456,240.925004917449,93.3155
"BRA","Brazil","Latin America","imf_weo_gdp_growth","IMF WEO real GDP growth",12,"2016-2019","expansion",2016,2019,"2016-01-01","2019-01-01",3,0.0143333333333333,0.0436088080000001,240.925004917449,251.431457199293,104.3608808
"BRA","Brazil","Latin America","imf_weo_gdp_growth","IMF WEO real GDP growth",13,"2019-2020","contraction",2019,2020,"2019-01-01","2020-01-01",1,-0.033,-0.0330000000000001,251.431457199293,243.134219111717,96.7
"BRA","Brazil","Latin America","imf_weo_gdp_growth","IMF WEO real GDP growth",14,"2020-2031","expansion",2020,2031,"2020-01-01","2031-01-01",11,0.0277272727272727,0.350579911354828,243.134219111717,328.372192095228,135.057991135483
"BRB","Barbados","Latin America","imf_weo_gdp_growth","IMF WEO real GDP growth",1,"1980-1982","contraction",1980,1982,"1980-01-01","1982-01-01",2,-0.034,-0.067069,104.4,97.3979964,93.2931
"BRB","Barbados","Latin America","imf_weo_gdp_growth","IMF WEO real GDP growth",2,"1982-1989","expansion",1982,1989,"1982-01-01","1989-01-01",7,0.0285714285714286,0.217102500761272,97.3979964,118.543344987577,121.710250076127
"BRB","Barbados","Latin America","imf_weo_gdp_growth","IMF WEO real GDP growth",3,"1989-1992","contraction",1989,1992,"1989-01-01","1992-01-01",3,-0.043,-0.123682359,118.543344987577,103.881624435763,87.6317641
"BRB","Barbados","Latin America","imf_weo_gdp_growth","IMF WEO real GDP growth",4,"1992-2000","expansion",1992,2000,"1992-01-01","2000-01-01",8,0.0275,0.24118602334141,103.881624435763,128.93642033167,124.118602334141
"BRB","Barbados","Latin America","imf_weo_gdp_growth","IMF WEO real GDP growth",5,"2000-2001","contraction",2000,2001,"2000-01-01","2001-01-01",1,-0.024,-0.0240000000000002,128.93642033167,125.84194624371,97.6
"BRB","Barbados","Latin America","imf_weo_gdp_growth","IMF WEO real GDP growth",6,"2001-2008","expansion",2001,2008,"2001-01-01","2008-01-01",7,0.0244285714285714,0.182940262789218,125.84194624371,148.863504959441,118.294026278922
"BRB","Barbados","Latin America","imf_weo_gdp_growth","IMF WEO real GDP growth",7,"2008-2012","contraction",2008,2012,"2008-01-01","2012-01-01",4,-0.025,-0.0968486793760002,148.863504959441,134.446271096837,90.3151320624
"BRB","Barbados","Latin America","imf_weo_gdp_growth","IMF WEO real GDP growth",8,"2012-2014","expansion",2012,2014,"2012-01-01","2014-01-01",2,0.005,0.010016,134.446271096837,135.792884948143,101.0016
"BRB","Barbados","Latin America","imf_weo_gdp_growth","IMF WEO real GDP growth",9,"2014-2015","contraction",2014,2015,"2014-01-01","2015-01-01",1,-0.008,-0.00800000000000012,135.792884948143,134.706541868558,99.2
"BRB","Barbados","Latin America","imf_weo_gdp_growth","IMF WEO real GDP growth",10,"2015-2017","expansion",2015,2017,"2015-01-01","2017-01-01",2,0.0105,0.0210980000000001,134.706541868558,137.5485804889,102.1098
"BRB","Barbados","Latin America","imf_weo_gdp_growth","IMF WEO real GDP growth",11,"2017-2018","contraction",2017,2018,"2017-01-01","2018-01-01",1,-0.003,-0.00300000000000011,137.5485804889,137.135934747434,99.7
"BRB","Barbados","Latin America","imf_weo_gdp_growth","IMF WEO real GDP growth",12,"2018-2019","expansion",2018,2019,"2018-01-01","2019-01-01",1,0.002,0.002,137.135934747434,137.410206616929,100.2
"BRB","Barbados","Latin America","imf_weo_gdp_growth","IMF WEO real GDP growth",13,"2019-2020","contraction",2019,2020,"2019-01-01","2020-01-01",1,-0.174,-0.174,137.410206616929,113.500830665583,82.6
"BRB","Barbados","Latin America","imf_weo_gdp_growth","IMF WEO real GDP growth",14,"2020-2031","expansion",2020,2031,"2020-01-01","2031-01-01",11,0.0404545454545455,0.534339268214179,113.500830665583,174.148781465132,153.433926821418
"BWA","Botswana","Sub Saharan Africa","imf_weo_gdp_growth","IMF WEO real GDP growth",1,"1980-1991","expansion",1980,1991,"1980-01-01","1991-01-01",11,0.105181818181818,1.96879955076669,112,332.505549685869,296.879955076669
"BWA","Botswana","Sub Saharan Africa","imf_weo_gdp_growth","IMF WEO real GDP growth",2,"1991-1992","contraction",1991,1992,"1991-01-01","1992-01-01",1,-0.002,-0.002,332.505549685869,331.840538586497,99.8
"BWA","Botswana","Sub Saharan Africa","imf_weo_gdp_growth","IMF WEO real GDP growth",3,"1992-1993","expansion",1992,1993,"1992-01-01","1993-01-01",1,0.04,0.0399999999999998,331.840538586497,345.114160129957,104
"BWA","Botswana","Sub Saharan Africa","imf_weo_gdp_growth","IMF WEO real GDP growth",4,"1993-1994","contraction",1993,1994,"1993-01-01","1994-01-01",1,-0.008,-0.00800000000000001,345.114160129957,342.353246848917,99.2
"BWA","Botswana","Sub Saharan Africa","imf_weo_gdp_growth","IMF WEO real GDP growth",5,"1994-1997","expansion",1994,1997,"1994-01-01","1997-01-01",3,0.0603333333333333,0.191085875,342.353246848917,407.772116582134,119.1085875
"BWA","Botswana","Sub Saharan Africa","imf_weo_gdp_growth","IMF WEO real GDP growth",6,"1997-1998","contraction",1997,1998,"1997-01-01","1998-01-01",1,-0.016,-0.016,407.772116582134,401.24776271682,98.4
"BWA","Botswana","Sub Saharan Africa","imf_weo_gdp_growth","IMF WEO real GDP growth",7,"1998-2008","expansion",1998,2008,"1998-01-01","2008-01-01",10,0.0489,0.60896908071666,401.24776271682,645.595243918098,160.896908071666
"BWA","Botswana","Sub Saharan Africa","imf_weo_gdp_growth","IMF WEO real GDP growth",8,"2008-2009","contraction",2008,2009,"2008-01-01","2009-01-01",1,-0.141,-0.141,645.595243918098,554.566314525646,85.9
"BWA","Botswana","Sub Saharan Africa","imf_weo_gdp_growth","IMF WEO real GDP growth",9,"2009-2011","expansion",2009,2011,"2009-01-01","2011-01-01",2,0.0845,0.175868,554.566314525646,652.096783128643,117.5868
"BWA","Botswana","Sub Saharan Africa","imf_weo_gdp_growth","IMF WEO real GDP growth",10,"2011-2012","contraction",2011,2012,"2011-01-01","2012-01-01",1,-0.002,-0.00200000000000011,652.096783128643,650.792589562385,99.8
"BWA","Botswana","Sub Saharan Africa","imf_weo_gdp_growth","IMF WEO real GDP growth",11,"2012-2014","expansion",2012,2014,"2012-01-01","2014-01-01",2,0.084,0.174327,650.792589562385,764.243309323027,117.4327
"BWA","Botswana","Sub Saharan Africa","imf_weo_gdp_growth","IMF WEO real GDP growth",12,"2014-2015","contraction",2014,2015,"2014-01-01","2015-01-01",1,-0.049,-0.0490000000000002,764.243309323027,726.795387166199,95.1
"BWA","Botswana","Sub Saharan Africa","imf_weo_gdp_growth","IMF WEO real GDP growth",13,"2015-2019","expansion",2015,2019,"2015-01-01","2019-01-01",4,0.04625,0.19770664352,726.795387166199,870.487663688647,119.770664352
"BWA","Botswana","Sub Saharan Africa","imf_weo_gdp_growth","IMF WEO real GDP growth",14,"2019-2020","contraction",2019,2020,"2019-01-01","2020-01-01",1,-0.087,-0.0869999999999999,870.487663688647,794.755236947735,91.3
"BWA","Botswana","Sub Saharan Africa","imf_weo_gdp_growth","IMF WEO real GDP growth",15,"2020-2023","expansion",2020,2023,"2020-01-01","2023-01-01",3,0.0686666666666667,0.21832244,794.755236947735,968.268139480942,121.832244
"BWA","Botswana","Sub Saharan Africa","imf_weo_gdp_growth","IMF WEO real GDP growth",16,"2023-2025","contraction",2023,2025,"2023-01-01","2025-01-01",2,-0.0195,-0.03873,968.268139480942,930.767114438845,96.127
"BWA","Botswana","Sub Saharan Africa","imf_weo_gdp_growth","IMF WEO real GDP growth",17,"2025-2031","expansion",2025,2031,"2025-01-01","2031-01-01",6,0.0361666666666667,0.237369014882436,930.767114438845,1151.70238747816,123.736901488244
"CAF","Central African Republic","Sub Saharan Africa","imf_weo_gdp_growth","IMF WEO real GDP growth",1,"1980-1981","expansion",1980,1981,"1980-01-01","1981-01-01",1,0.13,0.13,97,109.61,113
"CAF","Central African Republic","Sub Saharan Africa","imf_weo_gdp_growth","IMF WEO real GDP growth",2,"1981-1983","contraction",1981,1983,"1981-01-01","1983-01-01",2,-0.048,-0.0938400000000001,109.61,99.3241976,90.616
"CAF","Central African Republic","Sub Saharan Africa","imf_weo_gdp_growth","IMF WEO real GDP growth",3,"1983-1990","expansion",1983,1990,"1983-01-01","1990-01-01",7,0.0395714285714286,0.307758331738424,99.3241976,129.892046954634,130.775833173842
"CAF","Central African Republic","Sub Saharan Africa","imf_weo_gdp_growth","IMF WEO real GDP growth",4,"1990-1993","contraction",1990,1993,"1990-01-01","1993-01-01",3,-0.023,-0.0679287040000001,129.892046954634,121.068648545098,93.2071296
"CAF","Central African Republic","Sub Saharan Africa","imf_weo_gdp_growth","IMF WEO real GDP growth",5,"1993-1995","expansion",1993,1995,"1993-01-01","1995-01-01",2,0.079,0.162032,121.068648545098,140.685643806157,116.2032
"CAF","Central African Republic","Sub Saharan Africa","imf_weo_gdp_growth","IMF WEO real GDP growth",6,"1995-1996","contraction",1995,1996,"1995-01-01","1996-01-01",1,-0.062,-0.0619999999999999,140.685643806157,131.963133890176,93.8
"CAF","Central African Republic","Sub Saharan Africa","imf_weo_gdp_growth","IMF WEO real GDP growth",7,"1996-1999","expansion",1996,1999,"1996-01-01","1999-01-01",3,0.0343333333333333,0.106538237,131.963133890176,146.02225352383,110.6538237
"CAF","Central African Republic","Sub Saharan Africa","imf_weo_gdp_growth","IMF WEO real GDP growth",8,"1999-2000","contraction",1999,2000,"1999-01-01","2000-01-01",1,-0.036,-0.036,146.02225352383,140.765452396972,96.4
"CAF","Central African Republic","Sub Saharan Africa","imf_weo_gdp_growth","IMF WEO real GDP growth",9,"2000-2002","expansion",2000,2002,"2000-01-01","2002-01-01",2,0.0235,0.0475460000000001,140.765452396972,147.458286596639,104.7546
"CAF","Central African Republic","Sub Saharan Africa","imf_weo_gdp_growth","IMF WEO real GDP growth",10,"2002-2004","contraction",2002,2004,"2002-01-01","2004-01-01",2,-0.0115,-0.0229779999999999,147.458286596639,144.069990087221,97.7022
"CAF","Central African Republic","Sub Saharan Africa","imf_weo_gdp_growth","IMF WEO real GDP growth",11,"2004-2012","expansion",2004,2012,"2004-01-01","2012-01-01",8,0.03875,0.355041485616756,144.069990087221,195.220813400579,135.504148561676
"CAF","Central African Republic","Sub Saharan Africa","imf_weo_gdp_growth","IMF WEO real GDP growth",12,"2012-2013","contraction",2012,2013,"2012-01-01","2013-01-01",1,-0.364,-0.364,195.220813400579,124.160437322768,63.6
"CAF","Central African Republic","Sub Saharan Africa","imf_weo_gdp_growth","IMF WEO real GDP growth",13,"2013-2031","expansion",2013,2031,"2013-01-01","2031-01-01",18,0.0277222222222222,0.632373470682594,124.160437322768,202.676203994036,163.237347068259
"CAN","Canada","Western Offshoots","imf_weo_gdp_growth","IMF WEO real GDP growth",1,"1980-1981","expansion",1980,1981,"1980-01-01","1981-01-01",1,0.035,0.0349999999999999,102.2,105.777,103.5
"CAN","Canada","Western Offshoots","imf_weo_gdp_growth","IMF WEO real GDP growth",2,"1981-1982","contraction",1981,1982,"1981-01-01","1982-01-01",1,-0.032,-0.0319999999999999,105.777,102.392136,96.8
"CAN","Canada","Western Offshoots","imf_weo_gdp_growth","IMF WEO real GDP growth",3,"1982-1990","expansion",1982,1990,"1982-01-01","1990-01-01",8,0.032875,0.29392864703597,102.392136,132.488118001603,129.392864703597
"CAN","Canada","Western Offshoots","imf_weo_gdp_growth","IMF WEO real GDP growth",4,"1990-1991","contraction",1990,1991,"1990-01-01","1991-01-01",1,-0.021,-0.021,132.488118001603,129.705867523569,97.9
"CAN","Canada","Western Offshoots","imf_weo_gdp_growth","IMF WEO real GDP growth",5,"1991-2008","expansion",1991,2008,"1991-01-01","2008-01-01",17,0.0291176470588235,0.626825759320379,129.705867523569,211.008846422339,162.682575932038
"CAN","Canada","Western Offshoots","imf_weo_gdp_growth","IMF WEO real GDP growth",6,"2008-2009","contraction",2008,2009,"2008-01-01","2009-01-01",1,-0.029,-0.029,211.008846422339,204.889589876091,97.1
"CAN","Canada","Western Offshoots","imf_weo_gdp_growth","IMF WEO real GDP growth",7,"2009-2019","expansion",2009,2019,"2009-01-01","2019-01-01",10,0.0224,0.247548171065567,204.889589876091,255.609633120292,124.754817106557
"CAN","Canada","Western Offshoots","imf_weo_gdp_growth","IMF WEO real GDP growth",8,"2019-2020","contraction",2019,2020,"2019-01-01","2020-01-01",1,-0.05,-0.05,255.609633120292,242.829151464277,95
"CAN","Canada","Western Offshoots","imf_weo_gdp_growth","IMF WEO real GDP growth",9,"2020-2031","expansion",2020,2031,"2020-01-01","2031-01-01",11,0.0242727272727273,0.300542971605324,242.829151464277,315.809746237751,130.054297160532
"CHE","Switzerland","Western Europe","imf_weo_gdp_growth","IMF WEO real GDP growth",1,"1980-1981","expansion",1980,1981,"1980-01-01","1981-01-01",1,0.017,0.0169999999999999,105.1,106.8867,101.7
"CHE","Switzerland","Western Europe","imf_weo_gdp_growth","IMF WEO real GDP growth",2,"1981-1982","contraction",1981,1982,"1981-01-01","1982-01-01",1,-0.013,-0.013,106.8867,105.4971729,98.7
"CHE","Switzerland","Western Europe","imf_weo_gdp_growth","IMF WEO real GDP growth",3,"1982-1990","expansion",1982,1990,"1982-01-01","1990-01-01",8,0.027625,0.242890868379245,105.4971729,131.121472837236,124.289086837925
"CHE","Switzerland","Western Europe","imf_weo_gdp_growth","IMF WEO real GDP growth",4,"1990-1993","contraction",1990,1993,"1990-01-01","1993-01-01",3,-0.00366666666666667,-0.0109810090000001,131.121472837236,129.681626763917,98.9018991
"CHE","Switzerland","Western Europe","imf_weo_gdp_growth","IMF WEO real GDP growth",5,"1993-2002","expansion",1993,2002,"1993-01-01","2002-01-01",9,0.0161111111111111,0.154169407317434,129.681626763917,149.674566302071,115.416940731743
"CHE","Switzerland","Western Europe","imf_weo_gdp_growth","IMF WEO real GDP growth",6,"2002-2003","contraction",2002,2003,"2002-01-01","2003-01-01",1,-0.003,-0.003,149.674566302071,149.225542603165,99.7
"CHE","Switzerland","Western Europe","imf_weo_gdp_growth","IMF WEO real GDP growth",7,"2003-2008","expansion",2003,2008,"2003-01-01","2008-01-01",5,0.0322,0.17155344384,149.225542603165,174.825698345631,117.155344384
"CHE","Switzerland","Western Europe","imf_weo_gdp_growth","IMF WEO real GDP growth",8,"2008-2009","contraction",2008,2009,"2008-01-01","2009-01-01",1,-0.02,-0.0200000000000001,174.825698345631,171.329184378718,98
"CHE","Switzerland","Western Europe","imf_weo_gdp_growth","IMF WEO real GDP growth",9,"2009-2019","expansion",2009,2019,"2009-01-01","2019-01-01",10,0.0196,0.213874417689991,171.329184378718,207.972113921018,121.387441768999
"CHE","Switzerland","Western Europe","imf_weo_gdp_growth","IMF WEO real GDP growth",10,"2019-2020","contraction",2019,2020,"2019-01-01","2020-01-01",1,-0.024,-0.0240000000000001,207.972113921018,202.980783186913,97.6
"CHE","Switzerland","Western Europe","imf_weo_gdp_growth","IMF WEO real GDP growth",11,"2020-2031","expansion",2020,2031,"2020-01-01","2031-01-01",11,0.02,0.241933410058721,202.980783186913,252.088616239713,124.193341005872
"CHL","Chile","Latin America","imf_weo_gdp_growth","IMF WEO real GDP growth",1,"1980-1981","expansion",1980,1981,"1980-01-01","1981-01-01",1,0.062,0.0620000000000003,107.9,114.5898,106.2
"CHL","Chile","Latin America","imf_weo_gdp_growth","IMF WEO real GDP growth",2,"1981-1983","contraction",1981,1983,"1981-01-01","1983-01-01",2,-0.082,-0.160192,114.5898,96.2334307584,83.9808
"CHL","Chile","Latin America","imf_weo_gdp_growth","IMF WEO real GDP growth",3,"1983-1998","expansion",1983,1998,"1983-01-01","1998-01-01",15,0.0652,1.56927204215946,96.2334307584,247.249863168646,256.927204215946
"CHL","Chile","Latin America","imf_weo_gdp_growth","IMF WEO real GDP growth",4,"1998-1999","contraction",1998,1999,"1998-01-01","1999-01-01",1,-0.003,-0.00300000000000011,247.249863168646,246.50811357914,99.7
"CHL","Chile","Latin America","imf_weo_gdp_growth","IMF WEO real GDP growth",5,"1999-2008","expansion",1999,2008,"1999-01-01","2008-01-01",9,0.0484444444444444,0.529904848756919,246.50811357914,377.133958222647,152.990484875692
"CHL","Chile","Latin America","imf_weo_gdp_growth","IMF WEO real GDP growth",6,"2008-2009","contraction",2008,2009,"2008-01-01","2009-01-01",1,-0.011,-0.011,377.133958222647,372.985484682198,98.9
"CHL","Chile","Latin America","imf_weo_gdp_growth","IMF WEO real GDP growth",7,"2009-2019","expansion",2009,2019,"2009-01-01","2019-01-01",10,0.0334,0.386312189612137,372.985484682198,517.074323963322,138.631218961214
"CHL","Chile","Latin America","imf_weo_gdp_growth","IMF WEO real GDP growth",8,"2019-2020","contraction",2019,2020,"2019-01-01","2020-01-01",1,-0.061,-0.0609999999999997,517.074323963322,485.532790201559,93.9
"CHL","Chile","Latin America","imf_weo_gdp_growth","IMF WEO real GDP growth",9,"2020-2031","expansion",2020,2031,"2020-01-01","2031-01-01",11,0.0300909090909091,0.380654359793793,485.532790201559,670.352963614628,138.065435979379
"CHN","China","East Asia","imf_weo_gdp_growth","IMF WEO real GDP growth",1,"1980-2031","expansion",1980,2031,"1980-01-01","2031-01-01",51,0.0830392156862745,56.0689347829037,107.9,6157.73806307531,5706.89347829037
"CIV","Côte d'Ivoire","Sub Saharan Africa","imf_weo_gdp_growth","IMF WEO real GDP growth",1,"1980-1982","expansion",1980,1982,"1980-01-01","1982-01-01",2,0.0185,0.0370699999999999,105.2,109.099764,103.707
"CIV","Côte d'Ivoire","Sub Saharan Africa","imf_weo_gdp_growth","IMF WEO real GDP growth",2,"1982-1984","contraction",1982,1984,"1982-01-01","1984-01-01",2,-0.0225,-0.0445000000000001,109.099764,104.244824502,95.55
"CIV","Côte d'Ivoire","Sub Saharan Africa","imf_weo_gdp_growth","IMF WEO real GDP growth",3,"1984-1986","expansion",1984,1986,"1984-01-01","1986-01-01",2,0.042,0.0857280000000002,104.244824502,113.181524816907,108.5728
"CIV","Côte d'Ivoire","Sub Saharan Africa","imf_weo_gdp_growth","IMF WEO real GDP growth",4,"1986-1987","contraction",1986,1987,"1986-01-01","1987-01-01",1,-0.005,-0.00500000000000023,113.181524816907,112.615617192823,99.5
"CIV","Côte d'Ivoire","Sub Saharan Africa","imf_weo_gdp_growth","IMF WEO real GDP growth",5,"1987-1989","expansion",1987,1989,"1987-01-01","1989-01-01",2,0.02,0.0403189999999998,112.615617192823,117.15616626242,104.0319
"CIV","Côte d'Ivoire","Sub Saharan Africa","imf_weo_gdp_growth","IMF WEO real GDP growth",6,"1989-1990","contraction",1989,1990,"1989-01-01","1990-01-01",1,-0.011,-0.011,117.15616626242,115.867448433534,98.9
"CIV","Côte d'Ivoire","Sub Saharan Africa","imf_weo_gdp_growth","IMF WEO real GDP growth",7,"1990-1991","expansion",1990,1991,"1990-01-01","1991-01-01",1,0,0,115.867448433534,115.867448433534,100
"CIV","Côte d'Ivoire","Sub Saharan Africa","imf_weo_gdp_growth","IMF WEO real GDP growth",8,"1991-1993","contraction",1991,1993,"1991-01-01","1993-01-01",2,-0.002,-0.00399599999999989,115.867448433534,115.404442109593,99.6004
"CIV","Côte d'Ivoire","Sub Saharan Africa","imf_weo_gdp_growth","IMF WEO real GDP growth",9,"1993-1999","expansion",1993,1999,"1993-01-01","1999-01-01",6,0.0435,0.288550717584897,115.404442109593,148.704476692801,128.85507175849
"CIV","Côte d'Ivoire","Sub Saharan Africa","imf_weo_gdp_growth","IMF WEO real GDP growth",10,"1999-2000","contraction",1999,2000,"1999-01-01","2000-01-01",1,-0.021,-0.0209999999999998,148.704476692801,145.581682682252,97.9
"CIV","Côte d'Ivoire","Sub Saharan Africa","imf_weo_gdp_growth","IMF WEO real GDP growth",11,"2000-2001","expansion",2000,2001,"2000-01-01","2001-01-01",1,0.001,0.000999999999999668,145.581682682252,145.727264364935,100.1
"CIV","Côte d'Ivoire","Sub Saharan Africa","imf_weo_gdp_growth","IMF WEO real GDP growth",12,"2001-2003","contraction",2001,2003,"2001-01-01","2003-01-01",2,-0.0155,-0.0307619999999998,145.727264364935,141.244402258541,96.9238
"CIV","Côte d'Ivoire","Sub Saharan Africa","imf_weo_gdp_growth","IMF WEO real GDP growth",13,"2003-2010","expansion",2003,2010,"2003-01-01","2010-01-01",7,0.02,0.148522861614825,141.244402258541,162.222425069054,114.852286161483
"CIV","Côte d'Ivoire","Sub Saharan Africa","imf_weo_gdp_growth","IMF WEO real GDP growth",14,"2010-2011","contraction",2010,2011,"2010-01-01","2011-01-01",1,-0.049,-0.049,162.222425069054,154.273526240671,95.1
"CIV","Côte d'Ivoire","Sub Saharan Africa","imf_weo_gdp_growth","IMF WEO real GDP growth",15,"2011-2031","expansion",2011,2031,"2011-01-01","2031-01-01",20,0.0683,2.73617438659292,154.273526240671,576.392797269764,373.617438659292
"CMR","Cameroon","Sub Saharan Africa","imf_weo_gdp_growth","IMF WEO real GDP growth",1,"1980-1986","expansion",1980,1986,"1980-01-01","1986-01-01",6,0.0898333333333333,0.670112897885461,109.9,183.545407477612,167.011289788546
"CMR","Cameroon","Sub Saharan Africa","imf_weo_gdp_growth","IMF WEO real GDP growth",2,"1986-1994","contraction",1986,1994,"1986-01-01","1994-01-01",8,-0.038375,-0.270052486964054,183.545407477612,133.978513717452,72.9947513035946
"CMR","Cameroon","Sub Saharan Africa","imf_weo_gdp_growth","IMF WEO real GDP growth",3,"1994-2031","expansion",1994,2031,"1994-01-01","2031-01-01",37,0.039972972972973,3.25437781876486,133.978513717452,569.995216950613,425.437781876486
"COD","D.R. of the Congo","Sub Saharan Africa","imf_weo_gdp_growth","IMF WEO real GDP growth",1,"1980-1981","expansion",1980,1981,"1980-01-01","1981-01-01",1,0.009,0.0089999999999999,102.4,103.3216,100.9
"COD","D.R. of the Congo","Sub Saharan Africa","imf_weo_gdp_growth","IMF WEO real GDP growth",2,"1981-1982","contraction",1981,1982,"1981-01-01","1982-01-01",1,-0.005,-0.00499999999999989,103.3216,102.804992,99.5
"COD","D.R. of the Congo","Sub Saharan Africa","imf_weo_gdp_growth","IMF WEO real GDP growth",3,"1982-1988","expansion",1982,1988,"1982-01-01","1988-01-01",6,0.0243333333333333,0.154113407812149,102.804992,118.648619657221,115.411340781215
"COD","D.R. of the Congo","Sub Saharan Africa","imf_weo_gdp_growth","IMF WEO real GDP growth",4,"1988-1994","contraction",1988,1994,"1988-01-01","1994-01-01",6,-0.0773333333333333,-0.386147205003273,118.648619657221,72.8327867990885,61.3852794996727
"COD","D.R. of the Congo","Sub Saharan Africa","imf_weo_gdp_growth","IMF WEO real GDP growth",5,"1994-1995","expansion",1994,1995,"1994-01-01","1995-01-01",1,0.028,0.028,72.8327867990885,74.872104829463,102.8
"COD","D.R. of the Congo","Sub Saharan Africa","imf_weo_gdp_growth","IMF WEO real GDP growth",6,"1995-2001","contraction",1995,2001,"1995-01-01","2001-01-01",6,-0.046,-0.247690421529569,74.872104829463,56.3270016234472,75.2309578470431
"COD","D.R. of the Congo","Sub Saharan Africa","imf_weo_gdp_growth","IMF WEO real GDP growth",7,"2001-2031","expansion",2001,2031,"2001-01-01","2031-01-01",30,0.059,4.5321514603007,56.3270016234472,311.609504285513,553.21514603007
"COG","Congo","Sub Saharan Africa","imf_weo_gdp_growth","IMF WEO real GDP growth",1,"1980-1993","expansion",1980,1993,"1980-01-01","1993-01-01",13,0.0537692307692308,0.924341022492659,112.7,216.873233234923,192.434102249266
"COG","Congo","Sub Saharan Africa","imf_weo_gdp_growth","IMF WEO real GDP growth",2,"1993-1994","contraction",1993,1994,"1993-01-01","1994-01-01",1,-0.014,-0.0139999999999999,216.873233234923,213.837007969634,98.6
"COG","Congo","Sub Saharan Africa","imf_weo_gdp_growth","IMF WEO real GDP growth",3,"1994-1996","expansion",1994,1996,"1994-01-01","1996-01-01",2,0.0375,0.0763999999999998,213.837007969634,230.174155378514,107.64
"COG","Congo","Sub Saharan Africa","imf_weo_gdp_growth","IMF WEO real GDP growth",4,"1996-1997","contraction",1996,1997,"1996-01-01","1997-01-01",1,-0.01,-0.01,230.174155378514,227.872413824729,99
"COG","Congo","Sub Saharan Africa","imf_weo_gdp_growth","IMF WEO real GDP growth",5,"1997-1998","expansion",1997,1998,"1997-01-01","1998-01-01",1,0.089,0.089,227.872413824729,248.153058655129,108.9
"COG","Congo","Sub Saharan Africa","imf_weo_gdp_growth","IMF WEO real GDP growth",6,"1998-1999","contraction",1998,1999,"1998-01-01","1999-01-01",1,-0.037,-0.037,248.153058655129,238.97139548489,96.3
"COG","Congo","Sub Saharan Africa","imf_weo_gdp_growth","IMF WEO real GDP growth",7,"1999-2000","expansion",1999,2000,"1999-01-01","2000-01-01",1,0.118,0.118,238.97139548489,267.170020152107,111.8
"COG","Congo","Sub Saharan Africa","imf_weo_gdp_growth","IMF WEO real GDP growth",8,"2000-2001","contraction",2000,2001,"2000-01-01","2001-01-01",1,-0.048,-0.0480000000000003,267.170020152107,254.345859184806,95.2
"COG","Congo","Sub Saharan Africa","imf_weo_gdp_growth","IMF WEO real GDP growth",9,"2001-2003","expansion",2001,2003,"2001-01-01","2003-01-01",2,0.0075,0.01505,254.345859184806,258.173764365537,101.505
"COG","Congo","Sub Saharan Africa","imf_weo_gdp_growth","IMF WEO real GDP growth",10,"2003-2004","contraction",2003,2004,"2003-01-01","2004-01-01",1,-0.002,-0.00200000000000011,258.173764365537,257.657416836806,99.8
"COG","Congo","Sub Saharan Africa","imf_weo_gdp_growth","IMF WEO real GDP growth",11,"2004-2006","expansion",2004,2006,"2004-01-01","2006-01-01",2,0.086,0.17936,257.657416836806,303.870851120655,117.936
"COG","Congo","Sub Saharan Africa","imf_weo_gdp_growth","IMF WEO real GDP growth",12,"2006-2007","contraction",2006,2007,"2006-01-01","2007-01-01",1,-0.066,-0.0660000000000001,303.870851120655,283.815374946692,93.4
"COG","Congo","Sub Saharan Africa","imf_weo_gdp_growth","IMF WEO real GDP growth",13,"2007-2012","expansion",2007,2012,"2007-01-01","2012-01-01",5,0.0798,0.464346116459576,283.815374946692,415.603942094707,146.434611645958
"COG","Congo","Sub Saharan Africa","imf_weo_gdp_growth","IMF WEO real GDP growth",14,"2012-2013","contraction",2012,2013,"2012-01-01","2013-01-01",1,-0.007,-0.00700000000000012,415.603942094707,412.694714500044,99.3
"COG","Congo","Sub Saharan Africa","imf_weo_gdp_growth","IMF WEO real GDP growth",15,"2013-2014","expansion",2013,2014,"2013-01-01","2014-01-01",1,0.067,0.0669999999999999,412.694714500044,440.345260371547,106.7
"COG","Congo","Sub Saharan Africa","imf_weo_gdp_growth","IMF WEO real GDP growth",16,"2014-2018","contraction",2014,2018,"2014-01-01","2018-01-01",4,-0.04125,-0.1553686496,440.345260371547,371.929411909859,84.46313504
"COG","Congo","Sub Saharan Africa","imf_weo_gdp_growth","IMF WEO real GDP growth",17,"2018-2019","expansion",2018,2019,"2018-01-01","2019-01-01",1,0.011,0.0109999999999999,371.929411909859,376.020635440868,101.1
"COG","Congo","Sub Saharan Africa","imf_weo_gdp_growth","IMF WEO real GDP growth",18,"2019-2020","contraction",2019,2020,"2019-01-01","2020-01-01",1,-0.063,-0.0630000000000001,376.020635440868,352.331335408093,93.7
"COG","Congo","Sub Saharan Africa","imf_weo_gdp_growth","IMF WEO real GDP growth",19,"2020-2031","expansion",2020,2031,"2020-01-01","2031-01-01",11,0.0272727272727273,0.343923783146274,352.331335408093,473.506461202623,134.392378314627
"COL","Colombia","Latin America","imf_weo_gdp_growth","IMF WEO real GDP growth",1,"1980-1998","expansion",1980,1998,"1980-01-01","1998-01-01",18,0.0351111111111111,0.857204499759938,104.4,193.892149774938,185.720449975994
"COL","Colombia","Latin America","imf_weo_gdp_growth","IMF WEO real GDP growth",2,"1998-1999","contraction",1998,1999,"1998-01-01","1999-01-01",1,-0.042,-0.042,193.892149774938,185.74867948439,95.8
"COL","Colombia","Latin America","imf_weo_gdp_growth","IMF WEO real GDP growth",3,"1999-2019","expansion",1999,2019,"1999-01-01","2019-01-01",20,0.03785,1.09672491559785,185.74867948439,389.46388431432,209.672491559785
"COL","Colombia","Latin America","imf_weo_gdp_growth","IMF WEO real GDP growth",4,"2019-2020","contraction",2019,2020,"2019-01-01","2020-01-01",1,-0.072,-0.0720000000000002,389.46388431432,361.422484643689,92.8
"COL","Colombia","Latin America","imf_weo_gdp_growth","IMF WEO real GDP growth",5,"2020-2031","expansion",2020,2031,"2020-01-01","2031-01-01",11,0.0351818181818182,0.457192577091204,361.422484643689,526.662161816643,145.71925770912
"COM","Comoros","Sub Saharan Africa","imf_weo_gdp_growth","IMF WEO real GDP growth",1,"1980-1988","expansion",1980,1988,"1980-01-01","1988-01-01",8,0.036125,0.327588468026122,107.4,142.583001466006,132.758846802612
"COM","Comoros","Sub Saharan Africa","imf_weo_gdp_growth","IMF WEO real GDP growth",2,"1988-1989","contraction",1988,1989,"1988-01-01","1989-01-01",1,-0.009,-0.0089999999999999,142.583001466006,141.299754452811,99.1
"COM","Comoros","Sub Saharan Africa","imf_weo_gdp_growth","IMF WEO real GDP growth",3,"1989-1990","expansion",1989,1990,"1989-01-01","1990-01-01",1,0.073,0.073,141.299754452811,151.614636527867,107.3
"COM","Comoros","Sub Saharan Africa","imf_weo_gdp_growth","IMF WEO real GDP growth",4,"1990-1991","contraction",1990,1991,"1990-01-01","1991-01-01",1,-0.062,-0.0620000000000001,151.614636527867,142.214529063139,93.8
"COM","Comoros","Sub Saharan Africa","imf_weo_gdp_growth","IMF WEO real GDP growth",5,"1991-1993","expansion",1991,1993,"1991-01-01","1993-01-01",2,0.0495,0.10085,142.214529063139,156.556864319157,110.085
"COM","Comoros","Sub Saharan Africa","imf_weo_gdp_growth","IMF WEO real GDP growth",6,"1993-1994","contraction",1993,1994,"1993-01-01","1994-01-01",1,-0.04,-0.04,156.556864319157,150.29458974639,96
"COM","Comoros","Sub Saharan Africa","imf_weo_gdp_growth","IMF WEO real GDP growth",7,"1994-1995","expansion",1994,1995,"1994-01-01","1995-01-01",1,0.056,0.056,150.29458974639,158.711086772188,105.6
"COM","Comoros","Sub Saharan Africa","imf_weo_gdp_growth","IMF WEO real GDP growth",8,"1995-1996","contraction",1995,1996,"1995-01-01","1996-01-01",1,-0.005,-0.005,158.711086772188,157.917531338327,99.5
"COM","Comoros","Sub Saharan Africa","imf_weo_gdp_growth","IMF WEO real GDP growth",9,"1996-1999","expansion",1996,1999,"1996-01-01","1999-01-01",3,0.0236666666666667,0.0721879999999999,157.917531338327,169.317282090578,107.2188
"COM","Comoros","Sub Saharan Africa","imf_weo_gdp_growth","IMF WEO real GDP growth",10,"1999-2000","contraction",1999,2000,"1999-01-01","2000-01-01",1,-0.01,-0.0099999999999999,169.317282090578,167.624109269673,99
"COM","Comoros","Sub Saharan Africa","imf_weo_gdp_growth","IMF WEO real GDP growth",11,"2000-2005","expansion",2000,2005,"2000-01-01","2005-01-01",5,0.0414,0.224278244171332,167.624109269673,205.218550177458,122.427824417133
"COM","Comoros","Sub Saharan Africa","imf_weo_gdp_growth","IMF WEO real GDP growth",12,"2005-2006","contraction",2005,2006,"2005-01-01","2006-01-01",1,-0.018,-0.0180000000000001,205.218550177458,201.524616274264,98.2
"COM","Comoros","Sub Saharan Africa","imf_weo_gdp_growth","IMF WEO real GDP growth",13,"2006-2019","expansion",2006,2019,"2006-01-01","2019-01-01",13,0.0302307692307692,0.471633771449701,201.524616274264,296.570431087649,147.16337714497
"COM","Comoros","Sub Saharan Africa","imf_weo_gdp_growth","IMF WEO real GDP growth",14,"2019-2020","contraction",2019,2020,"2019-01-01","2020-01-01",1,-0.002,-0.002,296.570431087649,295.977290225473,99.8
"COM","Comoros","Sub Saharan Africa","imf_weo_gdp_growth","IMF WEO real GDP growth",15,"2020-2031","expansion",2020,2031,"2020-01-01","2031-01-01",11,0.0340909090909091,0.445641180516048,295.977290225473,427.876959247494,144.564118051605
"CPV","Cabo Verde","Sub Saharan Africa","imf_weo_gdp_growth","IMF WEO real GDP growth",1,"1980-2008","expansion",1980,2008,"1980-01-01","2008-01-01",28,0.0648928571428571,4.75102681114056,105.3,605.5831232131,575.102681114055
"CPV","Cabo Verde","Sub Saharan Africa","imf_weo_gdp_growth","IMF WEO real GDP growth",2,"2008-2009","contraction",2008,2009,"2008-01-01","2009-01-01",1,-0.015,-0.015,605.5831232131,596.499376364904,98.5
"CPV","Cabo Verde","Sub Saharan Africa","imf_weo_gdp_growth","IMF WEO real GDP growth",3,"2009-2019","expansion",2009,2019,"2009-01-01","2019-01-01",10,0.0285,0.321921156408986,596.499376364904,788.525145401533,132.192115640899
"CPV","Cabo Verde","Sub Saharan Africa","imf_weo_gdp_growth","IMF WEO real GDP growth",4,"2019-2020","contraction",2019,2020,"2019-01-01","2020-01-01",1,-0.208,-0.208,788.525145401533,624.511915158014,79.2
"CPV","Cabo Verde","Sub Saharan Africa","imf_weo_gdp_growth","IMF WEO real GDP growth",5,"2020-2031","expansion",2020,2031,"2020-01-01","2031-01-01",11,0.064,0.969921379405439,624.511915158014,1230.23937336321,196.992137940544
"CRI","Costa Rica","Latin America","imf_weo_gdp_growth","IMF WEO real GDP growth",1,"1980-1982","contraction",1980,1982,"1980-01-01","1982-01-01",2,-0.048,-0.0943209999999999,100.8,91.2924432,90.5679
"CRI","Costa Rica","Latin America","imf_weo_gdp_growth","IMF WEO real GDP growth",2,"1982-2008","expansion",1982,2008,"1982-01-01","2008-01-01",26,0.0475384615384615,2.32881795066395,91.2924432,303.895923684129,332.881795066395
"CRI","Costa Rica","Latin America","imf_weo_gdp_growth","IMF WEO real GDP growth",3,"2008-2009","contraction",2008,2009,"2008-01-01","2009-01-01",1,-0.009,-0.00900000000000012,303.895923684129,301.160860370972,99.1
"CRI","Costa Rica","Latin America","imf_weo_gdp_growth","IMF WEO real GDP growth",4,"2009-2019","expansion",2009,2019,"2009-01-01","2019-01-01",10,0.0384,0.457071372596555,301.160860370972,438.812868193092,145.707137259655
"CRI","Costa Rica","Latin America","imf_weo_gdp_growth","IMF WEO real GDP growth",5,"2019-2020","contraction",2019,2020,"2019-01-01","2020-01-01",1,-0.041,-0.0410000000000003,438.812868193092,420.821540597175,95.9
"CRI","Costa Rica","Latin America","imf_weo_gdp_growth","IMF WEO real GDP growth",6,"2020-2031","expansion",2020,2031,"2020-01-01","2031-01-01",11,0.0440909090909091,0.605919356198446,420.821540597175,675.805457550253,160.591935619845
"CYP","Cyprus","Eastern Europe","imf_weo_gdp_growth","IMF WEO real GDP growth",1,"1980-2008","expansion",1980,2008,"1980-01-01","2008-01-01",28,0.0514285714285714,3.04205959836422,105.9,428.054111466771,404.205959836422
"CYP","Cyprus","Eastern Europe","imf_weo_gdp_growth","IMF WEO real GDP growth",2,"2008-2009","contraction",2008,2009,"2008-01-01","2009-01-01",1,-0.02,-0.0199999999999999,428.054111466771,419.493029237436,98
"CYP","Cyprus","Eastern Europe","imf_weo_gdp_growth","IMF WEO real GDP growth",3,"2009-2011","expansion",2009,2011,"2009-01-01","2011-01-01",2,0.0135,0.0270919999999999,419.493029237436,430.857934385536,102.7092
"CYP","Cyprus","Eastern Europe","imf_weo_gdp_growth","IMF WEO real GDP growth",4,"2011-2014","contraction",2011,2014,"2011-01-01","2014-01-01",3,-0.0393333333333333,-0.113996392,430.857934385536,381.741684401012,88.6003608
"CYP","Cyprus","Eastern Europe","imf_weo_gdp_growth","IMF WEO real GDP growth",5,"2014-2019","expansion",2014,2019,"2014-01-01","2019-01-01",5,0.0558,0.311541253058036,381.741684401012,500.669967103789,131.154125305804
"CYP","Cyprus","Eastern Europe","imf_weo_gdp_growth","IMF WEO real GDP growth",6,"2019-2020","contraction",2019,2020,"2019-01-01","2020-01-01",1,-0.032,-0.032,500.669967103789,484.648528156468,96.8
"CYP","Cyprus","Eastern Europe","imf_weo_gdp_growth","IMF WEO real GDP growth",7,"2020-2031","expansion",2020,2031,"2020-01-01","2031-01-01",11,0.0445454545454545,0.609569196973937,484.648528156468,780.075342279406,160.956919697394
"CZE","Czech Republic","Eastern Europe","imf_weo_gdp_growth","IMF WEO real GDP growth",1,"1996-1998","contraction",1996,1998,"1996-01-01","1998-01-01",2,-0.005,-0.00997599999999998,104.5,103.457508,99.0024
"CZE","Czech Republic","Eastern Europe","imf_weo_gdp_growth","IMF WEO real GDP growth",2,"1998-2008","expansion",1998,2008,"1998-01-01","2008-01-01",10,0.0389,0.462508394641993,103.457508,151.307473938741,146.250839464199
"CZE","Czech Republic","Eastern Europe","imf_weo_gdp_growth","IMF WEO real GDP growth",3,"2008-2009","contraction",2008,2009,"2008-01-01","2009-01-01",1,-0.048,-0.048,151.307473938741,144.044715189682,95.2
"CZE","Czech Republic","Eastern Europe","imf_weo_gdp_growth","IMF WEO real GDP growth",4,"2009-2011","expansion",2009,2011,"2009-01-01","2011-01-01",2,0.0225,0.0454859999999999,144.044715189682,150.596733104799,104.5486
"CZE","Czech Republic","Eastern Europe","imf_weo_gdp_growth","IMF WEO real GDP growth",5,"2011-2012","contraction",2011,2012,"2011-01-01","2012-01-01",1,-0.008,-0.0079999999999999,150.596733104799,149.391959239961,99.2
"CZE","Czech Republic","Eastern Europe","imf_weo_gdp_growth","IMF WEO real GDP growth",6,"2012-2019","expansion",2012,2019,"2012-01-01","2019-01-01",7,0.0305714285714286,0.23354831824905,149.391959239961,184.282200080384,123.354831824905
"CZE","Czech Republic","Eastern Europe","imf_weo_gdp_growth","IMF WEO real GDP growth",7,"2019-2020","contraction",2019,2020,"2019-01-01","2020-01-01",1,-0.053,-0.0529999999999999,184.282200080384,174.515243476124,94.7
"CZE","Czech Republic","Eastern Europe","imf_weo_gdp_growth","IMF WEO real GDP growth",8,"2020-2031","expansion",2020,2031,"2020-01-01","2031-01-01",11,0.0205454545454545,0.250135357292817,174.515243476124,218.167676256067,125.013535729282
"DEU","Germany","Western Europe","imf_weo_gdp_growth","IMF WEO real GDP growth",1,"1980-1981","expansion",1980,1981,"1980-01-01","1981-01-01",1,0.001,0.00099999999999989,101.3,101.4013,100.1
"DEU","Germany","Western Europe","imf_weo_gdp_growth","IMF WEO real GDP growth",2,"1981-1982","contraction",1981,1982,"1981-01-01","1982-01-01",1,-0.008,-0.00800000000000012,101.4013,100.5900896,99.2
"DEU","Germany","Western Europe","imf_weo_gdp_growth","IMF WEO real GDP growth",3,"1982-1992","expansion",1982,1992,"1982-01-01","1992-01-01",10,0.0308,0.35320152759535,100.5900896,136.118662907673,135.320152759535
"DEU","Germany","Western Europe","imf_weo_gdp_growth","IMF WEO real GDP growth",4,"1992-1993","contraction",1992,1993,"1992-01-01","1993-01-01",1,-0.01,-0.0099999999999999,136.118662907673,134.757476278596,99
"DEU","Germany","Western Europe","imf_weo_gdp_growth","IMF WEO real GDP growth",5,"1993-2001","expansion",1993,2001,"1993-01-01","2001-01-01",8,0.019625,0.168071769151144,134.757476278596,157.406403723083,116.807176915114
"DEU","Germany","Western Europe","imf_weo_gdp_growth","IMF WEO real GDP growth",6,"2001-2003","contraction",2001,2003,"2001-01-01","2003-01-01",2,-0.0035,-0.00698999999999994,157.406403723083,156.306132961059,99.301
"DEU","Germany","Western Europe","imf_weo_gdp_growth","IMF WEO real GDP growth",7,"2003-2008","expansion",2003,2008,"2003-01-01","2008-01-01",5,0.0196,0.101523501102331,156.306132961059,172.174878823032,110.152350110233
"DEU","Germany","Western Europe","imf_weo_gdp_growth","IMF WEO real GDP growth",8,"2008-2009","contraction",2008,2009,"2008-01-01","2009-01-01",1,-0.056,-0.0559999999999999,172.174878823032,162.533085608943,94.4
"DEU","Germany","Western Europe","imf_weo_gdp_growth","IMF WEO real GDP growth",9,"2009-2019","expansion",2009,2019,"2009-01-01","2019-01-01",10,0.0198,0.215727515409243,162.533085608943,197.595944339158,121.572751540924
"DEU","Germany","Western Europe","imf_weo_gdp_growth","IMF WEO real GDP growth",10,"2019-2020","contraction",2019,2020,"2019-01-01","2020-01-01",1,-0.041,-0.0409999999999999,197.595944339158,189.494510621252,95.9
"DEU","Germany","Western Europe","imf_weo_gdp_growth","IMF WEO real GDP growth",11,"2020-2022","expansion",2020,2022,"2020-01-01","2022-01-01",2,0.0285,0.0577019999999999,189.494510621252,200.42872287312,105.7702
"DEU","Germany","Western Europe","imf_weo_gdp_growth","IMF WEO real GDP growth",12,"2022-2024","contraction",2022,2024,"2022-01-01","2024-01-01",2,-0.007,-0.0139550000000001,200.42872287312,197.631740045425,98.6045
"DEU","Germany","Western Europe","imf_weo_gdp_growth","IMF WEO real GDP growth",13,"2024-2031","expansion",2024,2031,"2024-01-01","2031-01-01",7,0.008,0.0573235273769603,197.631740045425,208.960688506475,105.732352737696
"DJI","Djibouti","Sub Saharan Africa","imf_weo_gdp_growth","IMF WEO real GDP growth",1,"1991-1992","expansion",1991,1992,"1991-01-01","1992-01-01",1,0.006,0.00600000000000001,95.5,96.073,100.6
"DJI","Djibouti","Sub Saharan Africa","imf_weo_gdp_growth","IMF WEO real GDP growth",2,"1992-1997","contraction",1992,1997,"1992-01-01","1997-01-01",5,-0.0332,-0.15627023114608,96.073,81.0596500831026,84.372976885392
"DJI","Djibouti","Sub Saharan Africa","imf_weo_gdp_growth","IMF WEO real GDP growth",3,"1997-2031","expansion",1997,2031,"1997-01-01","2031-01-01",34,0.0465294117647059,3.66657512415125,81.0596500831026,378.270946650211,466.657512415125
"DMA","Dominica","Latin America","imf_weo_gdp_growth","IMF WEO real GDP growth",1,"1980-1988","expansion",1980,1988,"1980-01-01","1988-01-01",8,0.055375,0.534564053578422,113.4,174.019563675793,153.456405357842
"DMA","Dominica","Latin America","imf_weo_gdp_growth","IMF WEO real GDP growth",2,"1988-1989","contraction",1988,1989,"1988-01-01","1989-01-01",1,-0.002,-0.00200000000000011,174.019563675793,173.671524548441,99.8
"DMA","Dominica","Latin America","imf_weo_gdp_growth","IMF WEO real GDP growth",3,"1989-2000","expansion",1989,2000,"1989-01-01","2000-01-01",11,0.0233636363636364,0.287818351772785,173.671524548441,223.657376493841,128.781835177279
"DMA","Dominica","Latin America","imf_weo_gdp_growth","IMF WEO real GDP growth",4,"2000-2002","contraction",2000,2002,"2000-01-01","2002-01-01",2,-0.0145,-0.0289720000000001,223.657376493841,217.177574982061,97.1028
"DMA","Dominica","Latin America","imf_weo_gdp_growth","IMF WEO real GDP growth",5,"2002-2008","expansion",2002,2008,"2002-01-01","2008-01-01",6,0.0473333333333333,0.317976128447096,217.177574982061,286.234859460386,131.79761284471
"DMA","Dominica","Latin America","imf_weo_gdp_growth","IMF WEO real GDP growth",6,"2008-2009","contraction",2008,2009,"2008-01-01","2009-01-01",1,-0.012,-0.0119999999999999,286.234859460386,282.800041146861,98.8
"DMA","Dominica","Latin America","imf_weo_gdp_growth","IMF WEO real GDP growth",7,"2009-2010","expansion",2009,2010,"2009-01-01","2010-01-01",1,0.007,0.0069999999999999,282.800041146861,284.779641434889,100.7
"DMA","Dominica","Latin America","imf_weo_gdp_growth","IMF WEO real GDP growth",8,"2010-2013","contraction",2010,2013,"2010-01-01","2013-01-01",3,-0.00766666666666667,-0.02284822,284.779641434889,278.272933535864,97.715178
"DMA","Dominica","Latin America","imf_weo_gdp_growth","IMF WEO real GDP growth",9,"2013-2014","expansion",2013,2014,"2013-01-01","2014-01-01",1,0.048,0.0479999999999998,278.272933535864,291.630034345585,104.8
"DMA","Dominica","Latin America","imf_weo_gdp_growth","IMF WEO real GDP growth",10,"2014-2015","contraction",2014,2015,"2014-01-01","2015-01-01",1,-0.027,-0.027,291.630034345585,283.756023418254,97.3
"DMA","Dominica","Latin America","imf_weo_gdp_growth","IMF WEO real GDP growth",11,"2015-2016","expansion",2015,2016,"2015-01-01","2016-01-01",1,0.028,0.028,283.756023418254,291.701192073966,102.8
"DMA","Dominica","Latin America","imf_weo_gdp_growth","IMF WEO real GDP growth",12,"2016-2017","contraction",2016,2017,"2016-01-01","2017-01-01",1,-0.066,-0.0660000000000002,291.701192073966,272.448913397084,93.4
"DMA","Dominica","Latin America","imf_weo_gdp_growth","IMF WEO real GDP growth",13,"2017-2019","expansion",2017,2019,"2017-01-01","2019-01-01",2,0.045,0.0919249999999998,272.448913397084,297.493779761111,109.1925
"DMA","Dominica","Latin America","imf_weo_gdp_growth","IMF WEO real GDP growth",14,"2019-2020","contraction",2019,2020,"2019-01-01","2020-01-01",1,-0.166,-0.166,297.493779761111,248.109812320766,83.4
"DMA","Dominica","Latin America","imf_weo_gdp_growth","IMF WEO real GDP growth",15,"2020-2031","expansion",2020,2031,"2020-01-01","2031-01-01",11,0.0366363636363636,0.483860381036661,248.109812320766,368.160320649227,148.386038103666
"DNK","Denmark","Western Europe","imf_weo_gdp_growth","IMF WEO real GDP growth",1,"1980-1981","contraction",1980,1981,"1980-01-01","1981-01-01",1,-0.007,-0.00700000000000001,99.3,98.6049,99.3
"DNK","Denmark","Western Europe","imf_weo_gdp_growth","IMF WEO real GDP growth",2,"1981-1992","expansion",1981,1992,"1981-01-01","1992-01-01",11,0.024,0.296418589086135,98.6049,127.833225334979,129.641858908614
"DNK","Denmark","Western Europe","imf_weo_gdp_growth","IMF WEO real GDP growth",3,"1992-1993","contraction",1992,1993,"1992-01-01","1993-01-01",1,-0.001,-0.001,127.833225334979,127.705392109644,99.9
"DNK","Denmark","Western Europe","imf_weo_gdp_growth","IMF WEO real GDP growth",4,"1993-2007","expansion",1993,2007,"1993-01-01","2007-01-01",14,0.0252142857142857,0.415419679836393,127.705392109644,180.756725213214,141.541967983639
"DNK","Denmark","Western Europe","imf_weo_gdp_growth","IMF WEO real GDP growth",5,"2007-2009","contraction",2007,2009,"2007-01-01","2009-01-01",2,-0.027,-0.0538,180.756725213214,171.032013396743,94.62
"DNK","Denmark","Western Europe","imf_weo_gdp_growth","IMF WEO real GDP growth",6,"2009-2019","expansion",2009,2019,"2009-01-01","2019-01-01",10,0.0175,0.189018914416341,171.032013396743,203.360298899437,118.901891441634
"DNK","Denmark","Western Europe","imf_weo_gdp_growth","IMF WEO real GDP growth",7,"2019-2020","contraction",2019,2020,"2019-01-01","2020-01-01",1,-0.018,-0.018,203.360298899437,199.699813519247,98.2
"DNK","Denmark","Western Europe","imf_weo_gdp_growth","IMF WEO real GDP growth",8,"2020-2031","expansion",2020,2031,"2020-01-01","2031-01-01",11,0.0214545454545455,0.261312617675332,199.699813519247,251.883894539237,126.131261767533
"DOM","Dominican Republic","Latin America","imf_weo_gdp_growth","IMF WEO real GDP growth",1,"1980-1984","expansion",1980,1984,"1980-01-01","1984-01-01",4,0.02975,0.123948446138,108,121.386432182904,112.3948446138
"DOM","Dominican Republic","Latin America","imf_weo_gdp_growth","IMF WEO real GDP growth",2,"1984-1985","contraction",1984,1985,"1984-01-01","1985-01-01",1,-0.021,-0.021,121.386432182904,118.837317107063,97.9
"DOM","Dominican Republic","Latin America","imf_weo_gdp_growth","IMF WEO real GDP growth",3,"1985-1989","expansion",1985,1989,"1985-01-01","1989-01-01",4,0.0505,0.21584737988,118.837317107063,144.488040636591,121.584737988
"DOM","Dominican Republic","Latin America","imf_weo_gdp_growth","IMF WEO real GDP growth",4,"1989-1990","contraction",1989,1990,"1989-01-01","1990-01-01",1,-0.055,-0.055,144.488040636591,136.541198401579,94.5
"DOM","Dominican Republic","Latin America","imf_weo_gdp_growth","IMF WEO real GDP growth",5,"1990-2002","expansion",1990,2002,"1990-01-01","2002-01-01",12,0.0559166666666667,0.913433838922148,136.541198401579,261.262549428563,191.343383892215
"DOM","Dominican Republic","Latin America","imf_weo_gdp_growth","IMF WEO real GDP growth",6,"2002-2003","contraction",2002,2003,"2002-01-01","2003-01-01",1,-0.013,-0.0130000000000001,261.262549428563,257.866136285992,98.7
"DOM","Dominican Republic","Latin America","imf_weo_gdp_growth","IMF WEO real GDP growth",7,"2003-2019","expansion",2003,2019,"2003-01-01","2019-01-01",16,0.0555625,1.36487970729746,257.866136285992,609.822392901943,236.487970729746
"DOM","Dominican Republic","Latin America","imf_weo_gdp_growth","IMF WEO real GDP growth",8,"2019-2020","contraction",2019,2020,"2019-01-01","2020-01-01",1,-0.079,-0.079,609.822392901943,561.646423862689,92.1
"DOM","Dominican Republic","Latin America","imf_weo_gdp_growth","IMF WEO real GDP growth",9,"2020-2031","expansion",2020,2031,"2020-01-01","2031-01-01",11,0.0510909090909091,0.722529035219706,561.646423862689,967.452272630796,172.252903521971
"DZA","Algeria","Middle East and North Africa","imf_weo_gdp_growth","IMF WEO real GDP growth",1,"1980-1985","expansion",1980,1985,"1980-01-01","1985-01-01",5,0.052,0.28809323675648,94.6,121.853620197163,128.809323675648
"DZA","Algeria","Middle East and North Africa","imf_weo_gdp_growth","IMF WEO real GDP growth",2,"1985-1988","contraction",1985,1988,"1985-01-01","1988-01-01",3,-0.00933333333333333,-0.0278152660000001,121.853620197163,118.464229338316,97.2184734
"DZA","Algeria","Middle East and North Africa","imf_weo_gdp_growth","IMF WEO real GDP growth",3,"1988-1990","expansion",1988,1990,"1988-01-01","1990-01-01",2,0.028,0.056384,118.464229338316,125.143716445328,105.6384
"DZA","Algeria","Middle East and North Africa","imf_weo_gdp_growth","IMF WEO real GDP growth",4,"1990-1991","contraction",1990,1991,"1990-01-01","1991-01-01",1,-0.012,-0.0120000000000001,125.143716445328,123.641991847984,98.8
"DZA","Algeria","Middle East and North Africa","imf_weo_gdp_growth","IMF WEO real GDP growth",5,"1991-1992","expansion",1991,1992,"1991-01-01","1992-01-01",1,0.016,0.0160000000000002,123.641991847984,125.620263717551,101.6
"DZA","Algeria","Middle East and North Africa","imf_weo_gdp_growth","IMF WEO real GDP growth",6,"1992-1994","contraction",1992,1994,"1992-01-01","1994-01-01",2,-0.015,-0.029811,125.620263717551,121.875398035867,97.0189
"DZA","Algeria","Middle East and North Africa","imf_weo_gdp_growth","IMF WEO real GDP growth",7,"1994-2019","expansion",1994,2019,"1994-01-01","2019-01-01",25,0.03324,1.25930755551976,121.875398035867,275.354007614414,225.930755551976
"DZA","Algeria","Middle East and North Africa","imf_weo_gdp_growth","IMF WEO real GDP growth",8,"2019-2020","contraction",2019,2020,"2019-01-01","2020-01-01",1,-0.05,-0.0500000000000002,275.354007614414,261.586307233693,95
"DZA","Algeria","Middle East and North Africa","imf_weo_gdp_growth","IMF WEO real GDP growth",9,"2020-2031","expansion",2020,2031,"2020-01-01","2031-01-01",11,0.033,0.429000186116951,261.586307233693,373.806881722593,142.900018611695
"ECU","Ecuador","Latin America","imf_weo_gdp_growth","IMF WEO real GDP growth",1,"1980-1982","expansion",1980,1982,"1980-01-01","1982-01-01",2,0.0255,0.0514679999999998,104.9,110.2989932,105.1468
"ECU","Ecuador","Latin America","imf_weo_gdp_growth","IMF WEO real GDP growth",2,"1982-1983","contraction",1982,1983,"1982-01-01","1983-01-01",1,-0.028,-0.028,110.2989932,107.2106213904,97.2
"ECU","Ecuador","Latin America","imf_weo_gdp_growth","IMF WEO real GDP growth",3,"1983-1986","expansion",1983,1986,"1983-01-01","1986-01-01",3,0.039,0.121571288,107.2106213904,120.244354720111,112.1571288
"ECU","Ecuador","Latin America","imf_weo_gdp_growth","IMF WEO real GDP growth",4,"1986-1987","contraction",1986,1987,"1986-01-01","1987-01-01",1,-0.06,-0.0599999999999999,120.244354720111,113.029693436905,94
"ECU","Ecuador","Latin America","imf_weo_gdp_growth","IMF WEO real GDP growth",5,"1987-1998","expansion",1987,1998,"1987-01-01","1998-01-01",11,0.0367272727272727,0.48227438591774,113.029693436905,167.541019429658,148.227438591774
"ECU","Ecuador","Latin America","imf_weo_gdp_growth","IMF WEO real GDP growth",6,"1998-1999","contraction",1998,1999,"1998-01-01","1999-01-01",1,-0.047,-0.0469999999999999,167.541019429658,159.666591516464,95.3
"ECU","Ecuador","Latin America","imf_weo_gdp_growth","IMF WEO real GDP growth",7,"1999-2015","expansion",1999,2015,"1999-01-01","2015-01-01",16,0.043125,0.957193572166125,159.666591516464,312.498426605698,195.719357216612
"ECU","Ecuador","Latin America","imf_weo_gdp_growth","IMF WEO real GDP growth",8,"2015-2016","contraction",2015,2016,"2015-01-01","2016-01-01",1,-0.007,-0.00700000000000001,312.498426605698,310.310937619458,99.3
"ECU","Ecuador","Latin America","imf_weo_gdp_growth","IMF WEO real GDP growth",9,"2016-2019","expansion",2016,2019,"2016-01-01","2019-01-01",3,0.024,0.0727412000000001,310.310937619458,332.883327595023,107.27412
"ECU","Ecuador","Latin America","imf_weo_gdp_growth","IMF WEO real GDP growth",10,"2019-2020","contraction",2019,2020,"2019-01-01","2020-01-01",1,-0.092,-0.0920000000000001,332.883327595023,302.258061456281,90.8
"ECU","Ecuador","Latin America","imf_weo_gdp_growth","IMF WEO real GDP growth",11,"2020-2023","expansion",2020,2023,"2020-01-01","2023-01-01",3,0.057,0.179399828,302.258061456281,356.483105693151,117.9399828
"ECU","Ecuador","Latin America","imf_weo_gdp_growth","IMF WEO real GDP growth",12,"2023-2024","contraction",2023,2024,"2023-01-01","2024-01-01",1,-0.019,-0.0189999999999999,356.483105693151,349.709926684981,98.1
"ECU","Ecuador","Latin America","imf_weo_gdp_growth","IMF WEO real GDP growth",13,"2024-2031","expansion",2024,2031,"2024-01-01","2031-01-01",7,0.0287142857142857,0.219105840848646,349.709926684981,426.333414224412,121.910584084865
"EGY","Egypt","Middle East and North Africa","imf_weo_gdp_growth","IMF WEO real GDP growth",1,"1980-2031","expansion",1980,2031,"1980-01-01","2031-01-01",51,0.0456470588235294,8.67212185052811,103.4,1000.09739934461,967.212185052811
"ESP","Spain","Western Europe","imf_weo_gdp_growth","IMF WEO real GDP growth",1,"1980-1981","contraction",1980,1981,"1980-01-01","1981-01-01",1,-0.004,-0.00400000000000011,101.2,100.7952,99.6
"ESP","Spain","Western Europe","imf_weo_gdp_growth","IMF WEO real GDP growth",2,"1981-1992","expansion",1981,1992,"1981-01-01","1992-01-01",11,0.0305454545454545,0.39042624416947,100.7952,140.148291366311,139.042624416947
"ESP","Spain","Western Europe","imf_weo_gdp_growth","IMF WEO real GDP growth",3,"1992-1993","contraction",1992,1993,"1992-01-01","1993-01-01",1,-0.013,-0.013,140.148291366311,138.326363578548,98.7
"ESP","Spain","Western Europe","imf_weo_gdp_growth","IMF WEO real GDP growth",4,"1993-2008","expansion",1993,2008,"1993-01-01","2008-01-01",15,0.0344,0.659526662990305,138.326363578548,229.556288553092,165.952666299031
"ESP","Spain","Western Europe","imf_weo_gdp_growth","IMF WEO real GDP growth",5,"2008-2009","contraction",2008,2009,"2008-01-01","2009-01-01",1,-0.038,-0.0380000000000001,229.556288553092,220.833149588075,96.2
"ESP","Spain","Western Europe","imf_weo_gdp_growth","IMF WEO real GDP growth",6,"2009-2010","expansion",2009,2010,"2009-01-01","2010-01-01",1,0.001,0.00099999999999989,220.833149588075,221.053982737663,100.1
"ESP","Spain","Western Europe","imf_weo_gdp_growth","IMF WEO real GDP growth",7,"2010-2013","contraction",2010,2013,"2010-01-01","2013-01-01",3,-0.0163333333333333,-0.048338436,221.053982737663,210.368578940553,95.1661564
"ESP","Spain","Western Europe","imf_weo_gdp_growth","IMF WEO real GDP growth",8,"2013-2019","expansion",2013,2019,"2013-01-01","2019-01-01",6,0.0263333333333333,0.168550941572403,210.368578940553,245.826400998232,116.85509415724
"ESP","Spain","Western Europe","imf_weo_gdp_growth","IMF WEO real GDP growth",9,"2019-2020","contraction",2019,2020,"2019-01-01","2020-01-01",1,-0.109,-0.109,245.826400998232,219.031323289425,89.1
"ESP","Spain","Western Europe","imf_weo_gdp_growth","IMF WEO real GDP growth",10,"2020-2031","expansion",2020,2031,"2020-01-01","2031-01-01",11,0.0297272727272727,0.377994658367999,219.031323289425,301.823993508101,137.7994658368
"EST","Estonia","Eastern Europe","imf_weo_gdp_growth","IMF WEO real GDP growth",1,"1994-1998","expansion",1994,1998,"1994-01-01","1998-01-01",4,0.06125,0.264658587374,98.4,124.442404997602,126.4658587374
"EST","Estonia","Eastern Europe","imf_weo_gdp_growth","IMF WEO real GDP growth",2,"1998-1999","contraction",1998,1999,"1998-01-01","1999-01-01",1,-0.004,-0.00399999999999989,124.442404997602,123.944635377611,99.6
"EST","Estonia","Eastern Europe","imf_weo_gdp_growth","IMF WEO real GDP growth",3,"1999-2007","expansion",1999,2007,"1999-01-01","2007-01-01",8,0.08025,0.852990696985876,123.944635377611,229.66825629602,185.299069698588
"EST","Estonia","Eastern Europe","imf_weo_gdp_growth","IMF WEO real GDP growth",4,"2007-2009","contraction",2007,2009,"2007-01-01","2009-01-01",2,-0.0985,-0.189554,229.66825629602,186.133719642084,81.0446
"EST","Estonia","Eastern Europe","imf_weo_gdp_growth","IMF WEO real GDP growth",5,"2009-2019","expansion",2009,2019,"2009-01-01","2019-01-01",10,0.0367,0.432078940135651,186.133719642084,266.558179948542,143.207894013565
"EST","Estonia","Eastern Europe","imf_weo_gdp_growth","IMF WEO real GDP growth",6,"2019-2020","contraction",2019,2020,"2019-01-01","2020-01-01",1,-0.029,-0.0290000000000001,266.558179948542,258.827992730035,97.1
"EST","Estonia","Eastern Europe","imf_weo_gdp_growth","IMF WEO real GDP growth",7,"2020-2021","expansion",2020,2021,"2020-01-01","2021-01-01",1,0.083,0.083,258.827992730035,280.310716126627,108.3
"EST","Estonia","Eastern Europe","imf_weo_gdp_growth","IMF WEO real GDP growth",8,"2021-2024","contraction",2021,2024,"2021-01-01","2024-01-01",3,-0.0133333333333333,-0.0396373240000001,280.310716126627,269.199949450844,96.0362676
"EST","Estonia","Eastern Europe","imf_weo_gdp_growth","IMF WEO real GDP growth",9,"2024-2031","expansion",2024,2031,"2024-01-01","2031-01-01",7,0.0167142857142857,0.122931853504148,269.199949450844,302.293198200059,112.293185350415
"ETH","Ethiopia","Sub Saharan Africa","imf_weo_gdp_growth","IMF WEO real GDP growth",1,"1980-1983","expansion",1980,1983,"1980-01-01","1983-01-01",3,0.0293333333333333,0.0887800000000001,104,113.23312,108.878
"ETH","Ethiopia","Sub Saharan Africa","imf_weo_gdp_growth","IMF WEO real GDP growth",2,"1983-1985","contraction",1983,1985,"1983-01-01","1985-01-01",2,-0.0685,-0.134378,113.23312,98.01707980064,86.5622
"ETH","Ethiopia","Sub Saharan Africa","imf_weo_gdp_growth","IMF WEO real GDP growth",3,"1985-1988","expansion",1985,1988,"1985-01-01","1988-01-01",3,0.0806666666666667,0.256979898,98.01707980064,123.205498970066,125.6979898
"ETH","Ethiopia","Sub Saharan Africa","imf_weo_gdp_growth","IMF WEO real GDP growth",4,"1988-1989","contraction",1988,1989,"1988-01-01","1989-01-01",1,-0.005,-0.005,123.205498970066,122.589471475216,99.5
"ETH","Ethiopia","Sub Saharan Africa","imf_weo_gdp_growth","IMF WEO real GDP growth",5,"1989-1990","expansion",1989,1990,"1989-01-01","1990-01-01",1,0.026,0.026,122.589471475216,125.776797733572,102.6
"ETH","Ethiopia","Sub Saharan Africa","imf_weo_gdp_growth","IMF WEO real GDP growth",6,"1990-1992","contraction",1990,1992,"1990-01-01","1992-01-01",2,-0.0805,-0.154592,125.776797733572,106.332711018343,84.5408
"ETH","Ethiopia","Sub Saharan Africa","imf_weo_gdp_growth","IMF WEO real GDP growth",7,"1992-1997","expansion",1992,1997,"1992-01-01","1997-01-01",5,0.0786,0.4529737373102,106.332711018343,154.498636526648,145.29737373102
"ETH","Ethiopia","Sub Saharan Africa","imf_weo_gdp_growth","IMF WEO real GDP growth",8,"1997-1998","contraction",1997,1998,"1997-01-01","1998-01-01",1,-0.042,-0.042,154.498636526648,148.009693792529,95.8
"ETH","Ethiopia","Sub Saharan Africa","imf_weo_gdp_growth","IMF WEO real GDP growth",9,"1998-2002","expansion",1998,2002,"1998-01-01","2002-01-01",4,0.06275,0.273601594016,148.009693792529,188.505381943984,127.3601594016
"ETH","Ethiopia","Sub Saharan Africa","imf_weo_gdp_growth","IMF WEO real GDP growth",10,"2002-2003","contraction",2002,2003,"2002-01-01","2003-01-01",1,-0.021,-0.0210000000000001,188.505381943984,184.546768923161,97.9
"ETH","Ethiopia","Sub Saharan Africa","imf_weo_gdp_growth","IMF WEO real GDP growth",11,"2003-2031","expansion",2003,2031,"2003-01-01","2031-01-01",28,0.0920714285714286,10.7338176083342,184.546768923161,2165.43812675177,1173.38176083342
"FIN","Finland","Western Europe","imf_weo_gdp_growth","IMF WEO real GDP growth",1,"1980-1990","expansion",1980,1990,"1980-01-01","1990-01-01",10,0.031,0.355698761794212,105.7,143.297359121648,135.569876179421
"FIN","Finland","Western Europe","imf_weo_gdp_growth","IMF WEO real GDP growth",2,"1990-1993","contraction",1990,1993,"1990-01-01","1993-01-01",3,-0.0333333333333333,-0.097332576,143.297359121648,129.349858024341,90.2667424
"FIN","Finland","Western Europe","imf_weo_gdp_growth","IMF WEO real GDP growth",3,"1993-2008","expansion",1993,2008,"1993-01-01","2008-01-01",15,0.0381333333333333,0.750157972265976,129.349858024341,226.382685232773,175.015797226598
"FIN","Finland","Western Europe","imf_weo_gdp_growth","IMF WEO real GDP growth",4,"2008-2009","contraction",2008,2009,"2008-01-01","2009-01-01",1,-0.081,-0.081,226.382685232773,208.045687728918,91.9
"FIN","Finland","Western Europe","imf_weo_gdp_growth","IMF WEO real GDP growth",5,"2009-2011","expansion",2009,2011,"2009-01-01","2011-01-01",2,0.028,0.0567679999999999,208.045687728918,219.856025329913,105.6768
"FIN","Finland","Western Europe","imf_weo_gdp_growth","IMF WEO real GDP growth",6,"2011-2014","contraction",2011,2014,"2011-01-01","2014-01-01",3,-0.01,-0.0297257499999999,219.856025329913,213.320640084963,97.027425
"FIN","Finland","Western Europe","imf_weo_gdp_growth","IMF WEO real GDP growth",7,"2014-2019","expansion",2014,2019,"2014-01-01","2019-01-01",5,0.0178,0.0919523867872396,213.320640084963,232.935982091757,109.195238678724
"FIN","Finland","Western Europe","imf_weo_gdp_growth","IMF WEO real GDP growth",8,"2019-2020","contraction",2019,2020,"2019-01-01","2020-01-01",1,-0.025,-0.025,232.935982091757,227.112582539463,97.5
"FIN","Finland","Western Europe","imf_weo_gdp_growth","IMF WEO real GDP growth",9,"2020-2022","expansion",2020,2022,"2020-01-01","2022-01-01",2,0.0175,0.0352159999999997,227.112582539463,235.110579246173,103.5216
"FIN","Finland","Western Europe","imf_weo_gdp_growth","IMF WEO real GDP growth",10,"2022-2023","contraction",2022,2023,"2022-01-01","2023-01-01",1,-0.013,-0.013,235.110579246173,232.054141715972,98.7
"FIN","Finland","Western Europe","imf_weo_gdp_growth","IMF WEO real GDP growth",11,"2023-2031","expansion",2023,2031,"2023-01-01","2031-01-01",8,0.010375,0.0859898978967906,232.054141715972,252.008453668656,108.598989789679
"FRA","France","Western Europe","imf_weo_gdp_growth","IMF WEO real GDP growth",1,"1980-1992","expansion",1980,1992,"1980-01-01","1992-01-01",12,0.0233333333333333,0.317873411546075,101.8,134.15951329539,131.787341154608
"FRA","France","Western Europe","imf_weo_gdp_growth","IMF WEO real GDP growth",2,"1992-1993","contraction",1992,1993,"1992-01-01","1993-01-01",1,-0.004,-0.00399999999999989,134.15951329539,133.622875242209,99.6
"FRA","France","Western Europe","imf_weo_gdp_growth","IMF WEO real GDP growth",3,"1993-2008","expansion",1993,2008,"1993-01-01","2008-01-01",15,0.0226666666666667,0.398565531117578,133.622875242209,186.880347482578,139.856553111758
"FRA","France","Western Europe","imf_weo_gdp_growth","IMF WEO real GDP growth",4,"2008-2009","contraction",2008,2009,"2008-01-01","2009-01-01",1,-0.027,-0.0270000000000001,186.880347482578,181.834578100548,97.3
"FRA","France","Western Europe","imf_weo_gdp_growth","IMF WEO real GDP growth",5,"2009-2019","expansion",2009,2019,"2009-01-01","2019-01-01",10,0.0141,0.149999980598072,181.834578100548,209.109761287689,114.999998059807
"FRA","France","Western Europe","imf_weo_gdp_growth","IMF WEO real GDP growth",6,"2019-2020","contraction",2019,2020,"2019-01-01","2020-01-01",1,-0.076,-0.076,209.109761287689,193.217419429825,92.4
"FRA","France","Western Europe","imf_weo_gdp_growth","IMF WEO real GDP growth",7,"2020-2031","expansion",2020,2031,"2020-01-01","2031-01-01",11,0.0178181818181818,0.212679583162702,193.217419429825,234.310819653933,121.26795831627
"GAB","Gabon","Sub Saharan Africa","imf_weo_gdp_growth","IMF WEO real GDP growth",1,"1980-1981","contraction",1980,1981,"1980-01-01","1981-01-01",1,-0.04,-0.04,100,96,96
"GAB","Gabon","Sub Saharan Africa","imf_weo_gdp_growth","IMF WEO real GDP growth",2,"1981-1985","expansion",1981,1985,"1981-01-01","1985-01-01",4,0.042,0.17845243244,96,113.13143351424,117.845243244
"GAB","Gabon","Sub Saharan Africa","imf_weo_gdp_growth","IMF WEO real GDP growth",3,"1985-1987","contraction",1985,1987,"1985-01-01","1987-01-01",2,-0.0875,-0.171766,113.13143351424,93.699299705233,82.8234
"GAB","Gabon","Sub Saharan Africa","imf_weo_gdp_growth","IMF WEO real GDP growth",4,"1987-1991","expansion",1987,1991,"1987-01-01","1991-01-01",4,0.07525,0.331877427289999,93.699299705233,124.79598223028,133.187742729
"GAB","Gabon","Sub Saharan Africa","imf_weo_gdp_growth","IMF WEO real GDP growth",5,"1991-1992","contraction",1991,1992,"1991-01-01","1992-01-01",1,-0.031,-0.031,124.79598223028,120.927306781142,96.9
"GAB","Gabon","Sub Saharan Africa","imf_weo_gdp_growth","IMF WEO real GDP growth",6,"1992-1998","expansion",1992,1998,"1992-01-01","1998-01-01",6,0.0423333333333333,0.282208629755123,120.927306781142,155.054036327825,128.220862975512
"GAB","Gabon","Sub Saharan Africa","imf_weo_gdp_growth","IMF WEO real GDP growth",7,"1998-2000","contraction",1998,2000,"1998-01-01","2000-01-01",2,-0.054,-0.106309,155.054036327825,138.57039677985,89.3691
"GAB","Gabon","Sub Saharan Africa","imf_weo_gdp_growth","IMF WEO real GDP growth",8,"2000-2001","expansion",2000,2001,"2000-01-01","2001-01-01",1,0.021,0.0209999999999999,138.57039677985,141.480375112227,102.1
"GAB","Gabon","Sub Saharan Africa","imf_weo_gdp_growth","IMF WEO real GDP growth",9,"2001-2002","contraction",2001,2002,"2001-01-01","2002-01-01",1,-0.002,-0.002,141.480375112227,141.197414362003,99.8
"GAB","Gabon","Sub Saharan Africa","imf_weo_gdp_growth","IMF WEO real GDP growth",10,"2002-2005","expansion",2002,2005,"2002-01-01","2005-01-01",3,0.0226666666666667,0.0692910059999998,141.197414362003,150.981125247745,106.9291006
"GAB","Gabon","Sub Saharan Africa","imf_weo_gdp_growth","IMF WEO real GDP growth",11,"2005-2006","contraction",2005,2006,"2005-01-01","2006-01-01",1,-0.036,-0.036,150.981125247745,145.545804738826,96.4
"GAB","Gabon","Sub Saharan Africa","imf_weo_gdp_growth","IMF WEO real GDP growth",12,"2006-2007","expansion",2006,2007,"2006-01-01","2007-01-01",1,0.065,0.0649999999999999,145.545804738826,155.00628204685,106.5
"GAB","Gabon","Sub Saharan Africa","imf_weo_gdp_growth","IMF WEO real GDP growth",13,"2007-2009","contraction",2007,2009,"2007-01-01","2009-01-01",2,-0.021,-0.0416400000000002,155.00628204685,148.551820462419,95.836
"GAB","Gabon","Sub Saharan Africa","imf_weo_gdp_growth","IMF WEO real GDP growth",14,"2009-2019","expansion",2009,2019,"2009-01-01","2019-01-01",10,0.0409,0.489604421851035,148.551820462419,221.28344863484,148.960442185104
"GAB","Gabon","Sub Saharan Africa","imf_weo_gdp_growth","IMF WEO real GDP growth",15,"2019-2020","contraction",2019,2020,"2019-01-01","2020-01-01",1,-0.018,-0.0179999999999999,221.28344863484,217.300346559413,98.2
"GAB","Gabon","Sub Saharan Africa","imf_weo_gdp_growth","IMF WEO real GDP growth",16,"2020-2031","expansion",2020,2031,"2020-01-01","2031-01-01",11,0.0269090909090909,0.339078091753405,217.300346559413,290.982133408132,133.907809175341
"GBR","United Kingdom","Western Europe","imf_weo_gdp_growth","IMF WEO real GDP growth",1,"1980-1981","contraction",1980,1981,"1980-01-01","1981-01-01",1,-0.006,-0.00600000000000012,98,97.412,99.4
"GBR","United Kingdom","Western Europe","imf_weo_gdp_growth","IMF WEO real GDP growth",2,"1981-1990","expansion",1981,1990,"1981-01-01","1990-01-01",9,0.0327777777777778,0.335424037385561,97.412,130.086326329802,133.542403738556
"GBR","United Kingdom","Western Europe","imf_weo_gdp_growth","IMF WEO real GDP growth",3,"1990-1991","contraction",1990,1991,"1990-01-01","1991-01-01",1,-0.014,-0.014,130.086326329802,128.265117761185,98.6
"GBR","United Kingdom","Western Europe","imf_weo_gdp_growth","IMF WEO real GDP growth",4,"1991-2008","expansion",1991,2008,"1991-01-01","2008-01-01",17,0.0258823529411765,0.542293042353689,128.265117761185,197.822398699752,154.229304235369
"GBR","United Kingdom","Western Europe","imf_weo_gdp_growth","IMF WEO real GDP growth",5,"2008-2009","contraction",2008,2009,"2008-01-01","2009-01-01",1,-0.046,-0.046,197.822398699752,188.722568359564,95.4
"GBR","United Kingdom","Western Europe","imf_weo_gdp_growth","IMF WEO real GDP growth",6,"2009-2019","expansion",2009,2019,"2009-01-01","2019-01-01",10,0.0198,0.216327450919607,188.722568359564,229.548440503789,121.632745091961
"GBR","United Kingdom","Western Europe","imf_weo_gdp_growth","IMF WEO real GDP growth",7,"2019-2020","contraction",2019,2020,"2019-01-01","2020-01-01",1,-0.1,-0.1,229.548440503789,206.59359645341,90
"GBR","United Kingdom","Western Europe","imf_weo_gdp_growth","IMF WEO real GDP growth",8,"2020-2031","expansion",2020,2031,"2020-01-01","2031-01-01",11,0.0222727272727273,0.270736132022681,206.59359645341,262.525947657861,127.073613202268
"GEO","Georgia","Eastern Europe","imf_weo_gdp_growth","IMF WEO real GDP growth",1,"1995-2008","expansion",1995,2008,"1995-01-01","2008-01-01",13,0.0691538461538461,1.3672002306199,102.6,242.874743661602,236.72002306199
"GEO","Georgia","Eastern Europe","imf_weo_gdp_growth","IMF WEO real GDP growth",2,"2008-2009","contraction",2008,2009,"2008-01-01","2009-01-01",1,-0.037,-0.037,242.874743661602,233.888378146123,96.3
"GEO","Georgia","Eastern Europe","imf_weo_gdp_growth","IMF WEO real GDP growth",3,"2009-2019","expansion",2009,2019,"2009-01-01","2019-01-01",10,0.0541,0.692086701392947,233.888378146123,395.759414271419,169.208670139295
"GEO","Georgia","Eastern Europe","imf_weo_gdp_growth","IMF WEO real GDP growth",4,"2019-2020","contraction",2019,2020,"2019-01-01","2020-01-01",1,-0.063,-0.0629999999999998,395.759414271419,370.82657117232,93.7
"GEO","Georgia","Eastern Europe","imf_weo_gdp_growth","IMF WEO real GDP growth",5,"2020-2031","expansion",2020,2031,"2020-01-01","2031-01-01",11,0.0699090909090909,1.09742685814397,370.82657117232,777.781610090261,209.742685814397
"GHA","Ghana","Sub Saharan Africa","imf_weo_gdp_growth","IMF WEO real GDP growth",1,"1980-1983","contraction",1980,1983,"1980-01-01","1983-01-01",3,-0.061,-0.172539548,100.5,83.159775426,82.7460452
"GHA","Ghana","Sub Saharan Africa","imf_weo_gdp_growth","IMF WEO real GDP growth",2,"1983-2031","expansion",1983,2031,"1983-01-01","2031-01-01",48,0.0539791666666667,11.3562581802148,83.159775426,1027.54365537234,1235.62581802148
"GIN","Guinea","Sub Saharan Africa","imf_weo_gdp_growth","IMF WEO real GDP growth",1,"1980-2008","expansion",1980,2008,"1980-01-01","2008-01-01",28,0.03525,1.63033424108929,102.6,269.872293135761,263.033424108929
"GIN","Guinea","Sub Saharan Africa","imf_weo_gdp_growth","IMF WEO real GDP growth",2,"2008-2009","contraction",2008,2009,"2008-01-01","2009-01-01",1,-0.015,-0.0149999999999999,269.872293135761,265.824208738725,98.5
"GIN","Guinea","Sub Saharan Africa","imf_weo_gdp_growth","IMF WEO real GDP growth",3,"2009-2031","expansion",2009,2031,"2009-01-01","2031-01-01",22,0.0669090909090909,3.13662828471603,265.824208738725,1099.61594063087,413.662828471603
"GMB","Gambia","Sub Saharan Africa","imf_weo_gdp_growth","IMF WEO real GDP growth",1,"1980-1981","contraction",1980,1981,"1980-01-01","1981-01-01",1,-0.095,-0.0950000000000001,100.7,91.1335,90.5
"GMB","Gambia","Sub Saharan Africa","imf_weo_gdp_growth","IMF WEO real GDP growth",2,"1981-1983","expansion",1981,1983,"1981-01-01","1983-01-01",2,0.1715,0.37108,91.1335,124.95131918,137.108
"GMB","Gambia","Sub Saharan Africa","imf_weo_gdp_growth","IMF WEO real GDP growth",3,"1983-1984","contraction",1983,1984,"1983-01-01","1984-01-01",1,-0.076,-0.0760000000000001,124.95131918,115.45501892232,92.4
"GMB","Gambia","Sub Saharan Africa","imf_weo_gdp_growth","IMF WEO real GDP growth",4,"1984-1993","expansion",1984,1993,"1984-01-01","1993-01-01",9,0.0314444444444444,0.320471714346813,115.45501892232,152.4550867663,132.047171434681
"GMB","Gambia","Sub Saharan Africa","imf_weo_gdp_growth","IMF WEO real GDP growth",5,"1993-1994","contraction",1993,1994,"1993-01-01","1994-01-01",1,-0.034,-0.0339999999999999,152.4550867663,147.271613816245,96.6
"GMB","Gambia","Sub Saharan Africa","imf_weo_gdp_growth","IMF WEO real GDP growth",6,"1994-2001","expansion",1994,2001,"1994-01-01","2001-01-01",7,0.0454285714285714,0.363273567768915,147.271613816245,200.771498398359,136.327356776892
"GMB","Gambia","Sub Saharan Africa","imf_weo_gdp_growth","IMF WEO real GDP growth",7,"2001-2002","contraction",2001,2002,"2001-01-01","2002-01-01",1,-0.032,-0.0320000000000001,200.771498398359,194.346810449611,96.8
"GMB","Gambia","Sub Saharan Africa","imf_weo_gdp_growth","IMF WEO real GDP growth",8,"2002-2004","expansion",2002,2004,"2002-01-01","2004-01-01",2,0.0695,0.14383,194.346810449611,222.299712196579,114.383
"GMB","Gambia","Sub Saharan Africa","imf_weo_gdp_growth","IMF WEO real GDP growth",9,"2004-2006","contraction",2004,2006,"2004-01-01","2006-01-01",2,-0.015,-0.029856,222.299712196579,215.662731989238,97.0144
"GMB","Gambia","Sub Saharan Africa","imf_weo_gdp_growth","IMF WEO real GDP growth",10,"2006-2010","expansion",2006,2010,"2006-01-01","2010-01-01",4,0.05475,0.237174240169999,215.662731989238,266.812376581772,123.717424017
"GMB","Gambia","Sub Saharan Africa","imf_weo_gdp_growth","IMF WEO real GDP growth",11,"2010-2011","contraction",2010,2011,"2010-01-01","2011-01-01",1,-0.081,-0.0809999999999997,266.812376581772,245.200574078648,91.9
"GMB","Gambia","Sub Saharan Africa","imf_weo_gdp_growth","IMF WEO real GDP growth",12,"2011-2013","expansion",2011,2013,"2011-01-01","2013-01-01",2,0.0405,0.082508,245.200574078648,265.431583044729,108.2508
"GMB","Gambia","Sub Saharan Africa","imf_weo_gdp_growth","IMF WEO real GDP growth",13,"2013-2014","contraction",2013,2014,"2013-01-01","2014-01-01",1,-0.014,-0.0140000000000001,265.431583044729,261.715540882103,98.6
"GMB","Gambia","Sub Saharan Africa","imf_weo_gdp_growth","IMF WEO real GDP growth",14,"2014-2031","expansion",2014,2031,"2014-01-01","2031-01-01",17,0.0489411764705882,1.24905079826474,261.715540882103,588.611546139181,224.905079826474
"GNB","Guinea-Bissau","Sub Saharan Africa","imf_weo_gdp_growth","IMF WEO real GDP growth",1,"1981-1982","expansion",1981,1982,"1981-01-01","1982-01-01",1,0.042,0.0420000000000003,99.5,103.679,104.2
"GNB","Guinea-Bissau","Sub Saharan Africa","imf_weo_gdp_growth","IMF WEO real GDP growth",2,"1982-1983","contraction",1982,1983,"1982-01-01","1983-01-01",1,-0.034,-0.0340000000000001,103.679,100.153914,96.6
"GNB","Guinea-Bissau","Sub Saharan Africa","imf_weo_gdp_growth","IMF WEO real GDP growth",3,"1983-1985","expansion",1983,1985,"1983-01-01","1985-01-01",2,0.049,0.100365,100.153914,110.20586157861,110.0365
"GNB","Guinea-Bissau","Sub Saharan Africa","imf_weo_gdp_growth","IMF WEO real GDP growth",4,"1985-1986","contraction",1985,1986,"1985-01-01","1986-01-01",1,-0.01,-0.0099999999999999,110.20586157861,109.103802962824,99
"GNB","Guinea-Bissau","Sub Saharan Africa","imf_weo_gdp_growth","IMF WEO real GDP growth",5,"1986-1997","expansion",1986,1997,"1986-01-01","1997-01-01",11,0.0404545454545455,0.544899938448237,109.103802962824,168.554458481735,154.489993844824
"GNB","Guinea-Bissau","Sub Saharan Africa","imf_weo_gdp_growth","IMF WEO real GDP growth",6,"1997-1998","contraction",1997,1998,"1997-01-01","1998-01-01",1,-0.224,-0.224,168.554458481735,130.798259781827,77.6
"GNB","Guinea-Bissau","Sub Saharan Africa","imf_weo_gdp_growth","IMF WEO real GDP growth",7,"1998-2002","expansion",1998,2002,"1998-01-01","2002-01-01",4,0.066,0.283317266048,130.798259781827,167.85566514705,128.3317266048
"GNB","Guinea-Bissau","Sub Saharan Africa","imf_weo_gdp_growth","IMF WEO real GDP growth",8,"2002-2003","contraction",2002,2003,"2002-01-01","2003-01-01",1,-0.003,-0.00299999999999989,167.85566514705,167.352098151608,99.7
"GNB","Guinea-Bissau","Sub Saharan Africa","imf_weo_gdp_growth","IMF WEO real GDP growth",9,"2003-2011","expansion",2003,2011,"2003-01-01","2011-01-01",8,0.042125,0.388549546055258,167.352098151608,232.376679919811,138.854954605526
"GNB","Guinea-Bissau","Sub Saharan Africa","imf_weo_gdp_growth","IMF WEO real GDP growth",10,"2011-2012","contraction",2011,2012,"2011-01-01","2012-01-01",1,-0.017,-0.0170000000000001,232.376679919811,228.426276361174,98.3
"GNB","Guinea-Bissau","Sub Saharan Africa","imf_weo_gdp_growth","IMF WEO real GDP growth",11,"2012-2031","expansion",2012,2031,"2012-01-01","2031-01-01",19,0.0441052631578947,1.2673110145839,228.426276361174,517.913412414076,226.73110145839
"GNQ","Equatorial Guinea","Sub Saharan Africa","imf_weo_gdp_growth","IMF WEO real GDP growth",1,"1980-1985","expansion",1980,1985,"1980-01-01","1985-01-01",5,0.0538,0.294616620542,104.8,135.675821832802,129.4616620542
"GNQ","Equatorial Guinea","Sub Saharan Africa","imf_weo_gdp_growth","IMF WEO real GDP growth",2,"1985-1986","contraction",1985,1986,"1985-01-01","1986-01-01",1,-0.023,-0.0230000000000001,135.675821832802,132.555277930647,97.7
"GNQ","Equatorial Guinea","Sub Saharan Africa","imf_weo_gdp_growth","IMF WEO real GDP growth",3,"1986-1988","expansion",1986,1988,"1986-01-01","1988-01-01",2,0.0355,0.0721880000000001,132.555277930647,142.124178333905,107.2188
"GNQ","Equatorial Guinea","Sub Saharan Africa","imf_weo_gdp_growth","IMF WEO real GDP growth",4,"1988-1989","contraction",1988,1989,"1988-01-01","1989-01-01",1,-0.012,-0.0120000000000001,142.124178333905,140.418688193898,98.8
"GNQ","Equatorial Guinea","Sub Saharan Africa","imf_weo_gdp_growth","IMF WEO real GDP growth",5,"1989-1990","expansion",1989,1990,"1989-01-01","1990-01-01",1,0.025,0.0249999999999999,140.418688193898,143.929155398745,102.5
"GNQ","Equatorial Guinea","Sub Saharan Africa","imf_weo_gdp_growth","IMF WEO real GDP growth",6,"1990-1991","contraction",1990,1991,"1990-01-01","1991-01-01",1,-0.012,-0.0119999999999999,143.929155398745,142.20200553396,98.8
"GNQ","Equatorial Guinea","Sub Saharan Africa","imf_weo_gdp_growth","IMF WEO real GDP growth",7,"1991-2009","expansion",1991,2009,"1991-01-01","2009-01-01",18,0.346,122.693510900801,142.20200553396,17589.4653216307,12369.3510900801
"GNQ","Equatorial Guinea","Sub Saharan Africa","imf_weo_gdp_growth","IMF WEO real GDP growth",8,"2009-2010","contraction",2009,2010,"2009-01-01","2010-01-01",1,-0.089,-0.089,17589.4653216307,16024.0029080055,91.1
"GNQ","Equatorial Guinea","Sub Saharan Africa","imf_weo_gdp_growth","IMF WEO real GDP growth",9,"2010-2012","expansion",2010,2012,"2010-01-01","2012-01-01",2,0.074,0.153395,16024.0029080055,18482.004834079,115.3395
"GNQ","Equatorial Guinea","Sub Saharan Africa","imf_weo_gdp_growth","IMF WEO real GDP growth",10,"2012-2013","contraction",2012,2013,"2012-01-01","2013-01-01",1,-0.041,-0.0410000000000001,18482.004834079,17724.2426358818,95.9
"GNQ","Equatorial Guinea","Sub Saharan Africa","imf_weo_gdp_growth","IMF WEO real GDP growth",11,"2013-2014","expansion",2013,2014,"2013-01-01","2014-01-01",1,0.004,0.00400000000000023,17724.2426358818,17795.1396064253,100.4
"GNQ","Equatorial Guinea","Sub Saharan Africa","imf_weo_gdp_growth","IMF WEO real GDP growth",12,"2014-2020","contraction",2014,2020,"2014-01-01","2020-01-01",6,-0.0668333333333333,-0.340306796829618,17795.1396064253,11739.3326478269,65.9693203170382
"GNQ","Equatorial Guinea","Sub Saharan Africa","imf_weo_gdp_growth","IMF WEO real GDP growth",13,"2020-2022","expansion",2020,2022,"2020-01-01","2022-01-01",2,0.0205,0.041288,11739.3326478269,12224.0262141903,104.1288
"GNQ","Equatorial Guinea","Sub Saharan Africa","imf_weo_gdp_growth","IMF WEO real GDP growth",14,"2022-2023","contraction",2022,2023,"2022-01-01","2023-01-01",1,-0.051,-0.0510000000000002,12224.0262141903,11600.6008772666,94.9
"GNQ","Equatorial Guinea","Sub Saharan Africa","imf_weo_gdp_growth","IMF WEO real GDP growth",15,"2023-2024","expansion",2023,2024,"2023-01-01","2024-01-01",1,0.009,0.0089999999999999,11600.6008772666,11705.006285162,100.9
"GNQ","Equatorial Guinea","Sub Saharan Africa","imf_weo_gdp_growth","IMF WEO real GDP growth",16,"2024-2027","contraction",2024,2027,"2024-01-01","2027-01-01",3,-0.0346666666666667,-0.101111464,11705.006285162,10521.4959635401,89.8888536
"GNQ","Equatorial Guinea","Sub Saharan Africa","imf_weo_gdp_growth","IMF WEO real GDP growth",17,"2027-2031","expansion",2027,2031,"2027-01-01","2031-01-01",4,0.02025,0.0834296575999998,10521.4959635401,11399.300769218,108.34296576
"GRC","Greece","Western Europe","imf_weo_gdp_growth","IMF WEO real GDP growth",1,"1980-1983","contraction",1980,1983,"1980-01-01","1983-01-01",3,-0.0126666666666667,-0.0375289360000001,100.7,96.9208361448,96.2471064
"GRC","Greece","Western Europe","imf_weo_gdp_growth","IMF WEO real GDP growth",2,"1983-1986","expansion",1983,1986,"1983-01-01","1986-01-01",3,0.0166666666666667,0.0507275,96.9208361448,101.837387860335,105.07275
"GRC","Greece","Western Europe","imf_weo_gdp_growth","IMF WEO real GDP growth",3,"1986-1987","contraction",1986,1987,"1986-01-01","1987-01-01",1,-0.023,-0.023,101.837387860335,99.4951279395476,97.7
"GRC","Greece","Western Europe","imf_weo_gdp_growth","IMF WEO real GDP growth",4,"1987-1992","expansion",1987,1992,"1987-01-01","1992-01-01",5,0.0238,0.124009023578,99.4951279395476,111.833421606099,112.4009023578
"GRC","Greece","Western Europe","imf_weo_gdp_growth","IMF WEO real GDP growth",5,"1992-1993","contraction",1992,1993,"1992-01-01","1993-01-01",1,-0.016,-0.016,111.833421606099,110.044086860401,98.4
"GRC","Greece","Western Europe","imf_weo_gdp_growth","IMF WEO real GDP growth",6,"1993-2008","expansion",1993,2008,"1993-01-01","2008-01-01",15,0.0340666666666667,0.649231213824913,110.044086860401,181.488142947034,164.923121382491
"GRC","Greece","Western Europe","imf_weo_gdp_growth","IMF WEO real GDP growth",7,"2008-2013","contraction",2008,2013,"2008-01-01","2013-01-01",5,-0.0606,-0.270006504742967,181.488142947034,132.485163817613,72.9993495257033
"GRC","Greece","Western Europe","imf_weo_gdp_growth","IMF WEO real GDP growth",8,"2013-2014","expansion",2013,2014,"2013-01-01","2014-01-01",1,0.008,0.00800000000000023,132.485163817613,133.545045128154,100.8
"GRC","Greece","Western Europe","imf_weo_gdp_growth","IMF WEO real GDP growth",9,"2014-2015","contraction",2014,2015,"2014-01-01","2015-01-01",1,-0.002,-0.00199999999999989,133.545045128154,133.277955037898,99.8
"GRC","Greece","Western Europe","imf_weo_gdp_growth","IMF WEO real GDP growth",10,"2015-2019","expansion",2015,2019,"2015-01-01","2019-01-01",4,0.01475,0.0601502449999995,133.277955037898,141.294656686527,106.0150245
"GRC","Greece","Western Europe","imf_weo_gdp_growth","IMF WEO real GDP growth",11,"2019-2020","contraction",2019,2020,"2019-01-01","2020-01-01",1,-0.092,-0.0920000000000002,141.294656686527,128.295548271366,90.8
"GRC","Greece","Western Europe","imf_weo_gdp_growth","IMF WEO real GDP growth",12,"2020-2031","expansion",2020,2031,"2020-01-01","2031-01-01",11,0.0276363636363636,0.346488946849155,128.295548271366,172.748537677347,134.648894684915
"GTM","Guatemala","Latin America","imf_weo_gdp_growth","IMF WEO real GDP growth",1,"1980-1981","expansion",1980,1981,"1980-01-01","1981-01-01",1,0.006,0.00600000000000001,103.7,104.3222,100.6
"GTM","Guatemala","Latin America","imf_weo_gdp_growth","IMF WEO real GDP growth",2,"1981-1983","contraction",1981,1983,"1981-01-01","1983-01-01",2,-0.03,-0.059125,104.3222,98.154149925,94.0875
"GTM","Guatemala","Latin America","imf_weo_gdp_growth","IMF WEO real GDP growth",3,"1983-1984","expansion",1983,1984,"1983-01-01","1984-01-01",1,0.005,0.00499999999999989,98.154149925,98.644920674625,100.5
"GTM","Guatemala","Latin America","imf_weo_gdp_growth","IMF WEO real GDP growth",4,"1984-1985","contraction",1984,1985,"1984-01-01","1985-01-01",1,-0.006,-0.00600000000000001,98.644920674625,98.0530511505772,99.4
"GTM","Guatemala","Latin America","imf_weo_gdp_growth","IMF WEO real GDP growth",5,"1985-2019","expansion",1985,2019,"1985-01-01","2019-01-01",34,0.0347352941176471,2.18660295994713,98.0530511505772,312.456143028277,318.660295994713
"GTM","Guatemala","Latin America","imf_weo_gdp_growth","IMF WEO real GDP growth",6,"2019-2020","contraction",2019,2020,"2019-01-01","2020-01-01",1,-0.018,-0.018,312.456143028277,306.831932453768,98.2
"GTM","Guatemala","Latin America","imf_weo_gdp_growth","IMF WEO real GDP growth",7,"2020-2031","expansion",2020,2031,"2020-01-01","2031-01-01",11,0.0426363636363636,0.581809549872704,306.831932453768,485.349680961267,158.18095498727
"HKG","China, Hong Kong SAR","East Asia","imf_weo_gdp_growth","IMF WEO real GDP growth",1,"1980-1997","expansion",1980,1997,"1980-01-01","1997-01-01",17,0.0610588235294118,1.71651895765284,110.3,299.632041029108,271.651895765284
"HKG","China, Hong Kong SAR","East Asia","imf_weo_gdp_growth","IMF WEO real GDP growth",2,"1997-1998","contraction",1997,1998,"1997-01-01","1998-01-01",1,-0.059,-0.0589999999999999,299.632041029108,281.953750608391,94.1
"HKG","China, Hong Kong SAR","East Asia","imf_weo_gdp_growth","IMF WEO real GDP growth",3,"1998-2008","expansion",1998,2008,"1998-01-01","2008-01-01",10,0.0473,0.581649034650384,281.953750608391,445.951877465816,158.164903465038
"HKG","China, Hong Kong SAR","East Asia","imf_weo_gdp_growth","IMF WEO real GDP growth",4,"2008-2009","contraction",2008,2009,"2008-01-01","2009-01-01",1,-0.025,-0.025,445.951877465816,434.803080529171,97.5
"HKG","China, Hong Kong SAR","East Asia","imf_weo_gdp_growth","IMF WEO real GDP growth",5,"2009-2018","expansion",2009,2018,"2009-01-01","2018-01-01",9,0.0337777777777778,0.347245025847805,434.803080529171,585.786287466228,134.72450258478
"HKG","China, Hong Kong SAR","East Asia","imf_weo_gdp_growth","IMF WEO real GDP growth",6,"2018-2020","contraction",2018,2020,"2018-01-01","2020-01-01",2,-0.041,-0.0808949999999999,585.786287466228,538.399105741648,91.9105
"HKG","China, Hong Kong SAR","East Asia","imf_weo_gdp_growth","IMF WEO real GDP growth",7,"2020-2021","expansion",2020,2021,"2020-01-01","2021-01-01",1,0.065,0.0649999999999999,538.399105741648,573.395047614855,106.5
"HKG","China, Hong Kong SAR","East Asia","imf_weo_gdp_growth","IMF WEO real GDP growth",8,"2021-2022","contraction",2021,2022,"2021-01-01","2022-01-01",1,-0.037,-0.037,573.395047614855,552.179430853105,96.3
"HKG","China, Hong Kong SAR","East Asia","imf_weo_gdp_growth","IMF WEO real GDP growth",9,"2022-2031","expansion",2022,2031,"2022-01-01","2031-01-01",9,0.0256666666666667,0.256088906865704,552.179430853105,693.586457694003,125.60889068657
"HND","Honduras","Latin America","imf_weo_gdp_growth","IMF WEO real GDP growth",1,"1980-1982","contraction",1980,1982,"1980-01-01","1982-01-01",2,-0.0165,-0.032748,100.6,97.3055512,96.7252
"HND","Honduras","Latin America","imf_weo_gdp_growth","IMF WEO real GDP growth",2,"1982-1990","expansion",1982,1990,"1982-01-01","1990-01-01",8,0.039875,0.365081044257271,97.3055512,132.829963444125,136.508104425727
"HND","Honduras","Latin America","imf_weo_gdp_growth","IMF WEO real GDP growth",3,"1990-1991","contraction",1990,1991,"1990-01-01","1991-01-01",1,-0.033,-0.033,132.829963444125,128.446574650469,96.7
"HND","Honduras","Latin America","imf_weo_gdp_growth","IMF WEO real GDP growth",4,"1991-1998","expansion",1991,1998,"1991-01-01","1998-01-01",7,0.0415714285714286,0.327770006257391,128.446574650469,170.547509227394,132.777000625739
"HND","Honduras","Latin America","imf_weo_gdp_growth","IMF WEO real GDP growth",5,"1998-1999","contraction",1998,1999,"1998-01-01","1999-01-01",1,-0.007,-0.00700000000000001,170.547509227394,169.353676662802,99.3
"HND","Honduras","Latin America","imf_weo_gdp_growth","IMF WEO real GDP growth",6,"1999-2008","expansion",1999,2008,"1999-01-01","2008-01-01",9,0.0528888888888889,0.588814338655583,169.353676662802,269.071549785901,158.881433865558
"HND","Honduras","Latin America","imf_weo_gdp_growth","IMF WEO real GDP growth",7,"2008-2009","contraction",2008,2009,"2008-01-01","2009-01-01",1,-0.024,-0.024,269.071549785901,262.61383259104,97.6
"HND","Honduras","Latin America","imf_weo_gdp_growth","IMF WEO real GDP growth",8,"2009-2019","expansion",2009,2019,"2009-01-01","2019-01-01",10,0.0364,0.42954396804124,262.61383259104,375.418020304713,142.954396804124
"HND","Honduras","Latin America","imf_weo_gdp_growth","IMF WEO real GDP growth",9,"2019-2020","contraction",2019,2020,"2019-01-01","2020-01-01",1,-0.09,-0.0899999999999999,375.418020304713,341.630398477289,91
"HND","Honduras","Latin America","imf_weo_gdp_growth","IMF WEO real GDP growth",10,"2020-2031","expansion",2020,2031,"2020-01-01","2031-01-01",11,0.0452727272727273,0.622392310194699,341.630398477289,554.258531418304,162.23923101947
"HRV","Croatia","Eastern Europe","imf_weo_gdp_growth","IMF WEO real GDP growth",1,"1993-1998","expansion",1993,1998,"1993-01-01","1998-01-01",5,0.0538,0.298615294837484,92,119.472607125049,129.861529483748
"HRV","Croatia","Eastern Europe","imf_weo_gdp_growth","IMF WEO real GDP growth",2,"1998-1999","contraction",1998,1999,"1998-01-01","1999-01-01",1,-0.009,-0.00900000000000012,119.472607125049,118.397353660923,99.1
"HRV","Croatia","Eastern Europe","imf_weo_gdp_growth","IMF WEO real GDP growth",3,"1999-2008","expansion",1999,2008,"1999-01-01","2008-01-01",9,0.0432222222222222,0.462664223566532,118.397353660923,173.175573364786,146.266422356653
"HRV","Croatia","Eastern Europe","imf_weo_gdp_growth","IMF WEO real GDP growth",4,"2008-2014","contraction",2008,2014,"2008-01-01","2014-01-01",6,-0.0185,-0.107538930408703,173.175573364786,154.552457432223,89.2461069591297
"HRV","Croatia","Eastern Europe","imf_weo_gdp_growth","IMF WEO real GDP growth",5,"2014-2019","expansion",2014,2019,"2014-01-01","2019-01-01",5,0.0302,0.160353576162935,154.552457432223,179.33549668625,116.035357616293
"HRV","Croatia","Eastern Europe","imf_weo_gdp_growth","IMF WEO real GDP growth",6,"2019-2020","contraction",2019,2020,"2019-01-01","2020-01-01",1,-0.083,-0.0830000000000001,179.33549668625,164.450650461291,91.7
"HRV","Croatia","Eastern Europe","imf_weo_gdp_growth","IMF WEO real GDP growth",7,"2020-2031","expansion",2020,2031,"2020-01-01","2031-01-01",11,0.0418181818181818,0.562522195940858,164.450650461291,256.957791482679,156.252219594086
"HTI","Haiti","Latin America","imf_weo_gdp_growth","IMF WEO real GDP growth",1,"1980-1981","expansion",1980,1981,"1980-01-01","1981-01-01",1,0.011,0.0109999999999997,107.3,108.4803,101.1
"HTI","Haiti","Latin America","imf_weo_gdp_growth","IMF WEO real GDP growth",2,"1981-1983","contraction",1981,1983,"1981-01-01","1983-01-01",2,-0.0215,-0.04258,108.4803,103.861208826,95.742
"HTI","Haiti","Latin America","imf_weo_gdp_growth","IMF WEO real GDP growth",3,"1983-1986","expansion",1983,1986,"1983-01-01","1986-01-01",3,0.00433333333333333,0.0130460480000001,103.861208826,105.216187141682,101.3046048
"HTI","Haiti","Latin America","imf_weo_gdp_growth","IMF WEO real GDP growth",4,"1986-1987","contraction",1986,1987,"1986-01-01","1987-01-01",1,-0.004,-0.004,105.216187141682,104.795322393115,99.6
"HTI","Haiti","Latin America","imf_weo_gdp_growth","IMF WEO real GDP growth",5,"1987-1988","expansion",1987,1988,"1987-01-01","1988-01-01",1,0.006,0.00600000000000001,104.795322393115,105.424094327474,100.6
"HTI","Haiti","Latin America","imf_weo_gdp_growth","IMF WEO real GDP growth",6,"1988-1990","contraction",1988,1990,"1988-01-01","1990-01-01",2,-0.0075,-0.0149560000000001,105.424094327474,103.847371572712,98.5044
"HTI","Haiti","Latin America","imf_weo_gdp_growth","IMF WEO real GDP growth",7,"1990-1991","expansion",1990,1991,"1990-01-01","1991-01-01",1,0.013,0.0129999999999999,103.847371572712,105.197387403157,101.3
"HTI","Haiti","Latin America","imf_weo_gdp_growth","IMF WEO real GDP growth",8,"1991-1994","contraction",1991,1994,"1991-01-01","1994-01-01",3,-0.0626666666666667,-0.178651732,105.197387403157,86.4036919417084,82.1348268
"HTI","Haiti","Latin America","imf_weo_gdp_growth","IMF WEO real GDP growth",9,"1994-2000","expansion",1994,2000,"1994-01-01","2000-01-01",6,0.0375,0.244317964462933,86.4036919417084,107.513666078989,124.431796446293
"HTI","Haiti","Latin America","imf_weo_gdp_growth","IMF WEO real GDP growth",10,"2000-2001","contraction",2000,2001,"2000-01-01","2001-01-01",1,-0.003,-0.00299999999999989,107.513666078989,107.191125080752,99.7
"HTI","Haiti","Latin America","imf_weo_gdp_growth","IMF WEO real GDP growth",11,"2001-2003","expansion",2001,2003,"2001-01-01","2003-01-01",2,0.023,0.0463849999999997,107.191125080752,112.163185417623,104.6385
"HTI","Haiti","Latin America","imf_weo_gdp_growth","IMF WEO real GDP growth",12,"2003-2004","contraction",2003,2004,"2003-01-01","2004-01-01",1,-0.013,-0.013,112.163185417623,110.705064007194,98.7
"HTI","Haiti","Latin America","imf_weo_gdp_growth","IMF WEO real GDP growth",13,"2004-2009","expansion",2004,2009,"2004-01-01","2009-01-01",5,0.0364,0.195142054787018,110.705064007194,132.308277672886,119.514205478702
"HTI","Haiti","Latin America","imf_weo_gdp_growth","IMF WEO real GDP growth",14,"2009-2010","contraction",2009,2010,"2009-01-01","2010-01-01",1,-0.057,-0.0570000000000001,132.308277672886,124.766705845531,94.3
"HTI","Haiti","Latin America","imf_weo_gdp_growth","IMF WEO real GDP growth",15,"2010-2018","expansion",2010,2018,"2010-01-01","2018-01-01",8,0.02525,0.219871250774997,124.766705845531,152.199317514864,121.9871250775
"HTI","Haiti","Latin America","imf_weo_gdp_growth","IMF WEO real GDP growth",16,"2018-2026","contraction",2018,2026,"2018-01-01","2026-01-01",8,-0.02375,-0.175205280027911,152.199317514864,125.533193469615,82.4794719972089
"HTI","Haiti","Latin America","imf_weo_gdp_growth","IMF WEO real GDP growth",17,"2026-2031","expansion",2026,2031,"2026-01-01","2031-01-01",5,0.012,0.0614220468004998,125.533193469615,133.243699153922,106.14220468005
"HUN","Hungary","Eastern Europe","imf_weo_gdp_growth","IMF WEO real GDP growth",1,"1980-1984","expansion",1980,1984,"1980-01-01","1984-01-01",4,0.02275,0.0939775344679996,100.2,109.616548953694,109.3977534468
"HUN","Hungary","Eastern Europe","imf_weo_gdp_growth","IMF WEO real GDP growth",2,"1984-1985","contraction",1984,1985,"1984-01-01","1985-01-01",1,-0.003,-0.00300000000000011,109.616548953694,109.287699306832,99.7
"HUN","Hungary","Eastern Europe","imf_weo_gdp_growth","IMF WEO real GDP growth",3,"1985-1987","expansion",1985,1987,"1985-01-01","1987-01-01",2,0.028,0.0566150000000001,109.287699306832,115.475022403089,105.6615
"HUN","Hungary","Eastern Europe","imf_weo_gdp_growth","IMF WEO real GDP growth",4,"1987-1988","contraction",1987,1988,"1987-01-01","1988-01-01",1,-0.001,-0.00100000000000011,115.475022403089,115.359547380686,99.9
"HUN","Hungary","Eastern Europe","imf_weo_gdp_growth","IMF WEO real GDP growth",5,"1988-1989","expansion",1988,1989,"1988-01-01","1989-01-01",1,0.007,0.0069999999999999,115.359547380686,116.16706421235,100.7
"HUN","Hungary","Eastern Europe","imf_weo_gdp_growth","IMF WEO real GDP growth",6,"1989-1993","contraction",1989,1993,"1989-01-01","1993-01-01",4,-0.04775,-0.18113297431,116.16706421235,95.1253783547067,81.886702569
"HUN","Hungary","Eastern Europe","imf_weo_gdp_growth","IMF WEO real GDP growth",7,"1993-2008","expansion",1993,2008,"1993-01-01","2008-01-01",15,0.0313333333333333,0.585957263933783,95.1253783547067,150.864784786097,158.595726393378
"HUN","Hungary","Eastern Europe","imf_weo_gdp_growth","IMF WEO real GDP growth",8,"2008-2009","contraction",2008,2009,"2008-01-01","2009-01-01",1,-0.067,-0.0669999999999998,150.864784786097,140.756844205428,93.3
"HUN","Hungary","Eastern Europe","imf_weo_gdp_growth","IMF WEO real GDP growth",9,"2009-2011","expansion",2009,2011,"2009-01-01","2011-01-01",2,0.015,0.0302089999999997,140.756844205428,145.00896771203,103.0209
"HUN","Hungary","Eastern Europe","imf_weo_gdp_growth","IMF WEO real GDP growth",10,"2011-2012","contraction",2011,2012,"2011-01-01","2012-01-01",1,-0.013,-0.0130000000000001,145.00896771203,143.123851131773,98.7
"HUN","Hungary","Eastern Europe","imf_weo_gdp_growth","IMF WEO real GDP growth",11,"2012-2019","expansion",2012,2019,"2012-01-01","2019-01-01",7,0.0388571428571429,0.305210494181981,143.123851131773,186.80675246493,130.521049418198
"HUN","Hungary","Eastern Europe","imf_weo_gdp_growth","IMF WEO real GDP growth",12,"2019-2020","contraction",2019,2020,"2019-01-01","2020-01-01",1,-0.043,-0.043,186.80675246493,178.774062108938,95.7
"HUN","Hungary","Eastern Europe","imf_weo_gdp_growth","IMF WEO real GDP growth",13,"2020-2022","expansion",2020,2022,"2020-01-01","2022-01-01",2,0.057,0.117024,178.774062108938,199.694917953175,111.7024
"HUN","Hungary","Eastern Europe","imf_weo_gdp_growth","IMF WEO real GDP growth",14,"2022-2023","contraction",2022,2023,"2022-01-01","2023-01-01",1,-0.008,-0.00800000000000001,199.694917953175,198.097358609549,99.2
"HUN","Hungary","Eastern Europe","imf_weo_gdp_growth","IMF WEO real GDP growth",15,"2023-2031","expansion",2023,2031,"2023-01-01","2031-01-01",8,0.018125,0.154250438205705,198.097358609549,228.653962982465,115.42504382057
"IDN","Indonesia","South and South East Asia","imf_weo_gdp_growth","IMF WEO real GDP growth",1,"1980-1997","expansion",1980,1997,"1980-01-01","1997-01-01",17,0.0682352941176471,2.06300800498898,109.9,336.624579748288,306.300800498898
"IDN","Indonesia","South and South East Asia","imf_weo_gdp_growth","IMF WEO real GDP growth",2,"1997-1998","contraction",1997,1998,"1997-01-01","1998-01-01",1,-0.131,-0.131,336.624579748288,292.526759801263,86.9
"IDN","Indonesia","South and South East Asia","imf_weo_gdp_growth","IMF WEO real GDP growth",3,"1998-2019","expansion",1998,2019,"1998-01-01","2019-01-01",21,0.0512857142857143,1.85420986381215,292.526759801263,834.932763253771,285.420986381215
"IDN","Indonesia","South and South East Asia","imf_weo_gdp_growth","IMF WEO real GDP growth",4,"2019-2020","contraction",2019,2020,"2019-01-01","2020-01-01",1,-0.021,-0.0210000000000001,834.932763253771,817.399175225442,97.9
"IDN","Indonesia","South and South East Asia","imf_weo_gdp_growth","IMF WEO real GDP growth",5,"2020-2031","expansion",2020,2031,"2020-01-01","2031-01-01",11,0.05,0.710186272655095,817.399175225442,1397.90484875015,171.018627265509
"IND","India","South and South East Asia","imf_weo_gdp_growth","IMF WEO real GDP growth",1,"1980-2019","expansion",1980,2019,"1980-01-01","2019-01-01",39,0.0608461538461538,8.94801336067306,106.7,1061.45302558382,994.801336067306
"IND","India","South and South East Asia","imf_weo_gdp_growth","IMF WEO real GDP growth",2,"2019-2020","contraction",2019,2020,"2019-01-01","2020-01-01",1,-0.058,-0.0579999999999999,1061.45302558382,999.888750099955,94.2
"IND","India","South and South East Asia","imf_weo_gdp_growth","IMF WEO real GDP growth",3,"2020-2031","expansion",2020,2031,"2020-01-01","2031-01-01",11,0.0710909090909091,1.12771312743309,999.888750099955,2127.47641956034,212.771312743309
"IRL","Ireland","Western Europe","imf_weo_gdp_growth","IMF WEO real GDP growth",1,"1980-1982","expansion",1980,1982,"1980-01-01","1982-01-01",2,0.02,0.0403749999999998,102.9,107.0545875,104.0375
"IRL","Ireland","Western Europe","imf_weo_gdp_growth","IMF WEO real GDP growth",2,"1982-1983","contraction",1982,1983,"1982-01-01","1983-01-01",1,-0.007,-0.00700000000000001,107.0545875,106.3052053875,99.3
"IRL","Ireland","Western Europe","imf_weo_gdp_growth","IMF WEO real GDP growth",3,"1983-2007","expansion",1983,2007,"1983-01-01","2007-01-01",24,0.0557916666666667,2.64675124708423,106.3052053875,387.66864031841,364.675124708423
"IRL","Ireland","Western Europe","imf_weo_gdp_growth","IMF WEO real GDP growth",4,"2007-2009","contraction",2007,2009,"2007-01-01","2009-01-01",2,-0.048,-0.0937050000000001,387.66864031841,351.342150377374,90.6295
"IRL","Ireland","Western Europe","imf_weo_gdp_growth","IMF WEO real GDP growth",5,"2009-2011","expansion",2009,2011,"2009-01-01","2011-01-01",2,0.0165,0.033272,351.342150377374,363.03200640473,103.3272
"IRL","Ireland","Western Europe","imf_weo_gdp_growth","IMF WEO real GDP growth",6,"2011-2012","contraction",2011,2012,"2011-01-01","2012-01-01",1,-0.004,-0.00400000000000011,363.03200640473,361.579878379111,99.6
"IRL","Ireland","Western Europe","imf_weo_gdp_growth","IMF WEO real GDP growth",7,"2012-2022","expansion",2012,2022,"2012-01-01","2022-01-01",10,0.0912,1.35256731159499,361.579878379111,850.641002405187,235.256731159499
"IRL","Ireland","Western Europe","imf_weo_gdp_growth","IMF WEO real GDP growth",8,"2022-2023","contraction",2022,2023,"2022-01-01","2023-01-01",1,-0.025,-0.025,850.641002405187,829.374977345057,97.5
"IRL","Ireland","Western Europe","imf_weo_gdp_growth","IMF WEO real GDP growth",9,"2023-2031","expansion",2023,2031,"2023-01-01","2031-01-01",8,0.03675,0.329687309585822,829.374977345057,1102.80938226375,132.968730958582
"IRN","Iran (Islamic Republic of)","Middle East and North Africa","imf_weo_gdp_growth","IMF WEO real GDP growth",1,"1980-1981","contraction",1980,1981,"1980-01-01","1981-01-01",1,-0.057,-0.0570000000000002,78.4,73.9312,94.3
"IRN","Iran (Islamic Republic of)","Middle East and North Africa","imf_weo_gdp_growth","IMF WEO real GDP growth",2,"1981-1983","expansion",1981,1983,"1981-01-01","1983-01-01",2,0.1715,0.368752,73.9312,101.1934778624,136.8752
"IRN","Iran (Islamic Republic of)","Middle East and North Africa","imf_weo_gdp_growth","IMF WEO real GDP growth",3,"1983-1984","contraction",1983,1984,"1983-01-01","1984-01-01",1,-0.071,-0.0710000000000001,101.1934778624,94.0087409341696,92.9
"IRN","Iran (Islamic Republic of)","Middle East and North Africa","imf_weo_gdp_growth","IMF WEO real GDP growth",4,"1984-1985","expansion",1984,1985,"1984-01-01","1985-01-01",1,0.019,0.0190000000000001,94.0087409341696,95.7949070119188,101.9
"IRN","Iran (Islamic Republic of)","Middle East and North Africa","imf_weo_gdp_growth","IMF WEO real GDP growth",5,"1985-1988","contraction",1985,1988,"1985-01-01","1988-01-01",3,-0.0536666666666667,-0.154715956,95.7949070119188,80.9739063936387,84.5284044
"IRN","Iran (Islamic Republic of)","Middle East and North Africa","imf_weo_gdp_growth","IMF WEO real GDP growth",6,"1988-1992","expansion",1988,1992,"1988-01-01","1992-01-01",4,0.08925,0.403194755536,80.9739063936387,113.622160786817,140.3194755536
"IRN","Iran (Islamic Republic of)","Middle East and North Africa","imf_weo_gdp_growth","IMF WEO real GDP growth",7,"1992-1994","contraction",1992,1994,"1992-01-01","1994-01-01",2,-0.016,-0.0317449999999999,113.622160786817,110.015225292639,96.8255
"IRN","Iran (Islamic Republic of)","Middle East and North Africa","imf_weo_gdp_growth","IMF WEO real GDP growth",8,"1994-2011","expansion",1994,2011,"1994-01-01","2011-01-01",17,0.0427647058823529,1.02726314147397,110.015225292639,223.029811236722,202.726314147397
"IRN","Iran (Islamic Republic of)","Middle East and North Africa","imf_weo_gdp_growth","IMF WEO real GDP growth",9,"2011-2013","contraction",2011,2013,"2011-01-01","2013-01-01",2,-0.026,-0.051445,223.029811236722,211.556042597649,94.8555
"IRN","Iran (Islamic Republic of)","Middle East and North Africa","imf_weo_gdp_growth","IMF WEO real GDP growth",10,"2013-2014","expansion",2013,2014,"2013-01-01","2014-01-01",1,0.05,0.0499999999999998,211.556042597649,222.133844727531,105
"IRN","Iran (Islamic Republic of)","Middle East and North Africa","imf_weo_gdp_growth","IMF WEO real GDP growth",11,"2014-2015","contraction",2014,2015,"2014-01-01","2015-01-01",1,-0.014,-0.014,222.133844727531,219.023970901346,98.6
"IRN","Iran (Islamic Republic of)","Middle East and North Africa","imf_weo_gdp_growth","IMF WEO real GDP growth",12,"2015-2017","expansion",2015,2017,"2015-01-01","2017-01-01",2,0.0475,0.0969500000000001,219.023970901346,240.258344880231,109.695
"IRN","Iran (Islamic Republic of)","Middle East and North Africa","imf_weo_gdp_growth","IMF WEO real GDP growth",13,"2017-2019","contraction",2017,2019,"2017-01-01","2019-01-01",2,-0.0305,-0.0601119999999999,240.258344880231,225.815935252791,93.9888
"IRN","Iran (Islamic Republic of)","Middle East and North Africa","imf_weo_gdp_growth","IMF WEO real GDP growth",14,"2019-2024","expansion",2019,2024,"2019-01-01","2024-01-01",5,0.0438,0.238964476280336,225.815935252791,279.777921956228,123.896447628034
"IRN","Iran (Islamic Republic of)","Middle East and North Africa","imf_weo_gdp_growth","IMF WEO real GDP growth",15,"2024-2026","contraction",2024,2026,"2024-01-01","2026-01-01",2,-0.038,-0.075085,279.777921956228,258.770796686145,92.4915
"IRN","Iran (Islamic Republic of)","Middle East and North Africa","imf_weo_gdp_growth","IMF WEO real GDP growth",16,"2026-2031","expansion",2026,2031,"2026-01-01","2031-01-01",5,0.0214,0.11159094845624,258.770796686145,287.647275321129,111.159094845624
"IRQ","Iraq","Middle East and North Africa","imf_weo_gdp_growth","IMF WEO real GDP growth",1,"2001-2003","contraction",2001,2003,"2001-01-01","2003-01-01",2,-0.2245,-0.418906,101.8,59.1553692,58.1094
"IRQ","Iraq","Middle East and North Africa","imf_weo_gdp_growth","IMF WEO real GDP growth",2,"2003-2016","expansion",2003,2016,"2003-01-01","2016-01-01",13,0.0992307692307692,2.15775016052409,59.1553692,186.797876587162,315.775016052409
"IRQ","Iraq","Middle East and North Africa","imf_weo_gdp_growth","IMF WEO real GDP growth",3,"2016-2017","contraction",2016,2017,"2016-01-01","2017-01-01",1,-0.015,-0.0150000000000001,186.797876587162,183.995908438354,98.5
"IRQ","Iraq","Middle East and North Africa","imf_weo_gdp_growth","IMF WEO real GDP growth",4,"2017-2019","expansion",2017,2019,"2017-01-01","2019-01-01",2,0.041,0.0834560000000002,183.995908438354,199.351470972986,108.3456
"IRQ","Iraq","Middle East and North Africa","imf_weo_gdp_growth","IMF WEO real GDP growth",5,"2019-2020","contraction",2019,2020,"2019-01-01","2020-01-01",1,-0.124,-0.124,199.351470972986,174.631888572335,87.6
"IRQ","Iraq","Middle East and North Africa","imf_weo_gdp_growth","IMF WEO real GDP growth",6,"2020-2024","expansion",2020,2024,"2020-01-01","2024-01-01",4,0.02525,0.103008608702,174.631888572335,192.620476449174,110.3008608702
"IRQ","Iraq","Middle East and North Africa","imf_weo_gdp_growth","IMF WEO real GDP growth",7,"2024-2026","contraction",2024,2026,"2024-01-01","2026-01-01",2,-0.036,-0.0717279999999999,192.620476449174,178.804194914428,92.8272
"IRQ","Iraq","Middle East and North Africa","imf_weo_gdp_growth","IMF WEO real GDP growth",8,"2026-2031","expansion",2026,2031,"2026-01-01","2031-01-01",5,0.05,0.27349347525785,178.804194914428,227.705975572257,127.349347525785
"ISL","Iceland","Western Europe","imf_weo_gdp_growth","IMF WEO real GDP growth",1,"1980-1982","expansion",1980,1982,"1980-01-01","1982-01-01",2,0.0325,0.0659460000000001,105.7,112.6704922,106.5946
"ISL","Iceland","Western Europe","imf_weo_gdp_growth","IMF WEO real GDP growth",2,"1982-1983","contraction",1982,1983,"1982-01-01","1983-01-01",1,-0.022,-0.0219999999999999,112.6704922,110.1917413716,97.8
"ISL","Iceland","Western Europe","imf_weo_gdp_growth","IMF WEO real GDP growth",3,"1983-1987","expansion",1983,1987,"1983-01-01","1987-01-01",4,0.0555,0.240263759315,110.1917413716,136.666823399007,124.0263759315
"ISL","Iceland","Western Europe","imf_weo_gdp_growth","IMF WEO real GDP growth",4,"1987-1988","contraction",1987,1988,"1987-01-01","1988-01-01",1,-0.001,-0.00099999999999989,136.666823399007,136.530156575608,99.9
"ISL","Iceland","Western Europe","imf_weo_gdp_growth","IMF WEO real GDP growth",5,"1988-1990","expansion",1988,1990,"1988-01-01","1990-01-01",2,0.0075,0.015036,136.530156575608,138.583024009879,101.5036
"ISL","Iceland","Western Europe","imf_weo_gdp_growth","IMF WEO real GDP growth",6,"1990-1992","contraction",1990,1992,"1990-01-01","1992-01-01",2,-0.018,-0.0359320000000003,138.583024009879,133.603458791156,96.4068
"ISL","Iceland","Western Europe","imf_weo_gdp_growth","IMF WEO real GDP growth",7,"1992-2008","expansion",1992,2008,"1992-01-01","2008-01-01",16,0.0416875,0.913399666610918,133.603458791156,255.636813509063,191.339966661092
"ISL","Iceland","Western Europe","imf_weo_gdp_growth","IMF WEO real GDP growth",8,"2008-2010","contraction",2008,2010,"2008-01-01","2010-01-01",2,-0.0525,-0.103174,255.636813509063,229.261740912079,89.6826
"ISL","Iceland","Western Europe","imf_weo_gdp_growth","IMF WEO real GDP growth",9,"2010-2019","expansion",2010,2019,"2010-01-01","2019-01-01",9,0.0304444444444444,0.308315432516484,229.261740912079,299.946673720868,130.831543251648
"ISL","Iceland","Western Europe","imf_weo_gdp_growth","IMF WEO real GDP growth",10,"2019-2020","contraction",2019,2020,"2019-01-01","2020-01-01",1,-0.066,-0.0660000000000002,299.946673720868,280.150193255291,93.4
"ISL","Iceland","Western Europe","imf_weo_gdp_growth","IMF WEO real GDP growth",11,"2020-2023","expansion",2020,2023,"2020-01-01","2023-01-01",3,0.0636666666666667,0.2029094,280.150193255291,336.995300878606,120.29094
"ISL","Iceland","Western Europe","imf_weo_gdp_growth","IMF WEO real GDP growth",12,"2023-2024","contraction",2023,2024,"2023-01-01","2024-01-01",1,-0.013,-0.0129999999999998,336.995300878606,332.614361967184,98.7
"ISL","Iceland","Western Europe","imf_weo_gdp_growth","IMF WEO real GDP growth",13,"2024-2031","expansion",2024,2031,"2024-01-01","2031-01-01",7,0.0212857142857143,0.158801898400867,332.614361967184,385.434154082966,115.880189840087
"ISR","Israel","Middle East and North Africa","imf_weo_gdp_growth","IMF WEO real GDP growth",1,"1980-2001","expansion",1980,2001,"1980-01-01","2001-01-01",21,0.0457619047619048,1.54485932012069,103.6,263.647425564504,254.485932012069
"ISR","Israel","Middle East and North Africa","imf_weo_gdp_growth","IMF WEO real GDP growth",2,"2001-2002","contraction",2001,2002,"2001-01-01","2002-01-01",1,-0.002,-0.002,263.647425564504,263.120130713375,99.8
"ISR","Israel","Middle East and North Africa","imf_weo_gdp_growth","IMF WEO real GDP growth",3,"2002-2019","expansion",2002,2019,"2002-01-01","2019-01-01",17,0.0392352941176471,0.92060860028412,263.120130713375,505.35078595599,192.060860028412
"ISR","Israel","Middle East and North Africa","imf_weo_gdp_growth","IMF WEO real GDP growth",4,"2019-2020","contraction",2019,2020,"2019-01-01","2020-01-01",1,-0.018,-0.0180000000000001,505.35078595599,496.254471808782,98.2
"ISR","Israel","Middle East and North Africa","imf_weo_gdp_growth","IMF WEO real GDP growth",5,"2020-2031","expansion",2020,2031,"2020-01-01","2031-01-01",11,0.0396363636363636,0.530119369001787,496.254471808782,759.328579268368,153.011936900179
"ITA","Italy","Western Europe","imf_weo_gdp_growth","IMF WEO real GDP growth",1,"1980-1992","expansion",1980,1992,"1980-01-01","1992-01-01",12,0.02525,0.347538797298716,103.1,138.931250001498,134.753879729872
"ITA","Italy","Western Europe","imf_weo_gdp_growth","IMF WEO real GDP growth",2,"1992-1993","contraction",1992,1993,"1992-01-01","1993-01-01",1,-0.009,-0.00900000000000001,138.931250001498,137.680868751484,99.1
"ITA","Italy","Western Europe","imf_weo_gdp_growth","IMF WEO real GDP growth",3,"1993-2007","expansion",1993,2007,"1993-01-01","2007-01-01",14,0.0170714285714286,0.266678363107302,137.680868751484,174.397377461321,126.66783631073
"ITA","Italy","Western Europe","imf_weo_gdp_growth","IMF WEO real GDP growth",4,"2007-2009","contraction",2007,2009,"2007-01-01","2009-01-01",2,-0.0315,-0.0624699999999999,174.397377461321,163.502773291313,93.753
"ITA","Italy","Western Europe","imf_weo_gdp_growth","IMF WEO real GDP growth",5,"2009-2011","expansion",2009,2011,"2009-01-01","2011-01-01",2,0.011,0.0221049999999998,163.502773291313,167.117002094917,102.2105
"ITA","Italy","Western Europe","imf_weo_gdp_growth","IMF WEO real GDP growth",6,"2011-2013","contraction",2011,2013,"2011-01-01","2013-01-01",2,-0.0245,-0.0484420000000002,167.117002094917,159.021520279435,95.1558
"ITA","Italy","Western Europe","imf_weo_gdp_growth","IMF WEO real GDP growth",7,"2013-2019","expansion",2013,2019,"2013-01-01","2019-01-01",6,0.00816666666666667,0.0499282749992962,159.021520279435,166.961190474753,104.99282749993
"ITA","Italy","Western Europe","imf_weo_gdp_growth","IMF WEO real GDP growth",8,"2019-2020","contraction",2019,2020,"2019-01-01","2020-01-01",1,-0.089,-0.089,166.961190474753,152.1016445225,91.1
"ITA","Italy","Western Europe","imf_weo_gdp_growth","IMF WEO real GDP growth",9,"2020-2031","expansion",2020,2031,"2020-01-01","2031-01-01",11,0.018,0.21279665310828,152.1016445225,184.468365409153,121.279665310828
"JAM","Jamaica","Latin America","imf_weo_gdp_growth","IMF WEO real GDP growth",1,"1980-1984","expansion",1980,1984,"1980-01-01","1984-01-01",4,0.0315,0.131665429592,96,108.639881240832,113.1665429592
"JAM","Jamaica","Latin America","imf_weo_gdp_growth","IMF WEO real GDP growth",2,"1984-1985","contraction",1984,1985,"1984-01-01","1985-01-01",1,-0.009,-0.00900000000000012,108.639881240832,107.662122309664,99.1
"JAM","Jamaica","Latin America","imf_weo_gdp_growth","IMF WEO real GDP growth",3,"1985-1987","expansion",1985,1987,"1985-01-01","1987-01-01",2,0.0735,0.15239,107.662122309664,124.068753128434,115.239
"JAM","Jamaica","Latin America","imf_weo_gdp_growth","IMF WEO real GDP growth",4,"1987-1988","contraction",1987,1988,"1987-01-01","1988-01-01",1,-0.04,-0.0399999999999999,124.068753128434,119.106003003297,96
"JAM","Jamaica","Latin America","imf_weo_gdp_growth","IMF WEO real GDP growth",5,"1988-1996","expansion",1988,1996,"1988-01-01","1996-01-01",8,0.025,0.217285596780338,119.106003003297,144.986021945989,121.728559678034
"JAM","Jamaica","Latin America","imf_weo_gdp_growth","IMF WEO real GDP growth",6,"1996-1998","contraction",1996,1998,"1996-01-01","1998-01-01",2,-0.014,-0.0278079999999998,144.986021945989,140.954250647715,97.2192
"JAM","Jamaica","Latin America","imf_weo_gdp_growth","IMF WEO real GDP growth",7,"1998-2007","expansion",1998,2007,"1998-01-01","2007-01-01",9,0.0155555555555556,0.148559556167015,140.954250647715,161.894351563794,114.855955616701
"JAM","Jamaica","Latin America","imf_weo_gdp_growth","IMF WEO real GDP growth",8,"2007-2010","contraction",2007,2010,"2007-01-01","2010-01-01",3,-0.0186666666666667,-0.0551438080000002,161.894351563794,152.966880524875,94.4856192
"JAM","Jamaica","Latin America","imf_weo_gdp_growth","IMF WEO real GDP growth",9,"2010-2011","expansion",2010,2011,"2010-01-01","2011-01-01",1,0.014,0.014,152.966880524875,155.108416852224,101.4
"JAM","Jamaica","Latin America","imf_weo_gdp_growth","IMF WEO real GDP growth",10,"2011-2012","contraction",2011,2012,"2011-01-01","2012-01-01",1,-0.005,-0.00499999999999989,155.108416852224,154.332874767962,99.5
"JAM","Jamaica","Latin America","imf_weo_gdp_growth","IMF WEO real GDP growth",11,"2012-2019","expansion",2012,2019,"2012-01-01","2019-01-01",7,0.0165714285714286,0.121615620555916,154.332874767962,173.102163105047,112.161562055592
"JAM","Jamaica","Latin America","imf_weo_gdp_growth","IMF WEO real GDP growth",12,"2019-2020","contraction",2019,2020,"2019-01-01","2020-01-01",1,-0.083,-0.0830000000000001,173.102163105047,158.734683567328,91.7
"JAM","Jamaica","Latin America","imf_weo_gdp_growth","IMF WEO real GDP growth",13,"2020-2023","expansion",2020,2023,"2020-01-01","2023-01-01",3,0.0493333333333333,0.155013496,158.734683567328,183.340701803553,115.5013496
"JAM","Jamaica","Latin America","imf_weo_gdp_growth","IMF WEO real GDP growth",14,"2023-2026","contraction",2023,2026,"2023-01-01","2026-01-01",3,-0.006,-0.01792306,183.340701803553,180.054675404686,98.207694
"JAM","Jamaica","Latin America","imf_weo_gdp_growth","IMF WEO real GDP growth",15,"2026-2031","expansion",2026,2031,"2026-01-01","2031-01-01",5,0.0188,0.0975001039082495,180.054675404686,197.610024965809,109.750010390825
"JOR","Jordan","Middle East and North Africa","imf_weo_gdp_growth","IMF WEO real GDP growth",1,"1980-1984","expansion",1980,1984,"1980-01-01","1984-01-01",4,0.06925,0.301589159,111.1,144.6065555649,130.1589159
"JOR","Jordan","Middle East and North Africa","imf_weo_gdp_growth","IMF WEO real GDP growth",2,"1984-1985","contraction",1984,1985,"1984-01-01","1985-01-01",1,-0.011,-0.011,144.6065555649,143.015883453686,98.9
"JOR","Jordan","Middle East and North Africa","imf_weo_gdp_growth","IMF WEO real GDP growth",3,"1985-1988","expansion",1985,1988,"1985-01-01","1988-01-01",3,0.0383333333333333,0.119133197,143.015883453686,160.053822871303,111.9133197
"JOR","Jordan","Middle East and North Africa","imf_weo_gdp_growth","IMF WEO real GDP growth",4,"1988-1991","contraction",1988,1991,"1988-01-01","1991-01-01",3,-0.06,-0.171374584,160.053822871303,132.624665559124,82.8625416
"JOR","Jordan","Middle East and North Africa","imf_weo_gdp_growth","IMF WEO real GDP growth",5,"1991-2019","expansion",1991,2019,"1991-01-01","2019-01-01",28,0.0486785714285714,2.7365682081215,132.624665559124,495.561108940969,373.65682081215
"JOR","Jordan","Middle East and North Africa","imf_weo_gdp_growth","IMF WEO real GDP growth",6,"2019-2020","contraction",2019,2020,"2019-01-01","2020-01-01",1,-0.012,-0.0119999999999998,495.561108940969,489.614375633678,98.8
"JOR","Jordan","Middle East and North Africa","imf_weo_gdp_growth","IMF WEO real GDP growth",7,"2020-2031","expansion",2020,2031,"2020-01-01","2031-01-01",11,0.0297272727272727,0.380137239817321,489.614375633678,675.735032961945,138.013723981732
"JPN","Japan","East Asia","imf_weo_gdp_growth","IMF WEO real GDP growth",1,"1980-1992","expansion",1980,1992,"1980-01-01","1992-01-01",12,0.04125,0.622651801183425,103.2,167.457665882129,162.265180118342
"JPN","Japan","East Asia","imf_weo_gdp_growth","IMF WEO real GDP growth",2,"1992-1993","contraction",1992,1993,"1992-01-01","1993-01-01",1,-0.005,-0.005,167.457665882129,166.620377552719,99.5
"JPN","Japan","East Asia","imf_weo_gdp_growth","IMF WEO real GDP growth",3,"1993-1997","expansion",1993,1997,"1993-01-01","1997-01-01",4,0.01925,0.0791042928379997,166.620377552719,179.800764691427,107.9104292838
"JPN","Japan","East Asia","imf_weo_gdp_growth","IMF WEO real GDP growth",4,"1997-1999","contraction",1997,1999,"1997-01-01","1999-01-01",2,-0.0105,-0.020946,179.800764691427,176.0346578742,97.9054
"JPN","Japan","East Asia","imf_weo_gdp_growth","IMF WEO real GDP growth",5,"1999-2007","expansion",1999,2007,"1999-01-01","2007-01-01",8,0.014875,0.125047102416359,176.0346578742,198.047281766224,112.504710241636
"JPN","Japan","East Asia","imf_weo_gdp_growth","IMF WEO real GDP growth",6,"2007-2009","contraction",2007,2009,"2007-01-01","2009-01-01",2,-0.0355,-0.070292,198.047281766224,184.126142236313,92.9708
"JPN","Japan","East Asia","imf_weo_gdp_growth","IMF WEO real GDP growth",7,"2009-2010","expansion",2009,2010,"2009-01-01","2010-01-01",1,0.041,0.0409999999999999,184.126142236313,191.675314068002,104.1
"JPN","Japan","East Asia","imf_weo_gdp_growth","IMF WEO real GDP growth",8,"2010-2011","contraction",2010,2011,"2010-01-01","2011-01-01",1,-0.002,-0.002,191.675314068002,191.291963439866,99.8
"JPN","Japan","East Asia","imf_weo_gdp_growth","IMF WEO real GDP growth",9,"2011-2018","expansion",2011,2018,"2011-01-01","2018-01-01",7,0.0134285714285714,0.097783084525894,191.291963439866,209.99708167003,109.778308452589
"JPN","Japan","East Asia","imf_weo_gdp_growth","IMF WEO real GDP growth",10,"2018-2020","contraction",2018,2020,"2018-01-01","2020-01-01",2,-0.023,-0.0458710000000002,209.99708167003,200.364305536744,95.4129
"JPN","Japan","East Asia","imf_weo_gdp_growth","IMF WEO real GDP growth",11,"2020-2023","expansion",2020,2023,"2020-01-01","2023-01-01",3,0.0186666666666667,0.0568142759999999,200.364305536744,211.747858492057,105.6814276
"JPN","Japan","East Asia","imf_weo_gdp_growth","IMF WEO real GDP growth",12,"2023-2024","contraction",2023,2024,"2023-01-01","2024-01-01",1,-0.002,-0.00199999999999989,211.747858492057,211.324362775073,99.8
"JPN","Japan","East Asia","imf_weo_gdp_growth","IMF WEO real GDP growth",13,"2024-2031","expansion",2024,2031,"2024-01-01","2031-01-01",7,0.007,0.0500255980730286,211.324362775073,221.895990410298,105.002559807303
"KAZ","Kazakhstan","Eastern Europe","imf_weo_gdp_growth","IMF WEO real GDP growth",1,"1993-1995","contraction",1993,1995,"1993-01-01","1995-01-01",2,-0.104,-0.197668,90.8,72.8517456,80.2332
"KAZ","Kazakhstan","Eastern Europe","imf_weo_gdp_growth","IMF WEO real GDP growth",2,"1995-1997","expansion",1995,1997,"1995-01-01","1997-01-01",2,0.011,0.0220849999999997,72.8517456,74.460676401576,102.2085
"KAZ","Kazakhstan","Eastern Europe","imf_weo_gdp_growth","IMF WEO real GDP growth",3,"1997-1998","contraction",1997,1998,"1997-01-01","1998-01-01",1,-0.019,-0.019,74.460676401576,73.045923549946,98.1
"KAZ","Kazakhstan","Eastern Europe","imf_weo_gdp_growth","IMF WEO real GDP growth",4,"1998-2019","expansion",1998,2019,"1998-01-01","2019-01-01",21,0.0632857142857143,2.5862249281165,73.045923549946,261.959111932108,358.62249281165
"KAZ","Kazakhstan","Eastern Europe","imf_weo_gdp_growth","IMF WEO real GDP growth",5,"2019-2020","contraction",2019,2020,"2019-01-01","2020-01-01",1,-0.026,-0.0260000000000001,261.959111932108,255.148175021873,97.4
"KAZ","Kazakhstan","Eastern Europe","imf_weo_gdp_growth","IMF WEO real GDP growth",6,"2020-2031","expansion",2020,2031,"2020-01-01","2031-01-01",11,0.0427272727272727,0.583739762700294,255.148175021873,404.088310162555,158.373976270029
"KEN","Kenya","Sub Saharan Africa","imf_weo_gdp_growth","IMF WEO real GDP growth",1,"1980-1991","expansion",1980,1991,"1980-01-01","1991-01-01",11,0.0412727272727273,0.557644262139819,105.6,164.487234081965,155.764426213982
"KEN","Kenya","Sub Saharan Africa","imf_weo_gdp_growth","IMF WEO real GDP growth",2,"1991-1993","contraction",1991,1993,"1991-01-01","1993-01-01",2,-0.006,-0.011989,164.487234081965,162.515196632556,98.8011
"KEN","Kenya","Sub Saharan Africa","imf_weo_gdp_growth","IMF WEO real GDP growth",3,"1993-2019","expansion",1993,2019,"1993-01-01","2019-01-01",26,0.0390769230769231,1.69643036148773,162.515196632556,438.210910403173,269.643036148773
"KEN","Kenya","Sub Saharan Africa","imf_weo_gdp_growth","IMF WEO real GDP growth",4,"2019-2020","contraction",2019,2020,"2019-01-01","2020-01-01",1,-0.003,-0.003,438.210910403173,436.896277671964,99.7
"KEN","Kenya","Sub Saharan Africa","imf_weo_gdp_growth","IMF WEO real GDP growth",5,"2020-2031","expansion",2020,2031,"2020-01-01","2031-01-01",11,0.0519090909090909,0.744289241209523,436.896277671964,762.073476667695,174.428924120952
"KGZ","Kyrgyzstan","Eastern Europe","imf_weo_gdp_growth","IMF WEO real GDP growth",1,"1993-1995","contraction",1993,1995,"1993-01-01","1995-01-01",2,-0.126,-0.241308,87,66.006204,75.8692
"KGZ","Kyrgyzstan","Eastern Europe","imf_weo_gdp_growth","IMF WEO real GDP growth",2,"1995-2004","expansion",1995,2004,"1995-01-01","2004-01-01",9,0.0527777777777778,0.583536941172549,66.006204,104.523262380571,158.353694117255
"KGZ","Kyrgyzstan","Eastern Europe","imf_weo_gdp_growth","IMF WEO real GDP growth",3,"2004-2005","contraction",2004,2005,"2004-01-01","2005-01-01",1,-0.002,-0.00200000000000011,104.523262380571,104.31421585581,99.8
"KGZ","Kyrgyzstan","Eastern Europe","imf_weo_gdp_growth","IMF WEO real GDP growth",4,"2005-2009","expansion",2005,2009,"2005-01-01","2009-01-01",4,0.05525,0.23855714654,104.31421585581,129.19911753393,123.855714654
"KGZ","Kyrgyzstan","Eastern Europe","imf_weo_gdp_growth","IMF WEO real GDP growth",5,"2009-2010","contraction",2009,2010,"2009-01-01","2010-01-01",1,-0.005,-0.00500000000000012,129.19911753393,128.55312194626,99.5
"KGZ","Kyrgyzstan","Eastern Europe","imf_weo_gdp_growth","IMF WEO real GDP growth",6,"2010-2011","expansion",2010,2011,"2010-01-01","2011-01-01",1,0.06,0.0600000000000001,128.55312194626,136.266309263036,106
"KGZ","Kyrgyzstan","Eastern Europe","imf_weo_gdp_growth","IMF WEO real GDP growth",7,"2011-2012","contraction",2011,2012,"2011-01-01","2012-01-01",1,-0.001,-0.00099999999999989,136.266309263036,136.130042953773,99.9
"KGZ","Kyrgyzstan","Eastern Europe","imf_weo_gdp_growth","IMF WEO real GDP growth",8,"2012-2019","expansion",2012,2019,"2012-01-01","2019-01-01",7,0.0512857142857143,0.416718148755184,136.130042953773,192.857902443433,141.671814875518
"KGZ","Kyrgyzstan","Eastern Europe","imf_weo_gdp_growth","IMF WEO real GDP growth",9,"2019-2020","contraction",2019,2020,"2019-01-01","2020-01-01",1,-0.071,-0.0710000000000001,192.857902443433,179.164991369949,92.9
"KGZ","Kyrgyzstan","Eastern Europe","imf_weo_gdp_growth","IMF WEO real GDP growth",10,"2020-2031","expansion",2020,2031,"2020-01-01","2031-01-01",11,0.0726363636363636,1.15717241872858,179.164991369949,386.489777784998,215.717241872858
"KHM","Cambodia","South and South East Asia","imf_weo_gdp_growth","IMF WEO real GDP growth",1,"1988-2019","expansion",1988,2019,"1988-01-01","2019-01-01",31,0.0754516129032258,8.44257785798107,109.6,1034.90653323473,944.257785798107
"KHM","Cambodia","South and South East Asia","imf_weo_gdp_growth","IMF WEO real GDP growth",2,"2019-2020","contraction",2019,2020,"2019-01-01","2020-01-01",1,-0.03,-0.0300000000000001,1034.90653323473,1003.85933723768,97
"KHM","Cambodia","South and South East Asia","imf_weo_gdp_growth","IMF WEO real GDP growth",3,"2020-2031","expansion",2020,2031,"2020-01-01","2031-01-01",11,0.0493636363636364,0.698412038719715,1003.85933723768,1704.96678354568,169.841203871972
"KOR","Republic of Korea","East Asia","imf_weo_gdp_growth","IMF WEO real GDP growth",1,"1980-1997","expansion",1980,1997,"1980-01-01","1997-01-01",17,0.0937058823529412,3.56884333615517,98.5,450.031068611284,456.884333615517
"KOR","Republic of Korea","East Asia","imf_weo_gdp_growth","IMF WEO real GDP growth",2,"1997-1998","contraction",1997,1998,"1997-01-01","1998-01-01",1,-0.049,-0.0489999999999999,450.031068611284,427.979546249331,95.1
"KOR","Republic of Korea","East Asia","imf_weo_gdp_growth","IMF WEO real GDP growth",3,"1998-2019","expansion",1998,2019,"1998-01-01","2019-01-01",21,0.0454285714285714,1.52732239734914,427.979546249331,1081.64229284326,252.732239734914
"KOR","Republic of Korea","East Asia","imf_weo_gdp_growth","IMF WEO real GDP growth",4,"2019-2020","contraction",2019,2020,"2019-01-01","2020-01-01",1,-0.007,-0.0069999999999999,1081.64229284326,1074.07079679336,99.3
"KOR","Republic of Korea","East Asia","imf_weo_gdp_growth","IMF WEO real GDP growth",5,"2020-2031","expansion",2020,2031,"2020-01-01","2031-01-01",11,0.0217272727272727,0.266242083804578,1074.07079679336,1360.03364388526,126.624208380458
"KWT","Kuwait","Middle East and North Africa","imf_weo_gdp_growth","IMF WEO real GDP growth",1,"1982-1984","expansion",1982,1984,"1982-01-01","1984-01-01",2,0.0525,0.107756,90.5,100.251918,110.7756
"KWT","Kuwait","Middle East and North Africa","imf_weo_gdp_growth","IMF WEO real GDP growth",2,"1984-1985","contraction",1984,1985,"1984-01-01","1985-01-01",1,-0.043,-0.0429999999999998,100.251918,95.941085526,95.7
"KWT","Kuwait","Middle East and North Africa","imf_weo_gdp_growth","IMF WEO real GDP growth",3,"1985-1987","expansion",1985,1987,"1985-01-01","1987-01-01",2,0.0835,0.173966,95.941085526,112.631572410616,117.3966
"KWT","Kuwait","Middle East and North Africa","imf_weo_gdp_growth","IMF WEO real GDP growth",4,"1987-1988","contraction",1987,1988,"1987-01-01","1988-01-01",1,-0.1,-0.1,112.631572410616,101.368415169555,90
"KWT","Kuwait","Middle East and North Africa","imf_weo_gdp_growth","IMF WEO real GDP growth",5,"1988-1989","expansion",1988,1989,"1988-01-01","1989-01-01",1,0.259,0.259,101.368415169555,127.622834698469,125.9
"KWT","Kuwait","Middle East and North Africa","imf_weo_gdp_growth","IMF WEO real GDP growth",6,"1989-1991","contraction",1989,1991,"1989-01-01","1991-01-01",2,-0.336,-0.56458,127.622834698469,55.5695346844074,43.542
"KWT","Kuwait","Middle East and North Africa","imf_weo_gdp_growth","IMF WEO real GDP growth",7,"1991-1998","expansion",1991,1998,"1991-01-01","1998-01-01",7,0.192857142857143,1.91664062795564,55.5695346844074,162.076362537133,291.664062795564
"KWT","Kuwait","Middle East and North Africa","imf_weo_gdp_growth","IMF WEO real GDP growth",8,"1998-1999","contraction",1998,1999,"1998-01-01","1999-01-01",1,-0.018,-0.0180000000000001,162.076362537133,159.158988011464,98.2
"KWT","Kuwait","Middle East and North Africa","imf_weo_gdp_growth","IMF WEO real GDP growth",9,"1999-2008","expansion",1999,2008,"1999-01-01","2008-01-01",9,0.0688888888888889,0.80436567348712,159.158988011464,287.181014594834,180.436567348712
"KWT","Kuwait","Middle East and North Africa","imf_weo_gdp_growth","IMF WEO real GDP growth",10,"2008-2010","contraction",2008,2010,"2008-01-01","2010-01-01",2,-0.0475,-0.0932959999999998,287.181014594834,260.388174657195,90.6704
"KWT","Kuwait","Middle East and North Africa","imf_weo_gdp_growth","IMF WEO real GDP growth",11,"2010-2016","expansion",2010,2016,"2010-01-01","2016-01-01",6,0.0355,0.228848465979199,260.388174657195,319.977608986617,122.88484659792
"KWT","Kuwait","Middle East and North Africa","imf_weo_gdp_growth","IMF WEO real GDP growth",12,"2016-2017","contraction",2016,2017,"2016-01-01","2017-01-01",1,-0.047,-0.047,319.977608986617,304.938661364246,95.3
"KWT","Kuwait","Middle East and North Africa","imf_weo_gdp_growth","IMF WEO real GDP growth",13,"2017-2019","expansion",2017,2019,"2017-01-01","2019-01-01",2,0.025,0.0506209999999998,304.938661364246,320.374961341166,105.0621
"KWT","Kuwait","Middle East and North Africa","imf_weo_gdp_growth","IMF WEO real GDP growth",14,"2019-2020","contraction",2019,2020,"2019-01-01","2020-01-01",1,-0.048,-0.048,320.374961341166,304.99696319679,95.2
"KWT","Kuwait","Middle East and North Africa","imf_weo_gdp_growth","IMF WEO real GDP growth",15,"2020-2022","expansion",2020,2022,"2020-01-01","2022-01-01",2,0.0425,0.0861559999999999,304.99696319679,331.274281557972,108.6156
"KWT","Kuwait","Middle East and North Africa","imf_weo_gdp_growth","IMF WEO real GDP growth",16,"2022-2024","contraction",2022,2024,"2022-01-01","2024-01-01",2,-0.0155,-0.0307600000000001,331.274281557972,321.084284657249,96.924
"KWT","Kuwait","Middle East and North Africa","imf_weo_gdp_growth","IMF WEO real GDP growth",17,"2024-2025","expansion",2024,2025,"2024-01-01","2025-01-01",1,0.035,0.0349999999999999,321.084284657249,332.322234620253,103.5
"KWT","Kuwait","Middle East and North Africa","imf_weo_gdp_growth","IMF WEO real GDP growth",18,"2025-2026","contraction",2025,2026,"2025-01-01","2026-01-01",1,-0.006,-0.00599999999999989,332.322234620253,330.328301212531,99.4
"KWT","Kuwait","Middle East and North Africa","imf_weo_gdp_growth","IMF WEO real GDP growth",19,"2026-2031","expansion",2026,2031,"2026-01-01","2031-01-01",5,0.025,0.1314017599488,330.328301212531,373.734021352755,113.14017599488
"LAO","Lao People's DR","South and South East Asia","imf_weo_gdp_growth","IMF WEO real GDP growth",1,"1980-1986","expansion",1980,1986,"1980-01-01","1986-01-01",6,0.0721666666666667,0.512658439894905,110,166.39242838844,151.26584398949
"LAO","Lao People's DR","South and South East Asia","imf_weo_gdp_growth","IMF WEO real GDP growth",2,"1986-1988","contraction",1986,1988,"1986-01-01","1988-01-01",2,-0.0155,-0.0307900000000001,166.39242838844,161.26920551836,96.921
"LAO","Lao People's DR","South and South East Asia","imf_weo_gdp_growth","IMF WEO real GDP growth",3,"1988-2019","expansion",1988,2019,"1988-01-01","2019-01-01",31,0.0686129032258065,6.80433930850782,161.26920551836,1258.59959987876,780.433930850782
"LAO","Lao People's DR","South and South East Asia","imf_weo_gdp_growth","IMF WEO real GDP growth",4,"2019-2020","contraction",2019,2020,"2019-01-01","2020-01-01",1,-0.004,-0.004,1258.59959987876,1253.56520147924,99.6
"LAO","Lao People's DR","South and South East Asia","imf_weo_gdp_growth","IMF WEO real GDP growth",5,"2020-2031","expansion",2020,2031,"2020-01-01","2031-01-01",11,0.0342727272727273,0.448252963225105,1253.56520147924,1815.47951763819,144.82529632251
"LBN","Lebanon","Middle East and North Africa","imf_weo_gdp_growth","IMF WEO real GDP growth",1,"1980-1981","expansion",1980,1981,"1980-01-01","1981-01-01",1,0.005,0.00499999999999989,101.5,102.0075,100.5
"LBN","Lebanon","Middle East and North Africa","imf_weo_gdp_growth","IMF WEO real GDP growth",2,"1981-1982","contraction",1981,1982,"1981-01-01","1982-01-01",1,-0.368,-0.368,102.0075,64.46874,63.2
"LBN","Lebanon","Middle East and North Africa","imf_weo_gdp_growth","IMF WEO real GDP growth",3,"1982-1985","expansion",1982,1985,"1982-01-01","1985-01-01",3,0.305,1.203857645,64.46874,142.079925512517,220.3857645
"LBN","Lebanon","Middle East and North Africa","imf_weo_gdp_growth","IMF WEO real GDP growth",4,"1985-1986","contraction",1985,1986,"1985-01-01","1986-01-01",1,-0.068,-0.0679999999999999,142.079925512517,132.418490577666,93.2
"LBN","Lebanon","Middle East and North Africa","imf_weo_gdp_growth","IMF WEO real GDP growth",5,"1986-1987","expansion",1986,1987,"1986-01-01","1987-01-01",1,0.167,0.167,132.418490577666,154.532378504136,116.7
"LBN","Lebanon","Middle East and North Africa","imf_weo_gdp_growth","IMF WEO real GDP growth",6,"1987-1990","contraction",1987,1990,"1987-01-01","1990-01-01",3,-0.279333333333333,-0.640606536,154.532378504136,55.5379268107607,35.9393464
"LBN","Lebanon","Middle East and North Africa","imf_weo_gdp_growth","IMF WEO real GDP growth",7,"1990-1998","expansion",1990,1998,"1990-01-01","1998-01-01",8,0.102875,1.11646921479132,55.5379268107607,117.544312348309,211.646921479132
"LBN","Lebanon","Middle East and North Africa","imf_weo_gdp_growth","IMF WEO real GDP growth",8,"1998-1999","contraction",1998,1999,"1998-01-01","1999-01-01",1,-0.008,-0.0079999999999999,117.544312348309,116.603957849522,99.2
"LBN","Lebanon","Middle East and North Africa","imf_weo_gdp_growth","IMF WEO real GDP growth",9,"1999-2017","expansion",1999,2017,"1999-01-01","2017-01-01",18,0.0394444444444444,0.989567702008834,116.603957849522,231.991468463809,198.956770200883
"LBN","Lebanon","Middle East and North Africa","imf_weo_gdp_growth","IMF WEO real GDP growth",10,"2017-2020","contraction",2017,2020,"2017-01-01","2020-01-01",3,-0.117666666666667,-0.329302072,231.991468463809,155.596197212354,67.0697928
"LBN","Lebanon","Middle East and North Africa","imf_weo_gdp_growth","IMF WEO real GDP growth",11,"2020-2022","expansion",2020,2022,"2020-01-01","2022-01-01",2,0.0155,0.0312100000000002,155.596197212354,160.452354527351,103.121
"LBN","Lebanon","Middle East and North Africa","imf_weo_gdp_growth","IMF WEO real GDP growth",12,"2022-2024","contraction",2022,2024,"2022-01-01","2024-01-01",2,-0.041,-0.081475,160.452354527351,147.379498942235,91.8525
"LBN","Lebanon","Middle East and North Africa","imf_weo_gdp_growth","IMF WEO real GDP growth",13,"2024-2025","expansion",2024,2025,"2024-01-01","2025-01-01",1,0.04,0.04,147.379498942235,153.274678899925,104
"LBR","Liberia","Sub Saharan Africa","imf_weo_gdp_growth","IMF WEO real GDP growth",1,"2001-2002","expansion",2001,2002,"2001-01-01","2002-01-01",1,0.044,0.044,102.8,107.3232,104.4
"LBR","Liberia","Sub Saharan Africa","imf_weo_gdp_growth","IMF WEO real GDP growth",2,"2002-2003","contraction",2002,2003,"2002-01-01","2003-01-01",1,-0.29,-0.29,107.3232,76.199472,71
"LBR","Liberia","Sub Saharan Africa","imf_weo_gdp_growth","IMF WEO real GDP growth",3,"2003-2015","expansion",2003,2015,"2003-01-01","2015-01-01",12,0.0623333333333333,1.05304158206964,76.199472,156.440684547751,205.304158206964
"LBR","Liberia","Sub Saharan Africa","imf_weo_gdp_growth","IMF WEO real GDP growth",4,"2015-2016","contraction",2015,2016,"2015-01-01","2016-01-01",1,-0.016,-0.0160000000000001,156.440684547751,153.937633594987,98.4
"LBR","Liberia","Sub Saharan Africa","imf_weo_gdp_growth","IMF WEO real GDP growth",5,"2016-2018","expansion",2016,2018,"2016-01-01","2018-01-01",2,0.0185,0.0372999999999999,153.937633594987,159.67950732808,103.73
"LBR","Liberia","Sub Saharan Africa","imf_weo_gdp_growth","IMF WEO real GDP growth",6,"2018-2020","contraction",2018,2020,"2018-01-01","2020-01-01",2,-0.0275,-0.0542500000000001,159.67950732808,151.016894055532,94.575
"LBR","Liberia","Sub Saharan Africa","imf_weo_gdp_growth","IMF WEO real GDP growth",7,"2020-2031","expansion",2020,2031,"2020-01-01","2031-01-01",11,0.0511818181818182,0.731433686019816,151.016894055532,261.475737525833,173.143368601982
"LBY","Libya","Middle East and North Africa","imf_weo_gdp_growth","IMF WEO real GDP growth",1,"1980-1981","contraction",1980,1981,"1980-01-01","1981-01-01",1,-0.2,-0.2,100.6,80.48,80
"LBY","Libya","Middle East and North Africa","imf_weo_gdp_growth","IMF WEO real GDP growth",2,"1981-1982","expansion",1981,1982,"1981-01-01","1982-01-01",1,0.015,0.0149999999999999,80.48,81.6872,101.5
"LBY","Libya","Middle East and North Africa","imf_weo_gdp_growth","IMF WEO real GDP growth",3,"1982-1984","contraction",1982,1984,"1982-01-01","1984-01-01",2,-0.065,-0.126099,81.6872,71.3865257672,87.3901
"LBY","Libya","Middle East and North Africa","imf_weo_gdp_growth","IMF WEO real GDP growth",4,"1984-1985","expansion",1984,1985,"1984-01-01","1985-01-01",1,0.006,0.00600000000000001,71.3865257672,71.8148449218032,100.6
"LBY","Libya","Middle East and North Africa","imf_weo_gdp_growth","IMF WEO real GDP growth",5,"1985-1987","contraction",1985,1987,"1985-01-01","1987-01-01",2,-0.1305,-0.244242,71.8148449218032,54.2746435684121,75.5758
"LBY","Libya","Middle East and North Africa","imf_weo_gdp_growth","IMF WEO real GDP growth",6,"1987-1991","expansion",1987,1991,"1987-01-01","1991-01-01",4,0.092,0.415045998912,54.2746435684121,76.8011172238565,141.5045998912
"LBY","Libya","Middle East and North Africa","imf_weo_gdp_growth","IMF WEO real GDP growth",7,"1991-1993","contraction",1991,1993,"1991-01-01","1993-01-01",2,-0.05,-0.0975250000000001,76.8011172238565,69.3110882665999,90.2475
"LBY","Libya","Middle East and North Africa","imf_weo_gdp_growth","IMF WEO real GDP growth",8,"1993-1994","expansion",1993,1994,"1993-01-01","1994-01-01",1,0.032,0.0319999999999998,69.3110882665999,71.5290430911311,103.2
"LBY","Libya","Middle East and North Africa","imf_weo_gdp_growth","IMF WEO real GDP growth",9,"1994-1995","contraction",1994,1995,"1994-01-01","1995-01-01",1,-0.154,-0.154,71.5290430911311,60.5135704550969,84.6
"LBY","Libya","Middle East and North Africa","imf_weo_gdp_growth","IMF WEO real GDP growth",10,"1995-1996","expansion",1995,1996,"1995-01-01","1996-01-01",1,0.018,0.018,60.5135704550969,61.6028147232887,101.8
"LBY","Libya","Middle East and North Africa","imf_weo_gdp_growth","IMF WEO real GDP growth",11,"1996-1999","contraction",1996,1999,"1996-01-01","1999-01-01",3,-0.0116666666666667,-0.0347523640000001,61.6028147232887,59.4619712826004,96.5247636
"LBY","Libya","Middle East and North Africa","imf_weo_gdp_growth","IMF WEO real GDP growth",12,"1999-2001","expansion",1999,2001,"1999-01-01","2001-01-01",2,0.033,0.06704,59.4619712826004,63.4483018373859,106.704
"LBY","Libya","Middle East and North Africa","imf_weo_gdp_growth","IMF WEO real GDP growth",13,"2001-2002","contraction",2001,2002,"2001-01-01","2002-01-01",1,-0.037,-0.037,63.4483018373859,61.1007146694026,96.3
"LBY","Libya","Middle East and North Africa","imf_weo_gdp_growth","IMF WEO real GDP growth",14,"2002-2007","expansion",2002,2007,"2002-01-01","2007-01-01",5,0.078,0.447099735600008,61.1007146694026,88.4188280430641,144.709973560001
"LBY","Libya","Middle East and North Africa","imf_weo_gdp_growth","IMF WEO real GDP growth",15,"2007-2009","contraction",2007,2009,"2007-01-01","2009-01-01",2,-0.023,-0.0459120000000001,88.4188280430641,84.3593428099509,95.4088
"LBY","Libya","Middle East and North Africa","imf_weo_gdp_growth","IMF WEO real GDP growth",16,"2009-2010","expansion",2009,2010,"2009-01-01","2010-01-01",1,0.05,0.0499999999999998,84.3593428099509,88.5773099504485,105
"LBY","Libya","Middle East and North Africa","imf_weo_gdp_growth","IMF WEO real GDP growth",17,"2010-2011","contraction",2010,2011,"2010-01-01","2011-01-01",1,-0.503,-0.503,88.5773099504485,44.0229230453729,49.7
"LBY","Libya","Middle East and North Africa","imf_weo_gdp_growth","IMF WEO real GDP growth",18,"2011-2012","expansion",2011,2012,"2011-01-01","2012-01-01",1,0.868,0.868,44.0229230453729,82.2348202487565,186.8
"LBY","Libya","Middle East and North Africa","imf_weo_gdp_growth","IMF WEO real GDP growth",19,"2012-2016","contraction",2012,2016,"2012-01-01","2016-01-01",4,-0.10825,-0.383046432,82.2348202487565,50.735065766309,61.6953568
"LBY","Libya","Middle East and North Africa","imf_weo_gdp_growth","IMF WEO real GDP growth",20,"2016-2018","expansion",2016,2018,"2016-01-01","2018-01-01",2,0.202,0.429675,50.735065766309,72.5346551494478,142.9675
"LBY","Libya","Middle East and North Africa","imf_weo_gdp_growth","IMF WEO real GDP growth",21,"2018-2020","contraction",2018,2020,"2018-01-01","2020-01-01",2,-0.2035,-0.37396,72.5346551494478,45.4095955097603,62.604
"LBY","Libya","Middle East and North Africa","imf_weo_gdp_growth","IMF WEO real GDP growth",22,"2020-2021","expansion",2020,2021,"2020-01-01","2021-01-01",1,0.273,0.273,45.4095955097603,57.8064150839249,127.3
"LBY","Libya","Middle East and North Africa","imf_weo_gdp_growth","IMF WEO real GDP growth",23,"2021-2022","contraction",2021,2022,"2021-01-01","2022-01-01",1,-0.086,-0.0860000000000001,57.8064150839249,52.8350633867073,91.4
"LBY","Libya","Middle East and North Africa","imf_weo_gdp_growth","IMF WEO real GDP growth",24,"2022-2031","expansion",2022,2031,"2022-01-01","2031-01-01",9,0.0647777777777778,0.749076662104952,52.8350633867073,92.4125763105256,174.907666210495
"LCA","Saint Lucia","Latin America","imf_weo_gdp_growth","IMF WEO real GDP growth",1,"1980-1996","expansion",1980,1996,"1980-01-01","1996-01-01",16,0.061375,1.55514943678534,99.5,254.237368960141,255.514943678534
"LCA","Saint Lucia","Latin America","imf_weo_gdp_growth","IMF WEO real GDP growth",2,"1996-1997","contraction",1996,1997,"1996-01-01","1997-01-01",1,-0.007,-0.0069999999999999,254.237368960141,252.45770737742,99.3
"LCA","Saint Lucia","Latin America","imf_weo_gdp_growth","IMF WEO real GDP growth",3,"1997-2000","expansion",1997,2000,"1997-01-01","2000-01-01",3,0.03,0.0917009999999998,252.45770737742,275.608331601637,109.1701
"LCA","Saint Lucia","Latin America","imf_weo_gdp_growth","IMF WEO real GDP growth",4,"2000-2001","contraction",2000,2001,"2000-01-01","2001-01-01",1,-0.034,-0.0340000000000001,275.608331601637,266.237648327181,96.6
"LCA","Saint Lucia","Latin America","imf_weo_gdp_growth","IMF WEO real GDP growth",5,"2001-2004","expansion",2001,2004,"2001-01-01","2004-01-01",3,0.04,0.123615556,266.237648327181,299.148763253278,112.3615556
"LCA","Saint Lucia","Latin America","imf_weo_gdp_growth","IMF WEO real GDP growth",6,"2004-2005","contraction",2004,2005,"2004-01-01","2005-01-01",1,-0.004,-0.00399999999999989,299.148763253278,297.952168200265,99.6
"LCA","Saint Lucia","Latin America","imf_weo_gdp_growth","IMF WEO real GDP growth",7,"2005-2008","expansion",2005,2008,"2005-01-01","2008-01-01",3,0.0443333333333333,0.138411515,297.952168200265,339.192179198398,113.8411515
"LCA","Saint Lucia","Latin America","imf_weo_gdp_growth","IMF WEO real GDP growth",8,"2008-2009","contraction",2008,2009,"2008-01-01","2009-01-01",1,-0.019,-0.0190000000000001,339.192179198398,332.747527793629,98.1
"LCA","Saint Lucia","Latin America","imf_weo_gdp_growth","IMF WEO real GDP growth",9,"2009-2011","expansion",2009,2011,"2009-01-01","2011-01-01",2,0.027,0.0542449999999999,332.747527793629,350.797417438794,105.4245
"LCA","Saint Lucia","Latin America","imf_weo_gdp_growth","IMF WEO real GDP growth",10,"2011-2013","contraction",2011,2013,"2011-01-01","2013-01-01",2,-0.013,-0.025912,350.797417438794,341.70755475812,97.4088
"LCA","Saint Lucia","Latin America","imf_weo_gdp_growth","IMF WEO real GDP growth",11,"2013-2014","expansion",2013,2014,"2013-01-01","2014-01-01",1,0.013,0.0129999999999999,341.70755475812,346.149752969976,101.3
"LCA","Saint Lucia","Latin America","imf_weo_gdp_growth","IMF WEO real GDP growth",12,"2014-2015","contraction",2014,2015,"2014-01-01","2015-01-01",1,-0.002,-0.002,346.149752969976,345.457453464036,99.8
"LCA","Saint Lucia","Latin America","imf_weo_gdp_growth","IMF WEO real GDP growth",13,"2015-2018","expansion",2015,2018,"2015-01-01","2018-01-01",3,0.0336666666666667,0.104417468,345.457453464036,381.529246056478,110.4417468
"LCA","Saint Lucia","Latin America","imf_weo_gdp_growth","IMF WEO real GDP growth",14,"2018-2020","contraction",2018,2020,"2018-01-01","2020-01-01",2,-0.1225,-0.243334,381.529246056478,288.690208496571,75.6666
"LCA","Saint Lucia","Latin America","imf_weo_gdp_growth","IMF WEO real GDP growth",15,"2020-2031","expansion",2020,2031,"2020-01-01","2031-01-01",11,0.0468181818181818,0.628737341235603,288.690208496571,470.200522627457,162.87373412356
"LKA","Sri Lanka","South and South East Asia","imf_weo_gdp_growth","IMF WEO real GDP growth",1,"1980-1991","expansion",1980,1991,"1980-01-01","1991-01-01",11,0.0484545454545455,0.677872113791335,105.8,177.518869639123,167.787211379134
"LKA","Sri Lanka","South and South East Asia","imf_weo_gdp_growth","IMF WEO real GDP growth",2,"1991-1992","contraction",1991,1992,"1991-01-01","1992-01-01",1,-0.031,-0.031,177.518869639123,172.015784680311,96.9
"LKA","Sri Lanka","South and South East Asia","imf_weo_gdp_growth","IMF WEO real GDP growth",3,"1992-1997","expansion",1992,1997,"1992-01-01","1997-01-01",5,0.0882,0.524459787686,172.015784680311,262.231146592387,152.4459787686
"LKA","Sri Lanka","South and South East Asia","imf_weo_gdp_growth","IMF WEO real GDP growth",4,"1997-1998","contraction",1997,1998,"1997-01-01","1998-01-01",1,-0.016,-0.016,262.231146592387,258.035448246909,98.4
"LKA","Sri Lanka","South and South East Asia","imf_weo_gdp_growth","IMF WEO real GDP growth",5,"1998-2000","expansion",1998,2000,"1998-01-01","2000-01-01",2,0.0565,0.115436,258.035448246909,287.822028250739,111.5436
"LKA","Sri Lanka","South and South East Asia","imf_weo_gdp_growth","IMF WEO real GDP growth",6,"2000-2001","contraction",2000,2001,"2000-01-01","2001-01-01",1,-0.019,-0.019,287.822028250739,282.353409713975,98.1
"LKA","Sri Lanka","South and South East Asia","imf_weo_gdp_growth","IMF WEO real GDP growth",7,"2001-2018","expansion",2001,2018,"2001-01-01","2018-01-01",17,0.0582941176470588,1.61363040614721,282.353409713975,737.967456907785,261.363040614721
"LKA","Sri Lanka","South and South East Asia","imf_weo_gdp_growth","IMF WEO real GDP growth",8,"2018-2020","contraction",2018,2020,"2018-01-01","2020-01-01",2,-0.024,-0.047908,737.967456907785,702.612911982247,95.2092
"LKA","Sri Lanka","South and South East Asia","imf_weo_gdp_growth","IMF WEO real GDP growth",9,"2020-2021","expansion",2020,2021,"2020-01-01","2021-01-01",1,0.042,0.0419999999999998,702.612911982247,732.122654285501,104.2
"LKA","Sri Lanka","South and South East Asia","imf_weo_gdp_growth","IMF WEO real GDP growth",10,"2021-2023","contraction",2021,2023,"2021-01-01","2023-01-01",2,-0.048,-0.094321,732.122654285501,663.068113410638,90.5679
"LKA","Sri Lanka","South and South East Asia","imf_weo_gdp_growth","IMF WEO real GDP growth",11,"2023-2024","expansion",2023,2024,"2023-01-01","2024-01-01",1,0.05,0.0500000000000003,663.068113410638,696.22151908117,105
"LSO","Lesotho","Sub Saharan Africa","imf_weo_gdp_growth","IMF WEO real GDP growth",1,"1980-2016","expansion",1980,2016,"1980-01-01","2016-01-01",36,0.039,2.94378509564334,99.2,391.22348148782,394.378509564334
"LSO","Lesotho","Sub Saharan Africa","imf_weo_gdp_growth","IMF WEO real GDP growth",2,"2016-2020","contraction",2016,2020,"2016-01-01","2020-01-01",4,-0.0375,-0.143354159908,391.22348148782,335.13996796285,85.6645840092
"LSO","Lesotho","Sub Saharan Africa","imf_weo_gdp_growth","IMF WEO real GDP growth",3,"2020-2031","expansion",2020,2031,"2020-01-01","2031-01-01",11,0.0207272727272727,0.252017705448946,335.13996796285,419.601173693081,125.201770544895
"LTU","Lithuania","Eastern Europe","imf_weo_gdp_growth","IMF WEO real GDP growth",1,"1996-1998","expansion",1996,1998,"1996-01-01","1998-01-01",2,0.0805,0.167468,105.2,122.8176336,116.7468
"LTU","Lithuania","Eastern Europe","imf_weo_gdp_growth","IMF WEO real GDP growth",2,"1998-1999","contraction",1998,1999,"1998-01-01","1999-01-01",1,-0.011,-0.0109999999999999,122.8176336,121.4666396304,98.9
"LTU","Lithuania","Eastern Europe","imf_weo_gdp_growth","IMF WEO real GDP growth",3,"1999-2008","expansion",1999,2008,"1999-01-01","2008-01-01",9,0.0688888888888889,0.815911228289751,121.4666396304,220.572634767468,181.591122828975
"LTU","Lithuania","Eastern Europe","imf_weo_gdp_growth","IMF WEO real GDP growth",4,"2008-2009","contraction",2008,2009,"2008-01-01","2009-01-01",1,-0.145,-0.145,220.572634767468,188.589602726185,85.5
"LTU","Lithuania","Eastern Europe","imf_weo_gdp_growth","IMF WEO real GDP growth",5,"2009-2031","expansion",2009,2031,"2009-01-01","2031-01-01",22,0.0313636363636364,0.967297440190472,188.589602726185,371.011842689762,196.729744019047
"LUX","Luxembourg","Western Europe","imf_weo_gdp_growth","IMF WEO real GDP growth",1,"1980-2007","expansion",1980,2007,"1980-01-01","2007-01-01",27,0.0488148148148148,2.58684686811605,103.2,370.162596789576,358.684686811605
"LUX","Luxembourg","Western Europe","imf_weo_gdp_growth","IMF WEO real GDP growth",2,"2007-2009","contraction",2007,2009,"2007-01-01","2009-01-01",2,-0.0175,-0.034904,370.162596789576,357.242441511233,96.5096
"LUX","Luxembourg","Western Europe","imf_weo_gdp_growth","IMF WEO real GDP growth",3,"2009-2019","expansion",2009,2019,"2009-01-01","2019-01-01",10,0.0251,0.28049540097962,357.242441511233,457.447303389864,128.049540097962
"LUX","Luxembourg","Western Europe","imf_weo_gdp_growth","IMF WEO real GDP growth",4,"2019-2020","contraction",2019,2020,"2019-01-01","2020-01-01",1,-0.005,-0.00500000000000012,457.447303389864,455.160066872915,99.5
"LUX","Luxembourg","Western Europe","imf_weo_gdp_growth","IMF WEO real GDP growth",5,"2020-2021","expansion",2020,2021,"2020-01-01","2021-01-01",1,0.069,0.069,455.160066872915,486.566111487146,106.9
"LUX","Luxembourg","Western Europe","imf_weo_gdp_growth","IMF WEO real GDP growth",6,"2021-2022","contraction",2021,2022,"2021-01-01","2022-01-01",1,-0.011,-0.011,486.566111487146,481.213884260787,98.9
"LUX","Luxembourg","Western Europe","imf_weo_gdp_growth","IMF WEO real GDP growth",7,"2022-2031","expansion",2022,2031,"2022-01-01","2031-01-01",9,0.014,0.13300613001613,481.213884260787,545.218280716345,113.300613001613
"LVA","Latvia","Eastern Europe","imf_weo_gdp_growth","IMF WEO real GDP growth",1,"1993-1994","expansion",1993,1994,"1993-01-01","1994-01-01",1,0.022,0.0220000000000002,88.6,90.5492,102.2
"LVA","Latvia","Eastern Europe","imf_weo_gdp_growth","IMF WEO real GDP growth",2,"1994-1995","contraction",1994,1995,"1994-01-01","1995-01-01",1,-0.021,-0.0210000000000002,90.5492,88.6476668,97.9
"LVA","Latvia","Eastern Europe","imf_weo_gdp_growth","IMF WEO real GDP growth",3,"1995-2007","expansion",1995,2007,"1995-01-01","2007-01-01",12,0.0773333333333333,1.4327683896331,88.6476668,215.659241605768,243.27683896331
"LVA","Latvia","Eastern Europe","imf_weo_gdp_growth","IMF WEO real GDP growth",4,"2007-2010","contraction",2007,2010,"2007-01-01","2010-01-01",3,-0.077,-0.21858328,215.659241605768,168.519737213267,78.141672
"LVA","Latvia","Eastern Europe","imf_weo_gdp_growth","IMF WEO real GDP growth",5,"2010-2019","expansion",2010,2019,"2010-01-01","2019-01-01",9,0.0325555555555556,0.3325007522376,168.519737213267,224.552676603561,133.25007522376
"LVA","Latvia","Eastern Europe","imf_weo_gdp_growth","IMF WEO real GDP growth",6,"2019-2020","contraction",2019,2020,"2019-01-01","2020-01-01",1,-0.035,-0.035,224.552676603561,216.693332922436,96.5
"LVA","Latvia","Eastern Europe","imf_weo_gdp_growth","IMF WEO real GDP growth",7,"2020-2022","expansion",2020,2022,"2020-01-01","2022-01-01",2,0.044,0.0893109999999999,216.693332922436,236.046431179072,108.9311
"LVA","Latvia","Eastern Europe","imf_weo_gdp_growth","IMF WEO real GDP growth",8,"2022-2023","contraction",2022,2023,"2022-01-01","2023-01-01",1,-0.009,-0.00900000000000001,236.046431179072,233.92201329846,99.1
"LVA","Latvia","Eastern Europe","imf_weo_gdp_growth","IMF WEO real GDP growth",9,"2023-2031","expansion",2023,2031,"2023-01-01","2031-01-01",8,0.020375,0.174833768593818,233.92201329846,274.819480440483,117.483376859382
"MAR","Morocco","Middle East and North Africa","imf_weo_gdp_growth","IMF WEO real GDP growth",1,"1980-1981","contraction",1980,1981,"1980-01-01","1981-01-01",1,-0.028,-0.0279999999999999,103.8,100.8936,97.2
"MAR","Morocco","Middle East and North Africa","imf_weo_gdp_growth","IMF WEO real GDP growth",2,"1981-1982","expansion",1981,1982,"1981-01-01","1982-01-01",1,0.096,0.0959999999999999,100.8936,110.5793856,109.6
"MAR","Morocco","Middle East and North Africa","imf_weo_gdp_growth","IMF WEO real GDP growth",3,"1982-1983","contraction",1982,1983,"1982-01-01","1983-01-01",1,-0.006,-0.00599999999999989,110.5793856,109.9159092864,99.4
"MAR","Morocco","Middle East and North Africa","imf_weo_gdp_growth","IMF WEO real GDP growth",4,"1983-1986","expansion",1983,1986,"1983-01-01","1986-01-01",3,0.063,0.200731847,109.9159092864,131.979532772144,120.0731847
"MAR","Morocco","Middle East and North Africa","imf_weo_gdp_growth","IMF WEO real GDP growth",5,"1986-1987","contraction",1986,1987,"1986-01-01","1987-01-01",1,-0.025,-0.0250000000000001,131.979532772144,128.68004445284,97.5
"MAR","Morocco","Middle East and North Africa","imf_weo_gdp_growth","IMF WEO real GDP growth",6,"1987-1991","expansion",1987,1991,"1987-01-01","1991-01-01",4,0.06075,0.263894528,128.68004445284,162.638004046741,126.3894528
"MAR","Morocco","Middle East and North Africa","imf_weo_gdp_growth","IMF WEO real GDP growth",7,"1991-1993","contraction",1991,1993,"1991-01-01","1993-01-01",2,-0.0195,-0.03871,162.638004046741,156.342286910092,96.129
"MAR","Morocco","Middle East and North Africa","imf_weo_gdp_growth","IMF WEO real GDP growth",8,"1993-1994","expansion",1993,1994,"1993-01-01","1994-01-01",1,0.115,0.115,156.342286910092,174.321649904752,111.5
"MAR","Morocco","Middle East and North Africa","imf_weo_gdp_growth","IMF WEO real GDP growth",9,"1994-1995","contraction",1994,1995,"1994-01-01","1995-01-01",1,-0.063,-0.0629999999999999,174.321649904752,163.339385960753,93.7
"MAR","Morocco","Middle East and North Africa","imf_weo_gdp_growth","IMF WEO real GDP growth",10,"1995-1996","expansion",1995,1996,"1995-01-01","1996-01-01",1,0.135,0.135,163.339385960753,185.390203065455,113.5
"MAR","Morocco","Middle East and North Africa","imf_weo_gdp_growth","IMF WEO real GDP growth",11,"1996-1997","contraction",1996,1997,"1996-01-01","1997-01-01",1,-0.02,-0.02,185.390203065455,181.682399004146,98
"MAR","Morocco","Middle East and North Africa","imf_weo_gdp_growth","IMF WEO real GDP growth",12,"1997-2019","expansion",1997,2019,"1997-01-01","2019-01-01",22,0.0412727272727273,1.424068855504,181.682399004146,440.4106450192,242.4068855504
"MAR","Morocco","Middle East and North Africa","imf_weo_gdp_growth","IMF WEO real GDP growth",13,"2019-2020","contraction",2019,2020,"2019-01-01","2020-01-01",1,-0.072,-0.0720000000000001,440.4106450192,408.701078577818,92.8
"MAR","Morocco","Middle East and North Africa","imf_weo_gdp_growth","IMF WEO real GDP growth",14,"2020-2031","expansion",2020,2031,"2020-01-01","2031-01-01",11,0.0443636363636364,0.610346276516774,408.701078577818,658.150260096179,161.034627651677
"MDA","Republic of Moldova","Eastern Europe","imf_weo_gdp_growth","IMF WEO real GDP growth",1,"1991-1996","contraction",1991,1996,"1991-01-01","1996-01-01",5,-0.1382,-0.554695734335976,82.5,36.737601917282,44.5304265664024
"MDA","Republic of Moldova","Eastern Europe","imf_weo_gdp_growth","IMF WEO real GDP growth",2,"1996-1997","expansion",1996,1997,"1996-01-01","1997-01-01",1,0.016,0.016,36.737601917282,37.3254035479585,101.6
"MDA","Republic of Moldova","Eastern Europe","imf_weo_gdp_growth","IMF WEO real GDP growth",3,"1997-1999","contraction",1997,1999,"1997-01-01","1999-01-01",2,-0.0495,-0.09679,37.3254035479585,33.7126777385516,90.321
"MDA","Republic of Moldova","Eastern Europe","imf_weo_gdp_growth","IMF WEO real GDP growth",4,"1999-2008","expansion",1999,2008,"1999-01-01","2008-01-01",9,0.059,0.672426749981101,33.7126777385516,56.381984063446,167.24267499811
"MDA","Republic of Moldova","Eastern Europe","imf_weo_gdp_growth","IMF WEO real GDP growth",5,"2008-2009","contraction",2008,2009,"2008-01-01","2009-01-01",1,-0.06,-0.0600000000000001,56.381984063446,52.9990650196393,94
"MDA","Republic of Moldova","Eastern Europe","imf_weo_gdp_growth","IMF WEO real GDP growth",6,"2009-2011","expansion",2009,2011,"2009-01-01","2011-01-01",2,0.0645,0.133118,52.9990650196393,60.0541945569236,113.3118
"MDA","Republic of Moldova","Eastern Europe","imf_weo_gdp_growth","IMF WEO real GDP growth",7,"2011-2012","contraction",2011,2012,"2011-01-01","2012-01-01",1,-0.006,-0.00599999999999989,60.0541945569236,59.6938693895821,99.4
"MDA","Republic of Moldova","Eastern Europe","imf_weo_gdp_growth","IMF WEO real GDP growth",8,"2012-2014","expansion",2012,2014,"2012-01-01","2014-01-01",2,0.07,0.1445,59.6938693895821,68.3196335163767,114.45
"MDA","Republic of Moldova","Eastern Europe","imf_weo_gdp_growth","IMF WEO real GDP growth",9,"2014-2015","contraction",2014,2015,"2014-01-01","2015-01-01",1,-0.007,-0.00700000000000012,68.3196335163767,67.8413960817621,99.3
"MDA","Republic of Moldova","Eastern Europe","imf_weo_gdp_growth","IMF WEO real GDP growth",10,"2015-2019","expansion",2015,2019,"2015-01-01","2019-01-01",4,0.04125,0.175465503632,67.8413960817621,79.7452208123464,117.5465503632
"MDA","Republic of Moldova","Eastern Europe","imf_weo_gdp_growth","IMF WEO real GDP growth",11,"2019-2020","contraction",2019,2020,"2019-01-01","2020-01-01",1,-0.083,-0.0829999999999999,79.7452208123464,73.1263674849217,91.7
"MDA","Republic of Moldova","Eastern Europe","imf_weo_gdp_growth","IMF WEO real GDP growth",12,"2020-2021","expansion",2020,2021,"2020-01-01","2021-01-01",1,0.139,0.139,73.1263674849217,83.2909325653258,113.9
"MDA","Republic of Moldova","Eastern Europe","imf_weo_gdp_growth","IMF WEO real GDP growth",13,"2021-2022","contraction",2021,2022,"2021-01-01","2022-01-01",1,-0.046,-0.046,83.2909325653258,79.4595496673208,95.4
"MDA","Republic of Moldova","Eastern Europe","imf_weo_gdp_growth","IMF WEO real GDP growth",14,"2022-2031","expansion",2022,2031,"2022-01-01","2031-01-01",9,0.0257777777777778,0.256711223930171,79.4595496673208,99.8577079153589,125.671122393017
"MDG","Madagascar","Sub Saharan Africa","imf_weo_gdp_growth","IMF WEO real GDP growth",1,"1980-1982","contraction",1980,1982,"1980-01-01","1982-01-01",2,-0.0585,-0.115138,100.8,89.1940896,88.4862
"MDG","Madagascar","Sub Saharan Africa","imf_weo_gdp_growth","IMF WEO real GDP growth",2,"1982-1990","expansion",1982,1990,"1982-01-01","1990-01-01",8,0.022125,0.190776004574978,89.1940896,106.210181645591,119.077600457498
"MDG","Madagascar","Sub Saharan Africa","imf_weo_gdp_growth","IMF WEO real GDP growth",3,"1990-1991","contraction",1990,1991,"1990-01-01","1991-01-01",1,-0.063,-0.0630000000000001,106.210181645591,99.5189402019184,93.7
"MDG","Madagascar","Sub Saharan Africa","imf_weo_gdp_growth","IMF WEO real GDP growth",4,"1991-2001","expansion",1991,2001,"1991-01-01","2001-01-01",10,0.03,0.341965171713665,99.5189402019184,133.550951676829,134.196517171367
"MDG","Madagascar","Sub Saharan Africa","imf_weo_gdp_growth","IMF WEO real GDP growth",5,"2001-2002","contraction",2001,2002,"2001-01-01","2002-01-01",1,-0.124,-0.124,133.550951676829,116.990633668903,87.6
"MDG","Madagascar","Sub Saharan Africa","imf_weo_gdp_growth","IMF WEO real GDP growth",6,"2002-2008","expansion",2002,2008,"2002-01-01","2008-01-01",6,0.0628333333333333,0.440363181934189,116.990633668903,168.509001367837,144.036318193419
"MDG","Madagascar","Sub Saharan Africa","imf_weo_gdp_growth","IMF WEO real GDP growth",7,"2008-2009","contraction",2008,2009,"2008-01-01","2009-01-01",1,-0.04,-0.04,168.509001367837,161.768641313124,96
"MDG","Madagascar","Sub Saharan Africa","imf_weo_gdp_growth","IMF WEO real GDP growth",8,"2009-2019","expansion",2009,2019,"2009-01-01","2019-01-01",10,0.0294,0.335342331416338,161.768641313124,216.01651464112,133.534233141634
"MDG","Madagascar","Sub Saharan Africa","imf_weo_gdp_growth","IMF WEO real GDP growth",9,"2019-2020","contraction",2019,2020,"2019-01-01","2020-01-01",1,-0.071,-0.071,216.01651464112,200.679342101601,92.9
"MDG","Madagascar","Sub Saharan Africa","imf_weo_gdp_growth","IMF WEO real GDP growth",10,"2020-2031","expansion",2020,2031,"2020-01-01","2031-01-01",11,0.0424545454545455,0.579624895122796,200.679342101601,316.998084720553,157.96248951228
"MEX","Mexico","Latin America","imf_weo_gdp_growth","IMF WEO real GDP growth",1,"1980-1982","expansion",1980,1982,"1980-01-01","1982-01-01",2,0.048,0.0960000000000001,109.5,120.012,109.6
"MEX","Mexico","Latin America","imf_weo_gdp_growth","IMF WEO real GDP growth",2,"1982-1983","contraction",1982,1983,"1982-01-01","1983-01-01",1,-0.046,-0.046,120.012,114.491448,95.4
"MEX","Mexico","Latin America","imf_weo_gdp_growth","IMF WEO real GDP growth",3,"1983-1985","expansion",1983,1985,"1983-01-01","1985-01-01",2,0.027,0.054665,114.491448,120.75012300492,105.4665
"MEX","Mexico","Latin America","imf_weo_gdp_growth","IMF WEO real GDP growth",4,"1985-1986","contraction",1985,1986,"1985-01-01","1986-01-01",1,-0.039,-0.039,120.75012300492,116.040868207728,96.1
"MEX","Mexico","Latin America","imf_weo_gdp_growth","IMF WEO real GDP growth",5,"1986-1994","expansion",1986,1994,"1986-01-01","1994-01-01",8,0.033875,0.304678030407298,116.040868207728,151.395971380012,130.46780304073
"MEX","Mexico","Latin America","imf_weo_gdp_growth","IMF WEO real GDP growth",6,"1994-1995","contraction",1994,1995,"1994-01-01","1995-01-01",1,-0.059,-0.0590000000000001,151.395971380012,142.463609068591,94.1
"MEX","Mexico","Latin America","imf_weo_gdp_growth","IMF WEO real GDP growth",7,"1995-2000","expansion",1995,2000,"1995-01-01","2000-01-01",5,0.0548,0.3050472401792,142.463609068591,185.921739840933,130.50472401792
"MEX","Mexico","Latin America","imf_weo_gdp_growth","IMF WEO real GDP growth",8,"2000-2002","contraction",2000,2002,"2000-01-01","2002-01-01",2,-0.0035,-0.00698999999999994,185.921739840933,184.622146879445,99.301
"MEX","Mexico","Latin America","imf_weo_gdp_growth","IMF WEO real GDP growth",9,"2002-2008","expansion",2002,2008,"2002-01-01","2008-01-01",6,0.0245,0.155697572268269,184.622146879445,213.36736693553,115.569757226827
"MEX","Mexico","Latin America","imf_weo_gdp_growth","IMF WEO real GDP growth",10,"2008-2009","contraction",2008,2009,"2008-01-01","2009-01-01",1,-0.063,-0.0629999999999999,213.36736693553,199.925222818592,93.7
"MEX","Mexico","Latin America","imf_weo_gdp_growth","IMF WEO real GDP growth",11,"2009-2018","expansion",2009,2018,"2009-01-01","2018-01-01",9,0.0264444444444444,0.264087690439892,199.925222818592,252.723013173435,126.408769043989
"MEX","Mexico","Latin America","imf_weo_gdp_growth","IMF WEO real GDP growth",12,"2018-2020","contraction",2018,2020,"2018-01-01","2020-01-01",2,-0.044,-0.0876640000000001,252.723013173435,230.568302946599,91.2336
"MEX","Mexico","Latin America","imf_weo_gdp_growth","IMF WEO real GDP growth",13,"2020-2031","expansion",2020,2031,"2020-01-01","2031-01-01",11,0.0242727272727273,0.300618969140505,230.568302946599,299.881508494881,130.06189691405
"MKD","TFYR of Macedonia","Eastern Europe","imf_weo_gdp_growth","IMF WEO real GDP growth",1,"1993-1995","contraction",1993,1995,"1993-01-01","1995-01-01",2,-0.0145,-0.028802,92.5,89.835815,97.1198
"MKD","TFYR of Macedonia","Eastern Europe","imf_weo_gdp_growth","IMF WEO real GDP growth",2,"1995-2000","expansion",1995,2000,"1995-01-01","2000-01-01",5,0.0296,0.15648393732872,89.835815,103.893677044334,115.648393732872
"MKD","TFYR of Macedonia","Eastern Europe","imf_weo_gdp_growth","IMF WEO real GDP growth",3,"2000-2001","contraction",2000,2001,"2000-01-01","2001-01-01",1,-0.031,-0.0310000000000001,103.893677044334,100.67297305596,96.9
"MKD","TFYR of Macedonia","Eastern Europe","imf_weo_gdp_growth","IMF WEO real GDP growth",4,"2001-2008","expansion",2001,2008,"2001-01-01","2008-01-01",7,0.0431428571428571,0.342811601724694,100.67297305596,135.184836199661,134.281160172469
"MKD","TFYR of Macedonia","Eastern Europe","imf_weo_gdp_growth","IMF WEO real GDP growth",5,"2008-2009","contraction",2008,2009,"2008-01-01","2009-01-01",1,-0.004,-0.00400000000000011,135.184836199661,134.644096854862,99.6
"MKD","TFYR of Macedonia","Eastern Europe","imf_weo_gdp_growth","IMF WEO real GDP growth",6,"2009-2011","expansion",2009,2011,"2009-01-01","2011-01-01",2,0.0285,0.057782,134.644096854862,142.42410205933,105.7782
"MKD","TFYR of Macedonia","Eastern Europe","imf_weo_gdp_growth","IMF WEO real GDP growth",7,"2011-2012","contraction",2011,2012,"2011-01-01","2012-01-01",1,-0.005,-0.005,142.42410205933,141.711981549033,99.5
"MKD","TFYR of Macedonia","Eastern Europe","imf_weo_gdp_growth","IMF WEO real GDP growth",8,"2012-2019","expansion",2012,2019,"2012-01-01","2019-01-01",7,0.0301428571428571,0.230738737692653,141.711981549033,174.410425287582,123.073873769265
"MKD","TFYR of Macedonia","Eastern Europe","imf_weo_gdp_growth","IMF WEO real GDP growth",9,"2019-2020","contraction",2019,2020,"2019-01-01","2020-01-01",1,-0.047,-0.047,174.410425287582,166.213135299065,95.3
"MKD","TFYR of Macedonia","Eastern Europe","imf_weo_gdp_growth","IMF WEO real GDP growth",10,"2020-2031","expansion",2020,2031,"2020-01-01","2031-01-01",11,0.0313636363636364,0.40436219277954,166.213135299065,233.423443157358,140.436219277954
"MLI","Mali","Sub Saharan Africa","imf_weo_gdp_growth","IMF WEO real GDP growth",1,"1980-1982","contraction",1980,1982,"1980-01-01","1982-01-01",2,-0.021,-0.041703,103.3,98.9920801,95.8297
"MLI","Mali","Sub Saharan Africa","imf_weo_gdp_growth","IMF WEO real GDP growth",2,"1982-1983","expansion",1982,1983,"1982-01-01","1983-01-01",1,0.003,0.00299999999999989,98.9920801,99.2890563403,100.3
"MLI","Mali","Sub Saharan Africa","imf_weo_gdp_growth","IMF WEO real GDP growth",3,"1983-1984","contraction",1983,1984,"1983-01-01","1984-01-01",1,-0.039,-0.0390000000000001,99.2890563403,95.4167831430283,96.1
"MLI","Mali","Sub Saharan Africa","imf_weo_gdp_growth","IMF WEO real GDP growth",4,"1984-1985","expansion",1984,1985,"1984-01-01","1985-01-01",1,0.096,0.0960000000000001,95.4167831430283,104.576794324759,109.6
"MLI","Mali","Sub Saharan Africa","imf_weo_gdp_growth","IMF WEO real GDP growth",5,"1985-1987","contraction",1985,1987,"1985-01-01","1987-01-01",2,-0.006,-0.0119800000000001,104.576794324759,103.323964328748,98.802
"MLI","Mali","Sub Saharan Africa","imf_weo_gdp_growth","IMF WEO real GDP growth",6,"1987-1989","expansion",1987,1989,"1987-01-01","1989-01-01",2,0.0555,0.11343,103.323964328748,115.044001602558,111.343
"MLI","Mali","Sub Saharan Africa","imf_weo_gdp_growth","IMF WEO real GDP growth",7,"1989-1990","contraction",1989,1990,"1989-01-01","1990-01-01",1,-0.046,-0.0460000000000002,115.044001602558,109.751977528841,95.4
"MLI","Mali","Sub Saharan Africa","imf_weo_gdp_growth","IMF WEO real GDP growth",8,"1990-1991","expansion",1990,1991,"1990-01-01","1991-01-01",1,0.117,0.117,109.751977528841,122.592958899715,111.7
"MLI","Mali","Sub Saharan Africa","imf_weo_gdp_growth","IMF WEO real GDP growth",9,"1991-1992","contraction",1991,1992,"1991-01-01","1992-01-01",1,-0.056,-0.056,122.592958899715,115.727753201331,94.4
"MLI","Mali","Sub Saharan Africa","imf_weo_gdp_growth","IMF WEO real GDP growth",10,"1992-1999","expansion",1992,1999,"1992-01-01","1999-01-01",7,0.0427142857142857,0.338507739849043,115.727753201331,154.902493375321,133.850773984904
"MLI","Mali","Sub Saharan Africa","imf_weo_gdp_growth","IMF WEO real GDP growth",11,"1999-2000","contraction",1999,2000,"1999-01-01","2000-01-01",1,-0.016,-0.0160000000000001,154.902493375321,152.424053481316,98.4
"MLI","Mali","Sub Saharan Africa","imf_weo_gdp_growth","IMF WEO real GDP growth",12,"2000-2003","expansion",2000,2003,"2000-01-01","2003-01-01",3,0.0813333333333333,0.263170064,152.424053481316,192.537501391134,126.3170064
"MLI","Mali","Sub Saharan Africa","imf_weo_gdp_growth","IMF WEO real GDP growth",13,"2003-2004","contraction",2003,2004,"2003-01-01","2004-01-01",1,-0.028,-0.0280000000000001,192.537501391134,187.146451352182,97.2
"MLI","Mali","Sub Saharan Africa","imf_weo_gdp_growth","IMF WEO real GDP growth",14,"2004-2011","expansion",2004,2011,"2004-01-01","2011-01-01",7,0.0505714285714286,0.412042662036019,187.146451352182,264.258773357929,141.204266203602
"MLI","Mali","Sub Saharan Africa","imf_weo_gdp_growth","IMF WEO real GDP growth",15,"2011-2012","contraction",2011,2012,"2011-01-01","2012-01-01",1,-0.003,-0.00300000000000011,264.258773357929,263.465997037855,99.7
"MLI","Mali","Sub Saharan Africa","imf_weo_gdp_growth","IMF WEO real GDP growth",16,"2012-2019","expansion",2012,2019,"2012-01-01","2019-01-01",7,0.0532857142857143,0.437757724093452,263.465997037855,378.800272277159,143.775772409345
"MLI","Mali","Sub Saharan Africa","imf_weo_gdp_growth","IMF WEO real GDP growth",17,"2019-2020","contraction",2019,2020,"2019-01-01","2020-01-01",1,-0.012,-0.0120000000000002,378.800272277159,374.254669009833,98.8
"MLI","Mali","Sub Saharan Africa","imf_weo_gdp_growth","IMF WEO real GDP growth",18,"2020-2031","expansion",2020,2031,"2020-01-01","2031-01-01",11,0.0489090909090909,0.690396745918102,374.254669009833,632.638874638878,169.03967459181
"MLT","Malta","Western Europe","imf_weo_gdp_growth","IMF WEO real GDP growth",1,"2001-2008","expansion",2001,2008,"2001-01-01","2008-01-01",7,0.0305714285714286,0.233853845590304,99.2,122.398301482558,123.38538455903
"MLT","Malta","Western Europe","imf_weo_gdp_growth","IMF WEO real GDP growth",2,"2008-2009","contraction",2008,2009,"2008-01-01","2009-01-01",1,-0.014,-0.0140000000000001,122.398301482558,120.684725261802,98.6
"MLT","Malta","Western Europe","imf_weo_gdp_growth","IMF WEO real GDP growth",3,"2009-2019","expansion",2009,2019,"2009-01-01","2019-01-01",10,0.0632,0.837500212166293,120.684725261802,221.758208273793,183.750021216629
"MLT","Malta","Western Europe","imf_weo_gdp_growth","IMF WEO real GDP growth",4,"2019-2020","contraction",2019,2020,"2019-01-01","2020-01-01",1,-0.035,-0.035,221.758208273793,213.99667098421,96.5
"MLT","Malta","Western Europe","imf_weo_gdp_growth","IMF WEO real GDP growth",5,"2020-2031","expansion",2020,2031,"2020-01-01","2031-01-01",11,0.0548181818181818,0.789710827163474,213.99667098421,382.99215903738,178.971082716347
"MMR","Myanmar","South and South East Asia","imf_weo_gdp_growth","IMF WEO real GDP growth",1,"1999-2019","expansion",1999,2019,"1999-01-01","2019-01-01",20,0.08985,4.53611843568824,108.4,600.115238428606,553.611843568824
"MMR","Myanmar","South and South East Asia","imf_weo_gdp_growth","IMF WEO real GDP growth",2,"2019-2021","contraction",2019,2021,"2019-01-01","2021-01-01",2,-0.105,-0.1992,600.115238428606,480.572282933627,80.08
"MMR","Myanmar","South and South East Asia","imf_weo_gdp_growth","IMF WEO real GDP growth",3,"2021-2023","expansion",2021,2023,"2021-01-01","2023-01-01",2,0.025,0.0504,480.572282933627,504.793125993482,105.04
"MMR","Myanmar","South and South East Asia","imf_weo_gdp_growth","IMF WEO real GDP growth",4,"2023-2025","contraction",2023,2025,"2023-01-01","2025-01-01",2,-0.015,-0.0298000000000002,504.793125993482,489.750290838876,97.02
"MMR","Myanmar","South and South East Asia","imf_weo_gdp_growth","IMF WEO real GDP growth",5,"2025-2031","expansion",2025,2031,"2025-01-01","2031-01-01",6,0.0238333333333333,0.15171431965758,489.750290838876,564.052423015598,115.171431965758
"MNE","Montenegro","Eastern Europe","imf_weo_gdp_growth","IMF WEO real GDP growth",1,"2001-2008","expansion",2001,2008,"2001-01-01","2008-01-01",7,0.0508571428571429,0.41274333906196,101.1,142.828351579164,141.274333906196
"MNE","Montenegro","Eastern Europe","imf_weo_gdp_growth","IMF WEO real GDP growth",2,"2008-2009","contraction",2008,2009,"2008-01-01","2009-01-01",1,-0.06,-0.0600000000000001,142.828351579164,134.258650484414,94
"MNE","Montenegro","Eastern Europe","imf_weo_gdp_growth","IMF WEO real GDP growth",3,"2009-2011","expansion",2009,2011,"2009-01-01","2011-01-01",2,0.031,0.0629519999999999,134.258650484414,142.710501049709,106.2952
"MNE","Montenegro","Eastern Europe","imf_weo_gdp_growth","IMF WEO real GDP growth",4,"2011-2012","contraction",2011,2012,"2011-01-01","2012-01-01",1,-0.025,-0.0249999999999999,142.710501049709,139.142738523466,97.5
"MNE","Montenegro","Eastern Europe","imf_weo_gdp_growth","IMF WEO real GDP growth",5,"2012-2019","expansion",2012,2019,"2012-01-01","2019-01-01",7,0.0342857142857143,0.26587778127989,139.142738523466,176.137701123294,126.587778127989
"MNE","Montenegro","Eastern Europe","imf_weo_gdp_growth","IMF WEO real GDP growth",6,"2019-2020","contraction",2019,2020,"2019-01-01","2020-01-01",1,-0.15,-0.15,176.137701123294,149.7170459548,85
"MNE","Montenegro","Eastern Europe","imf_weo_gdp_growth","IMF WEO real GDP growth",7,"2020-2031","expansion",2020,2031,"2020-01-01","2031-01-01",11,0.0461818181818182,0.635493510075386,149.7170459548,244.861257006733,163.549351007539
"MNG","Mongolia","South and South East Asia","imf_weo_gdp_growth","IMF WEO real GDP growth",1,"1980-1989","expansion",1980,1989,"1980-01-01","1989-01-01",9,0.0625555555555556,0.724020639302269,106.4,183.435796021761,172.402063930227
"MNG","Mongolia","South and South East Asia","imf_weo_gdp_growth","IMF WEO real GDP growth",2,"1989-1993","contraction",1989,1993,"1989-01-01","1993-01-01",4,-0.0605,-0.2227278472,183.435796021761,142.579536074416,77.72721528
"MNG","Mongolia","South and South East Asia","imf_weo_gdp_growth","IMF WEO real GDP growth",3,"1993-2008","expansion",1993,2008,"1993-01-01","2008-01-01",15,0.0534,1.17245175026909,142.579536074416,309.747162697421,217.245175026909
"MNG","Mongolia","South and South East Asia","imf_weo_gdp_growth","IMF WEO real GDP growth",4,"2008-2009","contraction",2008,2009,"2008-01-01","2009-01-01",1,-0.021,-0.0209999999999999,309.747162697421,303.242472280775,97.9
"MNG","Mongolia","South and South East Asia","imf_weo_gdp_growth","IMF WEO real GDP growth",5,"2009-2019","expansion",2009,2019,"2009-01-01","2019-01-01",10,0.0792,1.12457794209452,303.242472280775,644.262267713943,212.457794209452
"MNG","Mongolia","South and South East Asia","imf_weo_gdp_growth","IMF WEO real GDP growth",6,"2019-2020","contraction",2019,2020,"2019-01-01","2020-01-01",1,-0.046,-0.0460000000000003,644.262267713943,614.626203399101,95.4
"MNG","Mongolia","South and South East Asia","imf_weo_gdp_growth","IMF WEO real GDP growth",7,"2020-2031","expansion",2020,2031,"2020-01-01","2031-01-01",11,0.0515454545454545,0.736607356823301,614.626203399101,1067.36438651925,173.66073568233
"MOZ","Mozambique","Sub Saharan Africa","imf_weo_gdp_growth","IMF WEO real GDP growth",1,"1980-1981","expansion",1980,1981,"1980-01-01","1981-01-01",1,0.05,0.05,104.2,109.41,105
"MOZ","Mozambique","Sub Saharan Africa","imf_weo_gdp_growth","IMF WEO real GDP growth",2,"1981-1984","contraction",1981,1984,"1981-01-01","1984-01-01",3,-0.097,-0.266181145,109.41,80.28712092555,73.3818855
"MOZ","Mozambique","Sub Saharan Africa","imf_weo_gdp_growth","IMF WEO real GDP growth",3,"1984-1985","expansion",1984,1985,"1984-01-01","1985-01-01",1,0.01,0.01,80.28712092555,81.0899921348055,101
"MOZ","Mozambique","Sub Saharan Africa","imf_weo_gdp_growth","IMF WEO real GDP growth",4,"1985-1986","contraction",1985,1986,"1985-01-01","1986-01-01",1,-0.023,-0.023,81.0899921348055,79.224922315705,97.7
"MOZ","Mozambique","Sub Saharan Africa","imf_weo_gdp_growth","IMF WEO real GDP growth",5,"1986-1991","expansion",1986,1991,"1986-01-01","1991-01-01",5,0.074,0.4230457576166,79.224922315705,112.740689598869,142.30457576166
"MOZ","Mozambique","Sub Saharan Africa","imf_weo_gdp_growth","IMF WEO real GDP growth",6,"1991-1992","contraction",1991,1992,"1991-01-01","1992-01-01",1,-0.076,-0.0760000000000001,112.740689598869,104.172397189355,92.4
"MOZ","Mozambique","Sub Saharan Africa","imf_weo_gdp_growth","IMF WEO real GDP growth",7,"1992-2019","expansion",1992,2019,"1992-01-01","2019-01-01",27,0.0726296296296296,5.56393270559389,104.172397189355,683.780604931322,656.393270559389
"MOZ","Mozambique","Sub Saharan Africa","imf_weo_gdp_growth","IMF WEO real GDP growth",8,"2019-2020","contraction",2019,2020,"2019-01-01","2020-01-01",1,-0.012,-0.012,683.780604931322,675.575237672146,98.8
"MOZ","Mozambique","Sub Saharan Africa","imf_weo_gdp_growth","IMF WEO real GDP growth",9,"2020-2024","expansion",2020,2024,"2020-01-01","2024-01-01",4,0.036,0.15153901568,675.575237672146,777.951244206765,115.153901568
"MOZ","Mozambique","Sub Saharan Africa","imf_weo_gdp_growth","IMF WEO real GDP growth",10,"2024-2025","contraction",2024,2025,"2024-01-01","2025-01-01",1,-0.005,-0.005,777.951244206765,774.061487985731,99.5
"MOZ","Mozambique","Sub Saharan Africa","imf_weo_gdp_growth","IMF WEO real GDP growth",11,"2025-2031","expansion",2025,2031,"2025-01-01","2031-01-01",6,0.056,0.377622167686501,774.061487985731,1066.36426500154,137.76221676865
"MRT","Mauritania","Sub Saharan Africa","imf_weo_gdp_growth","IMF WEO real GDP growth",1,"1991-1993","expansion",1991,1993,"1991-01-01","1993-01-01",2,0.0385,0.0780619999999999,100,107.8062,107.8062
"MRT","Mauritania","Sub Saharan Africa","imf_weo_gdp_growth","IMF WEO real GDP growth",2,"1993-1994","contraction",1993,1994,"1993-01-01","1994-01-01",1,-0.031,-0.031,107.8062,104.4642078,96.9
"MRT","Mauritania","Sub Saharan Africa","imf_weo_gdp_growth","IMF WEO real GDP growth",3,"1994-1996","expansion",1994,1996,"1994-01-01","1996-01-01",2,0.078,0.161684,104.4642078,121.354398773935,116.1684
"MRT","Mauritania","Sub Saharan Africa","imf_weo_gdp_growth","IMF WEO real GDP growth",4,"1996-1997","contraction",1996,1997,"1996-01-01","1997-01-01",1,-0.04,-0.0400000000000001,121.354398773935,116.500222822978,96
"MRT","Mauritania","Sub Saharan Africa","imf_weo_gdp_growth","IMF WEO real GDP growth",5,"1997-1999","expansion",1997,1999,"1997-01-01","1999-01-01",2,0.0325,0.066036,116.500222822978,124.193431537316,106.6036
"MRT","Mauritania","Sub Saharan Africa","imf_weo_gdp_growth","IMF WEO real GDP growth",6,"1999-2001","contraction",1999,2001,"1999-01-01","2001-01-01",2,-0.0235,-0.046688,124.193431537316,118.395088605702,95.3312
"MRT","Mauritania","Sub Saharan Africa","imf_weo_gdp_growth","IMF WEO real GDP growth",7,"2001-2006","expansion",2001,2006,"2001-01-01","2006-01-01",5,0.0798,0.458065089520676,118.395088605702,172.627745466681,145.806508952068
"MRT","Mauritania","Sub Saharan Africa","imf_weo_gdp_growth","IMF WEO real GDP growth",8,"2006-2008","contraction",2006,2008,"2006-01-01","2008-01-01",2,-0.0115,-0.02294,172.627745466681,168.667664985675,97.706
"MRT","Mauritania","Sub Saharan Africa","imf_weo_gdp_growth","IMF WEO real GDP growth",9,"2008-2019","expansion",2008,2019,"2008-01-01","2019-01-01",11,0.0370909090909091,0.490461436378971,168.667664985675,251.392650225236,149.046143637897
"MRT","Mauritania","Sub Saharan Africa","imf_weo_gdp_growth","IMF WEO real GDP growth",10,"2019-2020","contraction",2019,2020,"2019-01-01","2020-01-01",1,-0.004,-0.00400000000000023,251.392650225236,250.387079624335,99.6
"MRT","Mauritania","Sub Saharan Africa","imf_weo_gdp_growth","IMF WEO real GDP growth",11,"2020-2031","expansion",2020,2031,"2020-01-01","2031-01-01",11,0.0457272727272727,0.632731131013821,250.387079624335,408.814779706289,163.273113101382
"MUS","Mauritius","Sub Saharan Africa","imf_weo_gdp_growth","IMF WEO real GDP growth",1,"1980-2019","expansion",1980,2019,"1980-01-01","2019-01-01",39,0.0481025641025641,5.20495033174953,89.9,557.825034824283,620.495033174954
"MUS","Mauritius","Sub Saharan Africa","imf_weo_gdp_growth","IMF WEO real GDP growth",2,"2019-2020","contraction",2019,2020,"2019-01-01","2020-01-01",1,-0.145,-0.145,557.825034824283,476.940404774762,85.5
"MUS","Mauritius","Sub Saharan Africa","imf_weo_gdp_growth","IMF WEO real GDP growth",3,"2020-2031","expansion",2020,2031,"2020-01-01","2031-01-01",11,0.0413636363636364,0.559900035438531,476.940404774762,743.979354310219,155.990003543853
"MWI","Malawi","Sub Saharan Africa","imf_weo_gdp_growth","IMF WEO real GDP growth",1,"1980-1981","contraction",1980,1981,"1980-01-01","1981-01-01",1,-0.052,-0.0520000000000002,100.4,95.1792,94.8
"MWI","Malawi","Sub Saharan Africa","imf_weo_gdp_growth","IMF WEO real GDP growth",2,"1981-1985","expansion",1981,1985,"1981-01-01","1985-01-01",4,0.0405,0.1718578057,95.1792,111.536488460281,117.18578057
"MWI","Malawi","Sub Saharan Africa","imf_weo_gdp_growth","IMF WEO real GDP growth",3,"1985-1986","contraction",1985,1986,"1985-01-01","1986-01-01",1,-0.002,-0.002,111.536488460281,111.313415483361,99.8
"MWI","Malawi","Sub Saharan Africa","imf_weo_gdp_growth","IMF WEO real GDP growth",4,"1986-1991","expansion",1986,1991,"1986-01-01","1991-01-01",5,0.041,0.220358363895104,111.313415483361,135.84225759885,122.03583638951
"MWI","Malawi","Sub Saharan Africa","imf_weo_gdp_growth","IMF WEO real GDP growth",5,"1991-1992","contraction",1991,1992,"1991-01-01","1992-01-01",1,-0.073,-0.0729999999999998,135.84225759885,125.925772794134,92.7
"MWI","Malawi","Sub Saharan Africa","imf_weo_gdp_growth","IMF WEO real GDP growth",6,"1992-1993","expansion",1992,1993,"1992-01-01","1993-01-01",1,0.097,0.0969999999999998,125.925772794134,138.140572755165,109.7
"MWI","Malawi","Sub Saharan Africa","imf_weo_gdp_growth","IMF WEO real GDP growth",7,"1993-1994","contraction",1993,1994,"1993-01-01","1994-01-01",1,-0.103,-0.103,138.140572755165,123.912093761383,89.7
"MWI","Malawi","Sub Saharan Africa","imf_weo_gdp_growth","IMF WEO real GDP growth",8,"1994-2000","expansion",1994,2000,"1994-01-01","2000-01-01",6,0.0596666666666667,0.407486342566304,123.912093761383,174.404579647942,140.74863425663
"MWI","Malawi","Sub Saharan Africa","imf_weo_gdp_growth","IMF WEO real GDP growth",9,"2000-2001","contraction",2000,2001,"2000-01-01","2001-01-01",1,-0.041,-0.041,174.404579647942,167.253991882376,95.9
"MWI","Malawi","Sub Saharan Africa","imf_weo_gdp_growth","IMF WEO real GDP growth",10,"2001-2031","expansion",2001,2031,"2001-01-01","2031-01-01",30,0.0395,2.17645931438968,167.253991882376,531.275500383631,317.645931438968
"MYS","Malaysia","South and South East Asia","imf_weo_gdp_growth","IMF WEO real GDP growth",1,"1980-1984","expansion",1980,1984,"1980-01-01","1984-01-01",4,0.06725,0.297256007894,107.4,139.325295247816,129.7256007894
"MYS","Malaysia","South and South East Asia","imf_weo_gdp_growth","IMF WEO real GDP growth",2,"1984-1985","contraction",1984,1985,"1984-01-01","1985-01-01",1,-0.009,-0.00900000000000001,139.325295247816,138.071367590585,99.1
"MYS","Malaysia","South and South East Asia","imf_weo_gdp_growth","IMF WEO real GDP growth",3,"1985-1997","expansion",1985,1997,"1985-01-01","1997-01-01",12,0.0826666666666667,1.58539640922812,138.071367590585,356.969217985915,258.539640922812
"MYS","Malaysia","South and South East Asia","imf_weo_gdp_growth","IMF WEO real GDP growth",4,"1997-1998","contraction",1997,1998,"1997-01-01","1998-01-01",1,-0.074,-0.0740000000000001,356.969217985915,330.553495854957,92.6
"MYS","Malaysia","South and South East Asia","imf_weo_gdp_growth","IMF WEO real GDP growth",5,"1998-2008","expansion",1998,2008,"1998-01-01","2008-01-01",10,0.055,0.705125249385215,330.553495854957,563.635112054838,170.512524938521
"MYS","Malaysia","South and South East Asia","imf_weo_gdp_growth","IMF WEO real GDP growth",6,"2008-2009","contraction",2008,2009,"2008-01-01","2009-01-01",1,-0.015,-0.0150000000000002,563.635112054838,555.180585374015,98.5
"MYS","Malaysia","South and South East Asia","imf_weo_gdp_growth","IMF WEO real GDP growth",7,"2009-2019","expansion",2009,2019,"2009-01-01","2019-01-01",10,0.0534,0.681818358091649,555.180585374015,933.712900538087,168.181835809165
"MYS","Malaysia","South and South East Asia","imf_weo_gdp_growth","IMF WEO real GDP growth",8,"2019-2020","contraction",2019,2020,"2019-01-01","2020-01-01",1,-0.055,-0.0549999999999999,933.712900538087,882.358691008492,94.5
"MYS","Malaysia","South and South East Asia","imf_weo_gdp_growth","IMF WEO real GDP growth",9,"2020-2031","expansion",2020,2031,"2020-01-01","2031-01-01",11,0.0475454545454545,0.665151868004893,882.358691008492,1469.26122258314,166.515186800489
"NAM","Namibia","Sub Saharan Africa","imf_weo_gdp_growth","IMF WEO real GDP growth",1,"1991-1992","expansion",1991,1992,"1991-01-01","1992-01-01",1,0.093,0.093,105.3,115.0929,109.3
"NAM","Namibia","Sub Saharan Africa","imf_weo_gdp_growth","IMF WEO real GDP growth",2,"1992-1993","contraction",1992,1993,"1992-01-01","1993-01-01",1,-0.016,-0.0159999999999999,115.0929,113.2514136,98.4
"NAM","Namibia","Sub Saharan Africa","imf_weo_gdp_growth","IMF WEO real GDP growth",3,"1993-2016","expansion",1993,2016,"1993-01-01","2016-01-01",23,0.0396521739130435,1.43839296891552,113.2514136,276.151450641983,243.839296891552
"NAM","Namibia","Sub Saharan Africa","imf_weo_gdp_growth","IMF WEO real GDP growth",4,"2016-2017","contraction",2016,2017,"2016-01-01","2017-01-01",1,-0.01,-0.0099999999999999,276.151450641983,273.389936135563,99
"NAM","Namibia","Sub Saharan Africa","imf_weo_gdp_growth","IMF WEO real GDP growth",5,"2017-2018","expansion",2017,2018,"2017-01-01","2018-01-01",1,0.011,0.0109999999999999,273.389936135563,276.397225433055,101.1
"NAM","Namibia","Sub Saharan Africa","imf_weo_gdp_growth","IMF WEO real GDP growth",6,"2018-2020","contraction",2018,2020,"2018-01-01","2020-01-01",2,-0.0445,-0.0883519999999999,276.397225433055,251.976977771593,91.1648
"NAM","Namibia","Sub Saharan Africa","imf_weo_gdp_growth","IMF WEO real GDP growth",7,"2020-2031","expansion",2020,2031,"2020-01-01","2031-01-01",11,0.0333636363636364,0.434235003710946,251.976977771593,361.394201649314,143.423500371095
"NER","Niger","Sub Saharan Africa","imf_weo_gdp_growth","IMF WEO real GDP growth",1,"1980-1981","contraction",1980,1981,"1980-01-01","1981-01-01",1,-0.002,-0.00199999999999989,104.9,104.6902,99.8
"NER","Niger","Sub Saharan Africa","imf_weo_gdp_growth","IMF WEO real GDP growth",2,"1981-1982","expansion",1981,1982,"1981-01-01","1982-01-01",1,0.022,0.022,104.6902,106.9933844,102.2
"NER","Niger","Sub Saharan Africa","imf_weo_gdp_growth","IMF WEO real GDP growth",3,"1982-1984","contraction",1982,1984,"1982-01-01","1984-01-01",2,-0.1035,-0.200448,106.9933844,85.5467744837888,79.9552
"NER","Niger","Sub Saharan Africa","imf_weo_gdp_growth","IMF WEO real GDP growth",4,"1984-1989","expansion",1984,1989,"1984-01-01","1989-01-01",5,0.0442,0.23848424932232,85.5467744837888,105.948332778501,123.848424932232
"NER","Niger","Sub Saharan Africa","imf_weo_gdp_growth","IMF WEO real GDP growth",5,"1989-1991","contraction",1989,1991,"1989-01-01","1991-01-01",2,-0.0085,-0.0169480000000001,105.948332778501,104.152720434571,98.3052
"NER","Niger","Sub Saharan Africa","imf_weo_gdp_growth","IMF WEO real GDP growth",6,"1991-1998","expansion",1991,1998,"1991-01-01","1998-01-01",7,0.0261428571428571,0.194240950545392,104.152720434571,124.38344385367,119.424095054539
"NER","Niger","Sub Saharan Africa","imf_weo_gdp_growth","IMF WEO real GDP growth",7,"1998-2000","contraction",1998,2000,"1998-01-01","2000-01-01",2,-0.007,-0.013976,124.38344385367,122.645060842372,98.6024
"NER","Niger","Sub Saharan Africa","imf_weo_gdp_growth","IMF WEO real GDP growth",8,"2000-2031","expansion",2000,2031,"2000-01-01","2031-01-01",31,0.0567741935483871,4.48618789385678,122.645060842372,672.853848034747,548.618789385678
"NGA","Nigeria","Sub Saharan Africa","imf_weo_gdp_growth","IMF WEO real GDP growth",1,"1991-2015","expansion",1991,2015,"1991-01-01","2015-01-01",24,0.0559166666666667,2.64276963722841,99.4,362.091301940504,364.276963722841
"NGA","Nigeria","Sub Saharan Africa","imf_weo_gdp_growth","IMF WEO real GDP growth",2,"2015-2016","contraction",2015,2016,"2015-01-01","2016-01-01",1,-0.016,-0.0160000000000001,362.091301940504,356.297841109455,98.4
"NGA","Nigeria","Sub Saharan Africa","imf_weo_gdp_growth","IMF WEO real GDP growth",3,"2016-2019","expansion",2016,2019,"2016-01-01","2019-01-01",3,0.0163333333333333,0.0497493440000001,356.297841109455,374.023424973267,104.9749344
"NGA","Nigeria","Sub Saharan Africa","imf_weo_gdp_growth","IMF WEO real GDP growth",4,"2019-2020","contraction",2019,2020,"2019-01-01","2020-01-01",1,-0.064,-0.0640000000000001,374.023424973267,350.085925774978,93.6
"NGA","Nigeria","Sub Saharan Africa","imf_weo_gdp_growth","IMF WEO real GDP growth",5,"2020-2031","expansion",2020,2031,"2020-01-01","2031-01-01",11,0.0380909090909091,0.508025824227463,350.085925774978,527.938616767246,150.802582422746
"NIC","Nicaragua","Latin America","imf_weo_gdp_growth","IMF WEO real GDP growth",1,"1980-1981","expansion",1980,1981,"1980-01-01","1981-01-01",1,0.054,0.054,104.6,110.2484,105.4
"NIC","Nicaragua","Latin America","imf_weo_gdp_growth","IMF WEO real GDP growth",2,"1981-1982","contraction",1981,1982,"1981-01-01","1982-01-01",1,-0.008,-0.00800000000000001,110.2484,109.3664128,99.2
"NIC","Nicaragua","Latin America","imf_weo_gdp_growth","IMF WEO real GDP growth",3,"1982-1983","expansion",1982,1983,"1982-01-01","1983-01-01",1,0.046,0.046,109.3664128,114.3972677888,104.6
"NIC","Nicaragua","Latin America","imf_weo_gdp_growth","IMF WEO real GDP growth",4,"1983-1991","contraction",1983,1991,"1983-01-01","1991-01-01",8,-0.02725,-0.203562313390198,114.3972677888,91.110295312194,79.6437686609802
"NIC","Nicaragua","Latin America","imf_weo_gdp_growth","IMF WEO real GDP growth",5,"1991-1992","expansion",1991,1992,"1991-01-01","1992-01-01",1,0.004,0.004,91.110295312194,91.4747364934427,100.4
"NIC","Nicaragua","Latin America","imf_weo_gdp_growth","IMF WEO real GDP growth",6,"1992-1993","contraction",1992,1993,"1992-01-01","1993-01-01",1,-0.004,-0.00400000000000011,91.4747364934427,91.108837547469,99.6
"NIC","Nicaragua","Latin America","imf_weo_gdp_growth","IMF WEO real GDP growth",7,"1993-2008","expansion",1993,2008,"1993-01-01","2008-01-01",15,0.0428,0.872042426097142,91.108837547469,170.559609281254,187.204242609714
"NIC","Nicaragua","Latin America","imf_weo_gdp_growth","IMF WEO real GDP growth",8,"2008-2009","contraction",2008,2009,"2008-01-01","2009-01-01",1,-0.033,-0.033,170.559609281254,164.931142174973,96.7
"NIC","Nicaragua","Latin America","imf_weo_gdp_growth","IMF WEO real GDP growth",9,"2009-2017","expansion",2009,2017,"2009-01-01","2017-01-01",8,0.051125,0.489857712571482,164.931142174973,245.723934212607,148.985771257148
"NIC","Nicaragua","Latin America","imf_weo_gdp_growth","IMF WEO real GDP growth",10,"2017-2020","contraction",2017,2020,"2017-01-01","2020-01-01",3,-0.0283333333333333,-0.0826496920000002,245.723934212607,225.414926732907,91.7350308
"NIC","Nicaragua","Latin America","imf_weo_gdp_growth","IMF WEO real GDP growth",11,"2020-2031","expansion",2020,2031,"2020-01-01","2031-01-01",11,0.0441818181818182,0.605882930642893,225.414926732907,361.989983152493,160.588293064289
"NLD","Netherlands","Western Europe","imf_weo_gdp_growth","IMF WEO real GDP growth",1,"1981-1982","contraction",1981,1982,"1981-01-01","1982-01-01",1,-0.013,-0.0130000000000001,99.5,98.2065,98.7
"NLD","Netherlands","Western Europe","imf_weo_gdp_growth","IMF WEO real GDP growth",2,"1982-2008","expansion",1982,2008,"1982-01-01","2008-01-01",26,0.0288461538461538,1.09025712232619,98.2065,205.276836083727,209.025712232619
"NLD","Netherlands","Western Europe","imf_weo_gdp_growth","IMF WEO real GDP growth",3,"2008-2009","contraction",2008,2009,"2008-01-01","2009-01-01",1,-0.037,-0.037,205.276836083727,197.681593148629,96.3
"NLD","Netherlands","Western Europe","imf_weo_gdp_growth","IMF WEO real GDP growth",4,"2009-2011","expansion",2009,2011,"2009-01-01","2011-01-01",2,0.0155,0.031234,197.681593148629,203.855980029034,103.1234
"NLD","Netherlands","Western Europe","imf_weo_gdp_growth","IMF WEO real GDP growth",5,"2011-2012","contraction",2011,2012,"2011-01-01","2012-01-01",1,-0.01,-0.01,203.855980029034,201.817420228743,99
"NLD","Netherlands","Western Europe","imf_weo_gdp_growth","IMF WEO real GDP growth",6,"2012-2019","expansion",2012,2019,"2012-01-01","2019-01-01",7,0.0192857142857143,0.14278304617762,201.817420228743,230.633526260712,114.278304617762
"NLD","Netherlands","Western Europe","imf_weo_gdp_growth","IMF WEO real GDP growth",7,"2019-2020","contraction",2019,2020,"2019-01-01","2020-01-01",1,-0.039,-0.039,230.633526260712,221.638818736544,96.1
"NLD","Netherlands","Western Europe","imf_weo_gdp_growth","IMF WEO real GDP growth",8,"2020-2022","expansion",2020,2022,"2020-01-01","2022-01-01",2,0.0565,0.11615,221.638818736544,247.382167532794,111.615
"NLD","Netherlands","Western Europe","imf_weo_gdp_growth","IMF WEO real GDP growth",9,"2022-2023","contraction",2022,2023,"2022-01-01","2023-01-01",1,-0.006,-0.00599999999999989,247.382167532794,245.897874527597,99.4
"NLD","Netherlands","Western Europe","imf_weo_gdp_growth","IMF WEO real GDP growth",10,"2023-2031","expansion",2023,2031,"2023-01-01","2031-01-01",8,0.013375,0.112121488911788,245.897874527597,273.468310339875,111.212148891179
"NOR","Norway","Western Europe","imf_weo_gdp_growth","IMF WEO real GDP growth",1,"1980-1987","expansion",1980,1987,"1980-01-01","1987-01-01",7,0.0331428571428571,0.254693985984226,104.5,131.115521535352,125.469398598423
"NOR","Norway","Western Europe","imf_weo_gdp_growth","IMF WEO real GDP growth",2,"1987-1988","contraction",1987,1988,"1987-01-01","1988-01-01",1,-0.003,-0.003,131.115521535352,130.722174970746,99.7
"NOR","Norway","Western Europe","imf_weo_gdp_growth","IMF WEO real GDP growth",3,"1988-2008","expansion",1988,2008,"1988-01-01","2008-01-01",20,0.02955,0.787585297648403,130.722174970746,233.677038054327,178.75852976484
"NOR","Norway","Western Europe","imf_weo_gdp_growth","IMF WEO real GDP growth",4,"2008-2009","contraction",2008,2009,"2008-01-01","2009-01-01",1,-0.016,-0.016,233.677038054327,229.938205445458,98.4
"NOR","Norway","Western Europe","imf_weo_gdp_growth","IMF WEO real GDP growth",5,"2009-2019","expansion",2009,2019,"2009-01-01","2019-01-01",10,0.0172,0.185727492034268,229.938205445458,272.644051665703,118.572749203427
"NOR","Norway","Western Europe","imf_weo_gdp_growth","IMF WEO real GDP growth",6,"2019-2020","contraction",2019,2020,"2019-01-01","2020-01-01",1,-0.014,-0.014,272.644051665703,268.827034942383,98.6
"NOR","Norway","Western Europe","imf_weo_gdp_growth","IMF WEO real GDP growth",7,"2020-2031","expansion",2020,2031,"2020-01-01","2031-01-01",11,0.0166363636363636,0.198131240855748,268.827034942383,322.090068951089,119.813124085575
"NPL","Nepal","South and South East Asia","imf_weo_gdp_growth","IMF WEO real GDP growth",1,"1980-1982","expansion",1980,1982,"1980-01-01","1982-01-01",2,0.0605,0.124154,97.7,109.8298458,112.4154
"NPL","Nepal","South and South East Asia","imf_weo_gdp_growth","IMF WEO real GDP growth",2,"1982-1983","contraction",1982,1983,"1982-01-01","1983-01-01",1,-0.03,-0.03,109.8298458,106.534950426,97
"NPL","Nepal","South and South East Asia","imf_weo_gdp_growth","IMF WEO real GDP growth",3,"1983-2019","expansion",1983,2019,"1983-01-01","2019-01-01",36,0.0483611111111111,4.43733065004494,106.534950426,579.265751252308,543.733065004494
"NPL","Nepal","South and South East Asia","imf_weo_gdp_growth","IMF WEO real GDP growth",4,"2019-2020","contraction",2019,2020,"2019-01-01","2020-01-01",1,-0.024,-0.024,579.265751252308,565.363373222252,97.6
"NPL","Nepal","South and South East Asia","imf_weo_gdp_growth","IMF WEO real GDP growth",5,"2020-2031","expansion",2020,2031,"2020-01-01","2031-01-01",11,0.0442727272727273,0.609586823410774,565.363373222252,910.001435977605,160.958682341077
"NZL","New Zealand","Western Offshoots","imf_weo_gdp_growth","IMF WEO real GDP growth",1,"1980-1982","expansion",1980,1982,"1980-01-01","1982-01-01",2,0.0295,0.0598700000000001,101,107.04687,105.987
"NZL","New Zealand","Western Offshoots","imf_weo_gdp_growth","IMF WEO real GDP growth",2,"1982-1983","contraction",1982,1983,"1982-01-01","1983-01-01",1,-0.001,-0.001,107.04687,106.93982313,99.9
"NZL","New Zealand","Western Offshoots","imf_weo_gdp_growth","IMF WEO real GDP growth",3,"1983-1990","expansion",1983,1990,"1983-01-01","1990-01-01",7,0.019,0.139036512523977,106.93982313,121.808363187926,113.903651252398
"NZL","New Zealand","Western Offshoots","imf_weo_gdp_growth","IMF WEO real GDP growth",4,"1990-1991","contraction",1990,1991,"1990-01-01","1991-01-01",1,-0.013,-0.013,121.808363187926,120.224854466483,98.7
"NZL","New Zealand","Western Offshoots","imf_weo_gdp_growth","IMF WEO real GDP growth",5,"1991-2007","expansion",1991,2007,"1991-01-01","2007-01-01",16,0.0361875,0.763187568935634,120.224854466483,211.978968872399,176.318756893563
"NZL","New Zealand","Western Offshoots","imf_weo_gdp_growth","IMF WEO real GDP growth",6,"2007-2009","contraction",2007,2009,"2007-01-01","2009-01-01",2,-0.0065,-0.0129779999999999,211.978968872399,209.227905814373,98.7022
"NZL","New Zealand","Western Offshoots","imf_weo_gdp_growth","IMF WEO real GDP growth",7,"2009-2019","expansion",2009,2019,"2009-01-01","2019-01-01",10,0.029,0.330515166084668,209.227905814373,278.380901854157,133.051516608467
"NZL","New Zealand","Western Offshoots","imf_weo_gdp_growth","IMF WEO real GDP growth",8,"2019-2020","contraction",2019,2020,"2019-01-01","2020-01-01",1,-0.012,-0.012,278.380901854157,275.040331031907,98.8
"NZL","New Zealand","Western Offshoots","imf_weo_gdp_growth","IMF WEO real GDP growth",9,"2020-2023","expansion",2020,2023,"2020-01-01","2023-01-01",3,0.0343333333333333,0.10624346,275.040331031907,304.261567440283,110.624346
"NZL","New Zealand","Western Offshoots","imf_weo_gdp_growth","IMF WEO real GDP growth",10,"2023-2024","contraction",2023,2024,"2023-01-01","2024-01-01",1,-0.003,-0.003,304.261567440283,303.348782737962,99.7
"NZL","New Zealand","Western Offshoots","imf_weo_gdp_growth","IMF WEO real GDP growth",11,"2024-2031","expansion",2024,2031,"2024-01-01","2031-01-01",7,0.0197142857142857,0.146227443195491,303.348782737962,347.706699634198,114.622744319549
"OMN","Oman","Middle East and North Africa","imf_weo_gdp_growth","IMF WEO real GDP growth",1,"1980-1986","expansion",1980,1986,"1980-01-01","1986-01-01",6,0.125,1.01497726919613,106.1,213.78908826171,201.497726919613
"OMN","Oman","Middle East and North Africa","imf_weo_gdp_growth","IMF WEO real GDP growth",2,"1986-1987","contraction",1986,1987,"1986-01-01","1987-01-01",1,-0.04,-0.04,213.78908826171,205.237524731241,96
"OMN","Oman","Middle East and North Africa","imf_weo_gdp_growth","IMF WEO real GDP growth",3,"1987-2001","expansion",1987,2001,"1987-01-01","2001-01-01",14,0.0490714285714286,0.949662056164505,205.237524731241,400.143814469625,194.96620561645
"OMN","Oman","Middle East and North Africa","imf_weo_gdp_growth","IMF WEO real GDP growth",4,"2001-2003","contraction",2001,2003,"2001-01-01","2003-01-01",2,-0.015,-0.0298240000000001,400.143814469625,388.209925346883,97.0176
"OMN","Oman","Middle East and North Africa","imf_weo_gdp_growth","IMF WEO real GDP growth",5,"2003-2018","expansion",2003,2018,"2003-01-01","2018-01-01",15,0.0412666666666667,0.82617718197862,388.209925346883,708.940107486101,182.617718197862
"OMN","Oman","Middle East and North Africa","imf_weo_gdp_growth","IMF WEO real GDP growth",6,"2018-2020","contraction",2018,2020,"2018-01-01","2020-01-01",2,-0.0225,-0.0446260000000002,708.940107486101,677.302946249427,95.5374
"OMN","Oman","Middle East and North Africa","imf_weo_gdp_growth","IMF WEO real GDP growth",7,"2020-2031","expansion",2020,2031,"2020-01-01","2031-01-01",11,0.0328181818181818,0.42447061817242,677.302946249427,964.798146533922,142.447061817242
"PAK","Pakistan","South and South East Asia","imf_weo_gdp_growth","IMF WEO real GDP growth",1,"1980-2019","expansion",1980,2019,"1980-01-01","2019-01-01",39,0.0478974358974359,5.16501806322899,106.9,659.040430959179,616.501806322899
"PAK","Pakistan","South and South East Asia","imf_weo_gdp_growth","IMF WEO real GDP growth",2,"2019-2020","contraction",2019,2020,"2019-01-01","2020-01-01",1,-0.009,-0.00900000000000001,659.040430959179,653.109067080546,99.1
"PAK","Pakistan","South and South East Asia","imf_weo_gdp_growth","IMF WEO real GDP growth",3,"2020-2022","expansion",2020,2022,"2020-01-01","2022-01-01",2,0.06,0.123596,653.109067080546,733.830735335433,112.3596
"PAK","Pakistan","South and South East Asia","imf_weo_gdp_growth","IMF WEO real GDP growth",4,"2022-2023","contraction",2022,2023,"2022-01-01","2023-01-01",1,-0.002,-0.00200000000000011,733.830735335433,732.363073864763,99.8
"PAK","Pakistan","South and South East Asia","imf_weo_gdp_growth","IMF WEO real GDP growth",5,"2023-2031","expansion",2023,2031,"2023-01-01","2031-01-01",8,0.03825,0.350017229021409,732.363073864763,988.702767616508,135.001722902141
"PAN","Panama","Latin America","imf_weo_gdp_growth","IMF WEO real GDP growth",1,"1980-1982","expansion",1980,1982,"1980-01-01","1982-01-01",2,0.0725,0.149876,104.5,120.162042,114.9876
"PAN","Panama","Latin America","imf_weo_gdp_growth","IMF WEO real GDP growth",2,"1982-1983","contraction",1982,1983,"1982-01-01","1983-01-01",1,-0.045,-0.0450000000000002,120.162042,114.75475011,95.5
"PAN","Panama","Latin America","imf_weo_gdp_growth","IMF WEO real GDP growth",3,"1983-1986","expansion",1983,1986,"1983-01-01","1986-01-01",3,0.0373333333333333,0.116106628,114.75475011,128.078537192255,111.6106628
"PAN","Panama","Latin America","imf_weo_gdp_growth","IMF WEO real GDP growth",4,"1986-1988","contraction",1986,1988,"1986-01-01","1988-01-01",2,-0.076,-0.149588,128.078537192255,108.91952497074,85.0412
"PAN","Panama","Latin America","imf_weo_gdp_growth","IMF WEO real GDP growth",5,"1988-2019","expansion",1988,2019,"1988-01-01","2019-01-01",31,0.0617096774193548,5.31557910045184,108.91952497074,687.889875536346,631.557910045184
"PAN","Panama","Latin America","imf_weo_gdp_growth","IMF WEO real GDP growth",6,"2019-2020","contraction",2019,2020,"2019-01-01","2020-01-01",1,-0.178,-0.178,687.889875536346,565.445477690876,82.2
"PAN","Panama","Latin America","imf_weo_gdp_growth","IMF WEO real GDP growth",7,"2020-2031","expansion",2020,2031,"2020-01-01","2031-01-01",11,0.0621818181818182,0.928139402367447,565.445477690876,1090.25770542626,192.813940236745
"PER","Peru","Latin America","imf_weo_gdp_growth","IMF WEO real GDP growth",1,"1980-1981","expansion",1980,1981,"1980-01-01","1981-01-01",1,0.055,0.0549999999999999,107.7,113.6235,105.5
"PER","Peru","Latin America","imf_weo_gdp_growth","IMF WEO real GDP growth",2,"1981-1983","contraction",1981,1983,"1981-01-01","1983-01-01",2,-0.048,-0.0957209999999999,113.6235,102.7473449565,90.4279
"PER","Peru","Latin America","imf_weo_gdp_growth","IMF WEO real GDP growth",3,"1983-1987","expansion",1983,1987,"1983-01-01","1987-01-01",4,0.06425,0.279512141966,102.7473449565,131.466475426611,127.9512141966
"PER","Peru","Latin America","imf_weo_gdp_growth","IMF WEO real GDP growth",4,"1987-1990","contraction",1987,1990,"1987-01-01","1990-01-01",3,-0.093,-0.255418396,131.466475426611,97.8875191453724,74.4581604
"PER","Peru","Latin America","imf_weo_gdp_growth","IMF WEO real GDP growth",5,"1990-1991","expansion",1990,1991,"1990-01-01","1991-01-01",1,0.022,0.022,97.8875191453724,100.041044566571,102.2
"PER","Peru","Latin America","imf_weo_gdp_growth","IMF WEO real GDP growth",6,"1991-1992","contraction",1991,1992,"1991-01-01","1992-01-01",1,-0.005,-0.00500000000000012,100.041044566571,99.5408393437378,99.5
"PER","Peru","Latin America","imf_weo_gdp_growth","IMF WEO real GDP growth",7,"1992-1997","expansion",1992,1997,"1992-01-01","1997-01-01",5,0.0684,0.38912875040528,99.5408393437378,138.275041771859,138.912875040528
"PER","Peru","Latin America","imf_weo_gdp_growth","IMF WEO real GDP growth",8,"1997-1998","contraction",1997,1998,"1997-01-01","1998-01-01",1,-0.004,-0.00400000000000011,138.275041771859,137.721941604772,99.6
"PER","Peru","Latin America","imf_weo_gdp_growth","IMF WEO real GDP growth",9,"1998-2019","expansion",1998,2019,"1998-01-01","2019-01-01",21,0.0461904761904762,1.5662921794357,137.721941604772,353.434741677026,256.62921794357
"PER","Peru","Latin America","imf_weo_gdp_growth","IMF WEO real GDP growth",10,"2019-2020","contraction",2019,2020,"2019-01-01","2020-01-01",1,-0.109,-0.109,353.434741677026,314.910354834231,89.1
"PER","Peru","Latin America","imf_weo_gdp_growth","IMF WEO real GDP growth",11,"2020-2022","expansion",2020,2022,"2020-01-01","2022-01-01",2,0.081,0.165752,314.910354834231,367.107375968714,116.5752
"PER","Peru","Latin America","imf_weo_gdp_growth","IMF WEO real GDP growth",12,"2022-2023","contraction",2022,2023,"2022-01-01","2023-01-01",1,-0.004,-0.004,367.107375968714,365.638946464839,99.6
"PER","Peru","Latin America","imf_weo_gdp_growth","IMF WEO real GDP growth",13,"2023-2031","expansion",2023,2031,"2023-01-01","2031-01-01",8,0.029625,0.263047188624066,365.638946464839,461.81924338388,126.304718862407
"PHL","Philippines","South and South East Asia","imf_weo_gdp_growth","IMF WEO real GDP growth",1,"1980-1983","expansion",1980,1983,"1980-01-01","1983-01-01",3,0.0296666666666667,0.0915772559999999,105.1,114.7247696056,109.1577256
"PHL","Philippines","South and South East Asia","imf_weo_gdp_growth","IMF WEO real GDP growth",2,"1983-1985","contraction",1983,1985,"1983-01-01","1985-01-01",2,-0.073,-0.140671,114.7247696056,98.5863215404106,85.9329
"PHL","Philippines","South and South East Asia","imf_weo_gdp_growth","IMF WEO real GDP growth",3,"1985-1990","expansion",1985,1990,"1985-01-01","1990-01-01",5,0.0474,0.25990512146576,98.5863215404106,124.209411415234,125.990512146576
"PHL","Philippines","South and South East Asia","imf_weo_gdp_growth","IMF WEO real GDP growth",4,"1990-1991","contraction",1990,1991,"1990-01-01","1991-01-01",1,-0.004,-0.00400000000000011,124.209411415234,123.712573769573,99.6
"PHL","Philippines","South and South East Asia","imf_weo_gdp_growth","IMF WEO real GDP growth",5,"1991-1997","expansion",1991,1997,"1991-01-01","1997-01-01",6,0.0378333333333333,0.248327367297872,123.712573769573,154.433791515414,124.832736729787
"PHL","Philippines","South and South East Asia","imf_weo_gdp_growth","IMF WEO real GDP growth",6,"1997-1998","contraction",1997,1998,"1997-01-01","1998-01-01",1,-0.005,-0.005,154.433791515414,153.661622557837,99.5
"PHL","Philippines","South and South East Asia","imf_weo_gdp_growth","IMF WEO real GDP growth",7,"1998-2019","expansion",1998,2019,"1998-01-01","2019-01-01",21,0.0535238095238095,1.9819409118504,153.661622557837,458.209878886529,298.19409118504
"PHL","Philippines","South and South East Asia","imf_weo_gdp_growth","IMF WEO real GDP growth",8,"2019-2020","contraction",2019,2020,"2019-01-01","2020-01-01",1,-0.095,-0.0949999999999999,458.209878886529,414.679940392309,90.5
"PHL","Philippines","South and South East Asia","imf_weo_gdp_growth","IMF WEO real GDP growth",9,"2020-2031","expansion",2020,2031,"2020-01-01","2031-01-01",11,0.0572727272727273,0.84456557762333,414.679940392309,764.904343778548,184.456557762333
"POL","Poland","Eastern Europe","imf_weo_gdp_growth","IMF WEO real GDP growth",1,"1980-1982","contraction",1980,1982,"1980-01-01","1982-01-01",2,-0.074,-0.1432,94,80.5392,85.68
"POL","Poland","Eastern Europe","imf_weo_gdp_growth","IMF WEO real GDP growth",2,"1982-1983","expansion",1982,1983,"1982-01-01","1983-01-01",1,0.056,0.056,80.5392,85.0493952,105.6
"POL","Poland","Eastern Europe","imf_weo_gdp_growth","IMF WEO real GDP growth",3,"1983-1984","contraction",1983,1984,"1983-01-01","1984-01-01",1,-0.004,-0.00400000000000011,85.0493952,84.7091976192,99.6
"POL","Poland","Eastern Europe","imf_weo_gdp_growth","IMF WEO real GDP growth",4,"1984-1989","expansion",1984,1989,"1984-01-01","1989-01-01",5,0.0336,0.17958490443233,84.7091976192,99.9216907781834,117.958490443233
"POL","Poland","Eastern Europe","imf_weo_gdp_growth","IMF WEO real GDP growth",5,"1989-1991","contraction",1989,1991,"1989-01-01","1991-01-01",2,-0.071,-0.13696,99.9216907781834,86.2364160092034,86.304
"POL","Poland","Eastern Europe","imf_weo_gdp_growth","IMF WEO real GDP growth",6,"1991-2019","expansion",1991,2019,"1991-01-01","2019-01-01",28,0.0420714285714286,2.15793220287585,86.2364160092034,272.328755176062,315.793220287585
"POL","Poland","Eastern Europe","imf_weo_gdp_growth","IMF WEO real GDP growth",7,"2019-2020","contraction",2019,2020,"2019-01-01","2020-01-01",1,-0.02,-0.0199999999999998,272.328755176062,266.882180072541,98
"POL","Poland","Eastern Europe","imf_weo_gdp_growth","IMF WEO real GDP growth",8,"2020-2031","expansion",2020,2031,"2020-01-01","2031-01-01",11,0.0317272727272727,0.408035188659143,266.882180072541,375.779500768204,140.803518865914
"PRI","Puerto Rico","Latin America","imf_weo_gdp_growth","IMF WEO real GDP growth",1,"1981-1982","contraction",1981,1982,"1981-01-01","1982-01-01",1,-0.03,-0.0300000000000001,101.1,98.067,97
"PRI","Puerto Rico","Latin America","imf_weo_gdp_growth","IMF WEO real GDP growth",2,"1982-2004","expansion",1982,2004,"1982-01-01","2004-01-01",22,0.0435454545454545,1.54203840023543,98.067,249.290079795888,254.203840023543
"PRI","Puerto Rico","Latin America","imf_weo_gdp_growth","IMF WEO real GDP growth",3,"2004-2011","contraction",2004,2011,"2004-01-01","2011-01-01",7,-0.0131428571428571,-0.0885849923258408,249.290079795888,227.206719990261,91.1415007674159
"PRI","Puerto Rico","Latin America","imf_weo_gdp_growth","IMF WEO real GDP growth",4,"2011-2012","expansion",2011,2012,"2011-01-01","2012-01-01",1,0,0,227.206719990261,227.206719990261,100
"PRI","Puerto Rico","Latin America","imf_weo_gdp_growth","IMF WEO real GDP growth",5,"2012-2018","contraction",2012,2018,"2012-01-01","2018-01-01",6,-0.0185,-0.106526713370396,227.206719990261,203.00313485403,89.3473286629604
"PRI","Puerto Rico","Latin America","imf_weo_gdp_growth","IMF WEO real GDP growth",6,"2018-2019","expansion",2018,2019,"2018-01-01","2019-01-01",1,0.017,0.0169999999999999,203.00313485403,206.454188146549,101.7
"PRI","Puerto Rico","Latin America","imf_weo_gdp_growth","IMF WEO real GDP growth",7,"2019-2020","contraction",2019,2020,"2019-01-01","2020-01-01",1,-0.042,-0.042,206.454188146549,197.783112244394,95.8
"PRI","Puerto Rico","Latin America","imf_weo_gdp_growth","IMF WEO real GDP growth",8,"2020-2024","expansion",2020,2024,"2020-01-01","2024-01-01",4,0.01775,0.0725478991999999,197.783112244394,212.131861534962,107.25478992
"PRI","Puerto Rico","Latin America","imf_weo_gdp_growth","IMF WEO real GDP growth",9,"2024-2026","contraction",2024,2026,"2024-01-01","2026-01-01",2,-0.0045,-0.00899199999999989,212.131861534962,210.22437183604,99.1008
"PRI","Puerto Rico","Latin America","imf_weo_gdp_growth","IMF WEO real GDP growth",10,"2026-2031","expansion",2026,2031,"2026-01-01","2031-01-01",5,0.008,0.04064104374272,210.22437183604,218.768109727614,104.064104374272
"PRT","Portugal","Western Europe","imf_weo_gdp_growth","IMF WEO real GDP growth",1,"1980-1983","expansion",1980,1983,"1980-01-01","1983-01-01",3,0.0223333333333333,0.0683476999999999,106.7,113.99269959,106.83477
"PRT","Portugal","Western Europe","imf_weo_gdp_growth","IMF WEO real GDP growth",2,"1983-1984","contraction",1983,1984,"1983-01-01","1984-01-01",1,-0.01,-0.01,113.99269959,112.8527725941,99
"PRT","Portugal","Western Europe","imf_weo_gdp_growth","IMF WEO real GDP growth",3,"1984-1992","expansion",1984,1992,"1984-01-01","1992-01-01",8,0.0485,0.458117510407381,112.8527725941,164.552603817479,145.811751040738
"PRT","Portugal","Western Europe","imf_weo_gdp_growth","IMF WEO real GDP growth",4,"1992-1993","contraction",1992,1993,"1992-01-01","1993-01-01",1,-0.007,-0.00700000000000012,164.552603817479,163.400735590757,99.3
"PRT","Portugal","Western Europe","imf_weo_gdp_growth","IMF WEO real GDP growth",5,"1993-2002","expansion",1993,2002,"1993-01-01","2002-01-01",9,0.0298888888888889,0.302541065405004,163.400735590757,212.836168224346,130.2541065405
"PRT","Portugal","Western Europe","imf_weo_gdp_growth","IMF WEO real GDP growth",6,"2002-2003","contraction",2002,2003,"2002-01-01","2003-01-01",1,-0.009,-0.0089999999999999,212.836168224346,210.920642710327,99.1
"PRT","Portugal","Western Europe","imf_weo_gdp_growth","IMF WEO real GDP growth",7,"2003-2008","expansion",2003,2008,"2003-01-01","2008-01-01",5,0.014,0.0718322406847998,210.920642710327,226.071545082888,107.18322406848
"PRT","Portugal","Western Europe","imf_weo_gdp_growth","IMF WEO real GDP growth",8,"2008-2009","contraction",2008,2009,"2008-01-01","2009-01-01",1,-0.031,-0.0310000000000001,226.071545082888,219.063327185318,96.9
"PRT","Portugal","Western Europe","imf_weo_gdp_growth","IMF WEO real GDP growth",9,"2009-2010","expansion",2009,2010,"2009-01-01","2010-01-01",1,0.017,0.0170000000000001,219.063327185318,222.787403747469,101.7
"PRT","Portugal","Western Europe","imf_weo_gdp_growth","IMF WEO real GDP growth",10,"2010-2013","contraction",2010,2013,"2010-01-01","2013-01-01",3,-0.0226666666666667,-0.0667299700000001,222.787403747469,207.920806979022,93.327003
"PRT","Portugal","Western Europe","imf_weo_gdp_growth","IMF WEO real GDP growth",11,"2013-2019","expansion",2013,2019,"2013-01-01","2019-01-01",6,0.022,0.139224956100227,207.920806979022,236.868572203,113.922495610023
"PRT","Portugal","Western Europe","imf_weo_gdp_growth","IMF WEO real GDP growth",12,"2019-2020","contraction",2019,2020,"2019-01-01","2020-01-01",1,-0.082,-0.0819999999999999,236.868572203,217.445349282354,91.8
"PRT","Portugal","Western Europe","imf_weo_gdp_growth","IMF WEO real GDP growth",13,"2020-2031","expansion",2020,2031,"2020-01-01","2031-01-01",11,0.0274545454545455,0.344960562000323,217.445349282354,292.455419175152,134.496056200032
"PRY","Paraguay","Latin America","imf_weo_gdp_growth","IMF WEO real GDP growth",1,"1980-1981","expansion",1980,1981,"1980-01-01","1981-01-01",1,0.092,0.0920000000000001,111.7,121.9764,109.2
"PRY","Paraguay","Latin America","imf_weo_gdp_growth","IMF WEO real GDP growth",2,"1981-1983","contraction",1981,1983,"1981-01-01","1983-01-01",2,-0.022,-0.04358,121.9764,116.660668488,95.642
"PRY","Paraguay","Latin America","imf_weo_gdp_growth","IMF WEO real GDP growth",3,"1983-1998","expansion",1983,1998,"1983-01-01","1998-01-01",15,0.0366666666666667,0.711687981237475,116.660668488,199.686664134039,171.168798123748
"PRY","Paraguay","Latin America","imf_weo_gdp_growth","IMF WEO real GDP growth",4,"1998-2001","contraction",1998,2001,"1998-01-01","2001-01-01",3,-0.015,-0.0443845759999999,199.686664134039,190.823656213595,95.5615424
"PRY","Paraguay","Latin America","imf_weo_gdp_growth","IMF WEO real GDP growth",5,"2001-2008","expansion",2001,2008,"2001-01-01","2008-01-01",7,0.0388571428571429,0.304104163127701,190.823656213595,248.853924491399,130.41041631277
"PRY","Paraguay","Latin America","imf_weo_gdp_growth","IMF WEO real GDP growth",6,"2008-2009","contraction",2008,2009,"2008-01-01","2009-01-01",1,-0.003,-0.003,248.853924491399,248.107362717925,99.7
"PRY","Paraguay","Latin America","imf_weo_gdp_growth","IMF WEO real GDP growth",7,"2009-2011","expansion",2009,2011,"2009-01-01","2011-01-01",2,0.077,0.158773,248.107362717925,287.500113018738,115.8773
"PRY","Paraguay","Latin America","imf_weo_gdp_growth","IMF WEO real GDP growth",8,"2011-2012","contraction",2011,2012,"2011-01-01","2012-01-01",1,-0.007,-0.00700000000000001,287.500113018738,285.487612227606,99.3
"PRY","Paraguay","Latin America","imf_weo_gdp_growth","IMF WEO real GDP growth",9,"2012-2018","expansion",2012,2018,"2012-01-01","2018-01-01",6,0.0481666666666667,0.325010564202067,285.487612227606,378.274102150402,132.501056420207
"PRY","Paraguay","Latin America","imf_weo_gdp_growth","IMF WEO real GDP growth",10,"2018-2020","contraction",2018,2020,"2018-01-01","2020-01-01",2,-0.006,-0.0119680000000001,378.274102150402,373.746917695866,98.8032
"PRY","Paraguay","Latin America","imf_weo_gdp_growth","IMF WEO real GDP growth",11,"2020-2031","expansion",2020,2031,"2020-01-01","2031-01-01",11,0.0379090909090909,0.504124292247899,373.746917695866,562.161818059128,150.41242922479
"QAT","Qatar","Middle East and North Africa","imf_weo_gdp_growth","IMF WEO real GDP growth",1,"1980-1983","contraction",1980,1983,"1980-01-01","1983-01-01",3,-0.058,-0.164558494,99,82.708709094,83.5441506
"QAT","Qatar","Middle East and North Africa","imf_weo_gdp_growth","IMF WEO real GDP growth",2,"1983-1984","expansion",1983,1984,"1983-01-01","1984-01-01",1,0.16,0.16,82.708709094,95.94210254904,116
"QAT","Qatar","Middle East and North Africa","imf_weo_gdp_growth","IMF WEO real GDP growth",3,"1984-1985","contraction",1984,1985,"1984-01-01","1985-01-01",1,-0.13,-0.13,95.94210254904,83.4696292176648,87
"QAT","Qatar","Middle East and North Africa","imf_weo_gdp_growth","IMF WEO real GDP growth",4,"1985-1989","expansion",1985,1989,"1985-01-01","1989-01-01",4,0.0365,0.153572715503,83.4696292176648,96.2882868386501,115.3572715503
"QAT","Qatar","Middle East and North Africa","imf_weo_gdp_growth","IMF WEO real GDP growth",5,"1989-1991","contraction",1989,1991,"1989-01-01","1991-01-01",2,-0.0805,-0.15881,96.2882868386501,80.9967440058041,84.119
"QAT","Qatar","Middle East and North Africa","imf_weo_gdp_growth","IMF WEO real GDP growth",6,"1991-1992","expansion",1991,1992,"1991-01-01","1992-01-01",1,0.104,0.104,80.9967440058041,89.4204053824077,110.4
"QAT","Qatar","Middle East and North Africa","imf_weo_gdp_growth","IMF WEO real GDP growth",7,"1992-1993","contraction",1992,1993,"1992-01-01","1993-01-01",1,-0.009,-0.0089999999999999,89.4204053824077,88.615621733966,99.1
"QAT","Qatar","Middle East and North Africa","imf_weo_gdp_growth","IMF WEO real GDP growth",8,"1993-2016","expansion",1993,2016,"1993-01-01","2016-01-01",23,0.098695652173913,7.2477798344233,88.615621733966,730.882137952288,824.77798344233
"QAT","Qatar","Middle East and North Africa","imf_weo_gdp_growth","IMF WEO real GDP growth",9,"2016-2017","contraction",2016,2017,"2016-01-01","2017-01-01",1,-0.015,-0.015,730.882137952288,719.918905883004,98.5
"QAT","Qatar","Middle East and North Africa","imf_weo_gdp_growth","IMF WEO real GDP growth",10,"2017-2019","expansion",2017,2019,"2017-01-01","2019-01-01",2,0.0095,0.0190840000000001,719.918905883004,733.657838282875,101.9084
"QAT","Qatar","Middle East and North Africa","imf_weo_gdp_growth","IMF WEO real GDP growth",11,"2019-2020","contraction",2019,2020,"2019-01-01","2020-01-01",1,-0.036,-0.0359999999999999,733.657838282875,707.246156104691,96.4
"QAT","Qatar","Middle East and North Africa","imf_weo_gdp_growth","IMF WEO real GDP growth",12,"2020-2025","expansion",2020,2025,"2020-01-01","2025-01-01",5,0.025,0.13115088715776,707.246156104691,800.002116916737,113.115088715776
"QAT","Qatar","Middle East and North Africa","imf_weo_gdp_growth","IMF WEO real GDP growth",13,"2025-2026","contraction",2025,2026,"2025-01-01","2026-01-01",1,-0.086,-0.0860000000000002,800.002116916737,731.201934861898,91.4
"QAT","Qatar","Middle East and North Africa","imf_weo_gdp_growth","IMF WEO real GDP growth",14,"2026-2031","expansion",2026,2031,"2026-01-01","2031-01-01",5,0.0662,0.3772713487148,731.201934861898,1007.06347501012,137.72713487148
"ROU","Romania","Eastern Europe","imf_weo_gdp_growth","IMF WEO real GDP growth",1,"1980-1984","expansion",1980,1984,"1980-01-01","1984-01-01",4,0.04,0.1685878204,103.3,120.71512184732,116.85878204
"ROU","Romania","Eastern Europe","imf_weo_gdp_growth","IMF WEO real GDP growth",2,"1984-1985","contraction",1984,1985,"1984-01-01","1985-01-01",1,-0.001,-0.001,120.71512184732,120.594406725473,99.9
"ROU","Romania","Eastern Europe","imf_weo_gdp_growth","IMF WEO real GDP growth",3,"1985-1987","expansion",1985,1987,"1985-01-01","1987-01-01",2,0.016,0.0321920000000002,120.594406725473,124.476581866779,103.2192
"ROU","Romania","Eastern Europe","imf_weo_gdp_growth","IMF WEO real GDP growth",4,"1987-1992","contraction",1987,1992,"1987-01-01","1992-01-01",5,-0.0672,-0.29715595234048,124.476581866779,87.4876246380686,70.284404765952
"ROU","Romania","Eastern Europe","imf_weo_gdp_growth","IMF WEO real GDP growth",5,"1992-1996","expansion",1992,1996,"1992-01-01","1996-01-01",4,0.041,0.173509495865,87.4876246380686,102.667558283446,117.3509495865
"ROU","Romania","Eastern Europe","imf_weo_gdp_growth","IMF WEO real GDP growth",6,"1996-1999","contraction",1996,1999,"1996-01-01","1999-01-01",3,-0.0403333333333333,-0.116799136,102.667558283446,90.6760761807101,88.3200864
"ROU","Romania","Eastern Europe","imf_weo_gdp_growth","IMF WEO real GDP growth",7,"1999-2008","expansion",1999,2008,"1999-01-01","2008-01-01",9,0.0618888888888889,0.71212785698191,90.6760761807101,155.249035990808,171.212785698191
"ROU","Romania","Eastern Europe","imf_weo_gdp_growth","IMF WEO real GDP growth",8,"2008-2010","contraction",2008,2010,"2008-01-01","2010-01-01",2,-0.047,-0.091855,155.249035990808,140.988635789872,90.8145
"ROU","Romania","Eastern Europe","imf_weo_gdp_growth","IMF WEO real GDP growth",9,"2010-2019","expansion",2010,2019,"2010-01-01","2019-01-01",9,0.0383333333333333,0.400355882184765,140.988635789872,197.434265449553,140.035588218477
"ROU","Romania","Eastern Europe","imf_weo_gdp_growth","IMF WEO real GDP growth",10,"2019-2020","contraction",2019,2020,"2019-01-01","2020-01-01",1,-0.036,-0.036,197.434265449553,190.326631893369,96.4
"ROU","Romania","Eastern Europe","imf_weo_gdp_growth","IMF WEO real GDP growth",11,"2020-2031","expansion",2020,2031,"2020-01-01","2031-01-01",11,0.0260909090909091,0.326124786613387,190.326631893369,252.396864106438,132.612478661339
"RUS","Russian Federation","Eastern Europe","imf_weo_gdp_growth","IMF WEO real GDP growth",1,"1993-1996","contraction",1993,1996,"1993-01-01","1996-01-01",3,-0.068,-0.192932452,91.3,73.6852671324,80.7067548
"RUS","Russian Federation","Eastern Europe","imf_weo_gdp_growth","IMF WEO real GDP growth",2,"1996-1997","expansion",1996,1997,"1996-01-01","1997-01-01",1,0.014,0.014,73.6852671324,74.7168608722536,101.4
"RUS","Russian Federation","Eastern Europe","imf_weo_gdp_growth","IMF WEO real GDP growth",3,"1997-1998","contraction",1997,1998,"1997-01-01","1998-01-01",1,-0.053,-0.053,74.7168608722536,70.7568672460242,94.7
"RUS","Russian Federation","Eastern Europe","imf_weo_gdp_growth","IMF WEO real GDP growth",4,"1998-2008","expansion",1998,2008,"1998-01-01","2008-01-01",10,0.0691,0.948400297436154,70.7568672460242,137.862701187804,194.840029743615
"RUS","Russian Federation","Eastern Europe","imf_weo_gdp_growth","IMF WEO real GDP growth",5,"2008-2009","contraction",2008,2009,"2008-01-01","2009-01-01",1,-0.078,-0.078,137.862701187804,127.109410495155,92.2
"RUS","Russian Federation","Eastern Europe","imf_weo_gdp_growth","IMF WEO real GDP growth",6,"2009-2014","expansion",2009,2014,"2009-01-01","2014-01-01",5,0.03,0.158671214272,127.109410495155,147.27801500382,115.8671214272
"RUS","Russian Federation","Eastern Europe","imf_weo_gdp_growth","IMF WEO real GDP growth",7,"2014-2015","contraction",2014,2015,"2014-01-01","2015-01-01",1,-0.02,-0.0199999999999999,147.27801500382,144.332454703743,98
"RUS","Russian Federation","Eastern Europe","imf_weo_gdp_growth","IMF WEO real GDP growth",8,"2015-2019","expansion",2015,2019,"2015-01-01","2019-01-01",4,0.0175,0.0716661421760001,144.332454703743,154.676204923153,107.1666142176
"RUS","Russian Federation","Eastern Europe","imf_weo_gdp_growth","IMF WEO real GDP growth",9,"2019-2020","contraction",2019,2020,"2019-01-01","2020-01-01",1,-0.027,-0.027,154.676204923153,150.499947390228,97.3
"RUS","Russian Federation","Eastern Europe","imf_weo_gdp_growth","IMF WEO real GDP growth",10,"2020-2021","expansion",2020,2021,"2020-01-01","2021-01-01",1,0.059,0.0589999999999999,150.499947390228,159.379444286251,105.9
"RUS","Russian Federation","Eastern Europe","imf_weo_gdp_growth","IMF WEO real GDP growth",11,"2021-2022","contraction",2021,2022,"2021-01-01","2022-01-01",1,-0.014,-0.0140000000000001,159.379444286251,157.148132066244,98.6
"RUS","Russian Federation","Eastern Europe","imf_weo_gdp_growth","IMF WEO real GDP growth",12,"2022-2031","expansion",2022,2031,"2022-01-01","2031-01-01",9,0.018,0.173100980547733,157.148132066244,184.350627818155,117.310098054773
"RWA","Rwanda","Sub Saharan Africa","imf_weo_gdp_growth","IMF WEO real GDP growth",1,"1980-1981","expansion",1980,1981,"1980-01-01","1981-01-01",1,0.025,0.0249999999999999,96.4,98.81,102.5
"RWA","Rwanda","Sub Saharan Africa","imf_weo_gdp_growth","IMF WEO real GDP growth",2,"1981-1982","contraction",1981,1982,"1981-01-01","1982-01-01",1,-0.025,-0.0249999999999999,98.81,96.33975,97.5
"RWA","Rwanda","Sub Saharan Africa","imf_weo_gdp_growth","IMF WEO real GDP growth",3,"1982-1986","expansion",1982,1986,"1982-01-01","1986-01-01",4,0.07225,0.319280876,96.33975,127.099189773621,131.9280876
"RWA","Rwanda","Sub Saharan Africa","imf_weo_gdp_growth","IMF WEO real GDP growth",4,"1986-1987","contraction",1986,1987,"1986-01-01","1987-01-01",1,-0.003,-0.003,127.099189773621,126.7178922043,99.7
"RWA","Rwanda","Sub Saharan Africa","imf_weo_gdp_growth","IMF WEO real GDP growth",5,"1987-1988","expansion",1987,1988,"1987-01-01","1988-01-01",1,0.003,0.00299999999999989,126.7178922043,127.098045880913,100.3
"RWA","Rwanda","Sub Saharan Africa","imf_weo_gdp_growth","IMF WEO real GDP growth",6,"1988-1989","contraction",1988,1989,"1988-01-01","1989-01-01",1,-0.057,-0.0570000000000001,127.098045880913,119.853457265701,94.3
"RWA","Rwanda","Sub Saharan Africa","imf_weo_gdp_growth","IMF WEO real GDP growth",7,"1989-1990","expansion",1989,1990,"1989-01-01","1990-01-01",1,0.004,0.004,119.853457265701,120.332871094764,100.4
"RWA","Rwanda","Sub Saharan Africa","imf_weo_gdp_growth","IMF WEO real GDP growth",8,"1990-1991","contraction",1990,1991,"1990-01-01","1991-01-01",1,-0.043,-0.043,120.332871094764,115.158557637689,95.7
"RWA","Rwanda","Sub Saharan Africa","imf_weo_gdp_growth","IMF WEO real GDP growth",9,"1991-1992","expansion",1991,1992,"1991-01-01","1992-01-01",1,0.066,0.0660000000000001,115.158557637689,122.759022441776,106.6
"RWA","Rwanda","Sub Saharan Africa","imf_weo_gdp_growth","IMF WEO real GDP growth",10,"1992-1994","contraction",1992,1994,"1992-01-01","1994-01-01",2,-0.2615,-0.479424,122.759022441776,63.9054008666502,52.0576
"RWA","Rwanda","Sub Saharan Africa","imf_weo_gdp_growth","IMF WEO real GDP growth",11,"1994-2019","expansion",1994,2019,"1994-01-01","2019-01-01",25,0.0868,6.86499265286806,63.9054008666502,502.615508294792,786.499265286806
"RWA","Rwanda","Sub Saharan Africa","imf_weo_gdp_growth","IMF WEO real GDP growth",12,"2019-2020","contraction",2019,2020,"2019-01-01","2020-01-01",1,-0.028,-0.0279999999999999,502.615508294792,488.542274062538,97.2
"RWA","Rwanda","Sub Saharan Africa","imf_weo_gdp_growth","IMF WEO real GDP growth",13,"2020-2031","expansion",2020,2031,"2020-01-01","2031-01-01",11,0.0754545454545455,1.22501056802077,488.542274062538,1087.01172271404,222.501056802077
"SAU","Saudi Arabia","Middle East and North Africa","imf_weo_gdp_growth","IMF WEO real GDP growth",1,"1980-1981","expansion",1980,1981,"1980-01-01","1981-01-01",1,0.03,0.03,105.8,108.974,103
"SAU","Saudi Arabia","Middle East and North Africa","imf_weo_gdp_growth","IMF WEO real GDP growth",2,"1981-1985","contraction",1981,1985,"1981-01-01","1985-01-01",4,-0.09575,-0.3347709952,108.974,72.4926655690752,66.52290048
"SAU","Saudi Arabia","Middle East and North Africa","imf_weo_gdp_growth","IMF WEO real GDP growth",3,"1985-1986","expansion",1985,1986,"1985-01-01","1986-01-01",1,0.01,0.01,72.4926655690752,73.217592224766,101
"SAU","Saudi Arabia","Middle East and North Africa","imf_weo_gdp_growth","IMF WEO real GDP growth",4,"1986-1987","contraction",1986,1987,"1986-01-01","1987-01-01",1,-0.031,-0.0310000000000001,73.217592224766,70.9478468657982,96.9
"SAU","Saudi Arabia","Middle East and North Africa","imf_weo_gdp_growth","IMF WEO real GDP growth",5,"1987-1998","expansion",1987,1998,"1987-01-01","1998-01-01",11,0.036,0.468466357703878,70.9478468657982,104.184526273951,146.846635770388
"SAU","Saudi Arabia","Middle East and North Africa","imf_weo_gdp_growth","IMF WEO real GDP growth",6,"1998-1999","contraction",1998,1999,"1998-01-01","1999-01-01",1,-0.006,-0.00600000000000001,104.184526273951,103.559419116307,99.4
"SAU","Saudi Arabia","Middle East and North Africa","imf_weo_gdp_growth","IMF WEO real GDP growth",7,"1999-2001","expansion",1999,2001,"1999-01-01","2001-01-01",2,0.025,0.0501409999999998,103.559419116307,108.751991950218,105.0141
"SAU","Saudi Arabia","Middle East and North Africa","imf_weo_gdp_growth","IMF WEO real GDP growth",8,"2001-2002","contraction",2001,2002,"2001-01-01","2002-01-01",1,-0.007,-0.0069999999999999,108.751991950218,107.990728006567,99.3
"SAU","Saudi Arabia","Middle East and North Africa","imf_weo_gdp_growth","IMF WEO real GDP growth",9,"2002-2008","expansion",2002,2008,"2002-01-01","2008-01-01",6,0.0583333333333333,0.402911950740038,107.990728006567,151.501482889529,140.291195074004
"SAU","Saudi Arabia","Middle East and North Africa","imf_weo_gdp_growth","IMF WEO real GDP growth",10,"2008-2009","contraction",2008,2009,"2008-01-01","2009-01-01",1,-0.011,-0.0110000000000001,151.501482889529,149.834966577745,98.9
"SAU","Saudi Arabia","Middle East and North Africa","imf_weo_gdp_growth","IMF WEO real GDP growth",11,"2009-2019","expansion",2009,2019,"2009-01-01","2019-01-01",10,0.042,0.503191397470186,149.834966577745,225.230632799898,150.319139747019
"SAU","Saudi Arabia","Middle East and North Africa","imf_weo_gdp_growth","IMF WEO real GDP growth",12,"2019-2020","contraction",2019,2020,"2019-01-01","2020-01-01",1,-0.038,-0.0380000000000001,225.230632799898,216.671868753502,96.2
"SAU","Saudi Arabia","Middle East and North Africa","imf_weo_gdp_growth","IMF WEO real GDP growth",13,"2020-2031","expansion",2020,2031,"2020-01-01","2031-01-01",11,0.0435454545454545,0.592107944894644,216.671868753502,344.965003677621,159.210794489464
"SDN","Sudan (Former)","Sub Saharan Africa","imf_weo_gdp_growth","IMF WEO real GDP growth",1,"1980-1982","expansion",1980,1982,"1980-01-01","1982-01-01",2,0.052,0.106583,102.5,113.4247575,110.6583
"SDN","Sudan (Former)","Sub Saharan Africa","imf_weo_gdp_growth","IMF WEO real GDP growth",2,"1982-1985","contraction",1982,1985,"1982-01-01","1985-01-01",3,-0.0256666666666667,-0.0757390400000001,113.4247575,104.834075254717,92.426096
"SDN","Sudan (Former)","Sub Saharan Africa","imf_weo_gdp_growth","IMF WEO real GDP growth",3,"1985-2008","expansion",1985,2008,"1985-01-01","2008-01-01",23,0.0577391304347826,2.61467400880861,104.834075254717,378.941007060712,361.467400880861
"SDN","Sudan (Former)","Sub Saharan Africa","imf_weo_gdp_growth","IMF WEO real GDP growth",4,"2008-2009","contraction",2008,2009,"2008-01-01","2009-01-01",1,-0.028,-0.0280000000000001,378.941007060712,368.330658863012,97.2
"SDN","Sudan (Former)","Sub Saharan Africa","imf_weo_gdp_growth","IMF WEO real GDP growth",5,"2009-2010","expansion",2009,2010,"2009-01-01","2010-01-01",1,0.039,0.0389999999999999,368.330658863012,382.695554558669,103.9
"SDN","Sudan (Former)","Sub Saharan Africa","imf_weo_gdp_growth","IMF WEO real GDP growth",6,"2010-2012","contraction",2010,2012,"2010-01-01","2012-01-01",2,-0.101,-0.19656,382.695554558669,307.472916354617,80.344
"SDN","Sudan (Former)","Sub Saharan Africa","imf_weo_gdp_growth","IMF WEO real GDP growth",7,"2012-2017","expansion",2012,2017,"2012-01-01","2017-01-01",5,0.0342,0.18230507946656,307.472916354617,363.526790804461,118.230507946656
"SDN","Sudan (Former)","Sub Saharan Africa","imf_weo_gdp_growth","IMF WEO real GDP growth",8,"2017-2020","contraction",2017,2020,"2017-01-01","2020-01-01",3,-0.028,-0.0817177000000002,363.526790804461,333.820217571539,91.82823
"SDN","Sudan (Former)","Sub Saharan Africa","imf_weo_gdp_growth","IMF WEO real GDP growth",9,"2020-2021","expansion",2020,2021,"2020-01-01","2021-01-01",1,0.005,0.00500000000000012,333.820217571539,335.489318659397,100.5
"SDN","Sudan (Former)","Sub Saharan Africa","imf_weo_gdp_growth","IMF WEO real GDP growth",10,"2021-2024","contraction",2021,2024,"2021-01-01","2024-01-01",3,-0.155666666666667,-0.4084948,335.489318659397,198.44367653149,59.15052
"SDN","Sudan (Former)","Sub Saharan Africa","imf_weo_gdp_growth","IMF WEO real GDP growth",11,"2024-2031","expansion",2024,2031,"2024-01-01","2031-01-01",7,0.0622857142857143,0.520178457305003,198.44367653149,301.669802051574,152.0178457305
"SEN","Senegal","Sub Saharan Africa","imf_weo_gdp_growth","IMF WEO real GDP growth",1,"1980-1982","expansion",1980,1982,"1980-01-01","1982-01-01",2,0.0645,0.132978,99.2,112.3914176,113.2978
"SEN","Senegal","Sub Saharan Africa","imf_weo_gdp_growth","IMF WEO real GDP growth",2,"1982-1983","contraction",1982,1983,"1982-01-01","1983-01-01",1,-0.053,-0.0529999999999999,112.3914176,106.4346724672,94.7
"SEN","Senegal","Sub Saharan Africa","imf_weo_gdp_growth","IMF WEO real GDP growth",3,"1983-1987","expansion",1983,1987,"1983-01-01","1987-01-01",4,0.0405,0.171799010910999,106.4346724672,124.720043923701,117.1799010911
"SEN","Senegal","Sub Saharan Africa","imf_weo_gdp_growth","IMF WEO real GDP growth",4,"1987-1988","contraction",1987,1988,"1987-01-01","1988-01-01",1,-0.006,-0.00599999999999989,124.720043923701,123.971723660159,99.4
"SEN","Senegal","Sub Saharan Africa","imf_weo_gdp_growth","IMF WEO real GDP growth",5,"1988-1989","expansion",1988,1989,"1988-01-01","1989-01-01",1,0.04,0.04,123.971723660159,128.930592606565,104
"SEN","Senegal","Sub Saharan Africa","imf_weo_gdp_growth","IMF WEO real GDP growth",6,"1989-1990","contraction",1989,1990,"1989-01-01","1990-01-01",1,-0.007,-0.00700000000000001,128.930592606565,128.028078458319,99.3
"SEN","Senegal","Sub Saharan Africa","imf_weo_gdp_growth","IMF WEO real GDP growth",7,"1990-1993","expansion",1990,1993,"1990-01-01","1993-01-01",3,0.017,0.0518100559999999,128.028078458319,134.661220372817,105.1810056
"SEN","Senegal","Sub Saharan Africa","imf_weo_gdp_growth","IMF WEO real GDP growth",8,"1993-1994","contraction",1993,1994,"1993-01-01","1994-01-01",1,-0.002,-0.002,134.661220372817,134.391897932072,99.8
"SEN","Senegal","Sub Saharan Africa","imf_weo_gdp_growth","IMF WEO real GDP growth",9,"1994-2031","expansion",1994,2031,"1994-01-01","2031-01-01",37,0.0418108108108108,3.52531276939914,134.391897932072,608.165371815789,452.531276939914
"SGP","Singapore","South and South East Asia","imf_weo_gdp_growth","IMF WEO real GDP growth",1,"1980-1984","expansion",1980,1984,"1980-01-01","1984-01-01",4,0.08825,0.402128935424,110.1,154.374395790182,140.2128935424
"SGP","Singapore","South and South East Asia","imf_weo_gdp_growth","IMF WEO real GDP growth",2,"1984-1985","contraction",1984,1985,"1984-01-01","1985-01-01",1,-0.006,-0.00599999999999978,154.374395790182,153.448149415441,99.4
"SGP","Singapore","South and South East Asia","imf_weo_gdp_growth","IMF WEO real GDP growth",3,"1985-1997","expansion",1985,1997,"1985-01-01","1997-01-01",12,0.08525,1.65809538481755,153.448149415441,407.879817769979,265.809538481755
"SGP","Singapore","South and South East Asia","imf_weo_gdp_growth","IMF WEO real GDP growth",4,"1997-1998","contraction",1997,1998,"1997-01-01","1998-01-01",1,-0.022,-0.022,407.879817769979,398.906461779039,97.8
"SGP","Singapore","South and South East Asia","imf_weo_gdp_growth","IMF WEO real GDP growth",5,"1998-2000","expansion",1998,2000,"1998-01-01","2000-01-01",2,0.0735,0.15213,398.906461779039,459.592101809484,115.213
"SGP","Singapore","South and South East Asia","imf_weo_gdp_growth","IMF WEO real GDP growth",6,"2000-2001","contraction",2000,2001,"2000-01-01","2001-01-01",1,-0.011,-0.0110000000000001,459.592101809484,454.53658868958,98.9
"SGP","Singapore","South and South East Asia","imf_weo_gdp_growth","IMF WEO real GDP growth",7,"2001-2019","expansion",2001,2019,"2001-01-01","2019-01-01",18,0.0528333333333333,1.50264755048548,454.53658868958,1137.54488029,250.264755048547
"SGP","Singapore","South and South East Asia","imf_weo_gdp_growth","IMF WEO real GDP growth",8,"2019-2020","contraction",2019,2020,"2019-01-01","2020-01-01",1,-0.036,-0.0359999999999999,1137.54488029,1096.59326459956,96.4
"SGP","Singapore","South and South East Asia","imf_weo_gdp_growth","IMF WEO real GDP growth",9,"2020-2031","expansion",2020,2031,"2020-01-01","2031-01-01",11,0.0382727272727273,0.507685040571309,1096.59326459956,1653.31726062801,150.768504057131
"SLE","Sierra Leone","Sub Saharan Africa","imf_weo_gdp_growth","IMF WEO real GDP growth",1,"1980-1982","expansion",1980,1982,"1980-01-01","1982-01-01",2,0.0185,0.0373419999999998,99.4,103.1117948,103.7342
"SLE","Sierra Leone","Sub Saharan Africa","imf_weo_gdp_growth","IMF WEO real GDP growth",2,"1982-1983","contraction",1982,1983,"1982-01-01","1983-01-01",1,-0.016,-0.0159999999999999,103.1117948,101.4620060832,98.4
"SLE","Sierra Leone","Sub Saharan Africa","imf_weo_gdp_growth","IMF WEO real GDP growth",3,"1983-1984","expansion",1983,1984,"1983-01-01","1984-01-01",1,0.017,0.0169999999999999,101.4620060832,103.186860186614,101.7
"SLE","Sierra Leone","Sub Saharan Africa","imf_weo_gdp_growth","IMF WEO real GDP growth",4,"1984-1985","contraction",1984,1985,"1984-01-01","1985-01-01",1,-0.067,-0.0670000000000001,103.186860186614,96.2733405541112,93.3
"SLE","Sierra Leone","Sub Saharan Africa","imf_weo_gdp_growth","IMF WEO real GDP growth",5,"1985-1990","expansion",1985,1990,"1985-01-01","1990-01-01",5,0.0224,0.1164590108672,96.2733405541112,107.485238567924,111.64590108672
"SLE","Sierra Leone","Sub Saharan Africa","imf_weo_gdp_growth","IMF WEO real GDP growth",6,"1990-1992","contraction",1990,1992,"1990-01-01","1992-01-01",2,-0.088,-0.16832,107.485238567924,89.3933232121711,83.168
"SLE","Sierra Leone","Sub Saharan Africa","imf_weo_gdp_growth","IMF WEO real GDP growth",7,"1992-1994","expansion",1992,1994,"1992-01-01","1994-01-01",2,0.018,0.0360349999999998,89.3933232121711,92.6146116141217,103.6035
"SLE","Sierra Leone","Sub Saharan Africa","imf_weo_gdp_growth","IMF WEO real GDP growth",8,"1994-1999","contraction",1994,1999,"1994-01-01","1999-01-01",5,-0.1226,-0.4915892260864,92.6146116141217,47.0862663664431,50.84107739136
"SLE","Sierra Leone","Sub Saharan Africa","imf_weo_gdp_growth","IMF WEO real GDP growth",9,"1999-2013","expansion",1999,2013,"1999-01-01","2013-01-01",14,0.0856428571428571,2.08884679254885,47.0862663664431,145.442262839088,308.884679254885
"SLE","Sierra Leone","Sub Saharan Africa","imf_weo_gdp_growth","IMF WEO real GDP growth",10,"2013-2015","contraction",2013,2015,"2013-01-01","2015-01-01",2,-0.0185,-0.036814,145.442262839088,140.08795137493,96.3186
"SLE","Sierra Leone","Sub Saharan Africa","imf_weo_gdp_growth","IMF WEO real GDP growth",11,"2015-2019","expansion",2015,2019,"2015-01-01","2019-01-01",4,0.04375,0.18668438471,140.08795137493,166.240184382643,118.668438471
"SLE","Sierra Leone","Sub Saharan Africa","imf_weo_gdp_growth","IMF WEO real GDP growth",12,"2019-2020","contraction",2019,2020,"2019-01-01","2020-01-01",1,-0.013,-0.0129999999999999,166.240184382643,164.079061985669,98.7
"SLE","Sierra Leone","Sub Saharan Africa","imf_weo_gdp_growth","IMF WEO real GDP growth",13,"2020-2031","expansion",2020,2031,"2020-01-01","2031-01-01",11,0.0482727272727273,0.679416600986497,164.079061985669,275.557100573025,167.94166009865
"SLV","El Salvador","Latin America","imf_weo_gdp_growth","IMF WEO real GDP growth",1,"1980-1982","contraction",1980,1982,"1980-01-01","1982-01-01",2,-0.06,-0.116409,91.4,80.7602174,88.3591
"SLV","El Salvador","Latin America","imf_weo_gdp_growth","IMF WEO real GDP growth",2,"1982-2008","expansion",1982,2008,"1982-01-01","2008-01-01",26,0.0243846153846154,0.864089952276181,80.7602174,150.54430979898,186.408995227618
"SLV","El Salvador","Latin America","imf_weo_gdp_growth","IMF WEO real GDP growth",3,"2008-2009","contraction",2008,2009,"2008-01-01","2009-01-01",1,-0.021,-0.021,150.54430979898,147.382879293201,97.9
"SLV","El Salvador","Latin America","imf_weo_gdp_growth","IMF WEO real GDP growth",4,"2009-2019","expansion",2009,2019,"2009-01-01","2019-01-01",10,0.0246,0.274933192526257,147.382879293201,187.903324820993,127.493319252626
"SLV","El Salvador","Latin America","imf_weo_gdp_growth","IMF WEO real GDP growth",5,"2019-2020","contraction",2019,2020,"2019-01-01","2020-01-01",1,-0.079,-0.0790000000000001,187.903324820993,173.058962160135,92.1
"SLV","El Salvador","Latin America","imf_weo_gdp_growth","IMF WEO real GDP growth",6,"2020-2031","expansion",2020,2031,"2020-01-01","2031-01-01",11,0.0390909090909091,0.519918227372613,173.058962160135,263.035470997376,151.991822737261
"SRB","Serbia","Eastern Europe","imf_weo_gdp_growth","IMF WEO real GDP growth",1,"1998-1999","contraction",1998,1999,"1998-01-01","1999-01-01",1,-0.103,-0.103,105.3,94.4541,89.7
"SRB","Serbia","Eastern Europe","imf_weo_gdp_growth","IMF WEO real GDP growth",2,"1999-2008","expansion",1999,2008,"1999-01-01","2008-01-01",9,0.0594444444444444,0.680654167149183,94.4541,158.744676769326,168.065416714918
"SRB","Serbia","Eastern Europe","imf_weo_gdp_growth","IMF WEO real GDP growth",3,"2008-2009","contraction",2008,2009,"2008-01-01","2009-01-01",1,-0.031,-0.031,158.744676769326,153.823591789477,96.9
"SRB","Serbia","Eastern Europe","imf_weo_gdp_growth","IMF WEO real GDP growth",4,"2009-2011","expansion",2009,2011,"2009-01-01","2011-01-01",2,0.0085,0.0170159999999997,153.823591789477,156.441054027366,101.7016
"SRB","Serbia","Eastern Europe","imf_weo_gdp_growth","IMF WEO real GDP growth",5,"2011-2012","contraction",2011,2012,"2011-01-01","2012-01-01",1,-0.004,-0.00399999999999989,156.441054027366,155.815289811257,99.6
"SRB","Serbia","Eastern Europe","imf_weo_gdp_growth","IMF WEO real GDP growth",6,"2012-2013","expansion",2012,2013,"2012-01-01","2013-01-01",1,0.005,0.00499999999999989,155.815289811257,156.594366260313,100.5
"SRB","Serbia","Eastern Europe","imf_weo_gdp_growth","IMF WEO real GDP growth",7,"2013-2014","contraction",2013,2014,"2013-01-01","2014-01-01",1,-0.018,-0.0180000000000001,156.594366260313,153.775667667627,98.2
"SRB","Serbia","Eastern Europe","imf_weo_gdp_growth","IMF WEO real GDP growth",8,"2014-2019","expansion",2014,2019,"2014-01-01","2019-01-01",5,0.0322,0.17122300428288,153.775667667627,180.105599471284,117.122300428288
"SRB","Serbia","Eastern Europe","imf_weo_gdp_growth","IMF WEO real GDP growth",9,"2019-2020","contraction",2019,2020,"2019-01-01","2020-01-01",1,-0.01,-0.0100000000000001,180.105599471284,178.304543476571,99
"SRB","Serbia","Eastern Europe","imf_weo_gdp_growth","IMF WEO real GDP growth",10,"2020-2031","expansion",2020,2031,"2020-01-01","2031-01-01",11,0.0368181818181818,0.486898172276394,178.304543476571,265.120699803891,148.689817227639
"STP","Sao Tome and Principe","Sub Saharan Africa","imf_weo_gdp_growth","IMF WEO real GDP growth",1,"1980-1981","contraction",1980,1981,"1980-01-01","1981-01-01",1,-0.103,-0.103,98.9,88.7133,89.7
"STP","Sao Tome and Principe","Sub Saharan Africa","imf_weo_gdp_growth","IMF WEO real GDP growth",2,"1981-1982","expansion",1981,1982,"1981-01-01","1982-01-01",1,0.031,0.0309999999999999,88.7133,91.4634123,103.1
"STP","Sao Tome and Principe","Sub Saharan Africa","imf_weo_gdp_growth","IMF WEO real GDP growth",3,"1982-1984","contraction",1982,1984,"1982-01-01","1984-01-01",2,-0.0495,-0.09666,91.4634123,82.622558867082,90.334
"STP","Sao Tome and Principe","Sub Saharan Africa","imf_weo_gdp_growth","IMF WEO real GDP growth",4,"1984-1985","expansion",1984,1985,"1984-01-01","1985-01-01",1,0.093,0.0929999999999997,82.622558867082,90.3064568417206,109.3
"STP","Sao Tome and Principe","Sub Saharan Africa","imf_weo_gdp_growth","IMF WEO real GDP growth",5,"1985-1987","contraction",1985,1987,"1985-01-01","1987-01-01",2,-0.0435,-0.085318,90.3064568417206,82.6016905568987,91.4682
"STP","Sao Tome and Principe","Sub Saharan Africa","imf_weo_gdp_growth","IMF WEO real GDP growth",6,"1987-1989","expansion",1987,1989,"1987-01-01","1989-01-01",2,0.0255,0.0516199999999998,82.6016905568987,86.8655898234458,105.162
"STP","Sao Tome and Principe","Sub Saharan Africa","imf_weo_gdp_growth","IMF WEO real GDP growth",7,"1989-1990","contraction",1989,1990,"1989-01-01","1990-01-01",1,-0.022,-0.022,86.8655898234458,84.95454684733,97.8
"STP","Sao Tome and Principe","Sub Saharan Africa","imf_weo_gdp_growth","IMF WEO real GDP growth",8,"1990-2031","expansion",1990,2031,"1990-01-01","2031-01-01",41,0.0301219512195122,2.35011083342769,84.95454684733,284.60714774218,335.011083342769
"SVK","Slovakia","Eastern Europe","imf_weo_gdp_growth","IMF WEO real GDP growth",1,"1994-1998","expansion",1994,1998,"1994-01-01","1998-01-01",4,0.0575,0.249962552072,106.2,132.746023030046,124.9962552072
"SVK","Slovakia","Eastern Europe","imf_weo_gdp_growth","IMF WEO real GDP growth",2,"1998-1999","contraction",1998,1999,"1998-01-01","1999-01-01",1,-0.005,-0.00500000000000023,132.746023030046,132.082292914896,99.5
"SVK","Slovakia","Eastern Europe","imf_weo_gdp_growth","IMF WEO real GDP growth",3,"1999-2008","expansion",1999,2008,"1999-01-01","2008-01-01",9,0.0555555555555556,0.621624747257281,132.082292914896,214.187914865281,162.162474725728
"SVK","Slovakia","Eastern Europe","imf_weo_gdp_growth","IMF WEO real GDP growth",4,"2008-2009","contraction",2008,2009,"2008-01-01","2009-01-01",1,-0.055,-0.055,214.187914865281,202.40757954769,94.5
"SVK","Slovakia","Eastern Europe","imf_weo_gdp_growth","IMF WEO real GDP growth",5,"2009-2019","expansion",2009,2019,"2009-01-01","2019-01-01",10,0.0308,0.352520627672496,202.40757954769,273.760426535513,135.25206276725
"SVK","Slovakia","Eastern Europe","imf_weo_gdp_growth","IMF WEO real GDP growth",6,"2019-2020","contraction",2019,2020,"2019-01-01","2020-01-01",1,-0.026,-0.026,273.760426535513,266.642655445589,97.4
"SVK","Slovakia","Eastern Europe","imf_weo_gdp_growth","IMF WEO real GDP growth",7,"2020-2031","expansion",2020,2031,"2020-01-01","2031-01-01",11,0.0202727272727273,0.245842367533193,266.642655445589,332.19471714567,124.584236753319
"SVN","Slovenia","Eastern Europe","imf_weo_gdp_growth","IMF WEO real GDP growth",1,"1993-2008","expansion",1993,2008,"1993-01-01","2008-01-01",15,0.0426,0.867813411567576,102.8,192.011218709147,186.781341156758
"SVN","Slovenia","Eastern Europe","imf_weo_gdp_growth","IMF WEO real GDP growth",2,"2008-2009","contraction",2008,2009,"2008-01-01","2009-01-01",1,-0.076,-0.0759999999999998,192.011218709147,177.418366087252,92.4
"SVN","Slovenia","Eastern Europe","imf_weo_gdp_growth","IMF WEO real GDP growth",3,"2009-2011","expansion",2009,2011,"2009-01-01","2011-01-01",2,0.009,0.0180769999999997,177.418366087252,180.625557891011,101.8077
"SVN","Slovenia","Eastern Europe","imf_weo_gdp_growth","IMF WEO real GDP growth",4,"2011-2013","contraction",2011,2013,"2011-01-01","2013-01-01",2,-0.0185,-0.0367679999999999,180.625557891011,173.984317378474,96.3232
"SVN","Slovenia","Eastern Europe","imf_weo_gdp_growth","IMF WEO real GDP growth",5,"2013-2019","expansion",2013,2019,"2013-01-01","2019-01-01",6,0.0355,0.232499876072653,173.984317378474,214.435649607555,123.249987607265
"SVN","Slovenia","Eastern Europe","imf_weo_gdp_growth","IMF WEO real GDP growth",6,"2019-2020","contraction",2019,2020,"2019-01-01","2020-01-01",1,-0.041,-0.0410000000000001,214.435649607555,205.643787973645,95.9
"SVN","Slovenia","Eastern Europe","imf_weo_gdp_growth","IMF WEO real GDP growth",7,"2020-2031","expansion",2020,2031,"2020-01-01","2031-01-01",11,0.0262727272727273,0.327779095534747,205.643787973645,273.049522797985,132.777909553475
"SWE","Sweden","Western Europe","imf_weo_gdp_growth","IMF WEO real GDP growth",1,"1980-1990","expansion",1980,1990,"1980-01-01","1990-01-01",10,0.0266,0.29936406348079,104.6,135.913481040091,129.936406348079
"SWE","Sweden","Western Europe","imf_weo_gdp_growth","IMF WEO real GDP growth",2,"1990-1993","contraction",1990,1993,"1990-01-01","1993-01-01",3,-0.0133333333333333,-0.039485178,135.913481040091,130.546913048623,96.0514822
"SWE","Sweden","Western Europe","imf_weo_gdp_growth","IMF WEO real GDP growth",3,"1993-2007","expansion",1993,2007,"1993-01-01","2007-01-01",14,0.0331428571428571,0.577269098428078,130.546913048623,205.90761184677,157.726909842808
"SWE","Sweden","Western Europe","imf_weo_gdp_growth","IMF WEO real GDP growth",4,"2007-2009","contraction",2007,2009,"2007-01-01","2009-01-01",2,-0.026,-0.051613,205.90761184677,195.280102276523,94.8387
"SWE","Sweden","Western Europe","imf_weo_gdp_growth","IMF WEO real GDP growth",5,"2009-2011","expansion",2009,2011,"2009-01-01","2011-01-01",2,0.045,0.0918560000000002,195.280102276523,213.217751351235,109.1856
"SWE","Sweden","Western Europe","imf_weo_gdp_growth","IMF WEO real GDP growth",6,"2011-2012","contraction",2011,2012,"2011-01-01","2012-01-01",1,-0.004,-0.004,213.217751351235,212.36488034583,99.6
"SWE","Sweden","Western Europe","imf_weo_gdp_growth","IMF WEO real GDP growth",7,"2012-2019","expansion",2012,2019,"2012-01-01","2019-01-01",7,0.0231428571428571,0.173335883959081,212.36488034583,249.175334602439,117.333588395908
"SWE","Sweden","Western Europe","imf_weo_gdp_growth","IMF WEO real GDP growth",8,"2019-2020","contraction",2019,2020,"2019-01-01","2020-01-01",1,-0.019,-0.0189999999999999,249.175334602439,244.441003244993,98.1
"SWE","Sweden","Western Europe","imf_weo_gdp_growth","IMF WEO real GDP growth",9,"2020-2022","expansion",2020,2022,"2020-01-01","2022-01-01",2,0.0325,0.0656760000000001,244.441003244993,260.494910574111,106.5676
"SWE","Sweden","Western Europe","imf_weo_gdp_growth","IMF WEO real GDP growth",10,"2022-2023","contraction",2022,2023,"2022-01-01","2023-01-01",1,-0.002,-0.00200000000000011,260.494910574111,259.973920752963,99.8
"SWE","Sweden","Western Europe","imf_weo_gdp_growth","IMF WEO real GDP growth",11,"2023-2031","expansion",2023,2031,"2023-01-01","2031-01-01",8,0.0175,0.148833930598158,259.973920752963,298.66686123164,114.883393059816
"SWZ","Swaziland","Sub Saharan Africa","imf_weo_gdp_growth","IMF WEO real GDP growth",1,"1980-1982","expansion",1980,1982,"1980-01-01","1982-01-01",2,0.0415,0.083966,96.2,104.2775292,108.3966
"SWZ","Swaziland","Sub Saharan Africa","imf_weo_gdp_growth","IMF WEO real GDP growth",2,"1982-1983","contraction",1982,1983,"1982-01-01","1983-01-01",1,-0.005,-0.00500000000000012,104.2775292,103.756141554,99.5
"SWZ","Swaziland","Sub Saharan Africa","imf_weo_gdp_growth","IMF WEO real GDP growth",3,"1983-2019","expansion",1983,2019,"1983-01-01","2019-01-01",36,0.0425833333333333,3.40569502470825,103.756141554,457.117916627382,440.569502470825
"SWZ","Swaziland","Sub Saharan Africa","imf_weo_gdp_growth","IMF WEO real GDP growth",4,"2019-2020","contraction",2019,2020,"2019-01-01","2020-01-01",1,-0.03,-0.0300000000000001,457.117916627382,443.404379128561,97
"SWZ","Swaziland","Sub Saharan Africa","imf_weo_gdp_growth","IMF WEO real GDP growth",5,"2020-2031","expansion",2020,2031,"2020-01-01","2031-01-01",11,0.0304545454545455,0.39029435227552,443.404379128561,616.462604076672,139.029435227552
"SYC","Seychelles","Sub Saharan Africa","imf_weo_gdp_growth","IMF WEO real GDP growth",1,"1980-1983","contraction",1980,1983,"1980-01-01","1983-01-01",3,-0.022,-0.064825914,97.7,91.3665082022,93.5174086
"SYC","Seychelles","Sub Saharan Africa","imf_weo_gdp_growth","IMF WEO real GDP growth",2,"1983-1993","expansion",1983,1993,"1983-01-01","1993-01-01",10,0.0607,0.795956490283163,91.3665082022,164.090273400251,179.595649028316
"SYC","Seychelles","Sub Saharan Africa","imf_weo_gdp_growth","IMF WEO real GDP growth",3,"1993-1994","contraction",1993,1994,"1993-01-01","1994-01-01",1,-0.024,-0.0239999999999999,164.090273400251,160.152106838645,97.6
"SYC","Seychelles","Sub Saharan Africa","imf_weo_gdp_growth","IMF WEO real GDP growth",4,"1994-2000","expansion",1994,2000,"1994-01-01","2000-01-01",6,0.0523333333333333,0.351244569734674,160.152106838645,216.404664697286,135.124456973467
"SYC","Seychelles","Sub Saharan Africa","imf_weo_gdp_growth","IMF WEO real GDP growth",5,"2000-2001","contraction",2000,2001,"2000-01-01","2001-01-01",1,-0.023,-0.023,216.404664697286,211.427357409249,97.7
"SYC","Seychelles","Sub Saharan Africa","imf_weo_gdp_growth","IMF WEO real GDP growth",6,"2001-2002","expansion",2001,2002,"2001-01-01","2002-01-01",1,0.012,0.0120000000000002,211.427357409249,213.96448569816,101.2
"SYC","Seychelles","Sub Saharan Africa","imf_weo_gdp_growth","IMF WEO real GDP growth",7,"2002-2004","contraction",2002,2004,"2002-01-01","2004-01-01",2,-0.044,-0.0862890000000002,213.96448569816,195.501704191751,91.3711
"SYC","Seychelles","Sub Saharan Africa","imf_weo_gdp_growth","IMF WEO real GDP growth",8,"2004-2007","expansion",2004,2007,"2004-01-01","2007-01-01",3,0.096,0.316475840000001,195.501704191751,257.373270247267,131.647584
"SYC","Seychelles","Sub Saharan Africa","imf_weo_gdp_growth","IMF WEO real GDP growth",9,"2007-2009","contraction",2007,2009,"2007-01-01","2009-01-01",2,-0.016,-0.0317690000000002,257.373270247267,249.196778824782,96.8231
"SYC","Seychelles","Sub Saharan Africa","imf_weo_gdp_growth","IMF WEO real GDP growth",10,"2009-2019","expansion",2009,2019,"2009-01-01","2019-01-01",10,0.0653,0.878188308744624,249.196778824782,468.038476565525,187.818830874462
"SYC","Seychelles","Sub Saharan Africa","imf_weo_gdp_growth","IMF WEO real GDP growth",11,"2019-2020","contraction",2019,2020,"2019-01-01","2020-01-01",1,-0.118,-0.118,468.038476565525,412.809936330793,88.2
"SYC","Seychelles","Sub Saharan Africa","imf_weo_gdp_growth","IMF WEO real GDP growth",12,"2020-2031","expansion",2020,2031,"2020-01-01","2031-01-01",11,0.039,0.519271305441872,412.809936330793,627.17029086866,151.927130544187
"SYR","Syrian Arab Republic","Middle East and North Africa","imf_weo_gdp_growth","IMF WEO real GDP growth",1,"1980-1983","expansion",1980,1983,"1980-01-01","1983-01-01",3,0.0423333333333333,0.13102136,110.5,124.97786028,113.102136
"SYR","Syrian Arab Republic","Middle East and North Africa","imf_weo_gdp_growth","IMF WEO real GDP growth",2,"1983-1984","contraction",1983,1984,"1983-01-01","1984-01-01",1,-0.065,-0.0649999999999999,124.97786028,116.8542993618,93.5
"SYR","Syrian Arab Republic","Middle East and North Africa","imf_weo_gdp_growth","IMF WEO real GDP growth",3,"1984-1985","expansion",1984,1985,"1984-01-01","1985-01-01",1,0.073,0.073,116.8542993618,125.384663215211,107.3
"SYR","Syrian Arab Republic","Middle East and North Africa","imf_weo_gdp_growth","IMF WEO real GDP growth",4,"1985-1986","contraction",1985,1986,"1985-01-01","1986-01-01",1,-0.048,-0.0480000000000002,125.384663215211,119.366199380881,95.2
"SYR","Syrian Arab Republic","Middle East and North Africa","imf_weo_gdp_growth","IMF WEO real GDP growth",5,"1986-1988","expansion",1986,1988,"1986-01-01","1988-01-01",2,0.07,0.141651,119.366199380881,136.274540889382,114.1651
"SYR","Syrian Arab Republic","Middle East and North Africa","imf_weo_gdp_growth","IMF WEO real GDP growth",6,"1988-1989","contraction",1988,1989,"1988-01-01","1989-01-01",1,-0.061,-0.0610000000000001,136.274540889382,127.96179389513,93.9
"SYR","Syrian Arab Republic","Middle East and North Africa","imf_weo_gdp_growth","IMF WEO real GDP growth",7,"1989-1996","expansion",1989,1996,"1989-01-01","1996-01-01",7,0.0794285714285714,0.701757595594098,127.96179389513,217.759954706884,170.17575955941
"SYR","Syrian Arab Republic","Middle East and North Africa","imf_weo_gdp_growth","IMF WEO real GDP growth",8,"1996-1997","contraction",1996,1997,"1996-01-01","1997-01-01",1,-0.011,-0.0110000000000001,217.759954706884,215.364595205108,98.9
"SYR","Syrian Arab Republic","Middle East and North Africa","imf_weo_gdp_growth","IMF WEO real GDP growth",9,"1997-1998","expansion",1997,1998,"1997-01-01","1998-01-01",1,0.056,0.056,215.364595205108,227.425012536594,105.6
"SYR","Syrian Arab Republic","Middle East and North Africa","imf_weo_gdp_growth","IMF WEO real GDP growth",10,"1998-1999","contraction",1998,1999,"1998-01-01","1999-01-01",1,-0.031,-0.031,227.425012536594,220.37483714796,96.9
"SYR","Syrian Arab Republic","Middle East and North Africa","imf_weo_gdp_growth","IMF WEO real GDP growth",11,"1999-2002","expansion",1999,2002,"1999-01-01","2002-01-01",3,0.0396666666666667,0.123441209,220.37483714796,247.578173478682,112.3441209
"SYR","Syrian Arab Republic","Middle East and North Africa","imf_weo_gdp_growth","IMF WEO real GDP growth",12,"2002-2003","contraction",2002,2003,"2002-01-01","2003-01-01",1,-0.02,-0.02,247.578173478682,242.626610009109,98
"SYR","Syrian Arab Republic","Middle East and North Africa","imf_weo_gdp_growth","IMF WEO real GDP growth",13,"2003-2010","expansion",2003,2010,"2003-01-01","2010-01-01",7,0.0537142857142857,0.44178099872105,242.626610009109,349.814436095235,144.178099872105
"TCD","Chad","Sub Saharan Africa","imf_weo_gdp_growth","IMF WEO real GDP growth",1,"1980-1981","contraction",1980,1981,"1980-01-01","1981-01-01",1,-0.108,-0.108,94,83.848,89.2
"TCD","Chad","Sub Saharan Africa","imf_weo_gdp_growth","IMF WEO real GDP growth",2,"1981-1992","expansion",1981,1992,"1981-01-01","1992-01-01",11,0.0630909090909091,0.946465765373584,83.848,163.207261495044,194.646576537358
"TCD","Chad","Sub Saharan Africa","imf_weo_gdp_growth","IMF WEO real GDP growth",3,"1992-1993","contraction",1992,1993,"1992-01-01","1993-01-01",1,-0.021,-0.021,163.207261495044,159.779909003648,97.9
"TCD","Chad","Sub Saharan Africa","imf_weo_gdp_growth","IMF WEO real GDP growth",4,"1993-1994","expansion",1993,1994,"1993-01-01","1994-01-01",1,0.055,0.0549999999999999,159.779909003648,168.567803998849,105.5
"TCD","Chad","Sub Saharan Africa","imf_weo_gdp_growth","IMF WEO real GDP growth",5,"1994-1995","contraction",1994,1995,"1994-01-01","1995-01-01",1,-0.008,-0.0079999999999999,168.567803998849,167.219261566858,99.2
"TCD","Chad","Sub Saharan Africa","imf_weo_gdp_growth","IMF WEO real GDP growth",6,"1995-1998","expansion",1995,1998,"1995-01-01","1998-01-01",3,0.0493333333333333,0.15474079,167.219261566858,193.09490220493,115.474079
"TCD","Chad","Sub Saharan Africa","imf_weo_gdp_growth","IMF WEO real GDP growth",7,"1998-2000","contraction",1998,2000,"1998-01-01","2000-01-01",2,-0.008,-0.0159370000000001,193.09490220493,190.01754874849,98.4063
"TCD","Chad","Sub Saharan Africa","imf_weo_gdp_growth","IMF WEO real GDP growth",8,"2000-2005","expansion",2000,2005,"2000-01-01","2005-01-01",5,0.152,0.996462934123,190.01754874849,379.362992909272,199.6462934123
"TCD","Chad","Sub Saharan Africa","imf_weo_gdp_growth","IMF WEO real GDP growth",9,"2005-2006","contraction",2005,2006,"2005-01-01","2006-01-01",1,-0.005,-0.005,379.362992909272,377.466177944725,99.5
"TCD","Chad","Sub Saharan Africa","imf_weo_gdp_growth","IMF WEO real GDP growth",10,"2006-2008","expansion",2006,2008,"2006-01-01","2008-01-01",2,0.0375,0.0763639999999999,377.466177944725,406.291005157296,107.6364
"TCD","Chad","Sub Saharan Africa","imf_weo_gdp_growth","IMF WEO real GDP growth",11,"2008-2009","contraction",2008,2009,"2008-01-01","2009-01-01",1,-0.013,-0.0129999999999998,406.291005157296,401.009222090251,98.7
"TCD","Chad","Sub Saharan Africa","imf_weo_gdp_growth","IMF WEO real GDP growth",12,"2009-2015","expansion",2009,2015,"2009-01-01","2015-01-01",6,0.0595,0.40822656323355,401.009222090251,564.711838649114,140.822656323355
"TCD","Chad","Sub Saharan Africa","imf_weo_gdp_growth","IMF WEO real GDP growth",13,"2015-2017","contraction",2015,2017,"2015-01-01","2017-01-01",2,-0.029,-0.0572230000000001,564.711838649114,532.397333106096,94.2777
"TCD","Chad","Sub Saharan Africa","imf_weo_gdp_growth","IMF WEO real GDP growth",14,"2017-2031","expansion",2017,2031,"2017-01-01","2031-01-01",14,0.0456428571428571,0.865092636174001,532.397333106096,992.970345494856,186.5092636174
"TGO","Togo","Sub Saharan Africa","imf_weo_gdp_growth","IMF WEO real GDP growth",1,"1980-1983","contraction",1980,1983,"1980-01-01","1983-01-01",3,-0.041,-0.118115416,97.7,86.1601238568,88.1884584
"TGO","Togo","Sub Saharan Africa","imf_weo_gdp_growth","IMF WEO real GDP growth",2,"1983-1986","expansion",1983,1986,"1983-01-01","1986-01-01",3,0.043,0.134423039,86.1601238568,97.7420295462474,113.4423039
"TGO","Togo","Sub Saharan Africa","imf_weo_gdp_growth","IMF WEO real GDP growth",3,"1986-1987","contraction",1986,1987,"1986-01-01","1987-01-01",1,-0.025,-0.025,97.7420295462474,95.2984788075912,97.5
"TGO","Togo","Sub Saharan Africa","imf_weo_gdp_growth","IMF WEO real GDP growth",4,"1987-1990","expansion",1987,1990,"1987-01-01","1990-01-01",3,0.067,0.213763319,95.2984788075912,115.669797933153,121.3763319
"TGO","Togo","Sub Saharan Africa","imf_weo_gdp_growth","IMF WEO real GDP growth",5,"1990-1993","contraction",1990,1993,"1990-01-01","1993-01-01",3,-0.067,-0.194645296,115.669797933153,93.1552158761943,80.5354704
"TGO","Togo","Sub Saharan Africa","imf_weo_gdp_growth","IMF WEO real GDP growth",6,"1993-1995","expansion",1993,1995,"1993-01-01","1995-01-01",2,0.168,0.363383,93.1552158761943,127.006237686933,136.3383
"TGO","Togo","Sub Saharan Africa","imf_weo_gdp_growth","IMF WEO real GDP growth",7,"1995-1996","contraction",1995,1996,"1995-01-01","1996-01-01",1,-0.039,-0.039,127.006237686933,122.052994417143,96.1
"TGO","Togo","Sub Saharan Africa","imf_weo_gdp_growth","IMF WEO real GDP growth",8,"1996-1997","expansion",1996,1997,"1996-01-01","1997-01-01",1,0.038,0.038,122.052994417143,126.691008204994,103.8
"TGO","Togo","Sub Saharan Africa","imf_weo_gdp_growth","IMF WEO real GDP growth",9,"1997-1998","contraction",1997,1998,"1997-01-01","1998-01-01",1,-0.023,-0.0229999999999999,126.691008204994,123.77711501628,97.7
"TGO","Togo","Sub Saharan Africa","imf_weo_gdp_growth","IMF WEO real GDP growth",10,"1998-1999","expansion",1998,1999,"1998-01-01","1999-01-01",1,0.025,0.0249999999999997,123.77711501628,126.871542891687,102.5
"TGO","Togo","Sub Saharan Africa","imf_weo_gdp_growth","IMF WEO real GDP growth",11,"1999-2000","contraction",1999,2000,"1999-01-01","2000-01-01",1,-0.01,-0.01,126.871542891687,125.60282746277,99
"TGO","Togo","Sub Saharan Africa","imf_weo_gdp_growth","IMF WEO real GDP growth",12,"2000-2003","expansion",2000,2003,"2000-01-01","2003-01-01",3,0.0376666666666667,0.116406368,125.60282746277,140.223796418241,111.6406368
"TGO","Togo","Sub Saharan Africa","imf_weo_gdp_growth","IMF WEO real GDP growth",13,"2003-2005","contraction",2003,2005,"2003-01-01","2005-01-01",2,-0.0285,-0.0565300000000001,140.223796418241,132.296945206718,94.347
"TGO","Togo","Sub Saharan Africa","imf_weo_gdp_growth","IMF WEO real GDP growth",14,"2005-2031","expansion",2005,2031,"2005-01-01","2031-01-01",26,0.0507692307692308,2.61715331416781,132.296945206718,478.538333808758,361.715331416781
"THA","Thailand","South and South East Asia","imf_weo_gdp_growth","IMF WEO real GDP growth",1,"1980-1996","expansion",1980,1996,"1980-01-01","1996-01-01",16,0.0796875,2.39451148973768,104.6,355.065901826561,339.451148973768
"THA","Thailand","South and South East Asia","imf_weo_gdp_growth","IMF WEO real GDP growth",2,"1996-1998","contraction",1996,1998,"1996-01-01","1998-01-01",2,-0.052,-0.101872,355.065901826561,318.894628275686,89.8128
"THA","Thailand","South and South East Asia","imf_weo_gdp_growth","IMF WEO real GDP growth",3,"1998-2008","expansion",1998,2008,"1998-01-01","2008-01-01",10,0.0484,0.60261989337416,318.894628275686,511.066875164772,160.261989337416
"THA","Thailand","South and South East Asia","imf_weo_gdp_growth","IMF WEO real GDP growth",4,"2008-2009","contraction",2008,2009,"2008-01-01","2009-01-01",1,-0.007,-0.00700000000000001,511.066875164772,507.489407038619,99.3
"THA","Thailand","South and South East Asia","imf_weo_gdp_growth","IMF WEO real GDP growth",5,"2009-2019","expansion",2009,2019,"2009-01-01","2019-01-01",10,0.0362,0.423954076246629,507.489407038619,722.641609804626,142.395407624663
"THA","Thailand","South and South East Asia","imf_weo_gdp_growth","IMF WEO real GDP growth",6,"2019-2020","contraction",2019,2020,"2019-01-01","2020-01-01",1,-0.061,-0.0609999999999998,722.641609804626,678.560471606544,93.9
"THA","Thailand","South and South East Asia","imf_weo_gdp_growth","IMF WEO real GDP growth",7,"2020-2031","expansion",2020,2031,"2020-01-01","2031-01-01",11,0.0229090909090909,0.28283084264583,678.560471606544,870.478301577174,128.283084264583
"TJK","Tajikistan","Eastern Europe","imf_weo_gdp_growth","IMF WEO real GDP growth",1,"1993-1996","contraction",1993,1996,"1993-01-01","1996-01-01",3,-0.127666666666667,-0.342511,88.9,58.4507721,65.7489
"TJK","Tajikistan","Eastern Europe","imf_weo_gdp_growth","IMF WEO real GDP growth",2,"1996-2031","expansion",1996,2031,"1996-01-01","2031-01-01",35,0.0681714285714286,8.99275199404037,58.4507721,584.084069455474,999.275199404037
"TKM","Turkmenistan","Eastern Europe","imf_weo_gdp_growth","IMF WEO real GDP growth",1,"1993-1997","contraction",1993,1997,"1993-01-01","1997-01-01",4,-0.10625,-0.364875670624,90,57.16118964384,63.5124329376
"TKM","Turkmenistan","Eastern Europe","imf_weo_gdp_growth","IMF WEO real GDP growth",2,"1997-2019","expansion",1997,2019,"1997-01-01","2019-01-01",22,0.116045454545455,9.84069910324559,57.16118964384,619.667257312428,1084.06991032456
"TKM","Turkmenistan","Eastern Europe","imf_weo_gdp_growth","IMF WEO real GDP growth",3,"2019-2020","contraction",2019,2020,"2019-01-01","2020-01-01",1,-0.016,-0.016,619.667257312428,609.752581195429,98.4
"TKM","Turkmenistan","Eastern Europe","imf_weo_gdp_growth","IMF WEO real GDP growth",4,"2020-2031","expansion",2020,2031,"2020-01-01","2031-01-01",11,0.0348181818181818,0.45382684518163,609.752581195429,886.474671460706,145.382684518163
"TTO","Trinidad and Tobago","Latin America","imf_weo_gdp_growth","IMF WEO real GDP growth",1,"1980-1982","expansion",1980,1982,"1980-01-01","1982-01-01",2,0.042,0.0857480000000002,110.4,119.8665792,108.5748
"TTO","Trinidad and Tobago","Latin America","imf_weo_gdp_growth","IMF WEO real GDP growth",2,"1982-1989","contraction",1982,1989,"1982-01-01","1989-01-01",7,-0.0468571428571429,-0.287357265799233,119.8665792,85.4220467403808,71.2642734200767
"TTO","Trinidad and Tobago","Latin America","imf_weo_gdp_growth","IMF WEO real GDP growth",3,"1989-1992","expansion",1989,1992,"1989-01-01","1992-01-01",3,0.049,0.152157965,85.4220467403808,98.419691538532,115.2157965
"TTO","Trinidad and Tobago","Latin America","imf_weo_gdp_growth","IMF WEO real GDP growth",4,"1992-1993","contraction",1992,1993,"1992-01-01","1993-01-01",1,-0.007,-0.00700000000000001,98.419691538532,97.7307536977623,99.3
"TTO","Trinidad and Tobago","Latin America","imf_weo_gdp_growth","IMF WEO real GDP growth",5,"1993-2008","expansion",1993,2008,"1993-01-01","2008-01-01",15,0.0698666666666667,1.7354317308674,97.7307536977623,267.335804746445,273.54317308674
"TTO","Trinidad and Tobago","Latin America","imf_weo_gdp_growth","IMF WEO real GDP growth",6,"2008-2009","contraction",2008,2009,"2008-01-01","2009-01-01",1,-0.048,-0.048,267.335804746445,254.503686118616,95.2
"TTO","Trinidad and Tobago","Latin America","imf_weo_gdp_growth","IMF WEO real GDP growth",7,"2009-2010","expansion",2009,2010,"2009-01-01","2010-01-01",1,0.035,0.0349999999999999,254.503686118616,263.411315132767,103.5
"TTO","Trinidad and Tobago","Latin America","imf_weo_gdp_growth","IMF WEO real GDP growth",8,"2010-2011","contraction",2010,2011,"2010-01-01","2011-01-01",1,-0.002,-0.002,263.411315132767,262.884492502502,99.8
"TTO","Trinidad and Tobago","Latin America","imf_weo_gdp_growth","IMF WEO real GDP growth",9,"2011-2014","expansion",2011,2014,"2011-01-01","2014-01-01",3,0.039,0.121581868,262.884492502502,294.846480169188,112.1581868
"TTO","Trinidad and Tobago","Latin America","imf_weo_gdp_growth","IMF WEO real GDP growth",10,"2014-2018","contraction",2014,2018,"2014-01-01","2018-01-01",4,-0.03425,-0.1317291067,294.846480169188,256.006616722862,86.82708933
"TTO","Trinidad and Tobago","Latin America","imf_weo_gdp_growth","IMF WEO real GDP growth",11,"2018-2019","expansion",2018,2019,"2018-01-01","2019-01-01",1,0.005,0.00499999999999989,256.006616722862,257.286649806476,100.5
"TTO","Trinidad and Tobago","Latin America","imf_weo_gdp_growth","IMF WEO real GDP growth",12,"2019-2021","contraction",2019,2021,"2019-01-01","2021-01-01",2,-0.0475,-0.094384,257.286649806476,233.002906651142,90.5616
"TTO","Trinidad and Tobago","Latin America","imf_weo_gdp_growth","IMF WEO real GDP growth",13,"2021-2031","expansion",2021,2031,"2021-01-01","2031-01-01",10,0.0197,0.214916267836285,233.002906651142,283.079021743611,121.491626783629
"TUN","Tunisia","Middle East and North Africa","imf_weo_gdp_growth","IMF WEO real GDP growth",1,"1980-1981","expansion",1980,1981,"1980-01-01","1981-01-01",1,0.055,0.0549999999999999,107.4,113.307,105.5
"TUN","Tunisia","Middle East and North Africa","imf_weo_gdp_growth","IMF WEO real GDP growth",2,"1981-1982","contraction",1981,1982,"1981-01-01","1982-01-01",1,-0.005,-0.00500000000000012,113.307,112.740465,99.5
"TUN","Tunisia","Middle East and North Africa","imf_weo_gdp_growth","IMF WEO real GDP growth",3,"1982-1985","expansion",1982,1985,"1982-01-01","1985-01-01",3,0.0536666666666667,0.169759703,112.740465,131.879252854482,116.9759703
"TUN","Tunisia","Middle East and North Africa","imf_weo_gdp_growth","IMF WEO real GDP growth",4,"1985-1986","contraction",1985,1986,"1985-01-01","1986-01-01",1,-0.015,-0.015,131.879252854482,129.901064061665,98.5
"TUN","Tunisia","Middle East and North Africa","imf_weo_gdp_growth","IMF WEO real GDP growth",5,"1986-2010","expansion",1986,2010,"1986-01-01","2010-01-01",24,0.04475,1.84799906888689,129.901064061665,369.958109495037,284.799906888689
"TUN","Tunisia","Middle East and North Africa","imf_weo_gdp_growth","IMF WEO real GDP growth",6,"2010-2011","contraction",2010,2011,"2010-01-01","2011-01-01",1,-0.02,-0.0200000000000001,369.958109495037,362.558947305137,98
"TUN","Tunisia","Middle East and North Africa","imf_weo_gdp_growth","IMF WEO real GDP growth",7,"2011-2019","expansion",2011,2019,"2011-01-01","2019-01-01",8,0.022875,0.197886230211485,362.558947305137,434.304370616795,119.788623021149
"TUN","Tunisia","Middle East and North Africa","imf_weo_gdp_growth","IMF WEO real GDP growth",8,"2019-2020","contraction",2019,2020,"2019-01-01","2020-01-01",1,-0.09,-0.09,434.304370616795,395.216977261283,91
"TUN","Tunisia","Middle East and North Africa","imf_weo_gdp_growth","IMF WEO real GDP growth",9,"2020-2031","expansion",2020,2031,"2020-01-01","2031-01-01",11,0.0194545454545455,0.235338677845219,395.216977261283,488.226818151938,123.533867784522
"TUR","Turkey","Middle East and North Africa","imf_weo_gdp_growth","IMF WEO real GDP growth",1,"1980-1993","expansion",1980,1993,"1980-01-01","1993-01-01",13,0.0516923076923077,0.915913491274827,99.2,190.058618334463,191.591349127483
"TUR","Turkey","Middle East and North Africa","imf_weo_gdp_growth","IMF WEO real GDP growth",2,"1993-1994","contraction",1993,1994,"1993-01-01","1994-01-01",1,-0.055,-0.055,190.058618334463,179.605394326067,94.5
"TUR","Turkey","Middle East and North Africa","imf_weo_gdp_growth","IMF WEO real GDP growth",3,"1994-1998","expansion",1994,1998,"1994-01-01","1998-01-01",4,0.062,0.271293108,179.605394326067,228.331099966352,127.1293108
"TUR","Turkey","Middle East and North Africa","imf_weo_gdp_growth","IMF WEO real GDP growth",4,"1998-1999","contraction",1998,1999,"1998-01-01","1999-01-01",1,-0.031,-0.0309999999999999,228.331099966352,221.252835867395,96.9
"TUR","Turkey","Middle East and North Africa","imf_weo_gdp_growth","IMF WEO real GDP growth",5,"1999-2000","expansion",1999,2000,"1999-01-01","2000-01-01",1,0.07,0.0700000000000001,221.252835867395,236.740534378113,107
"TUR","Turkey","Middle East and North Africa","imf_weo_gdp_growth","IMF WEO real GDP growth",6,"2000-2001","contraction",2000,2001,"2000-01-01","2001-01-01",1,-0.055,-0.055,236.740534378113,223.719804987316,94.5
"TUR","Turkey","Middle East and North Africa","imf_weo_gdp_growth","IMF WEO real GDP growth",7,"2001-2008","expansion",2001,2008,"2001-01-01","2008-01-01",7,0.0632857142857143,0.53296800887762,223.719804987316,342.955303997896,153.296800887762
"TUR","Turkey","Middle East and North Africa","imf_weo_gdp_growth","IMF WEO real GDP growth",8,"2008-2009","contraction",2008,2009,"2008-01-01","2009-01-01",1,-0.049,-0.0489999999999999,342.955303997896,326.150494101999,95.1
"TUR","Turkey","Middle East and North Africa","imf_weo_gdp_growth","IMF WEO real GDP growth",9,"2009-2031","expansion",2009,2031,"2009-01-01","2031-01-01",22,0.0512272727272727,1.98035361737708,326.150494101999,972.043804906216,298.035361737708
"TWN","Taiwan, Province of China","East Asia","imf_weo_gdp_growth","IMF WEO real GDP growth",1,"1980-2000","expansion",1980,2000,"1980-01-01","2000-01-01",20,0.0758,3.2937619284479,108,463.726288272373,429.37619284479
"TWN","Taiwan, Province of China","East Asia","imf_weo_gdp_growth","IMF WEO real GDP growth",2,"2000-2001","contraction",2000,2001,"2000-01-01","2001-01-01",1,-0.014,-0.0139999999999999,463.726288272373,457.23412023656,98.6
"TWN","Taiwan, Province of China","East Asia","imf_weo_gdp_growth","IMF WEO real GDP growth",3,"2001-2008","expansion",2001,2008,"2001-01-01","2008-01-01",7,0.0508571428571429,0.413411017080067,457.23412023656,646.259742927266,141.341101708007
"TWN","Taiwan, Province of China","East Asia","imf_weo_gdp_growth","IMF WEO real GDP growth",4,"2008-2009","contraction",2008,2009,"2008-01-01","2009-01-01",1,-0.016,-0.0160000000000001,646.259742927266,635.919587040429,98.4
"TWN","Taiwan, Province of China","East Asia","imf_weo_gdp_growth","IMF WEO real GDP growth",5,"2009-2031","expansion",2009,2031,"2009-01-01","2031-01-01",22,0.0373181818181818,1.22789427467531,635.919587040429,1416.76160712126,222.789427467531
"TZA","U.R. of Tanzania: Mainland","Sub Saharan Africa","imf_weo_gdp_growth","IMF WEO real GDP growth",1,"1980-2031","expansion",1980,2031,"1980-01-01","2031-01-01",51,0.0516666666666667,11.9393543951585,103.3,1336.63530901987,1293.93543951585
"UGA","Uganda","Sub Saharan Africa","imf_weo_gdp_growth","IMF WEO real GDP growth",1,"1980-1983","expansion",1980,1983,"1980-01-01","1983-01-01",3,0.0566666666666667,0.179283702,96.6,113.9188056132,117.9283702
"UGA","Uganda","Sub Saharan Africa","imf_weo_gdp_growth","IMF WEO real GDP growth",2,"1983-1985","contraction",1983,1985,"1983-01-01","1985-01-01",2,-0.03,-0.0591,113.9188056132,107.18620420146,94.09
"UGA","Uganda","Sub Saharan Africa","imf_weo_gdp_growth","IMF WEO real GDP growth",3,"1985-2019","expansion",1985,2019,"1985-01-01","2019-01-01",34,0.0627647058823529,6.85396575660079,107.18620420146,841.836777378285,785.396575660079
"UGA","Uganda","Sub Saharan Africa","imf_weo_gdp_growth","IMF WEO real GDP growth",4,"2019-2020","contraction",2019,2020,"2019-01-01","2020-01-01",1,-0.012,-0.0120000000000001,841.836777378285,831.734736049746,98.8
"UGA","Uganda","Sub Saharan Africa","imf_weo_gdp_growth","IMF WEO real GDP growth",5,"2020-2031","expansion",2020,2031,"2020-01-01","2031-01-01",11,0.0644545454545455,0.987197165937151,831.734736049746,1652.82091028954,198.719716593715
"UKR","Ukraine","Eastern Europe","imf_weo_gdp_growth","IMF WEO real GDP growth",1,"1992-1999","contraction",1992,1999,"1992-01-01","1999-01-01",7,-0.092,-0.503579195359772,90.1,44.7275144980845,49.6420804640228
"UKR","Ukraine","Eastern Europe","imf_weo_gdp_growth","IMF WEO real GDP growth",2,"1999-2008","expansion",1999,2008,"1999-01-01","2008-01-01",9,0.0693333333333333,0.822041407877821,44.7275144980845,81.4953834869656,182.204140787782
"UKR","Ukraine","Eastern Europe","imf_weo_gdp_growth","IMF WEO real GDP growth",3,"2008-2009","contraction",2008,2009,"2008-01-01","2009-01-01",1,-0.151,-0.151,81.4953834869656,69.1895805804338,84.9
"UKR","Ukraine","Eastern Europe","imf_weo_gdp_growth","IMF WEO real GDP growth",4,"2009-2013","expansion",2009,2013,"2009-01-01","2013-01-01",4,0.02425,0.099408428,69.1895805804338,76.0676080199141,109.9408428
"UKR","Ukraine","Eastern Europe","imf_weo_gdp_growth","IMF WEO real GDP growth",5,"2013-2015","contraction",2013,2015,"2013-01-01","2015-01-01",2,-0.099,-0.1882,76.0676080199141,61.7516841905662,81.18
"UKR","Ukraine","Eastern Europe","imf_weo_gdp_growth","IMF WEO real GDP growth",6,"2015-2019","expansion",2015,2019,"2015-01-01","2019-01-01",4,0.02875,0.12000499712,61.7516841905662,69.1621948740103,112.000499712
"UKR","Ukraine","Eastern Europe","imf_weo_gdp_growth","IMF WEO real GDP growth",7,"2019-2020","contraction",2019,2020,"2019-01-01","2020-01-01",1,-0.038,-0.038,69.1621948740103,66.5340314687979,96.2
"UKR","Ukraine","Eastern Europe","imf_weo_gdp_growth","IMF WEO real GDP growth",8,"2020-2021","expansion",2020,2021,"2020-01-01","2021-01-01",1,0.034,0.034,66.5340314687979,68.796188538737,103.4
"UKR","Ukraine","Eastern Europe","imf_weo_gdp_growth","IMF WEO real GDP growth",9,"2021-2022","contraction",2021,2022,"2021-01-01","2022-01-01",1,-0.288,-0.288,68.796188538737,48.9828862395808,71.2
"UKR","Ukraine","Eastern Europe","imf_weo_gdp_growth","IMF WEO real GDP growth",10,"2022-2031","expansion",2022,2031,"2022-01-01","2031-01-01",9,0.0348888888888889,0.360950203272297,48.9828862395808,66.6632689846212,136.09502032723
"URY","Uruguay","Latin America","imf_weo_gdp_growth","IMF WEO real GDP growth",1,"1980-1981","expansion",1980,1981,"1980-01-01","1981-01-01",1,0.019,0.0189999999999999,106,108.014,101.9
"URY","Uruguay","Latin America","imf_weo_gdp_growth","IMF WEO real GDP growth",2,"1981-1984","contraction",1981,1984,"1981-01-01","1984-01-01",3,-0.056,-0.16024219,108.014,90.70560008934,83.975781
"URY","Uruguay","Latin America","imf_weo_gdp_growth","IMF WEO real GDP growth",3,"1984-1994","expansion",1984,1994,"1984-01-01","1994-01-01",10,0.037,0.432041051385463,90.70560008934,129.894142918488,143.204105138546
"URY","Uruguay","Latin America","imf_weo_gdp_growth","IMF WEO real GDP growth",4,"1994-1995","contraction",1994,1995,"1994-01-01","1995-01-01",1,-0.014,-0.014,129.894142918488,128.075624917629,98.6
"URY","Uruguay","Latin America","imf_weo_gdp_growth","IMF WEO real GDP growth",5,"1995-1998","expansion",1995,1998,"1995-01-01","1998-01-01",3,0.052,0.1642136,128.075624917629,149.107384357602,116.42136
"URY","Uruguay","Latin America","imf_weo_gdp_growth","IMF WEO real GDP growth",6,"1998-2002","contraction",1998,2002,"1998-01-01","2002-01-01",4,-0.03825,-0.145494646714,149.107384357602,127.413058148045,85.4505353286
"URY","Uruguay","Latin America","imf_weo_gdp_growth","IMF WEO real GDP growth",7,"2002-2019","expansion",2002,2019,"2002-01-01","2019-01-01",17,0.0379411764705882,0.874311957037009,127.413058148045,238.811818369532,187.431195703701
"URY","Uruguay","Latin America","imf_weo_gdp_growth","IMF WEO real GDP growth",8,"2019-2020","contraction",2019,2020,"2019-01-01","2020-01-01",1,-0.074,-0.0739999999999998,238.811818369532,221.139743810186,92.6
"URY","Uruguay","Latin America","imf_weo_gdp_growth","IMF WEO real GDP growth",9,"2020-2031","expansion",2020,2031,"2020-01-01","2031-01-01",11,0.0269090909090909,0.33797945179435,221.139743810186,295.880433193096,133.797945179435
"USA","United States","Western Offshoots","imf_weo_gdp_growth","IMF WEO real GDP growth",1,"1980-1981","expansion",1980,1981,"1980-01-01","1981-01-01",1,0.025,0.0249999999999999,99.7,102.1925,102.5
"USA","United States","Western Offshoots","imf_weo_gdp_growth","IMF WEO real GDP growth",2,"1981-1982","contraction",1981,1982,"1981-01-01","1982-01-01",1,-0.018,-0.018,102.1925,100.353035,98.2
"USA","United States","Western Offshoots","imf_weo_gdp_growth","IMF WEO real GDP growth",3,"1982-1990","expansion",1982,1990,"1982-01-01","1990-01-01",8,0.041,0.37814701189597,100.353035,138.301235319942,137.814701189597
"USA","United States","Western Offshoots","imf_weo_gdp_growth","IMF WEO real GDP growth",4,"1990-1991","contraction",1990,1991,"1990-01-01","1991-01-01",1,-0.001,-0.001,138.301235319942,138.162934084622,99.9
"USA","United States","Western Offshoots","imf_weo_gdp_growth","IMF WEO real GDP growth",5,"1991-2008","expansion",1991,2008,"1991-01-01","2008-01-01",17,0.0307647058823529,0.671721433591526,138.162934084622,230.969938237155,167.172143359153
"USA","United States","Western Offshoots","imf_weo_gdp_growth","IMF WEO real GDP growth",6,"2008-2009","contraction",2008,2009,"2008-01-01","2009-01-01",1,-0.026,-0.026,230.969938237155,224.964719842989,97.4
"USA","United States","Western Offshoots","imf_weo_gdp_growth","IMF WEO real GDP growth",7,"2009-2019","expansion",2009,2019,"2009-01-01","2019-01-01",10,0.024,0.267538024204781,224.964719842989,285.151336505565,126.753802420478
"USA","United States","Western Offshoots","imf_weo_gdp_growth","IMF WEO real GDP growth",8,"2019-2020","contraction",2019,2020,"2019-01-01","2020-01-01",1,-0.021,-0.021,285.151336505565,279.163158438948,97.9
"USA","United States","Western Offshoots","imf_weo_gdp_growth","IMF WEO real GDP growth",9,"2020-2031","expansion",2020,2031,"2020-01-01","2031-01-01",11,0.0259090909090909,0.323974045610329,279.163158438948,369.604776263771,132.397404561033
"UZB","Uzbekistan","Eastern Europe","imf_weo_gdp_growth","IMF WEO real GDP growth",1,"1992-1995","contraction",1992,1995,"1992-01-01","1995-01-01",3,-0.028,-0.0821397640000002,88.9,81.5977749804,91.7860236
"UZB","Uzbekistan","Eastern Europe","imf_weo_gdp_growth","IMF WEO real GDP growth",2,"1995-2031","expansion",1995,2031,"1995-01-01","2031-01-01",36,0.0618888888888889,7.63997537813303,81.5977749804,705.002766741096,863.997537813303
"VEN","Venezuela (Bolivarian Republic of)","Latin America","imf_weo_gdp_growth","IMF WEO real GDP growth",1,"1980-1981","contraction",1980,1981,"1980-01-01","1981-01-01",1,-0.013,-0.013,95.1,93.8637,98.7
"VEN","Venezuela (Bolivarian Republic of)","Latin America","imf_weo_gdp_growth","IMF WEO real GDP growth",2,"1981-1982","expansion",1981,1982,"1981-01-01","1982-01-01",1,0.026,0.0260000000000002,93.8637,96.3041562,102.6
"VEN","Venezuela (Bolivarian Republic of)","Latin America","imf_weo_gdp_growth","IMF WEO real GDP growth",3,"1982-1983","contraction",1982,1983,"1982-01-01","1983-01-01",1,-0.099,-0.099,96.3041562,86.7700447362,90.1
"VEN","Venezuela (Bolivarian Republic of)","Latin America","imf_weo_gdp_growth","IMF WEO real GDP growth",4,"1983-1988","expansion",1983,1988,"1983-01-01","1988-01-01",5,0.047,0.25699392967376,86.7700447362,109.069419510924,125.699392967376
"VEN","Venezuela (Bolivarian Republic of)","Latin America","imf_weo_gdp_growth","IMF WEO real GDP growth",5,"1988-1989","contraction",1988,1989,"1988-01-01","1989-01-01",1,-0.139,-0.139,109.069419510924,93.9087701989055,86.1
"VEN","Venezuela (Bolivarian Republic of)","Latin America","imf_weo_gdp_growth","IMF WEO real GDP growth",6,"1989-1993","expansion",1989,1993,"1989-01-01","1993-01-01",4,0.0565,0.243290319815,93.9087701989055,116.755864934031,124.3290319815
"VEN","Venezuela (Bolivarian Republic of)","Latin America","imf_weo_gdp_growth","IMF WEO real GDP growth",7,"1993-1994","contraction",1993,1994,"1993-01-01","1994-01-01",1,-0.023,-0.023,116.755864934031,114.070480040548,97.7
"VEN","Venezuela (Bolivarian Republic of)","Latin America","imf_weo_gdp_growth","IMF WEO real GDP growth",8,"1994-1995","expansion",1994,1995,"1994-01-01","1995-01-01",1,0.04,0.0400000000000003,114.070480040548,118.63329924217,104
"VEN","Venezuela (Bolivarian Republic of)","Latin America","imf_weo_gdp_growth","IMF WEO real GDP growth",9,"1995-1996","contraction",1995,1996,"1995-01-01","1996-01-01",1,-0.002,-0.00200000000000011,118.63329924217,118.396032643685,99.8
"VEN","Venezuela (Bolivarian Republic of)","Latin America","imf_weo_gdp_growth","IMF WEO real GDP growth",10,"1996-1998","expansion",1996,1998,"1996-01-01","1998-01-01",2,0.0335,0.0671919999999999,118.396032643685,126.35129886908,106.7192
"VEN","Venezuela (Bolivarian Republic of)","Latin America","imf_weo_gdp_growth","IMF WEO real GDP growth",11,"1998-1999","contraction",1998,1999,"1998-01-01","1999-01-01",1,-0.06,-0.0600000000000001,126.35129886908,118.770220936935,94
"VEN","Venezuela (Bolivarian Republic of)","Latin America","imf_weo_gdp_growth","IMF WEO real GDP growth",12,"1999-2001","expansion",1999,2001,"1999-01-01","2001-01-01",2,0.0355,0.0722579999999999,118.770220936935,127.352319561396,107.2258
"VEN","Venezuela (Bolivarian Republic of)","Latin America","imf_weo_gdp_growth","IMF WEO real GDP growth",13,"2001-2003","contraction",2001,2003,"2001-01-01","2003-01-01",2,-0.0835,-0.160058,127.352319561396,106.968561997038,83.9942
"VEN","Venezuela (Bolivarian Republic of)","Latin America","imf_weo_gdp_growth","IMF WEO real GDP growth",14,"2003-2008","expansion",2003,2008,"2003-01-01","2008-01-01",5,0.1052,0.642915458684864,106.968561997038,175.740304098224,164.291545868486
"VEN","Venezuela (Bolivarian Republic of)","Latin America","imf_weo_gdp_growth","IMF WEO real GDP growth",15,"2008-2010","contraction",2008,2010,"2008-01-01","2010-01-01",2,-0.0235,-0.0465200000000001,175.740304098224,167.564865151575,95.348
"VEN","Venezuela (Bolivarian Republic of)","Latin America","imf_weo_gdp_growth","IMF WEO real GDP growth",16,"2010-2013","expansion",2010,2013,"2010-01-01","2013-01-01",3,0.037,0.114656576,167.564865151575,186.777278847756,111.4656576
"VEN","Venezuela (Bolivarian Republic of)","Latin America","imf_weo_gdp_growth","IMF WEO real GDP growth",17,"2013-2020","contraction",2013,2020,"2013-01-01","2020-01-01",7,-0.171714285714286,-0.743679243817685,186.777278847756,47.8748933519321,25.6320756182315
"VEN","Venezuela (Bolivarian Republic of)","Latin America","imf_weo_gdp_growth","IMF WEO real GDP growth",18,"2020-2027","expansion",2020,2027,"2020-01-01","2027-01-01",7,0.0425714285714286,0.336632714982656,47.8748933519321,63.9911486804981,133.663271498266
"VNM","Viet Nam","South and South East Asia","imf_weo_gdp_growth","IMF WEO real GDP growth",1,"1980-2031","expansion",1980,2031,"1980-01-01","2031-01-01",51,0.0652549019607843,23.9855822910426,96.5,2411.10869108561,2498.55822910426
"YEM","Yemen","Middle East and North Africa","imf_weo_gdp_growth","IMF WEO real GDP growth",1,"2015-2016","contraction",2015,2016,"2015-01-01","2016-01-01",1,-0.044,-0.0440000000000003,68,65.008,95.6
"YEM","Yemen","Middle East and North Africa","imf_weo_gdp_growth","IMF WEO real GDP growth",2,"2016-2021","expansion",2016,2021,"2016-01-01","2021-01-01",5,0.047,0.256077850664,65.008,81.6551089159653,125.6077850664
"YEM","Yemen","Middle East and North Africa","imf_weo_gdp_growth","IMF WEO real GDP growth",3,"2021-2025","contraction",2021,2025,"2021-01-01","2025-01-01",4,-0.0295,-0.115516615125,81.6551089159653,72.2225871263298,88.4483384875
"YEM","Yemen","Middle East and North Africa","imf_weo_gdp_growth","IMF WEO real GDP growth",4,"2025-2031","expansion",2025,2031,"2025-01-01","2031-01-01",6,0.02,0.125971934404296,72.2225871263298,81.3206061343163,112.59719344043
"ZAF","South Africa","Sub Saharan Africa","imf_weo_gdp_growth","IMF WEO real GDP growth",1,"1980-1981","expansion",1980,1981,"1980-01-01","1981-01-01",1,0.054,0.054,106.6,112.3564,105.4
"ZAF","South Africa","Sub Saharan Africa","imf_weo_gdp_growth","IMF WEO real GDP growth",2,"1981-1983","contraction",1981,1983,"1981-01-01","1983-01-01",2,-0.011,-0.0219279999999999,112.3564,109.8926488608,97.8072
"ZAF","South Africa","Sub Saharan Africa","imf_weo_gdp_growth","IMF WEO real GDP growth",3,"1983-1984","expansion",1983,1984,"1983-01-01","1984-01-01",1,0.051,0.0509999999999999,109.8926488608,115.497173952701,105.1
"ZAF","South Africa","Sub Saharan Africa","imf_weo_gdp_growth","IMF WEO real GDP growth",4,"1984-1985","contraction",1984,1985,"1984-01-01","1985-01-01",1,-0.012,-0.0120000000000001,115.497173952701,114.111207865268,98.8
"ZAF","South Africa","Sub Saharan Africa","imf_weo_gdp_growth","IMF WEO real GDP growth",5,"1985-1989","expansion",1985,1989,"1985-01-01","1989-01-01",4,0.02175,0.0894151680000002,114.111207865268,124.314480687224,108.9415168
"ZAF","South Africa","Sub Saharan Africa","imf_weo_gdp_growth","IMF WEO real GDP growth",6,"1989-1992","contraction",1989,1992,"1989-01-01","1992-01-01",3,-0.0113333333333333,-0.0336976300000001,124.314480687224,120.125377313384,96.630237
"ZAF","South Africa","Sub Saharan Africa","imf_weo_gdp_growth","IMF WEO real GDP growth",7,"1992-2008","expansion",1992,2008,"1992-01-01","2008-01-01",16,0.0343125,0.713141116152262,120.125377313384,205.791722968862,171.314111615226
"ZAF","South Africa","Sub Saharan Africa","imf_weo_gdp_growth","IMF WEO real GDP growth",8,"2008-2009","contraction",2008,2009,"2008-01-01","2009-01-01",1,-0.015,-0.0150000000000001,205.791722968862,202.704847124329,98.5
"ZAF","South Africa","Sub Saharan Africa","imf_weo_gdp_growth","IMF WEO real GDP growth",9,"2009-2019","expansion",2009,2019,"2009-01-01","2019-01-01",10,0.0176,0.190125521344141,202.704847124329,241.244211862827,119.012552134414
"ZAF","South Africa","Sub Saharan Africa","imf_weo_gdp_growth","IMF WEO real GDP growth",10,"2019-2020","contraction",2019,2020,"2019-01-01","2020-01-01",1,-0.062,-0.0620000000000001,241.244211862827,226.287070727332,93.8
"ZAF","South Africa","Sub Saharan Africa","imf_weo_gdp_growth","IMF WEO real GDP growth",11,"2020-2031","expansion",2020,2031,"2020-01-01","2031-01-01",11,0.0168181818181818,0.200583443715513,226.287070727332,271.676510642116,120.058344371551
"ZMB","Zambia","Sub Saharan Africa","imf_weo_gdp_growth","IMF WEO real GDP growth",1,"1980-1981","expansion",1980,1981,"1980-01-01","1981-01-01",1,0.066,0.0660000000000001,103.9,110.7574,106.6
"ZMB","Zambia","Sub Saharan Africa","imf_weo_gdp_growth","IMF WEO real GDP growth",2,"1981-1984","contraction",1981,1984,"1981-01-01","1984-01-01",3,-0.019,-0.0560064230000001,110.7574,104.55427420522,94.3993577
"ZMB","Zambia","Sub Saharan Africa","imf_weo_gdp_growth","IMF WEO real GDP growth",3,"1984-1988","expansion",1984,1988,"1984-01-01","1988-01-01",4,0.03425,0.14179377158,104.55427420522,119.379419079587,114.179377158
"ZMB","Zambia","Sub Saharan Africa","imf_weo_gdp_growth","IMF WEO real GDP growth",4,"1988-1991","contraction",1988,1991,"1988-01-01","1991-01-01",3,-0.0166666666666667,-0.0494785539999999,119.379419079587,113.472698046169,95.0521446
"ZMB","Zambia","Sub Saharan Africa","imf_weo_gdp_growth","IMF WEO real GDP growth",5,"1991-1992","expansion",1991,1992,"1991-01-01","1992-01-01",1,0.021,0.0209999999999997,113.472698046169,115.855624705139,102.1
"ZMB","Zambia","Sub Saharan Africa","imf_weo_gdp_growth","IMF WEO real GDP growth",6,"1992-1994","contraction",1992,1994,"1992-01-01","1994-01-01",2,-0.067,-0.133867,115.855624705139,100.346379792736,86.6133
"ZMB","Zambia","Sub Saharan Africa","imf_weo_gdp_growth","IMF WEO real GDP growth",7,"1994-1997","expansion",1994,1997,"1994-01-01","1997-01-01",3,0.043,0.134324324,100.346379792736,113.825339424243,113.4324324
"ZMB","Zambia","Sub Saharan Africa","imf_weo_gdp_growth","IMF WEO real GDP growth",8,"1997-1998","contraction",1997,1998,"1997-01-01","1998-01-01",1,-0.004,-0.00400000000000011,113.825339424243,113.370038066546,99.6
"ZMB","Zambia","Sub Saharan Africa","imf_weo_gdp_growth","IMF WEO real GDP growth",9,"1998-2019","expansion",1998,2019,"1998-01-01","2019-01-01",21,0.057952380952381,2.24923226588982,113.370038066546,368.365585670977,324.923226588982
"ZMB","Zambia","Sub Saharan Africa","imf_weo_gdp_growth","IMF WEO real GDP growth",10,"2019-2020","contraction",2019,2020,"2019-01-01","2020-01-01",1,-0.028,-0.028,368.365585670977,358.05134927219,97.2
"ZMB","Zambia","Sub Saharan Africa","imf_weo_gdp_growth","IMF WEO real GDP growth",11,"2020-2031","expansion",2020,2031,"2020-01-01","2031-01-01",11,0.0494545454545455,0.700178007711921,358.05134927219,608.751029664157,170.017800771192
"ZWE","Zimbabwe","Sub Saharan Africa","imf_weo_gdp_growth","IMF WEO real GDP growth",1,"1999-2008","contraction",1999,2008,"1999-01-01","2008-01-01",9,-0.0728888888888889,-0.501385957548483,98.9,49.312928798455,49.8614042451517
"ZWE","Zimbabwe","Sub Saharan Africa","imf_weo_gdp_growth","IMF WEO real GDP growth",2,"2008-2018","expansion",2008,2018,"2008-01-01","2018-01-01",10,0.0756,1.03545513913337,49.312928798455,100.374254348533,203.545513913337
"ZWE","Zimbabwe","Sub Saharan Africa","imf_weo_gdp_growth","IMF WEO real GDP growth",3,"2018-2020","contraction",2018,2020,"2018-01-01","2020-01-01",2,-0.0705,-0.136086,100.374254348533,86.7147235712587,86.3914
"ZWE","Zimbabwe","Sub Saharan Africa","imf_weo_gdp_growth","IMF WEO real GDP growth",4,"2020-2031","expansion",2020,2031,"2020-01-01","2031-01-01",11,0.0500909090909091,0.709349244390075,86.7147235712587,148.225747214025,170.934924439008
