"source_label","disaster_key","disaster_label","country_code","country","start_year","end_year","cumulative_growth","duration_years","is_venezuela","horizon_years_after_end","endpoint_year","horizon_index_start_100","horizon_years","horizon_label","fall_magnitude","horizon_ratio_to_start","total_years_from_start","horizon_cagr","post_disaster_ratio_to_end","post_disaster_cagr","highlight","reference_label","is_source_reference"
"FMI WEO (PIB per cápita)","imf_weo_VEN_84","Venezuela (2012-2020)","VEN","Venezuela",2012,2020,-0.740142005551907,8,TRUE,5,2025,29.5122282307894,5,"5 años después",0.740142005551907,0.295122282307894,13,-0.0896027794680785,1.13570599563311,0.0257775352827327,"Venezuela","",FALSE
"FMI WEO (PIB per cápita)","imf_weo_COD_5","D.R. of the Congo (1986-2002)","COD","D.R. of the Congo",1986,2002,-0.69801802394496,16,FALSE,5,2007,36.9791210000736,5,"5 años después",0.69801802394496,0.369791210000736,21,-0.0462676717275109,1.22454728865453,0.0413461415754686,"Otros países","",FALSE
"FMI WEO (PIB per cápita)","imf_weo_LBN_5","Lebanon (1987-1990)","LBN","Lebanon",1987,1990,-0.660906166826934,3,FALSE,5,1995,54.6996129062888,5,"5 años después",0.660906166826934,0.546996129062888,8,-0.0726407000329282,1.613111403249,0.100355129307021,"Otros países","Lebanon (1987-1990)",TRUE
"FMI WEO (PIB per cápita)","imf_weo_GNQ_9","Equatorial Guinea (2012-2021)","GNQ","Equatorial Guinea",2012,2021,-0.541399602348268,9,FALSE,5,2026,35.6075991547037,5,"5 años después",0.541399602348268,0.356075991547037,14,-0.0711034814619926,0.776440651535253,-0.0493478098739222,"Otros países","",FALSE
"FMI WEO (PIB per cápita)","imf_weo_ZWE_1","Zimbabwe (1999-2008)","ZWE","Zimbabwe",1999,2008,-0.517677307450364,9,FALSE,5,2013,76.333035289587,5,"5 años después",0.517677307450364,0.76333035289587,14,-0.0191054450901725,1.58261339283205,0.0961625672853956,"Otros países","",FALSE
"FMI WEO (PIB per cápita)","imf_weo_SAU_1","Saudi Arabia (1981-1987)","SAU","Saudi Arabia",1981,1987,-0.514265033806677,6,FALSE,5,1992,51.4957276880594,5,"5 años después",0.514265033806677,0.514957276880594,11,-0.058549735524087,1.06016101932353,0.0117526867543749,"Otros países","",FALSE
"FMI WEO (PIB per cápita)","imf_weo_SLE_9","Sierra Leone (1994-1999)","SLE","Sierra Leone",1994,1999,-0.5089084635662,5,FALSE,5,2004,75.4410326353365,5,"5 años después",0.5089084635662,0.754410326353365,10,-0.0277884809057594,1.53619085319965,0.0896550476177493,"Otros países","",FALSE
"FMI WEO (PIB per cápita)","imf_weo_LBY_17","Libya (2010-2011)","LBY","Libya",2010,2011,-0.490855115875769,1,FALSE,5,2016,56.1204222890619,5,"5 años después",0.490855115875769,0.561204222890619,6,-0.0917888660235024,1.10224857479602,0.0196612358868193,"Otros países","",FALSE
"FMI WEO (PIB per cápita)","imf_weo_UKR_1","Ukraine (1992-1998)","UKR","Ukraine",1992,1998,-0.479242122620685,6,FALSE,5,2003,72.1058629580822,5,"5 años después",0.479242122620685,0.721058629580822,11,-0.0292928368311725,1.38463316812318,0.0672519233392754,"Otros países","",FALSE
"FMI WEO (PIB per cápita)","imf_weo_ARE_1","United Arab Emirates (1981-1986)","ARE","United Arab Emirates",1981,1986,-0.44743808581,5,FALSE,5,1991,61.8623570955686,5,"5 años después",0.44743808581,0.618623570955686,10,-0.0468908335510234,1.11955521194856,0.0228432964629668,"Otros países","",FALSE
"FMI WEO (PIB per cápita)","imf_weo_LBY_19","Libya (2012-2016)","LBY","Libya",2012,2016,-0.42518756081544,4,FALSE,5,2021,60.875775582844,5,"5 años después",0.42518756081544,0.60875775582844,9,-0.0536552226400374,1.0590545964733,0.0115414181124367,"Otros países","",FALSE
"FMI WEO (PIB per cápita)","imf_weo_CMR_2","Cameroon (1986-1994)","CMR","Cameroon",1986,1994,-0.424060089825231,8,FALSE,5,1999,62.5128813680904,5,"5 años después",0.424060089825231,0.625128813680904,13,-0.0354930809726766,1.08540631173,0.0165259469648593,"Otros países","",FALSE
"FMI WEO (PIB per cápita)","imf_weo_TKM_1","Turkmenistan (1993-1997)","TKM","Turkmenistan",1993,1997,-0.415268957396298,4,FALSE,5,2002,113.284865715522,5,"5 años después",0.415268957396298,1.13284865715522,9,0.0139559764006083,1.93738415547574,0.141413878169115,"Otros países","",FALSE
"FMI WEO (PIB per cápita)","imf_weo_ALB_6","Albania (1989-1992)","ALB","Albania",1989,1992,-0.402174797659377,3,FALSE,5,1997,78.2672356317942,5,"5 años después",0.402174797659377,0.782672356317942,8,-0.0301657900253167,1.30919933327267,0.0553612769096237,"Otros países","",FALSE
"FMI WEO (PIB per cápita)","imf_weo_RWA_5","Rwanda (1992-1994)","RWA","Rwanda",1992,1994,-0.401575493224078,2,FALSE,5,1999,90.4337474452569,5,"5 años después",0.401575493224078,0.904337474452569,7,-0.0142619883701037,1.5111972591577,0.0860860397943768,"Otros países","",FALSE
"FMI WEO (PIB per cápita)","imf_weo_LBY_21","Libya (2018-2020)","LBY","Libya",2018,2020,-0.39137715259049,2,FALSE,5,2025,89.2797855099818,5,"5 años después",0.39137715259049,0.892797855099818,7,-0.0160687955421533,1.46691478786879,0.0796449988139387,"Otros países","",FALSE
"FMI WEO (PIB per cápita)","imf_weo_LBN_1","Lebanon (1981-1982)","LBN","Lebanon",1981,1982,-0.376852117263844,1,FALSE,5,1987,135.229678747079,5,"5 años después",0.376852117263844,1.35229678747079,6,0.0515873086051781,2.1701057243957,0.167605624878935,"Otros países","",FALSE
"FMI WEO (PIB per cápita)","imf_weo_HTI_1","Haiti (1981-1994)","HTI","Haiti",1981,1994,-0.372875196443049,13,FALSE,5,1999,70.5401646774811,5,"5 años después",0.372875196443049,0.705401646774811,18,-0.0192014754628226,1.12481860512276,0.0238032367607379,"Otros países","",FALSE
"FMI WEO (PIB per cápita)","imf_weo_CAF_13","Central African Republic (2012-2014)","CAF","Central African Republic",2012,2014,-0.371978275773196,2,FALSE,5,2019,72.6589533433615,5,"5 años después",0.371978275773196,0.726589533433615,7,-0.0446023636523257,1.1569496808859,0.0295866296483871,"Otros países","",FALSE
"FMI WEO (PIB per cápita)","imf_weo_TJK_1","Tajikistan (1993-1996)","TJK","Tajikistan",1993,1996,-0.36108348788143,3,FALSE,5,2001,76.7569715997381,5,"5 años después",0.36108348788143,0.767569715997381,8,-0.0325250501669186,1.20136152601881,0.0373725308324737,"Otros países","",FALSE
"FMI WEO (PIB per cápita)","imf_weo_MDA_1","Republic of Moldova (1993-1996)","MDA","Republic of Moldova",1993,1996,-0.356922859035811,3,FALSE,5,2001,64.626000878321,5,"5 años después",0.356922859035811,0.64626000878321,8,-0.0531069906834939,1.00494943392677,0.000987932833368399,"Otros países","",FALSE
"FMI WEO (PIB per cápita)","imf_weo_TTO_2","Trinidad and Tobago (1982-1989)","TTO","Trinidad and Tobago",1982,1989,-0.341995167102343,7,FALSE,5,1994,75.6834466370339,5,"5 años después",0.341995167102343,0.756834466370339,12,-0.0229501063293466,1.15019590819336,0.0283817565040199,"Otros países","",FALSE
"FMI WEO (PIB per cápita)","imf_weo_BGR_2","Bulgaria (1988-1995)","BGR","Bulgaria",1988,1995,-0.339771681767113,7,FALSE,5,2000,60.5167350304825,5,"5 años después",0.339771681767113,0.605167350304825,12,-0.0409903938041571,0.916603141053638,-0.0172653517439098,"Otros países","",FALSE
"FMI WEO (PIB per cápita)","imf_weo_LBY_3","Libya (1985-1988)","LBY","Libya",1985,1988,-0.334740043267006,3,FALSE,5,1993,75.2859055864352,5,"5 años después",0.334740043267006,0.752859055864352,8,-0.0348624565126291,1.13167649464661,0.0250486053960206,"Otros países","",FALSE
"FMI WEO (PIB per cápita)","imf_weo_MOZ_1","Mozambique (1981-1986)","MOZ","Mozambique",1981,1986,-0.326541683891366,5,FALSE,5,1991,92.1042831165458,5,"5 años después",0.326541683891366,0.921042831165458,10,-0.00819114214222627,1.36763153581266,0.0646180406454997,"Otros países","",FALSE
"FMI WEO (PIB per cápita)","imf_weo_IRN_2","Iran (Islamic Republic of) (1983-1988)","IRN","Iran (Islamic Republic of)",1983,1988,-0.320543067377552,5,FALSE,5,1993,84.7972132884545,5,"5 años después",0.320543067377552,0.847972132884545,10,-0.0163555225198119,1.2480145424548,0.0453071696755598,"Otros países","",FALSE
"FMI WEO (PIB per cápita)","imf_weo_AZE_1","Azerbaijan (1993-1995)","AZE","Azerbaijan",1993,1995,-0.315738740188383,2,FALSE,5,2000,91.1448599723311,5,"5 años después",0.315738740188383,0.911448599723311,7,-0.0131583867581277,1.33201841643679,0.0590148398879224,"Otros países","",FALSE
"FMI WEO (PIB per cápita)","imf_weo_JOR_6","Jordan (1986-1991)","JOR","Jordan",1986,1991,-0.31207024314496,5,FALSE,5,1996,75.738065157225,5,"5 años después",0.31207024314496,0.75738065157225,10,-0.0274063704670713,1.10095637530598,0.0194220477287537,"Otros países","",FALSE
"FMI WEO (PIB per cápita)","imf_weo_LBR_2","Liberia (2002-2003)","LBR","Liberia",2002,2003,-0.301998700032499,1,FALSE,5,2008,85.3599643930269,5,"5 años después",0.301998700032499,0.853599643930269,6,-0.0260371970146115,1.22291984838712,0.0410692016312117,"Otros países","",FALSE
"FMI WEO (PIB per cápita)","imf_weo_PER_5","Peru (1987-1990)","PER","Peru",1987,1990,-0.301245041562092,3,FALSE,5,1995,81.9343887499471,5,"5 años después",0.301245041562092,0.819343887499471,8,-0.0245988186131847,1.17257684915917,0.0323530924998192,"Otros países","",FALSE
"FMI WEO (PIB per cápita)","imf_weo_ROU_4","Romania (1987-1992)","ROU","Romania",1987,1992,-0.300439285010728,5,FALSE,5,1997,79.3093322724694,5,"5 años después",0.300439285010728,0.793093322724694,10,-0.0229148128038135,1.13370191568984,0.0254152597001447,"Otros países","",FALSE
"FMI WEO (PIB per cápita)","imf_weo_ZMB_3","Zambia (1988-1994)","ZMB","Zambia",1988,1994,-0.29733866603868,6,FALSE,5,1999,73.1838303941571,5,"5 años después",0.29733866603868,0.731838303941571,11,-0.0279824566500244,1.04152351719108,0.00817010695994935,"Otros países","",FALSE
"FMI WEO (PIB per cápita)","imf_weo_BDI_7","Burundi (1991-1997)","BDI","Burundi",1991,1997,-0.296081831851569,6,FALSE,5,2002,70.4015677041198,5,"5 años después",0.296081831851569,0.704015677041198,11,-0.0314013750063706,1.00013852305165,2.77030753677021e-05,"Otros países","",FALSE
"FMI WEO (PIB per cápita)","imf_weo_QAT_5","Qatar (1989-1991)","QAT","Qatar",1989,1991,-0.29235975257732,2,FALSE,5,1996,78.1812566776382,5,"5 años después",0.29235975257732,0.781812566776382,7,-0.0345518613775004,1.10481642278523,0.0201358835484131,"Otros países","",FALSE
"FMI WEO (PIB per cápita)","imf_weo_LBN_15","Lebanon (2018-2020)","LBN","Lebanon",2018,2020,-0.281542064630055,2,FALSE,5,2025,74.8584752733767,5,"5 años después",0.281542064630055,0.748584752733767,7,-0.0405233164832326,1.04193261133418,0.00824929320875145,"Otros países","",FALSE
"FMI WEO (PIB per cápita)","imf_weo_ARE_15","United Arab Emirates (2006-2009)","ARE","United Arab Emirates",2006,2009,-0.26818040857396,3,FALSE,5,2014,79.2644438522196,5,"5 años después",0.26818040857396,0.792644438522196,8,-0.0286297414404334,1.08311453780245,0.0160963165673425,"Otros países","",FALSE
"FMI WEO (PIB per cápita)","imf_weo_GRC_9","Greece (2007-2013)","GRC","Greece",2007,2013,-0.267151542905283,6,FALSE,5,2018,78.2713637423488,5,"5 años después",0.267151542905283,0.782713637423488,11,-0.0220254878005314,1.06804296283362,0.0132526414387484,"Otros países","",FALSE
"FMI WEO (PIB per cápita)","imf_weo_ETH_5","Ethiopia (1987-1992)","ETH","Ethiopia",1987,1992,-0.264757213088112,5,FALSE,5,1997,91.4139907377582,5,"5 años después",0.264757213088112,0.914139907377582,10,-0.00893699033504169,1.24331706974928,0.0445190840665195,"Otros países","",FALSE
"FMI WEO (PIB per cápita)","imf_weo_NER_1","Niger (1981-1984)","NER","Niger",1981,1984,-0.262059302878505,3,FALSE,5,1989,78.0107808766806,5,"5 años después",0.262059302878505,0.780107808766806,8,-0.0305635871877334,1.05714159933148,0.0111757192115562,"Otros países","",FALSE
"FMI WEO (PIB per cápita)","imf_weo_DJI_1","Djibouti (1991-2001)","DJI","Djibouti",1991,2001,-0.257813978820671,10,FALSE,5,2006,80.9509730527616,5,"5 años después",0.257813978820671,0.809509730527616,15,-0.0139896548223639,1.0907100207052,0.0175174375851033,"Otros países","",FALSE
"FMI WEO (PIB per cápita)","imf_weo_QAT_19","Qatar (2011-2020)","QAT","Qatar",2011,2020,-0.255643674634137,9,FALSE,5,2025,75.1549413115782,5,"5 años después",0.255643674634137,0.751549413115782,14,-0.0201946098544304,1.00966350053704,0.00192527247275853,"Otros países","",FALSE
"FMI WEO (PIB per cápita)","imf_weo_KGZ_1","Kyrgyzstan (1993-1995)","KGZ","Kyrgyzstan",1993,1995,-0.24801466961326,2,FALSE,5,2000,91.6823221438048,5,"5 años después",0.24801466961326,0.916823221438048,7,-0.0123291659372788,1.21920359931295,0.0404357040561445,"Otros países","",FALSE
"FMI WEO (PIB per cápita)","imf_weo_LCA_18","Saint Lucia (2018-2020)","LCA","Saint Lucia",2018,2020,-0.24758493258427,2,FALSE,5,2025,108.646696681797,5,"5 años después",0.24758493258427,1.08646696681797,7,0.0119177596774123,1.44397289989099,0.076246639760527,"Otros países","",FALSE
"FMI WEO (PIB per cápita)","imf_weo_QAT_1","Qatar (1981-1983)","QAT","Qatar",1981,1983,-0.247135,2,FALSE,5,1988,64.9750037549456,5,"5 años después",0.247135,0.649750037549456,7,-0.0597367257587648,0.863036583649732,-0.029029934321243,"Otros países","",FALSE
"FMI WEO (PIB per cápita)","imf_weo_KWT_7","Kuwait (2007-2011)","KWT","Kuwait",2007,2011,-0.243663824869233,4,FALSE,5,2016,67.4381362105795,5,"5 años después",0.243663824869233,0.674381362105795,9,-0.0428290561526334,0.891642346723925,-0.0226769599214758,"Otros países","",FALSE
"FMI WEO (PIB per cápita)","imf_weo_AGO_15","Angola (2014-2021)","AGO","Angola",2014,2021,-0.242962379055408,7,FALSE,5,2026,75.2982889549452,5,"5 años después",0.242962379055408,0.752982889549452,12,-0.0233654315103466,0.994643949939924,-0.00107351239678166,"Otros países","",FALSE
"FMI WEO (PIB per cápita)","imf_weo_GNB_6","Guinea-Bissau (1997-1998)","GNB","Guinea-Bissau",1997,1998,-0.240958041958042,1,FALSE,5,2003,87.3441639563664,5,"5 años después",0.240958041958042,0.873441639563664,6,-0.0222999245531167,1.15071588640082,0.0284747214376948,"Otros países","",FALSE
"FMI WEO (PIB per cápita)","imf_weo_SDN_10","Sudan (Former) (2011-2013)","SDN","Sudan (Former)",2011,2013,-0.235405303616857,2,FALSE,5,2018,74.5826021546094,5,"5 años después",0.235405303616857,0.745826021546094,7,-0.0410292480089477,0.975452779196831,-0.00495837185985826,"Otros países","",FALSE
"FMI WEO (PIB per cápita)","imf_weo_TGO_5","Togo (1990-1993)","TGO","Togo",1990,1993,-0.234463165843594,3,FALSE,5,1998,88.0331338028466,5,"5 años después",0.234463165843594,0.880331338028466,8,-0.0158058704263266,1.14995294641643,0.0283383067627569,"Otros países","",FALSE
"FMI WEO (PIB per cápita)","imf_weo_CIV_5","Côte d'Ivoire (1988-1994)","CIV","Côte d'Ivoire",1988,1994,-0.233616795854476,6,FALSE,5,1999,84.4011068324322,5,"5 años después",0.233616795854476,0.844011068324322,11,-0.0152990054821854,1.10129118665296,0.0194840433836989,"Otros países","",FALSE
"FMI WEO (PIB per cápita)","imf_weo_JOR_12","Jordan (2012-2020)","JOR","Jordan",2012,2020,-0.225046689277999,8,FALSE,5,2025,84.6368241363342,5,"5 años después",0.225046689277999,0.846368241363342,13,-0.0127488620798732,1.0921538493394,0.0177866830309945,"Otros países","",FALSE
"FMI WEO (PIB per cápita)","imf_weo_RWA_3","Rwanda (1986-1991)","RWA","Rwanda",1986,1991,-0.224821622134858,5,FALSE,5,1996,73.5386608098869,5,"5 años después",0.224821622134858,0.735386608098869,10,-0.030268346916864,0.948667595868888,-0.0104840174315071,"Otros países","",FALSE
"FMI WEO (PIB per cápita)","imf_weo_LBY_1","Libya (1981-1984)","LBY","Libya",1981,1984,-0.220731204435766,3,FALSE,5,1989,53.782636629081,5,"5 años después",0.220731204435766,0.53782636629081,8,-0.0745983678329144,0.690167974583652,-0.0714806458927444,"Otros países","",FALSE
"FMI WEO (PIB per cápita)","imf_weo_ARG_9","Argentina (1998-2002)","ARG","Argentina",1998,2002,-0.216623240864843,4,FALSE,5,2007,113.634124203698,5,"5 años después",0.216623240864843,1.13634124203698,9,0.0143028388842814,1.45056797867158,0.0772279600338932,"Otros países","",FALSE
"FMI WEO (PIB per cápita)","imf_weo_QAT_3","Qatar (1984-1987)","QAT","Qatar",1984,1987,-0.212835635384616,3,FALSE,5,1992,62.0081711700833,5,"5 años después",0.212835635384616,0.620081711700833,8,-0.0579886937319779,0.787741086328026,-0.0465965930586886,"Otros países","",FALSE
"FMI WEO (PIB per cápita)","imf_weo_CPV_8","Cabo Verde (2019-2020)","CPV","Cabo Verde",2019,2020,-0.211155378486056,1,FALSE,5,2025,113.144365588012,5,"5 años después",0.211155378486056,1.13144365588012,6,0.020795676453135,1.43430483649449,0.0748015710450518,"Otros países","",FALSE
"FMI WEO (PIB per cápita)","imf_weo_MMR_2","Myanmar (2019-2021)","MMR","Myanmar",2019,2021,-0.210389930132804,2,FALSE,5,2026,80.1826409675796,5,"5 años después",0.210389930132804,0.801826409675796,7,-0.0310593109090264,1.01547135766728,0.00307529835499043,"Otros países","",FALSE
"FMI WEO (PIB per cápita)","imf_weo_BLR_1","Belarus (1993-1995)","BLR","Belarus",1993,1995,-0.210153593396875,2,FALSE,5,2000,109.272461726517,5,"5 años después",0.210153593396875,1.09272461726517,7,0.0127483223777898,1.38346469405948,0.0670717344800613,"Otros países","",FALSE
"FMI WEO (PIB per cápita)","imf_weo_GAB_4","Gabon (1985-1987)","GAB","Gabon",1985,1987,-0.206949304247991,2,FALSE,5,1992,90.0475594085748,5,"5 años después",0.206949304247991,0.900475594085748,7,-0.0148644480163839,1.13545779470236,0.0257326960022763,"Otros países","",FALSE
"FMI WEO (PIB per cápita)","imf_weo_CIV_7","Côte d'Ivoire (1998-2008)","CIV","Côte d'Ivoire",1998,2008,-0.206481961777714,10,FALSE,5,2013,83.7078974100018,5,"5 años después",0.206481961777714,0.837078974100018,15,-0.0117857876464378,1.05489596175447,0.0107457548429144,"Otros países","",FALSE
"FMI WEO (PIB per cápita)","imf_weo_BOL_1","Bolivia (Plurinational State of) (1981-1986)","BOL","Bolivia (Plurinational State of)",1981,1986,-0.205077823437806,5,FALSE,5,1991,86.2777793108536,5,"5 años después",0.205077823437806,0.862777793108536,10,-0.0146514182340297,1.08536133290406,0.016517521935256,"Otros países","",FALSE
"FMI WEO (PIB per cápita)","imf_weo_NAM_6","Namibia (2015-2020)","NAM","Namibia",2015,2020,-0.204992620216429,5,FALSE,5,2025,84.8442818643909,5,"5 años después",0.204992620216429,0.848442818643909,10,-0.016300936782338,1.06721376457522,0.0130952604352694,"Otros países","",FALSE
"FMI WEO (PIB per cápita)","imf_weo_NER_5","Niger (1988-1997)","NER","Niger",1988,1997,-0.202078241280027,9,FALSE,5,2002,81.3344305227252,5,"5 años después",0.202078241280027,0.813344305227252,14,-0.0146488433224939,1.01932839446817,0.00383613392541626,"Otros países","",FALSE
"FMI WEO (PIB per cápita)","imf_weo_KWT_9","Kuwait (2012-2018)","KWT","Kuwait",2012,2018,-0.201614830678677,6,FALSE,5,2023,74.7631949443684,5,"5 años después",0.201614830678677,0.747631949443684,11,-0.0260939191384927,0.936430156987031,-0.0130501661387948,"Otros países","",FALSE
"FMI WEO (PIB per cápita)","imf_weo_LBR_4","Liberia (2013-2020)","LBR","Liberia",2013,2020,-0.19801376718671,7,FALSE,5,2025,90.6520684489709,5,"5 años después",0.19801376718671,0.906520684489709,12,-0.00814510003246083,1.1303444465745,0.0248071835148203,"Otros países","",FALSE
"FMI WEO (PIB per cápita)","imf_weo_CYP_8","Cyprus (2008-2014)","CYP","Cyprus",2008,2014,-0.195299664008198,6,FALSE,5,2019,101.982248407023,5,"5 años después",0.195299664008198,1.01982248407023,11,0.00178600910186866,1.26733199733698,0.0485232862732974,"Otros países","",FALSE
"FMI WEO (PIB per cápita)","imf_weo_RUS_1","Russian Federation (1993-1996)","RUS","Russian Federation",1993,1996,-0.192659950548806,3,FALSE,5,2001,96.6447024302975,5,"5 años después",0.192659950548806,0.966447024302975,8,-0.00425701234160469,1.19707553831863,0.0366312844551393,"Otros países","",FALSE
"FMI WEO (PIB per cápita)","imf_weo_GAB_8","Gabon (1998-2004)","GAB","Gabon",1998,2004,-0.191768428551858,6,FALSE,5,2009,70.8510877601099,5,"5 años después",0.191768428551858,0.708510877601099,11,-0.030840765151202,0.876618660579703,-0.0259928560879751,"Otros países","",FALSE
"FMI WEO (PIB per cápita)","imf_weo_PAN_12","Panama (2019-2020)","PAN","Panama",2019,2020,-0.189526057490068,1,FALSE,5,2025,112.891194294538,5,"5 años después",0.189526057490068,1.12891194294538,6,0.0204146331159034,1.39290344048482,0.068523805556006,"Otros países","",FALSE
"FMI WEO (PIB per cápita)","imf_weo_PAN_4","Panama (1986-1989)","PAN","Panama",1986,1989,-0.189447905029703,3,FALSE,5,1994,101.324787441485,5,"5 años después",0.189447905029703,1.01324787441485,8,0.00164646502944032,1.25007125476862,0.0456514734081648,"Otros países","",FALSE
"FMI WEO (PIB per cápita)","imf_weo_GHA_1","Ghana (1981-1983)","GHA","Ghana",1981,1983,-0.189231529393707,2,FALSE,5,1988,101.388030817211,5,"5 años después",0.189231529393707,1.01388030817211,7,0.00197120583739907,1.25051768159402,0.0457261475833548,"Otros países","",FALSE
"FMI WEO (PIB per cápita)","imf_weo_VEN_80","Venezuela (2001-2003)","VEN","Venezuela",2001,2003,-0.188975855520166,2,TRUE,5,2008,120.02958997818,5,"5 años después",0.188975855520166,1.2002958997818,7,0.0264242481526602,1.47997554444156,0.0815607239408322,"Venezuela","",FALSE
"FMI WEO (PIB per cápita)","imf_weo_ETH_3","Ethiopia (1983-1985)","ETH","Ethiopia",1983,1985,-0.18860020121238,2,FALSE,5,1990,88.5027237382391,5,"5 años después",0.18860020121238,0.885027237382391,7,-0.0172967855055838,1.09074125813783,0.0175232657644893,"Otros países","",FALSE
"FMI WEO (PIB per cápita)","imf_weo_CHL_1","Chile (1981-1983)","CHL","Chile",1981,1983,-0.186751438070071,2,FALSE,5,1988,97.6412342841415,5,"5 años después",0.186751438070071,0.976412342841415,7,-0.00340423517457988,1.20063211734956,0.0372465317334785,"Otros países","",FALSE
"FMI WEO (PIB per cápita)","imf_weo_PHL_2","Philippines (1982-1985)","PHL","Philippines",1982,1985,-0.186641230934468,3,FALSE,5,1990,91.0945541365591,5,"5 años después",0.186641230934468,0.910945541365591,8,-0.0115913173039435,1.11997998424751,0.0229209004204765,"Otros países","",FALSE
"FMI WEO (PIB per cápita)","imf_weo_LVA_2","Latvia (2007-2010)","LVA","Latvia",2007,2010,-0.186162407128713,3,FALSE,5,2015,103.940536864297,5,"5 años después",0.186162407128713,1.03940536864297,8,0.00484278716152264,1.2771655889916,0.0501454178721299,"Otros países","",FALSE
"FMI WEO (PIB per cápita)","imf_weo_EST_4","Estonia (2007-2009)","EST","Estonia",2007,2009,-0.185911546067415,2,FALSE,5,2014,99.3038741569482,5,"5 años después",0.185911546067415,0.993038741569482,7,-0.000997445224169557,1.21981676164605,0.0405403342731789,"Otros países","",FALSE
"FMI WEO (PIB per cápita)","imf_weo_LSO_4","Lesotho (2016-2020)","LSO","Lesotho",2016,2020,-0.183964383096619,4,FALSE,5,2025,89.3570606522697,5,"5 años después",0.183964383096619,0.893570606522697,9,-0.0124254832073225,1.09501422243497,0.0183192462009134,"Otros países","",FALSE
"FMI WEO (PIB per cápita)","imf_weo_ARE_3","United Arab Emirates (1987-1988)","ARE","United Arab Emirates",1987,1988,-0.183798882681564,1,FALSE,5,1993,106.004248078467,5,"5 años después",0.183798882681564,1.06004248078467,6,0.00976553861781482,1.29875156783338,0.0536714603952149,"Otros países","",FALSE
"FMI WEO (PIB per cápita)","imf_weo_BRB_13","Barbados (2017-2020)","BRB","Barbados",2017,2020,-0.180561296583334,3,FALSE,5,2025,109.363414377476,5,"5 años después",0.180561296583334,1.09363414377476,8,0.0112511012850949,1.33461372914756,0.0594271968169067,"Otros países","",FALSE
"FMI WEO (PIB per cápita)","imf_weo_URY_1","Uruguay (1981-1985)","URY","Uruguay",1981,1985,-0.178814533815694,4,FALSE,5,1990,92.6167688985748,5,"5 años después",0.178814533815694,0.926167688985748,9,-0.0084860078436525,1.1278422806108,0.02435307216976,"Otros países","",FALSE
"FMI WEO (PIB per cápita)","imf_weo_ZMB_1","Zambia (1981-1987)","ZMB","Zambia",1981,1987,-0.177819002553055,6,FALSE,5,1992,75.0379486401833,5,"5 años después",0.177819002553055,0.750379486401833,11,-0.0257690894580617,0.912669459318482,-0.0181103016265174,"Otros países","",FALSE
"FMI WEO (PIB per cápita)","imf_weo_DMA_14","Dominica (2019-2020)","DMA","Dominica",2019,2020,-0.177424657534247,1,FALSE,5,2025,102.34867601783,5,"5 años después",0.177424657534247,1.0234867601783,6,0.00387669337908791,1.24424682742166,0.0446752565014295,"Otros países","",FALSE
"FMI WEO (PIB per cápita)","imf_weo_HUN_2","Hungary (1989-1993)","HUN","Hungary",1989,1993,-0.176629798191879,4,FALSE,5,1998,93.7085533130883,5,"5 años después",0.176629798191879,0.937085533130883,9,-0.00719407749568368,1.13810960254943,0.0262113590691684,"Otros países","",FALSE
"FMI WEO (PIB per cápita)","imf_weo_SLE_7","Sierra Leone (1990-1992)","SLE","Sierra Leone",1990,1992,-0.173675804967801,2,FALSE,5,1997,47.8864775047309,5,"5 años después",0.173675804967801,0.478864775047309,7,-0.0998474266048515,0.579511985642209,-0.103371612725151,"Otros países","",FALSE
"FMI WEO (PIB per cápita)","imf_weo_GTM_1","Guatemala (1981-1986)","GTM","Guatemala",1981,1986,-0.17070192381138,5,FALSE,5,1991,86.8077775465177,5,"5 años después",0.17070192381138,0.868077775465177,10,-0.014047792378673,1.04676207553114,0.00918223281496,"Otros países","",FALSE
"FMI WEO (PIB per cápita)","imf_weo_ZWE_5","Zimbabwe (2018-2020)","ZWE","Zimbabwe",2018,2020,-0.170128048260814,2,FALSE,5,2025,98.7159833449313,5,"5 años después",0.170128048260814,0.987159833449313,7,-0.00184448455909603,1.18953271210154,0.035321607381442,"Otros países","",FALSE
"FMI WEO (PIB per cápita)","imf_weo_LBY_7","Libya (1994-1995)","LBY","Libya",1994,1995,-0.1686545750968,1,FALSE,5,2000,78.5836225043539,5,"5 años después",0.1686545750968,0.785836225043539,6,-0.0393717795333669,0.945258374561982,-0.0111962455648071,"Otros países","",FALSE
"FMI WEO (PIB per cápita)","imf_weo_CAF_5","Central African Republic (1989-1993)","CAF","Central African Republic",1989,1993,-0.166481748311228,4,FALSE,5,1998,84.8411219485782,5,"5 años después",0.166481748311228,0.848411219485782,9,-0.0180997330136297,1.01786759650054,0.00354824964493772,"Otros países","",FALSE
"FMI WEO (PIB per cápita)","imf_weo_ARG_19","Argentina (2017-2020)","ARG","Argentina",2017,2020,-0.165222648183,3,FALSE,5,2025,94.387005892596,5,"5 años después",0.165222648183,0.94387005892596,8,-0.00719483879418037,1.1306847950193,0.0248688902859036,"Otros países","",FALSE
"FMI WEO (PIB per cápita)","imf_weo_SDN_2","Sudan (Former) (1982-1985)","SDN","Sudan (Former)",1982,1985,-0.164671945955815,3,FALSE,5,1990,88.677340906054,5,"5 años después",0.164671945955815,0.88677340906054,8,-0.0149084750248479,1.06158700736469,0.0120247155489812,"Otros países","",FALSE
"FMI WEO (PIB per cápita)","imf_weo_GMB_2","Gambia (1983-1988)","GMB","Gambia",1983,1988,-0.160918525897468,5,FALSE,5,1993,80.3644068263603,5,"5 años después",0.160918525897468,0.803644068263603,10,-0.0216226852028673,0.9577664303972,-0.00859313420716035,"Otros países","",FALSE
"FMI WEO (PIB per cápita)","imf_weo_BWA_10","Botswana (2008-2009)","BWA","Botswana",2008,2009,-0.158689100954294,1,FALSE,5,2014,106.278670632145,5,"5 años después",0.158689100954294,1.06278670632145,6,0.0102007476069794,1.26325084760813,0.0478471093514867,"Otros países","",FALSE
"FMI WEO (PIB per cápita)","imf_weo_GNQ_7","Equatorial Guinea (2008-2010)","GNQ","Equatorial Guinea",2008,2010,-0.157699554153522,2,FALSE,5,2015,68.8183013225651,5,"5 años después",0.157699554153522,0.688183013225651,7,-0.0519857841915526,0.817027957920709,-0.0396105434651907,"Otros países","",FALSE
"FMI WEO (PIB per cápita)","imf_weo_IRQ_9","Iraq (2019-2021)","IRQ","Iraq",2019,2021,-0.156223597581996,2,FALSE,5,2026,75.2466841714143,5,"5 años después",0.156223597581996,0.752466841714143,7,-0.0398140692000093,0.891784647636275,-0.0226457669025557,"Otros países","",FALSE
"FMI WEO (PIB per cápita)","imf_weo_MWI_3","Malawi (1985-1989)","MWI","Malawi",1985,1989,-0.155669654050109,4,FALSE,5,1994,81.2148355084541,5,"5 años después",0.155669654050109,0.812148355084541,9,-0.0228539394969387,0.961884597634419,-0.00774203414463703,"Otros países","",FALSE
"FMI WEO (PIB per cápita)","imf_weo_URY_9","Uruguay (1998-2002)","URY","Uruguay",1998,2002,-0.154430316676656,4,FALSE,5,2007,106.280538155725,5,"5 años después",0.154430316676656,1.06280538155725,9,0.00679095449579692,1.2569104622816,0.0467931408491888,"Otros países","",FALSE
"FMI WEO (PIB per cápita)","imf_weo_SYC_13","Seychelles (2019-2021)","SYC","Seychelles",2019,2021,-0.150953344827586,2,FALSE,5,2026,98.8982377291784,5,"5 años después",0.150953344827586,0.988982377291784,7,-0.00158142911139725,1.16481511500797,0.0309827514494276,"Otros países","",FALSE
"FMI WEO (PIB per cápita)","imf_weo_MNE_6","Montenegro (2019-2020)","MNE","Montenegro",2019,2020,-0.15,1,FALSE,5,2025,117.326407338125,5,"5 años después",0.15,1.17326407338125,6,0.0269894022966799,1.38031067456618,0.066584748669217,"Otros países","",FALSE
"FMI WEO (PIB per cápita)","imf_weo_COD_5","D.R. of the Congo (1986-2002)","COD","D.R. of the Congo",1986,2002,-0.69801802394496,16,FALSE,10,2012,42.8819963507911,10,"10 años después",0.69801802394496,0.428819963507911,26,-0.032041516230442,1.42001840344853,0.0356890802144019,"Otros países","",FALSE
"FMI WEO (PIB per cápita)","imf_weo_LBN_5","Lebanon (1987-1990)","LBN","Lebanon",1987,1990,-0.660906166826934,3,FALSE,10,2000,59.8671359150641,10,"10 años después",0.660906166826934,0.598671359150641,13,-0.0386962146711222,1.76550352906327,0.058490242724174,"Otros países","Lebanon (1987-1990)",TRUE
"FMI WEO (PIB per cápita)","imf_weo_ZWE_1","Zimbabwe (1999-2008)","ZWE","Zimbabwe",1999,2008,-0.517677307450364,9,FALSE,10,2018,79.4946818789557,10,"10 años después",0.517677307450364,0.794946818789557,19,-0.0120052529074012,1.64816383526833,0.0512355473146475,"Otros países","",FALSE
"FMI WEO (PIB per cápita)","imf_weo_SAU_1","Saudi Arabia (1981-1987)","SAU","Saudi Arabia",1981,1987,-0.514265033806677,6,FALSE,10,1997,48.9097064994479,10,"10 años después",0.514265033806677,0.489097064994479,16,-0.0437153359559945,1.00692167341278,0.000690020814786418,"Otros países","",FALSE
"FMI WEO (PIB per cápita)","imf_weo_SLE_9","Sierra Leone (1994-1999)","SLE","Sierra Leone",1994,1999,-0.5089084635662,5,FALSE,10,2009,81.1977482045881,10,"10 años después",0.5089084635662,0.811977482045881,15,-0.0137895523255496,1.65341371578563,0.0515699173690003,"Otros países","",FALSE
"FMI WEO (PIB per cápita)","imf_weo_LBY_17","Libya (2010-2011)","LBY","Libya",2010,2011,-0.490855115875769,1,FALSE,10,2021,59.4345911812539,10,"10 años después",0.490855115875769,0.594345911812539,11,-0.0461982468878503,1.16734141959388,0.0155932121392075,"Otros países","",FALSE
"FMI WEO (PIB per cápita)","imf_weo_UKR_1","Ukraine (1992-1998)","UKR","Ukraine",1992,1998,-0.479242122620685,6,FALSE,10,2008,102.0742264623,10,"10 años después",0.479242122620685,1.020742264623,16,0.00128395312907781,1.96010911973109,0.0696163304532624,"Otros países","",FALSE
"FMI WEO (PIB per cápita)","imf_weo_ARE_1","United Arab Emirates (1981-1986)","ARE","United Arab Emirates",1981,1986,-0.44743808581,5,FALSE,10,1996,60.9216590016337,10,"10 años después",0.44743808581,0.609216590016337,15,-0.0324989431473228,1.10253090987892,0.00980862874660571,"Otros países","",FALSE
"FMI WEO (PIB per cápita)","imf_weo_LBY_19","Libya (2012-2016)","LBY","Libya",2012,2016,-0.42518756081544,4,FALSE,10,2026,75.0303404459191,10,"10 años después",0.42518756081544,0.750303404459191,14,-0.020310730604798,1.30530126578956,0.0270014952800894,"Otros países","",FALSE
"FMI WEO (PIB per cápita)","imf_weo_CMR_2","Cameroon (1986-1994)","CMR","Cameroon",1986,1994,-0.424060089825231,8,FALSE,10,2004,69.723912213361,10,"10 años después",0.424060089825231,0.69723912213361,18,-0.0198354617188942,1.21061088112826,0.019296322446009,"Otros países","",FALSE
"FMI WEO (PIB per cápita)","imf_weo_TKM_1","Turkmenistan (1993-1997)","TKM","Turkmenistan",1993,1997,-0.415268957396298,4,FALSE,10,2007,200.793641489427,10,"10 años después",0.415268957396298,2.00793641489427,14,0.0510539213550139,3.43394871931767,0.131304150706534,"Otros países","",FALSE
"FMI WEO (PIB per cápita)","imf_weo_ALB_6","Albania (1989-1992)","ALB","Albania",1989,1992,-0.402174797659377,3,FALSE,10,2002,120.010100819,10,"10 años después",0.402174797659377,1.20010100819,13,0.0141301091912389,2.00744465688521,0.0721717451326997,"Otros países","",FALSE
"FMI WEO (PIB per cápita)","imf_weo_RWA_5","Rwanda (1992-1994)","RWA","Rwanda",1992,1994,-0.401575493224078,2,FALSE,10,2004,115.253457926092,10,"10 años después",0.401575493224078,1.15253457926092,12,0.0119005462653186,1.92594816256829,0.0677374103476844,"Otros países","",FALSE
"FMI WEO (PIB per cápita)","imf_weo_LBN_1","Lebanon (1981-1982)","LBN","Lebanon",1981,1982,-0.376852117263844,1,FALSE,10,1992,63.5539418438033,10,"10 años después",0.376852117263844,0.635539418438033,11,-0.0403698972818296,1.01988538522745,0.00197096515923278,"Otros países","",FALSE
"FMI WEO (PIB per cápita)","imf_weo_HTI_1","Haiti (1981-1994)","HTI","Haiti",1981,1994,-0.372875196443049,13,FALSE,10,2004,67.5577717134388,10,"10 años después",0.372875196443049,0.675577717134388,23,-0.0169070561071623,1.07726199522427,0.00747002571967981,"Otros países","",FALSE
"FMI WEO (PIB per cápita)","imf_weo_CAF_13","Central African Republic (2012-2014)","CAF","Central African Republic",2012,2014,-0.371978275773196,2,FALSE,10,2024,70.5858732197863,10,"10 años después",0.371978275773196,0.705858732197863,12,-0.0286110713633254,1.12393999278749,0.0117525612593175,"Otros países","",FALSE
"FMI WEO (PIB per cápita)","imf_weo_TJK_1","Tajikistan (1993-1996)","TJK","Tajikistan",1993,1996,-0.36108348788143,3,FALSE,10,2006,105.308943932414,10,"10 años después",0.36108348788143,1.05308943932414,13,0.00398701687112291,1.64824264101772,0.051240573612451,"Otros países","",FALSE
"FMI WEO (PIB per cápita)","imf_weo_MDA_1","Republic of Moldova (1993-1996)","MDA","Republic of Moldova",1993,1996,-0.356922859035811,3,FALSE,10,2006,91.0396345279213,10,"10 años después",0.356922859035811,0.910396345279213,13,-0.00719516152682476,1.4156876170629,0.0353727803811836,"Otros países","",FALSE
"FMI WEO (PIB per cápita)","imf_weo_TTO_2","Trinidad and Tobago (1982-1989)","TTO","Trinidad and Tobago",1982,1989,-0.341995167102343,7,FALSE,10,1999,104.425984600727,10,"10 años después",0.341995167102343,1.04425984600727,17,0.00255079794770241,1.58700938625126,0.0472682796505286,"Otros países","",FALSE
"FMI WEO (PIB per cápita)","imf_weo_BGR_2","Bulgaria (1988-1995)","BGR","Bulgaria",1988,1995,-0.339771681767113,7,FALSE,10,2005,84.2791581747198,10,"10 años después",0.339771681767113,0.842791581747198,17,-0.010010475077931,1.27651534851299,0.0247138451529123,"Otros países","",FALSE
"FMI WEO (PIB per cápita)","imf_weo_LBY_3","Libya (1985-1988)","LBY","Libya",1985,1988,-0.334740043267006,3,FALSE,10,1998,59.5811145484577,10,"10 años después",0.334740043267006,0.595811145484577,13,-0.0390502827854126,0.895606506080012,-0.0109648558734334,"Otros países","",FALSE
"FMI WEO (PIB per cápita)","imf_weo_MOZ_1","Mozambique (1981-1986)","MOZ","Mozambique",1981,1986,-0.326541683891366,5,FALSE,10,1996,94.7829959450724,10,"10 años después",0.326541683891366,0.947829959450724,15,-0.00356563865793635,1.40740701655814,0.0347655730577383,"Otros países","",FALSE
"FMI WEO (PIB per cápita)","imf_weo_IRN_2","Iran (Islamic Republic of) (1983-1988)","IRN","Iran (Islamic Republic of)",1983,1988,-0.320543067377552,5,FALSE,10,1998,87.404552397699,10,"10 años después",0.320543067377552,0.87404552397699,15,-0.00893470072466207,1.2863884111146,0.0255036533837041,"Otros países","",FALSE
"FMI WEO (PIB per cápita)","imf_weo_AZE_1","Azerbaijan (1993-1995)","AZE","Azerbaijan",1993,1995,-0.315738740188383,2,FALSE,10,2005,158.661406417597,10,"10 años después",0.315738740188383,1.58661406417597,12,0.0392162800359162,2.31872554733375,0.0877395876181337,"Otros países","",FALSE
"FMI WEO (PIB per cápita)","imf_weo_JOR_6","Jordan (1986-1991)","JOR","Jordan",1986,1991,-0.31207024314496,5,FALSE,10,2001,81.6984765655556,10,"10 años después",0.31207024314496,0.816984765655556,15,-0.013385265232531,1.18759910806956,0.0173420280434042,"Otros países","",FALSE
"FMI WEO (PIB per cápita)","imf_weo_LBR_2","Liberia (2002-2003)","LBR","Liberia",2002,2003,-0.301998700032499,1,FALSE,10,2013,103.078358689972,10,"10 años después",0.301998700032499,1.03078358689972,11,0.00276009998946525,1.47676456612289,0.0397552605642448,"Otros países","",FALSE
"FMI WEO (PIB per cápita)","imf_weo_PER_5","Peru (1987-1990)","PER","Peru",1987,1990,-0.301245041562092,3,FALSE,10,2000,85.5562490646443,10,"10 años después",0.301245041562092,0.855562490646443,13,-0.0119279939512343,1.22440990266328,0.0204522399977747,"Otros países","",FALSE
"FMI WEO (PIB per cápita)","imf_weo_ROU_4","Romania (1987-1992)","ROU","Romania",1987,1992,-0.300439285010728,5,FALSE,10,2002,88.6614387559474,10,"10 años después",0.300439285010728,0.886614387559474,15,-0.00799091016665421,1.26738733116692,0.0239787313068014,"Otros países","",FALSE
"FMI WEO (PIB per cápita)","imf_weo_ZMB_3","Zambia (1988-1994)","ZMB","Zambia",1988,1994,-0.29733866603868,6,FALSE,10,2004,82.2165658900218,10,"10 años después",0.29733866603868,0.822165658900218,16,-0.0121637519344309,1.17007385942981,0.0158306858194497,"Otros países","",FALSE
"FMI WEO (PIB per cápita)","imf_weo_BDI_7","Burundi (1991-1997)","BDI","Burundi",1991,1997,-0.296081831851569,6,FALSE,10,2007,71.3226442581537,10,"10 años después",0.296081831851569,0.713226442581537,16,-0.0209007570739147,1.01322351780973,0.00131454829165567,"Otros países","",FALSE
"FMI WEO (PIB per cápita)","imf_weo_QAT_5","Qatar (1989-1991)","QAT","Qatar",1989,1991,-0.29235975257732,2,FALSE,10,2001,106.826486471182,10,"10 años después",0.29235975257732,1.06826486471182,12,0.00551814505562609,1.50961575264067,0.0420454026674555,"Otros países","",FALSE
"FMI WEO (PIB per cápita)","imf_weo_ARE_15","United Arab Emirates (2006-2009)","ARE","United Arab Emirates",2006,2009,-0.26818040857396,3,FALSE,10,2019,79.3428293284244,10,"10 años después",0.26818040857396,0.793428293284244,13,-0.0176419196303114,1.08418564162535,0.00811566939198149,"Otros países","",FALSE
"FMI WEO (PIB per cápita)","imf_weo_GRC_9","Greece (2007-2013)","GRC","Greece",2007,2013,-0.267151542905283,6,FALSE,10,2023,87.8009615295188,10,"10 años después",0.267151542905283,0.878009615295188,16,-0.00809814033222933,1.19807800206873,0.018236145005885,"Otros países","",FALSE
"FMI WEO (PIB per cápita)","imf_weo_ETH_5","Ethiopia (1987-1992)","ETH","Ethiopia",1987,1992,-0.264757213088112,5,FALSE,10,2002,97.6850409188526,10,"10 años después",0.264757213088112,0.976850409188526,15,-0.00156023164168306,1.32860930644613,0.0288207836071195,"Otros países","",FALSE
"FMI WEO (PIB per cápita)","imf_weo_NER_1","Niger (1981-1984)","NER","Niger",1981,1984,-0.262059302878505,3,FALSE,10,1994,67.7520598518553,10,"10 años después",0.262059302878505,0.677520598518553,13,-0.0295033542007017,0.918123368397183,-0.00850596870652365,"Otros países","",FALSE
"FMI WEO (PIB per cápita)","imf_weo_DJI_1","Djibouti (1991-2001)","DJI","Djibouti",1991,2001,-0.257813978820671,10,FALSE,10,2011,95.0058740103991,10,"10 años después",0.257813978820671,0.95005874010399,20,-0.00255829520139228,1.28008169514477,0.0249997718681307,"Otros países","",FALSE
"FMI WEO (PIB per cápita)","imf_weo_KGZ_1","Kyrgyzstan (1993-1995)","KGZ","Kyrgyzstan",1993,1995,-0.24801466961326,2,FALSE,10,2005,104.703615254348,10,"10 años después",0.24801466961326,1.04703615254348,12,0.00383763334124732,1.39236247069474,0.033654098299857,"Otros países","",FALSE
"FMI WEO (PIB per cápita)","imf_weo_QAT_1","Qatar (1981-1983)","QAT","Qatar",1981,1983,-0.247135,2,FALSE,10,1993,50.1686572917251,10,"10 años después",0.247135,0.501686572917251,12,-0.0558607778172044,0.666369897547702,-0.0397782543006261,"Otros países","",FALSE
"FMI WEO (PIB per cápita)","imf_weo_KWT_7","Kuwait (2007-2011)","KWT","Kuwait",2007,2011,-0.243663824869233,4,FALSE,10,2021,60.8573715369492,10,"10 años después",0.243663824869233,0.608573715369492,14,-0.0348522571258402,0.804633885539419,-0.0215022489944195,"Otros países","",FALSE
"FMI WEO (PIB per cápita)","imf_weo_GNB_6","Guinea-Bissau (1997-1998)","GNB","Guinea-Bissau",1997,1998,-0.240958041958042,1,FALSE,10,2008,93.1371544811537,10,"10 años después",0.240958041958042,0.931371544811537,11,-0.00644252102000176,1.22703565322545,0.0206708653781182,"Otros países","",FALSE
"FMI WEO (PIB per cápita)","imf_weo_SDN_10","Sudan (Former) (2011-2013)","SDN","Sudan (Former)",2011,2013,-0.235405303616857,2,FALSE,10,2023,47.6890883389603,10,"10 años después",0.235405303616857,0.476890883389603,12,-0.0598403999611312,0.623717226454093,-0.0461089501867069,"Otros países","",FALSE
"FMI WEO (PIB per cápita)","imf_weo_TGO_5","Togo (1990-1993)","TGO","Togo",1990,1993,-0.234463165843594,3,FALSE,10,2003,87.3179821214651,10,"10 años después",0.234463165843594,0.873179821214651,13,-0.0103776051618395,1.14061111399932,0.0132433448361489,"Otros países","",FALSE
"FMI WEO (PIB per cápita)","imf_weo_CIV_5","Côte d'Ivoire (1988-1994)","CIV","Côte d'Ivoire",1988,1994,-0.233616795854476,6,FALSE,10,2004,70.4612444422484,10,"10 años después",0.233616795854476,0.704612444422484,16,-0.0216440415502165,0.919399643169489,-0.00836822818192506,"Otros países","",FALSE
"FMI WEO (PIB per cápita)","imf_weo_RWA_3","Rwanda (1986-1991)","RWA","Rwanda",1986,1991,-0.224821622134858,5,FALSE,10,2001,83.3843998679401,10,"10 años después",0.224821622134858,0.833843998679401,15,-0.0120408514766422,1.07568015632199,0.00732199215735885,"Otros países","",FALSE
"FMI WEO (PIB per cápita)","imf_weo_LBY_1","Libya (1981-1984)","LBY","Libya",1981,1984,-0.220731204435766,3,FALSE,10,1994,60.1244612796236,10,"10 años después",0.220731204435766,0.601244612796236,13,-0.0383790013849832,0.771549709443839,-0.0256019835633596,"Otros países","",FALSE
"FMI WEO (PIB per cápita)","imf_weo_ARG_9","Argentina (1998-2002)","ARG","Argentina",1998,2002,-0.216623240864843,4,FALSE,10,2012,121.285490094781,10,"10 años después",0.216623240864843,1.21285490094781,14,0.0138795099502496,1.54823957540787,0.044681289491816,"Otros países","",FALSE
"FMI WEO (PIB per cápita)","imf_weo_QAT_3","Qatar (1984-1987)","QAT","Qatar",1984,1987,-0.212835635384616,3,FALSE,10,1997,77.4871161964439,10,"10 años después",0.212835635384616,0.774871161964439,13,-0.0194286677334797,0.984382927881966,-0.00157279219189066,"Otros países","",FALSE
"FMI WEO (PIB per cápita)","imf_weo_BLR_1","Belarus (1993-1995)","BLR","Belarus",1993,1995,-0.210153593396875,2,FALSE,10,2005,162.535094900082,10,"10 años después",0.210153593396875,1.62535094900082,12,0.0413073386253715,2.05780634742764,0.07483165955287,"Otros países","",FALSE
"FMI WEO (PIB per cápita)","imf_weo_GAB_4","Gabon (1985-1987)","GAB","Gabon",1985,1987,-0.206949304247991,2,FALSE,10,1997,98.6950565631331,10,"10 años después",0.206949304247991,0.986950565631331,12,-0.0010940116560032,1.24449870723013,0.0221142543580697,"Otros países","",FALSE
"FMI WEO (PIB per cápita)","imf_weo_CIV_7","Côte d'Ivoire (1998-2008)","CIV","Côte d'Ivoire",1998,2008,-0.206481961777714,10,FALSE,10,2018,103.83882075763,10,"10 años después",0.206481961777714,1.0383882075763,20,0.00188526040115677,1.30858803147386,0.0272598030466771,"Otros países","",FALSE
"FMI WEO (PIB per cápita)","imf_weo_BOL_1","Bolivia (Plurinational State of) (1981-1986)","BOL","Bolivia (Plurinational State of)",1981,1986,-0.205077823437806,5,FALSE,10,1996,95.4182001546599,10,"10 años después",0.205077823437806,0.954182001546599,15,-0.00312184012009564,1.20034643601611,0.0184287731800448,"Otros países","",FALSE
"FMI WEO (PIB per cápita)","imf_weo_NER_5","Niger (1988-1997)","NER","Niger",1988,1997,-0.202078241280027,9,FALSE,10,2007,81.1602060497806,10,"10 años después",0.202078241280027,0.811602060497806,19,-0.010926453788625,1.01714491631332,0.00170140583445266,"Otros países","",FALSE
"FMI WEO (PIB per cápita)","imf_weo_CYP_8","Cyprus (2008-2014)","CYP","Cyprus",2008,2014,-0.195299664008198,6,FALSE,10,2024,118.114106942219,10,"10 años después",0.195299664008198,1.18114106942219,16,0.0104593820905965,1.46780238132549,0.03912252426828,"Otros países","",FALSE
"FMI WEO (PIB per cápita)","imf_weo_RUS_1","Russian Federation (1993-1996)","RUS","Russian Federation",1993,1996,-0.192659950548806,3,FALSE,10,2006,135.86734862964,10,"10 años después",0.192659950548806,1.3586734862964,13,0.0238577526509063,1.68290113592159,0.0534304321167889,"Otros países","",FALSE
"FMI WEO (PIB per cápita)","imf_weo_GAB_8","Gabon (1998-2004)","GAB","Gabon",1998,2004,-0.191768428551858,6,FALSE,10,2014,78.4795546463281,10,"10 años después",0.191768428551858,0.784795546463281,16,-0.0150316327995145,0.971003328980492,-0.0029382132068535,"Otros países","",FALSE
"FMI WEO (PIB per cápita)","imf_weo_PAN_4","Panama (1986-1989)","PAN","Panama",1986,1989,-0.189447905029703,3,FALSE,10,1999,122.864359142347,10,"10 años después",0.189447905029703,1.22864359142347,13,0.0159653980248498,1.51581076533827,0.0424722393812886,"Otros países","",FALSE
"FMI WEO (PIB per cápita)","imf_weo_GHA_1","Ghana (1981-1983)","GHA","Ghana",1981,1983,-0.189231529393707,2,FALSE,10,1993,111.14943939079,10,"10 años después",0.189231529393707,1.1114943939079,12,0.00884769573451871,1.37091467441589,0.0320507232239089,"Otros países","",FALSE
"FMI WEO (PIB per cápita)","imf_weo_VEN_80","Venezuela (2001-2003)","VEN","Venezuela",2001,2003,-0.188975855520166,2,TRUE,10,2013,113.572855409056,10,"10 años después",0.188975855520166,1.13572855409056,12,0.0106626403082211,1.40036343162013,0.0342465387178321,"Venezuela","",FALSE
"FMI WEO (PIB per cápita)","imf_weo_ETH_3","Ethiopia (1983-1985)","ETH","Ethiopia",1983,1985,-0.18860020121238,2,FALSE,10,1995,78.9632307663656,10,"10 años después",0.18860020121238,0.789632307663656,12,-0.0194898905890076,0.973172915304528,-0.00271565581875399,"Otros países","",FALSE
"FMI WEO (PIB per cápita)","imf_weo_CHL_1","Chile (1981-1983)","CHL","Chile",1981,1983,-0.186751438070071,2,FALSE,10,1993,130.389072199292,10,"10 años después",0.186751438070071,1.30389072199292,12,0.0223590198042032,1.60331143887748,0.0483391122791728,"Otros países","",FALSE
"FMI WEO (PIB per cápita)","imf_weo_PHL_2","Philippines (1982-1985)","PHL","Philippines",1982,1985,-0.186641230934468,3,FALSE,10,1995,90.563125877562,10,"10 años después",0.186641230934468,0.90563125877562,13,-0.00759585494962789,1.11344623457629,0.0108039376965308,"Otros países","",FALSE
"FMI WEO (PIB per cápita)","imf_weo_LVA_2","Latvia (2007-2010)","LVA","Latvia",2007,2010,-0.186162407128713,3,FALSE,10,2020,116.330828553892,10,"10 años después",0.186162407128713,1.16330828553892,13,0.0117039550755582,1.42941085018532,0.036372086957055,"Otros países","",FALSE
"FMI WEO (PIB per cápita)","imf_weo_EST_4","Estonia (2007-2009)","EST","Estonia",2007,2009,-0.185911546067415,2,FALSE,10,2019,117.286734885436,10,"10 años después",0.185911546067415,1.17286734885436,12,0.0133762957938999,1.44071242281921,0.0371885890466905,"Otros países","",FALSE
"FMI WEO (PIB per cápita)","imf_weo_ARE_3","United Arab Emirates (1987-1988)","ARE","United Arab Emirates",1987,1988,-0.183798882681564,1,FALSE,10,1998,103.023377177319,10,"10 años después",0.183798882681564,1.03023377177319,11,0.0027114638754544,1.26223028848324,0.0235613059311663,"Otros países","",FALSE
"FMI WEO (PIB per cápita)","imf_weo_URY_1","Uruguay (1981-1985)","URY","Uruguay",1981,1985,-0.178814533815694,4,FALSE,10,1995,108.692073411311,10,"10 años después",0.178814533815694,1.08692073411311,14,0.00597123458106474,1.32359957509181,0.02843219065219,"Otros países","",FALSE
"FMI WEO (PIB per cápita)","imf_weo_ZMB_1","Zambia (1981-1987)","ZMB","Zambia",1981,1987,-0.177819002553055,6,FALSE,10,1997,64.5524875554433,10,"10 años después",0.177819002553055,0.645524875554433,16,-0.0269849417246756,0.78513718701713,-0.0238994561096095,"Otros países","",FALSE
"FMI WEO (PIB per cápita)","imf_weo_HUN_2","Hungary (1989-1993)","HUN","Hungary",1989,1993,-0.176629798191879,4,FALSE,10,2003,115.776619416874,10,"10 años después",0.176629798191879,1.15776619416874,14,0.0105186831513673,1.40613079223208,0.0346717031134927,"Otros países","",FALSE
"FMI WEO (PIB per cápita)","imf_weo_SLE_7","Sierra Leone (1990-1992)","SLE","Sierra Leone",1990,1992,-0.173675804967801,2,FALSE,10,2002,59.0401317612812,10,"10 años después",0.173675804967801,0.590401317612812,12,-0.0429625266249718,0.714491141808822,-0.0330596469895412,"Otros países","",FALSE
"FMI WEO (PIB per cápita)","imf_weo_GTM_1","Guatemala (1981-1986)","GTM","Guatemala",1981,1986,-0.17070192381138,5,FALSE,10,1996,91.3724463418157,10,"10 años después",0.17070192381138,0.913724463418157,15,-0.00599702663916624,1.10180463412812,0.00974208938645171,"Otros países","",FALSE
"FMI WEO (PIB per cápita)","imf_weo_LBY_7","Libya (1994-1995)","LBY","Libya",1994,1995,-0.1686545750968,1,FALSE,10,2005,95.5081861784853,10,"10 años después",0.1686545750968,0.955081861784853,11,-0.00416930449108643,1.14883877769107,0.013971874261498,"Otros países","",FALSE
"FMI WEO (PIB per cápita)","imf_weo_CAF_5","Central African Republic (1989-1993)","CAF","Central African Republic",1989,1993,-0.166481748311228,4,FALSE,10,2003,76.0244726714964,10,"10 años después",0.166481748311228,0.760244726714964,14,-0.0193891987708942,0.912091277155179,-0.00915931648543267,"Otros países","",FALSE
"FMI WEO (PIB per cápita)","imf_weo_SDN_2","Sudan (Former) (1982-1985)","SDN","Sudan (Former)",1982,1985,-0.164671945955815,3,FALSE,10,1995,106.857661192342,10,"10 años después",0.164671945955815,1.06857661192342,13,0.00511515284862352,1.2792298866894,0.0249315445798042,"Otros países","",FALSE
"FMI WEO (PIB per cápita)","imf_weo_GMB_2","Gambia (1983-1988)","GMB","Gambia",1983,1988,-0.160918525897468,5,FALSE,10,1998,75.4585992637318,10,"10 años después",0.160918525897468,0.754585992637318,15,-0.0185972981603364,0.899300027383409,-0.0105577283401255,"Otros países","",FALSE
"FMI WEO (PIB per cápita)","imf_weo_BWA_10","Botswana (2008-2009)","BWA","Botswana",2008,2009,-0.158689100954294,1,FALSE,10,2019,112.747874599742,10,"10 años después",0.158689100954294,1.12747874599742,11,0.0109673361506122,1.34014517971455,0.0297106033243411,"Otros países","",FALSE
"FMI WEO (PIB per cápita)","imf_weo_GNQ_7","Equatorial Guinea (2008-2010)","GNQ","Equatorial Guinea",2008,2010,-0.157699554153522,2,FALSE,10,2020,41.7382869757986,10,"10 años después",0.157699554153522,0.417382869757986,12,-0.0702249561807284,0.495527304795064,-0.0678050218182916,"Otros países","",FALSE
"FMI WEO (PIB per cápita)","imf_weo_MWI_3","Malawi (1985-1989)","MWI","Malawi",1985,1989,-0.155669654050109,4,FALSE,10,1999,101.448838482245,10,"10 años después",0.155669654050109,1.01448838482245,14,0.00102798737815868,1.20153017084933,0.0185291621112744,"Otros países","",FALSE
"FMI WEO (PIB per cápita)","imf_weo_URY_9","Uruguay (1998-2002)","URY","Uruguay",1998,2002,-0.154430316676656,4,FALSE,10,2012,136.540123138391,10,"10 años después",0.154430316676656,1.36540123138391,14,0.0224956034612234,1.61477079691111,0.0490859933110319,"Otros países","",FALSE
"FMI WEO (PIB per cápita)","imf_weo_COD_5","D.R. of the Congo (1986-2002)","COD","D.R. of the Congo",1986,2002,-0.69801802394496,16,FALSE,15,2017,47.8752716486085,15,"15 años después",0.69801802394496,0.478752716486085,31,-0.0234803020875654,1.58536851351296,0.0311978888815112,"Otros países","",FALSE
"FMI WEO (PIB per cápita)","imf_weo_LBN_5","Lebanon (1987-1990)","LBN","Lebanon",1987,1990,-0.660906166826934,3,FALSE,15,2005,67.0754250176735,15,"15 años después",0.660906166826934,0.670754250176735,18,-0.021941942685843,1.97807858639056,0.0465249083275943,"Otros países","Lebanon (1987-1990)",TRUE
"FMI WEO (PIB per cápita)","imf_weo_ZWE_1","Zimbabwe (1999-2008)","ZWE","Zimbabwe",1999,2008,-0.517677307450364,9,FALSE,15,2023,74.9566770301421,15,"15 años después",0.517677307450364,0.749566770301421,24,-0.0119389862066931,1.55407734672215,0.0298283469343195,"Otros países","",FALSE
"FMI WEO (PIB per cápita)","imf_weo_SAU_1","Saudi Arabia (1981-1987)","SAU","Saudi Arabia",1981,1987,-0.514265033806677,6,FALSE,15,2002,45.9183841202662,15,"15 años después",0.514265033806677,0.459183841202662,21,-0.0363837311076574,0.945338246495324,-0.00374048573825037,"Otros países","",FALSE
"FMI WEO (PIB per cápita)","imf_weo_SLE_9","Sierra Leone (1994-1999)","SLE","Sierra Leone",1994,1999,-0.5089084635662,5,FALSE,15,2014,97.8450590211875,15,"15 años después",0.5089084635662,0.978450590211875,20,-0.00108865642621092,1.9923996192587,0.0470283233241251,"Otros países","",FALSE
"FMI WEO (PIB per cápita)","imf_weo_LBY_17","Libya (2010-2011)","LBY","Libya",2010,2011,-0.490855115875769,1,FALSE,15,2026,73.2540582505573,15,"15 años después",0.490855115875769,0.732540582505573,16,-0.0192643087076076,1.43876645989599,0.0245488896884025,"Otros países","",FALSE
"FMI WEO (PIB per cápita)","imf_weo_UKR_1","Ukraine (1992-1998)","UKR","Ukraine",1992,1998,-0.479242122620685,6,FALSE,15,2013,96.7856621806203,15,"15 años después",0.479242122620685,0.967856621806203,21,-0.00155456757962769,1.85855397267707,0.0421854648108282,"Otros países","",FALSE
"FMI WEO (PIB per cápita)","imf_weo_ARE_1","United Arab Emirates (1981-1986)","ARE","United Arab Emirates",1981,1986,-0.44743808581,5,FALSE,15,2001,57.610985982724,15,"15 años después",0.44743808581,0.57610985982724,20,-0.0271961842915858,1.042615940463,0.00278606604709775,"Otros países","",FALSE
"FMI WEO (PIB per cápita)","imf_weo_CMR_2","Cameroon (1986-1994)","CMR","Cameroon",1986,1994,-0.424060089825231,8,FALSE,15,2009,70.7086965285415,15,"15 años después",0.424060089825231,0.707086965285415,23,-0.0149566566891549,1.22770961482917,0.0137706425283119,"Otros países","",FALSE
"FMI WEO (PIB per cápita)","imf_weo_TKM_1","Turkmenistan (1993-1997)","TKM","Turkmenistan",1993,1997,-0.415268957396298,4,FALSE,15,2012,376.343576248172,15,"15 años después",0.415268957396298,3.76343576248172,19,0.0722447326077542,6.43618260067709,0.132161955789511,"Otros países","",FALSE
"FMI WEO (PIB per cápita)","imf_weo_ALB_6","Albania (1989-1992)","ALB","Albania",1989,1992,-0.402174797659377,3,FALSE,15,2007,162.503516441975,15,"15 años después",0.402174797659377,1.62503516441975,18,0.0273409463041316,2.71824466090984,0.0689381313547728,"Otros países","",FALSE
"FMI WEO (PIB per cápita)","imf_weo_RWA_5","Rwanda (1992-1994)","RWA","Rwanda",1992,1994,-0.401575493224078,2,FALSE,15,2009,155.262169003755,15,"15 años después",0.401575493224078,1.55262169003755,17,0.0262168843338628,2.59451555285139,0.0656234081001059,"Otros países","",FALSE
"FMI WEO (PIB per cápita)","imf_weo_LBN_1","Lebanon (1981-1982)","LBN","Lebanon",1981,1982,-0.376852117263844,1,FALSE,15,1997,81.7214293574475,15,"15 años después",0.376852117263844,0.817214293574475,16,-0.0125366238423293,1.31142914260769,0.018238831754108,"Otros países","",FALSE
"FMI WEO (PIB per cápita)","imf_weo_HTI_1","Haiti (1981-1994)","HTI","Haiti",1981,1994,-0.372875196443049,13,FALSE,15,2009,74.4107297557932,15,"15 años después",0.372875196443049,0.744107297557932,28,-0.0105005529569396,1.18653782044256,0.0114679027575986,"Otros países","",FALSE
"FMI WEO (PIB per cápita)","imf_weo_TJK_1","Tajikistan (1993-1996)","TJK","Tajikistan",1993,1996,-0.36108348788143,3,FALSE,15,2011,130.391843872351,15,"15 años después",0.36108348788143,1.30391843872351,18,0.0148522092615162,2.04082757917755,0.0487060037398057,"Otros países","",FALSE
"FMI WEO (PIB per cápita)","imf_weo_MDA_1","Republic of Moldova (1993-1996)","MDA","Republic of Moldova",1993,1996,-0.356922859035811,3,FALSE,15,2011,108.305796370035,15,"15 años después",0.356922859035811,1.08305796370035,18,0.00444253269760697,1.68418047339776,0.0353628434235447,"Otros países","",FALSE
"FMI WEO (PIB per cápita)","imf_weo_TTO_2","Trinidad and Tobago (1982-1989)","TTO","Trinidad and Tobago",1982,1989,-0.341995167102343,7,FALSE,15,2004,148.607468265273,15,"15 años después",0.341995167102343,1.48607468265272,22,0.0181693724420351,2.25845557411561,0.0558140495735227,"Otros países","",FALSE
"FMI WEO (PIB per cápita)","imf_weo_BGR_2","Bulgaria (1988-1995)","BGR","Bulgaria",1988,1995,-0.339771681767113,7,FALSE,15,2010,102.967880053005,15,"15 años después",0.339771681767113,1.02967880053005,22,0.00133028902607157,1.55957987880012,0.0300710341955983,"Otros países","",FALSE
"FMI WEO (PIB per cápita)","imf_weo_LBY_3","Libya (1985-1988)","LBY","Libya",1985,1988,-0.334740043267006,3,FALSE,15,2003,64.903324513743,15,"15 años después",0.334740043267006,0.64903324513743,18,-0.0237290070099901,0.975608464884537,-0.00164490805899098,"Otros países","",FALSE
"FMI WEO (PIB per cápita)","imf_weo_MOZ_1","Mozambique (1981-1986)","MOZ","Mozambique",1981,1986,-0.326541683891366,5,FALSE,15,2001,130.369029098774,15,"15 años después",0.326541683891366,1.30369029098774,20,0.0133482493745471,1.93581437752629,0.045019146221557,"Otros países","",FALSE
"FMI WEO (PIB per cápita)","imf_weo_IRN_2","Iran (Islamic Republic of) (1983-1988)","IRN","Iran (Islamic Republic of)",1983,1988,-0.320543067377552,5,FALSE,15,2003,104.171050727335,15,"15 años después",0.320543067377552,1.04171050727335,20,0.00204529279455556,1.5331516351636,0.0288980418682949,"Otros países","",FALSE
"FMI WEO (PIB per cápita)","imf_weo_AZE_1","Azerbaijan (1993-1995)","AZE","Azerbaijan",1993,1995,-0.315738740188383,2,FALSE,15,2010,318.461980866374,15,"15 años después",0.315738740188383,3.18461980866374,17,0.0705122049504929,4.65409923914221,0.107955648621587,"Otros países","",FALSE
"FMI WEO (PIB per cápita)","imf_weo_JOR_6","Jordan (1986-1991)","JOR","Jordan",1986,1991,-0.31207024314496,5,FALSE,15,2006,98.3956620776403,15,"15 años después",0.31207024314496,0.983956620776403,20,-0.00080834648573147,1.43031553871821,0.0241465911161953,"Otros países","",FALSE
"FMI WEO (PIB per cápita)","imf_weo_LBR_2","Liberia (2002-2003)","LBR","Liberia",2002,2003,-0.301998700032499,1,FALSE,15,2018,93.3950853544841,15,"15 años después",0.301998700032499,0.933950853544841,16,-0.00426160980119017,1.33803598014549,0.0196031913215757,"Otros países","",FALSE
"FMI WEO (PIB per cápita)","imf_weo_PER_5","Peru (1987-1990)","PER","Peru",1987,1990,-0.301245041562092,3,FALSE,15,2005,100.532686921502,15,"15 años después",0.301245041562092,1.00532686921502,18,0.000295195318844366,1.4387402294253,0.0245476444259263,"Otros países","",FALSE
"FMI WEO (PIB per cápita)","imf_weo_ROU_4","Romania (1987-1992)","ROU","Romania",1987,1992,-0.300439285010728,5,FALSE,15,2007,125.411704049294,15,"15 años después",0.300439285010728,1.25411704049294,20,0.0113859203129838,1.79272079409459,0.0396827627833767,"Otros países","",FALSE
"FMI WEO (PIB per cápita)","imf_weo_ZMB_3","Zambia (1988-1994)","ZMB","Zambia",1988,1994,-0.29733866603868,6,FALSE,15,2009,101.99308947053,15,"15 años después",0.29733866603868,1.0199308947053,21,0.000940197647639085,1.45152557200685,0.0251521167158599,"Otros países","",FALSE
"FMI WEO (PIB per cápita)","imf_weo_BDI_7","Burundi (1991-1997)","BDI","Burundi",1991,1997,-0.296081831851569,6,FALSE,15,2012,71.8225509813401,15,"15 años después",0.296081831851569,0.718225509813401,21,-0.0156370084765607,1.02032529108121,0.00134233274177564,"Otros países","",FALSE
"FMI WEO (PIB per cápita)","imf_weo_QAT_5","Qatar (1989-1991)","QAT","Qatar",1989,1991,-0.29235975257732,2,FALSE,15,2006,123.597646171458,15,"15 años después",0.29235975257732,1.23597646171458,17,0.012540409976701,1.74661696563497,0.0378784907579732,"Otros países","",FALSE
"FMI WEO (PIB per cápita)","imf_weo_ARE_15","United Arab Emirates (2006-2009)","ARE","United Arab Emirates",2006,2009,-0.26818040857396,3,FALSE,15,2024,74.4227940262942,15,"15 años después",0.26818040857396,0.744227940262942,18,-0.0162776152915811,1.01695547506828,0.00112151746072242,"Otros países","",FALSE
"FMI WEO (PIB per cápita)","imf_weo_ETH_5","Ethiopia (1987-1992)","ETH","Ethiopia",1987,1992,-0.264757213088112,5,FALSE,15,2007,130.832780910706,15,"15 años después",0.264757213088112,1.30832780910706,20,0.0135281808616701,1.77945004343695,0.0391678931365218,"Otros países","",FALSE
"FMI WEO (PIB per cápita)","imf_weo_NER_1","Niger (1981-1984)","NER","Niger",1981,1984,-0.262059302878505,3,FALSE,15,1999,64.9929495112183,15,"15 años después",0.262059302878505,0.649929495112183,18,-0.0236541595519933,0.880734044954263,-0.008430897437673,"Otros países","",FALSE
"FMI WEO (PIB per cápita)","imf_weo_DJI_1","Djibouti (1991-2001)","DJI","Djibouti",1991,2001,-0.257813978820671,10,FALSE,15,2016,118.39331316206,15,"15 años después",0.257813978820671,1.1839331316206,25,0.00677653986884863,1.59519729264011,0.0316228672256191,"Otros países","",FALSE
"FMI WEO (PIB per cápita)","imf_weo_KGZ_1","Kyrgyzstan (1993-1995)","KGZ","Kyrgyzstan",1993,1995,-0.24801466961326,2,FALSE,15,2010,122.317000362558,15,"15 años después",0.24801466961326,1.22317000362558,17,0.0119202425269325,1.62658758648459,0.0329639463870841,"Otros países","",FALSE
"FMI WEO (PIB per cápita)","imf_weo_QAT_1","Qatar (1981-1983)","QAT","Qatar",1981,1983,-0.247135,2,FALSE,15,1998,67.3871232118242,15,"15 años después",0.247135,0.673871232118243,17,-0.0229511245607289,0.895075786652644,-0.00736255504927885,"Otros países","",FALSE
"FMI WEO (PIB per cápita)","imf_weo_KWT_7","Kuwait (2007-2011)","KWT","Kuwait",2007,2011,-0.243663824869233,4,FALSE,15,2026,54.5180241057346,15,"15 años después",0.243663824869233,0.545180241057346,19,-0.0314240306786195,0.720817354747162,-0.0215881989100735,"Otros países","",FALSE
"FMI WEO (PIB per cápita)","imf_weo_GNB_6","Guinea-Bissau (1997-1998)","GNB","Guinea-Bissau",1997,1998,-0.240958041958042,1,FALSE,15,2013,100.482425202031,15,"15 años después",0.240958041958042,1.00482425202031,16,0.000300836030036944,1.32380593901867,0.0188766786690424,"Otros países","",FALSE
"FMI WEO (PIB per cápita)","imf_weo_TGO_5","Togo (1990-1993)","TGO","Togo",1990,1993,-0.234463165843594,3,FALSE,15,2008,77.6236910790655,15,"15 años después",0.234463165843594,0.776236910790655,18,-0.0139735348105479,1.01397721984996,0.000925790899112044,"Otros países","",FALSE
"FMI WEO (PIB per cápita)","imf_weo_CIV_5","Côte d'Ivoire (1988-1994)","CIV","Côte d'Ivoire",1988,1994,-0.233616795854476,6,FALSE,15,2009,68.0910223075323,15,"15 años después",0.233616795854476,0.680910223075323,21,-0.0181347318818538,0.88847226738809,-0.00785246337015799,"Otros países","",FALSE
"FMI WEO (PIB per cápita)","imf_weo_RWA_3","Rwanda (1986-1991)","RWA","Rwanda",1986,1991,-0.224821622134858,5,FALSE,15,2006,108.645302546127,15,"15 años después",0.224821622134858,1.08645302546127,20,0.00415452044416864,1.40155228329947,0.0227605158850364,"Otros países","",FALSE
"FMI WEO (PIB per cápita)","imf_weo_LBY_1","Libya (1981-1984)","LBY","Libya",1981,1984,-0.220731204435766,3,FALSE,15,1999,46.1882190766483,15,"15 años después",0.220731204435766,0.461882190766483,18,-0.0420058757449043,0.592712287975108,-0.0342688008233901,"Otros países","",FALSE
"FMI WEO (PIB per cápita)","imf_weo_ARG_9","Argentina (1998-2002)","ARG","Argentina",1998,2002,-0.216623240864843,4,FALSE,15,2017,118.588523228,15,"15 años después",0.216623240864843,1.18588523228,19,0.00901351225204494,1.51381211971262,0.028027656760065,"Otros países","",FALSE
"FMI WEO (PIB per cápita)","imf_weo_QAT_3","Qatar (1984-1987)","QAT","Qatar",1984,1987,-0.212835635384616,3,FALSE,15,2002,88.9588556615963,15,"15 años después",0.212835635384616,0.889588556615963,18,-0.00647871200658778,1.13011792276779,0.00818813985467526,"Otros países","",FALSE
"FMI WEO (PIB per cápita)","imf_weo_BLR_1","Belarus (1993-1995)","BLR","Belarus",1993,1995,-0.210153593396875,2,FALSE,15,2010,235.506616182111,15,"15 años después",0.210153593396875,2.35506616182111,17,0.0516773873333107,2.98167611086501,0.0755502305954419,"Otros países","",FALSE
"FMI WEO (PIB per cápita)","imf_weo_GAB_4","Gabon (1985-1987)","GAB","Gabon",1985,1987,-0.206949304247991,2,FALSE,15,2002,82.2196831192643,15,"15 años después",0.206949304247991,0.822196831192643,17,-0.0114501457962066,1.03675191963989,0.00240907528556211,"Otros países","",FALSE
"FMI WEO (PIB per cápita)","imf_weo_CIV_7","Côte d'Ivoire (1998-2008)","CIV","Côte d'Ivoire",1998,2008,-0.206481961777714,10,FALSE,15,2023,117.713320330787,15,"15 años después",0.206481961777714,1.17713320330787,25,0.00654460267964074,1.48343597323257,0.0266393834168193,"Otros países","",FALSE
"FMI WEO (PIB per cápita)","imf_weo_BOL_1","Bolivia (Plurinational State of) (1981-1986)","BOL","Bolivia (Plurinational State of)",1981,1986,-0.205077823437806,5,FALSE,15,2001,101.182812661196,15,"15 años después",0.205077823437806,1.01182812661196,20,0.000588108922175534,1.27286438401784,0.016214706461473,"Otros países","",FALSE
"FMI WEO (PIB per cápita)","imf_weo_NER_5","Niger (1988-1997)","NER","Niger",1988,1997,-0.202078241280027,9,FALSE,15,2012,90.4121994554391,15,"15 años después",0.202078241280027,0.904121994554391,24,-0.00419081799245946,1.13309605192968,0.0083650434192426,"Otros países","",FALSE
"FMI WEO (PIB per cápita)","imf_weo_RUS_1","Russian Federation (1993-1996)","RUS","Russian Federation",1993,1996,-0.192659950548806,3,FALSE,15,2011,155.603394055091,15,"15 años después",0.192659950548806,1.55603394055091,18,0.0248675108897232,1.92735878965581,0.0447142163724337,"Otros países","",FALSE
"FMI WEO (PIB per cápita)","imf_weo_GAB_8","Gabon (1998-2004)","GAB","Gabon",1998,2004,-0.191768428551858,6,FALSE,15,2019,78.6984063486847,15,"15 años después",0.191768428551858,0.786984063486847,21,-0.0113422000549576,0.97371111360668,-0.00177446492374889,"Otros países","",FALSE
"FMI WEO (PIB per cápita)","imf_weo_PAN_4","Panama (1986-1989)","PAN","Panama",1986,1989,-0.189447905029703,3,FALSE,15,2004,136.42408125202,15,"15 años después",0.189447905029703,1.3642408125202,18,0.0174051848695327,1.68310071738225,0.0353185776262996,"Otros países","",FALSE
"FMI WEO (PIB per cápita)","imf_weo_GHA_1","Ghana (1981-1983)","GHA","Ghana",1981,1983,-0.189231529393707,2,FALSE,15,1998,123.889686888451,15,"15 años después",0.189231529393707,1.23889686888451,17,0.0126809869592241,1.52805259923103,0.0286695561706678,"Otros países","",FALSE
"FMI WEO (PIB per cápita)","imf_weo_VEN_80","Venezuela (2001-2003)","VEN","Venezuela",2001,2003,-0.188975855520166,2,TRUE,15,2018,60.1960998688375,15,"15 años después",0.188975855520166,0.601960998688375,17,-0.0294153186771609,0.742223277550454,-0.0196774980807902,"Venezuela","",FALSE
"FMI WEO (PIB per cápita)","imf_weo_ETH_3","Ethiopia (1983-1985)","ETH","Ethiopia",1983,1985,-0.18860020121238,2,FALSE,15,2000,89.6018517345131,15,"15 años después",0.18860020121238,0.896018517345131,17,-0.00643767115592031,1.10428732997463,0.00663526156386718,"Otros países","",FALSE
"FMI WEO (PIB per cápita)","imf_weo_CHL_1","Chile (1981-1983)","CHL","Chile",1981,1983,-0.186751438070071,2,FALSE,15,1998,163.38766594098,15,"15 años después",0.186751438070071,1.6338766594098,17,0.029300799063763,2.00907414521881,0.047610230695784,"Otros países","",FALSE
"FMI WEO (PIB per cápita)","imf_weo_PHL_2","Philippines (1982-1985)","PHL","Philippines",1982,1985,-0.186641230934468,3,FALSE,15,2000,96.2493868016457,15,"15 años después",0.186641230934468,0.962493868016457,18,-0.00212150108052067,1.18335709237175,0.0112869147922745,"Otros países","",FALSE
"FMI WEO (PIB per cápita)","imf_weo_LVA_2","Latvia (2007-2010)","LVA","Latvia",2007,2010,-0.186162407128713,3,FALSE,15,2025,131.455301124049,15,"15 años después",0.186162407128713,1.31455301124049,18,0.0153102803361571,1.61525226010098,0.0324824789599922,"Otros países","",FALSE
"FMI WEO (PIB per cápita)","imf_weo_EST_4","Estonia (2007-2009)","EST","Estonia",2007,2009,-0.185911546067415,2,FALSE,15,2024,114.56413156428,15,"15 años después",0.185911546067415,1.1456413156428,17,0.00802998531348975,1.40726884174391,0.0230380924403453,"Otros países","",FALSE
"FMI WEO (PIB per cápita)","imf_weo_ARE_3","United Arab Emirates (1987-1988)","ARE","United Arab Emirates",1987,1988,-0.183798882681564,1,FALSE,15,2003,99.4529558238766,15,"15 años después",0.183798882681564,0.994529558238766,16,-0.000342782450518664,1.21848590639794,0.0132610937815767,"Otros países","",FALSE
"FMI WEO (PIB per cápita)","imf_weo_URY_1","Uruguay (1981-1985)","URY","Uruguay",1981,1985,-0.178814533815694,4,FALSE,15,2000,117.378062075713,15,"15 años después",0.178814533815694,1.17378062075713,19,0.00846880860399257,1.4293733499829,0.0241016016897457,"Otros países","",FALSE
"FMI WEO (PIB per cápita)","imf_weo_ZMB_1","Zambia (1981-1987)","ZMB","Zambia",1981,1987,-0.177819002553055,6,FALSE,15,2002,66.7639638143017,15,"15 años después",0.177819002553055,0.667639638143017,21,-0.019054537744853,0.812034868497553,-0.0137849057885104,"Otros países","",FALSE
"FMI WEO (PIB per cápita)","imf_weo_HUN_2","Hungary (1989-1993)","HUN","Hungary",1989,1993,-0.176629798191879,4,FALSE,15,2008,134.742931381699,15,"15 años después",0.176629798191879,1.34742931381699,19,0.0158184693810199,1.63648054163004,0.0333815967972035,"Otros países","",FALSE
"FMI WEO (PIB per cápita)","imf_weo_SLE_7","Sierra Leone (1990-1992)","SLE","Sierra Leone",1990,1992,-0.173675804967801,2,FALSE,15,2007,70.253490404862,15,"15 años después",0.173675804967801,0.70253490404862,17,-0.0205540718840076,0.850192827793508,-0.0107611532856506,"Otros países","",FALSE
"FMI WEO (PIB per cápita)","imf_weo_GTM_1","Guatemala (1981-1986)","GTM","Guatemala",1981,1986,-0.17070192381138,5,FALSE,15,2001,96.4164013603481,15,"15 años después",0.17070192381138,0.964164013603481,20,-0.00182302927233213,1.16262661314095,0.010096076057569,"Otros países","",FALSE
"FMI WEO (PIB per cápita)","imf_weo_LBY_7","Libya (1994-1995)","LBY","Libya",1994,1995,-0.1686545750968,1,FALSE,15,2010,91.8940877376219,15,"15 años después",0.1686545750968,0.918940877376219,16,-0.00526941096071298,1.1053658922622,0.00670077737946051,"Otros países","",FALSE
"FMI WEO (PIB per cápita)","imf_weo_CAF_5","Central African Republic (1989-1993)","CAF","Central African Republic",1989,1993,-0.166481748311228,4,FALSE,15,2008,78.6710738279527,15,"15 años después",0.166481748311228,0.786710738279527,19,-0.0125466601453588,0.943843445162227,-0.00384558463300844,"Otros países","",FALSE
"FMI WEO (PIB per cápita)","imf_weo_SDN_2","Sudan (Former) (1982-1985)","SDN","Sudan (Former)",1982,1985,-0.164671945955815,3,FALSE,15,2000,131.376955424944,15,"15 años después",0.164671945955815,1.31376955424944,18,0.0152766535322291,1.57275880761925,0.0306490526369776,"Otros países","",FALSE
"FMI WEO (PIB per cápita)","imf_weo_GMB_2","Gambia (1983-1988)","GMB","Gambia",1983,1988,-0.160918525897468,5,FALSE,15,2003,80.9223522471206,15,"15 años después",0.160918525897468,0.809223522471206,20,-0.0105281917656067,0.964415908880289,-0.00241259411661798,"Otros países","",FALSE
"FMI WEO (PIB per cápita)","imf_weo_BWA_10","Botswana (2008-2009)","BWA","Botswana",2008,2009,-0.158689100954294,1,FALSE,15,2024,112.53012970377,15,"15 años después",0.158689100954294,1.1253012970377,16,0.00740546201908487,1.33755701764249,0.0195788554890231,"Otros países","",FALSE
"FMI WEO (PIB per cápita)","imf_weo_GNQ_7","Equatorial Guinea (2008-2010)","GNQ","Equatorial Guinea",2008,2010,-0.157699554153522,2,FALSE,15,2025,33.4561030344619,15,"15 años después",0.157699554153522,0.334561030344619,17,-0.0623776264403794,0.397199160934076,-0.0596982995460722,"Otros países","",FALSE
"FMI WEO (PIB per cápita)","imf_weo_MWI_3","Malawi (1985-1989)","MWI","Malawi",1985,1989,-0.155669654050109,4,FALSE,15,2004,97.8352255227896,15,"15 años después",0.155669654050109,0.978352255227896,19,-0.00115120499278332,1.15873160300454,0.00987012224272643,"Otros países","",FALSE
"FMI WEO (PIB per cápita)","imf_weo_URY_9","Uruguay (1998-2002)","URY","Uruguay",1998,2002,-0.154430316676656,4,FALSE,15,2017,150.034961648866,15,"15 años después",0.154430316676656,1.50034961648866,19,0.0215821312765379,1.77436543206212,0.0389696737080103,"Otros países","",FALSE
"FMI WEO (PIB per cápita)","imf_weo_LBN_5","Lebanon (1987-1990)","LBN","Lebanon",1987,1990,-0.660906166826934,3,FALSE,20,2010,89.7957933832428,20,"20 años después",0.660906166826934,0.897957933832428,23,-0.00466872208786651,2.64811048148472,0.0498972665387392,"Otros países","Lebanon (1987-1990)",TRUE
"FMI WEO (PIB per cápita)","imf_weo_SAU_1","Saudi Arabia (1981-1987)","SAU","Saudi Arabia",1981,1987,-0.514265033806677,6,FALSE,20,2007,53.4456886157364,20,"20 años después",0.514265033806677,0.534456886157364,26,-0.0238083175648101,1.10030556446424,0.00479083588746354,"Otros países","",FALSE
"FMI WEO (PIB per cápita)","imf_weo_SLE_9","Sierra Leone (1994-1999)","SLE","Sierra Leone",1994,1999,-0.5089084635662,5,FALSE,20,2019,100.055721242707,20,"20 años después",0.5089084635662,1.00055721242707,25,2.22825379270208e-05,2.03741489762357,0.0362247804624529,"Otros países","",FALSE
"FMI WEO (PIB per cápita)","imf_weo_UKR_1","Ukraine (1992-1998)","UKR","Ukraine",1992,1998,-0.479242122620685,6,FALSE,20,2018,91.8960223308821,20,"20 años después",0.479242122620685,0.918960223308821,26,-0.00324520138115236,1.76465928452861,0.028804945546036,"Otros países","",FALSE
"FMI WEO (PIB per cápita)","imf_weo_ARE_1","United Arab Emirates (1981-1986)","ARE","United Arab Emirates",1981,1986,-0.44743808581,5,FALSE,20,2006,55.2162600051965,20,"20 años después",0.44743808581,0.552162600051965,25,-0.0234765439591759,0.999277340461259,-3.61453858904737e-05,"Otros países","",FALSE
"FMI WEO (PIB per cápita)","imf_weo_CMR_2","Cameroon (1986-1994)","CMR","Cameroon",1986,1994,-0.424060089825231,8,FALSE,20,2014,75.6747141873073,20,"20 años después",0.424060089825231,0.756747141873073,28,-0.0099051217750793,1.31393419435621,0.0137448962611022,"Otros países","",FALSE
"FMI WEO (PIB per cápita)","imf_weo_TKM_1","Turkmenistan (1993-1997)","TKM","Turkmenistan",1993,1997,-0.415268957396298,4,FALSE,20,2017,435.100636512509,20,"20 años después",0.415268957396298,4.35100636512509,24,0.0631827091702761,7.44103878212254,0.105558373822921,"Otros países","",FALSE
"FMI WEO (PIB per cápita)","imf_weo_ALB_6","Albania (1989-1992)","ALB","Albania",1989,1992,-0.402174797659377,3,FALSE,20,2012,199.384224922678,20,"20 años después",0.402174797659377,1.99384224922678,23,0.0304573814028448,3.33515924290315,0.062076571411338,"Otros países","",FALSE
"FMI WEO (PIB per cápita)","imf_weo_RWA_5","Rwanda (1992-1994)","RWA","Rwanda",1992,1994,-0.401575493224078,2,FALSE,20,2014,190.738397623164,20,"20 años después",0.401575493224078,1.90738397623164,22,0.0297864847793969,3.18734268840005,0.0596719486623347,"Otros países","",FALSE
"FMI WEO (PIB per cápita)","imf_weo_LBN_1","Lebanon (1981-1982)","LBN","Lebanon",1981,1982,-0.376852117263844,1,FALSE,20,2002,84.5110935117764,20,"20 años después",0.376852117263844,0.845110935117764,21,-0.00798166060537919,1.35619643190794,0.0153508339836559,"Otros países","",FALSE
"FMI WEO (PIB per cápita)","imf_weo_HTI_1","Haiti (1981-1994)","HTI","Haiti",1981,1994,-0.372875196443049,13,FALSE,20,2014,72.5967954722741,20,"20 años después",0.372875196443049,0.725967954722741,33,-0.00965759044334458,1.15761320650239,0.00734485735005164,"Otros países","",FALSE
"FMI WEO (PIB per cápita)","imf_weo_TJK_1","Tajikistan (1993-1996)","TJK","Tajikistan",1993,1996,-0.36108348788143,3,FALSE,20,2016,162.866890070532,20,"20 años después",0.36108348788143,1.62866890070532,23,0.0214335577841511,2.549110673795,0.047899020894639,"Otros países","",FALSE
"FMI WEO (PIB per cápita)","imf_weo_MDA_1","Republic of Moldova (1993-1996)","MDA","Republic of Moldova",1993,1996,-0.356922859035811,3,FALSE,20,2016,130.198430237461,20,"20 años después",0.356922859035811,1.30198430237461,23,0.0115395285113031,2.0246160521621,0.0358983320507109,"Otros países","",FALSE
"FMI WEO (PIB per cápita)","imf_weo_TTO_2","Trinidad and Tobago (1982-1989)","TTO","Trinidad and Tobago",1982,1989,-0.341995167102343,7,FALSE,20,2009,180.016026165168,20,"20 años después",0.341995167102343,1.80016026165168,27,0.0220119391906579,2.73578577489213,0.0516085401083786,"Otros países","",FALSE
"FMI WEO (PIB per cápita)","imf_weo_BGR_2","Bulgaria (1988-1995)","BGR","Bulgaria",1988,1995,-0.339771681767113,7,FALSE,20,2015,115.290502089898,20,"20 años después",0.339771681767113,1.15290502089898,27,0.00528371958408624,1.74622170703728,0.0282648000565016,"Otros países","",FALSE
"FMI WEO (PIB per cápita)","imf_weo_LBY_3","Libya (1985-1988)","LBY","Libya",1985,1988,-0.334740043267006,3,FALSE,20,2008,72.7589298963231,20,"20 años después",0.334740043267006,0.727589298963231,23,-0.0137317406062898,1.09369170893184,0.00448798409829787,"Otros países","",FALSE
"FMI WEO (PIB per cápita)","imf_weo_MOZ_1","Mozambique (1981-1986)","MOZ","Mozambique",1981,1986,-0.326541683891366,5,FALSE,20,2006,167.51723561039,20,"20 años después",0.326541683891366,1.6751723561039,25,0.0208510502162291,2.48741802727057,0.0466161667733274,"Otros países","",FALSE
"FMI WEO (PIB per cápita)","imf_weo_IRN_2","Iran (Islamic Republic of) (1983-1988)","IRN","Iran (Islamic Republic of)",1983,1988,-0.320543067377552,5,FALSE,20,2008,119.016281362528,20,"20 años después",0.320543067377552,1.19016281362528,25,0.00698790690998341,1.75163834009566,0.0284240451023592,"Otros países","",FALSE
"FMI WEO (PIB per cápita)","imf_weo_AZE_1","Azerbaijan (1993-1995)","AZE","Azerbaijan",1993,1995,-0.315738740188383,2,FALSE,20,2015,335.981820811553,20,"20 años después",0.315738740188383,3.35981820811553,22,0.0566312345818971,4.91013945322656,0.0828160671453335,"Otros países","",FALSE
"FMI WEO (PIB per cápita)","imf_weo_JOR_6","Jordan (1986-1991)","JOR","Jordan",1986,1991,-0.31207024314496,5,FALSE,20,2011,109.533586248782,20,"20 años después",0.31207024314496,1.09533586248782,25,0.00364908335087777,1.59222050154552,0.0235290197807387,"Otros países","",FALSE
"FMI WEO (PIB per cápita)","imf_weo_LBR_2","Liberia (2002-2003)","LBR","Liberia",2002,2003,-0.301998700032499,1,FALSE,20,2023,89.1928347156044,20,"20 años después",0.301998700032499,0.891928347156044,21,-0.00543136214195961,1.27783192838978,0.0123336819792126,"Otros países","",FALSE
"FMI WEO (PIB per cápita)","imf_weo_PER_5","Peru (1987-1990)","PER","Peru",1987,1990,-0.301245041562092,3,FALSE,20,2010,135.331363081008,20,"20 años después",0.301245041562092,1.35331363081008,23,0.013241516763786,1.93674994999028,0.033602801255374,"Otros países","",FALSE
"FMI WEO (PIB per cápita)","imf_weo_ROU_4","Romania (1987-1992)","ROU","Romania",1987,1992,-0.300439285010728,5,FALSE,20,2012,139.384451200656,20,"20 años después",0.300439285010728,1.39384451200656,25,0.0133712366195911,1.99245681202658,0.035069343277629,"Otros países","",FALSE
"FMI WEO (PIB per cápita)","imf_weo_ZMB_3","Zambia (1988-1994)","ZMB","Zambia",1988,1994,-0.29733866603868,6,FALSE,20,2014,119.377715673001,20,"20 años después",0.29733866603868,1.19377715673001,26,0.0068356556940985,1.69893674097588,0.0268543812099062,"Otros países","",FALSE
"FMI WEO (PIB per cápita)","imf_weo_BDI_7","Burundi (1991-1997)","BDI","Burundi",1991,1997,-0.296081831851569,6,FALSE,20,2017,65.9614737154634,20,"20 años después",0.296081831851569,0.659614737154634,26,-0.0158764402873834,0.937061674213735,-0.00324503236323614,"Otros países","",FALSE
"FMI WEO (PIB per cápita)","imf_weo_QAT_5","Qatar (1989-1991)","QAT","Qatar",1989,1991,-0.29235975257732,2,FALSE,20,2011,142.061556872324,20,"20 años después",0.29235975257732,1.42061556872324,22,0.0160866682812286,2.00753924596193,0.0354597032271322,"Otros países","",FALSE
"FMI WEO (PIB per cápita)","imf_weo_ETH_5","Ethiopia (1987-1992)","ETH","Ethiopia",1987,1992,-0.264757213088112,5,FALSE,20,2012,187.690769430821,20,"20 años después",0.264757213088112,1.87690769430821,25,0.0255048451252993,2.55277267280847,0.047974239070004,"Otros países","",FALSE
"FMI WEO (PIB per cápita)","imf_weo_NER_1","Niger (1981-1984)","NER","Niger",1981,1984,-0.262059302878505,3,FALSE,20,2004,61.7548074531941,20,"20 años después",0.262059302878505,0.617548074531941,23,-0.0207383899425325,0.836853255201708,-0.00886579232726459,"Otros países","",FALSE
"FMI WEO (PIB per cápita)","imf_weo_DJI_1","Djibouti (1991-2001)","DJI","Djibouti",1991,2001,-0.257813978820671,10,FALSE,20,2021,135.27650668837,20,"20 años después",0.257813978820671,1.3527650668837,30,0.0101225800228864,1.82267656393496,0.0304703031344451,"Otros países","",FALSE
"FMI WEO (PIB per cápita)","imf_weo_KGZ_1","Kyrgyzstan (1993-1995)","KGZ","Kyrgyzstan",1993,1995,-0.24801466961326,2,FALSE,20,2015,142.65723423501,20,"20 años después",0.24801466961326,1.4265723423501,22,0.0162799429635301,1.89707469641253,0.0325336677508781,"Otros países","",FALSE
"FMI WEO (PIB per cápita)","imf_weo_QAT_1","Qatar (1981-1983)","QAT","Qatar",1981,1983,-0.247135,2,FALSE,20,2003,72.3932483350048,20,"20 años después",0.247135,0.723932483350048,22,-0.0145771255008088,0.961570113300589,-0.00195747144207881,"Otros países","",FALSE
"FMI WEO (PIB per cápita)","imf_weo_GNB_6","Guinea-Bissau (1997-1998)","GNB","Guinea-Bissau",1997,1998,-0.240958041958042,1,FALSE,20,2018,110.639503089288,20,"20 años después",0.240958041958042,1.10639503089288,21,0.00482622843342728,1.45762038471097,0.0190188592015665,"Otros países","",FALSE
"FMI WEO (PIB per cápita)","imf_weo_TGO_5","Togo (1990-1993)","TGO","Togo",1990,1993,-0.234463165843594,3,FALSE,20,2013,90.2171290239872,20,"20 años después",0.234463165843594,0.902171290239872,23,-0.00446612214605047,1.1784818835452,0.00824515917046575,"Otros países","",FALSE
"FMI WEO (PIB per cápita)","imf_weo_CIV_5","Côte d'Ivoire (1988-1994)","CIV","Côte d'Ivoire",1988,1994,-0.233616795854476,6,FALSE,20,2014,75.6541511696409,20,"20 años después",0.233616795854476,0.756541511696409,26,-0.0106733190153325,0.987158261825312,-0.000646036532237826,"Otros países","",FALSE
"FMI WEO (PIB per cápita)","imf_weo_RWA_3","Rwanda (1986-1991)","RWA","Rwanda",1986,1991,-0.224821622134858,5,FALSE,20,2011,141.293367533124,20,"20 años después",0.224821622134858,1.41293367533124,25,0.0139227578203949,1.82272069974718,0.0304715507535123,"Otros países","",FALSE
"FMI WEO (PIB per cápita)","imf_weo_LBY_1","Libya (1981-1984)","LBY","Libya",1981,1984,-0.220731204435766,3,FALSE,20,2004,53.0243455028322,20,"20 años después",0.220731204435766,0.530243455028322,23,-0.0272064868658889,0.680437171418364,-0.0190668724858666,"Otros países","",FALSE
"FMI WEO (PIB per cápita)","imf_weo_ARG_9","Argentina (1998-2002)","ARG","Argentina",1998,2002,-0.216623240864843,4,FALSE,20,2022,113.698091660389,20,"20 años después",0.216623240864843,1.13698091660389,24,0.00536334948155304,1.45138453923386,0.0188004418042196,"Otros países","",FALSE
"FMI WEO (PIB per cápita)","imf_weo_QAT_3","Qatar (1984-1987)","QAT","Qatar",1984,1987,-0.212835635384616,3,FALSE,20,2007,98.4401393608134,20,"20 años después",0.212835635384616,0.984401393608135,23,-0.000683311860972036,1.250566511721,0.0112425607774256,"Otros países","",FALSE
"FMI WEO (PIB per cápita)","imf_weo_BLR_1","Belarus (1993-1995)","BLR","Belarus",1993,1995,-0.210153593396875,2,FALSE,20,2015,251.048231703104,20,"20 años después",0.210153593396875,2.51048231703104,22,0.0427273869210529,3.17844367720532,0.0595238227430479,"Otros países","",FALSE
"FMI WEO (PIB per cápita)","imf_weo_GAB_4","Gabon (1985-1987)","GAB","Gabon",1985,1987,-0.206949304247991,2,FALSE,20,2007,79.3541360670262,20,"20 años después",0.206949304247991,0.793541360670262,22,-0.0104562950397563,1.00061870561476,3.09261929725135e-05,"Otros países","",FALSE
"FMI WEO (PIB per cápita)","imf_weo_BOL_1","Bolivia (Plurinational State of) (1981-1986)","BOL","Bolivia (Plurinational State of)",1981,1986,-0.205077823437806,5,FALSE,20,2006,110.438080780329,20,"20 años después",0.205077823437806,1.10438080780329,25,0.00397928934999836,1.38929424837462,0.0165756711523795,"Otros países","",FALSE
"FMI WEO (PIB per cápita)","imf_weo_NER_5","Niger (1988-1997)","NER","Niger",1988,1997,-0.202078241280027,9,FALSE,20,2017,96.8682437591969,20,"20 años después",0.202078241280027,0.968682437591969,29,-0.0010965859850991,1.21400679578651,0.0097434760889874,"Otros países","",FALSE
"FMI WEO (PIB per cápita)","imf_weo_RUS_1","Russian Federation (1993-1996)","RUS","Russian Federation",1993,1996,-0.192659950548806,3,FALSE,20,2016,160.96211017232,20,"20 años después",0.192659950548806,1.6096211017232,23,0.0209112394304809,1.99373374678659,0.0351025011816302,"Otros países","",FALSE
"FMI WEO (PIB per cápita)","imf_weo_GAB_8","Gabon (1998-2004)","GAB","Gabon",1998,2004,-0.191768428551858,6,FALSE,20,2024,78.8026070191718,20,"20 años después",0.191768428551858,0.788026070191718,26,-0.00912061812103493,0.975000356370364,-0.00126507124566966,"Otros países","",FALSE
"FMI WEO (PIB per cápita)","imf_weo_PAN_4","Panama (1986-1989)","PAN","Panama",1986,1989,-0.189447905029703,3,FALSE,20,2009,188.018372373884,20,"20 años después",0.189447905029703,1.88018372373884,23,0.0278310936194663,2.31963341456509,0.042967961714927,"Otros países","",FALSE
"FMI WEO (PIB per cápita)","imf_weo_GHA_1","Ghana (1981-1983)","GHA","Ghana",1981,1983,-0.189231529393707,2,FALSE,20,2003,134.303505909106,20,"20 años después",0.189231529393707,1.34303505909106,22,0.0134962643490226,1.65649640776822,0.0255563427014005,"Otros países","",FALSE
"FMI WEO (PIB per cápita)","imf_weo_VEN_80","Venezuela (2001-2003)","VEN","Venezuela",2001,2003,-0.188975855520166,2,TRUE,20,2023,32.4522560358855,20,"20 años después",0.188975855520166,0.324522560358855,22,-0.0498681889482162,0.400139209871482,-0.0447642768037773,"Venezuela","",FALSE
"FMI WEO (PIB per cápita)","imf_weo_ETH_3","Ethiopia (1983-1985)","ETH","Ethiopia",1983,1985,-0.18860020121238,2,FALSE,20,2005,105.889992460567,20,"20 años después",0.18860020121238,1.05889992460567,22,0.0026047757421559,1.30502857677295,0.0134002359829744,"Otros países","",FALSE
"FMI WEO (PIB per cápita)","imf_weo_CHL_1","Chile (1981-1983)","CHL","Chile",1981,1983,-0.186751438070071,2,FALSE,20,2003,180.158091218317,20,"20 años después",0.186751438070071,1.80158091218317,22,0.0271186759202426,2.21528939185311,0.0405705331450907,"Otros países","",FALSE
"FMI WEO (PIB per cápita)","imf_weo_PHL_2","Philippines (1982-1985)","PHL","Philippines",1982,1985,-0.186641230934468,3,FALSE,20,2005,109.161963379124,20,"20 años después",0.186641230934468,1.09161963379124,23,0.00381868553780174,1.34211331494637,0.0148210318206818,"Otros países","",FALSE
"FMI WEO (PIB per cápita)","imf_weo_ARE_3","United Arab Emirates (1987-1988)","ARE","United Arab Emirates",1987,1988,-0.183798882681564,1,FALSE,20,2008,79.5513611493712,20,"20 años después",0.183798882681564,0.795513611493712,21,-0.0108345606642618,0.974653911412556,-0.00128281816703102,"Otros países","",FALSE
"FMI WEO (PIB per cápita)","imf_weo_URY_1","Uruguay (1981-1985)","URY","Uruguay",1981,1985,-0.178814533815694,4,FALSE,20,2005,118.476752388678,20,"20 años después",0.178814533815694,1.18476752388678,24,0.00708945256431881,1.44275266998074,0.0184966252838519,"Otros países","",FALSE
"FMI WEO (PIB per cápita)","imf_weo_ZMB_1","Zambia (1981-1987)","ZMB","Zambia",1981,1987,-0.177819002553055,6,FALSE,20,2007,81.1436721467861,20,"20 años después",0.177819002553055,0.811436721467861,26,-0.00800428879518544,0.986931982115316,-0.00065749154199235,"Otros países","",FALSE
"FMI WEO (PIB per cápita)","imf_weo_HUN_2","Hungary (1989-1993)","HUN","Hungary",1989,1993,-0.176629798191879,4,FALSE,20,2013,132.362341625974,20,"20 años después",0.176629798191879,1.32362341625974,24,0.0117507113312516,1.60756779071317,0.0240200611455426,"Otros países","",FALSE
"FMI WEO (PIB per cápita)","imf_weo_SLE_7","Sierra Leone (1990-1992)","SLE","Sierra Leone",1990,1992,-0.173675804967801,2,FALSE,20,2012,81.5643958092717,20,"20 años después",0.173675804967801,0.815643958092717,22,-0.00921984079787896,0.987075003970971,-0.000650251023644244,"Otros países","",FALSE
"FMI WEO (PIB per cápita)","imf_weo_GTM_1","Guatemala (1981-1986)","GTM","Guatemala",1981,1986,-0.17070192381138,5,FALSE,20,2006,103.209375152576,20,"20 años después",0.17070192381138,1.03209375152576,25,0.00126437895133513,1.24453894342692,0.0109982981850032,"Otros países","",FALSE
"FMI WEO (PIB per cápita)","imf_weo_LBY_7","Libya (1994-1995)","LBY","Libya",1994,1995,-0.1686545750968,1,FALSE,20,2015,53.158242256557,20,"20 años después",0.1686545750968,0.53158242256557,21,-0.0296421268963919,0.639424247300653,-0.0221112383454688,"Otros países","",FALSE
"FMI WEO (PIB per cápita)","imf_weo_CAF_5","Central African Republic (1989-1993)","CAF","Central African Republic",1989,1993,-0.166481748311228,4,FALSE,20,2013,57.4056069374541,20,"20 años después",0.166481748311228,0.574056069374541,24,-0.0228608147697013,0.688714456115939,-0.0184736572121372,"Otros países","",FALSE
"FMI WEO (PIB per cápita)","imf_weo_SDN_2","Sudan (Former) (1982-1985)","SDN","Sudan (Former)",1982,1985,-0.164671945955815,3,FALSE,20,2005,160.37337977531,20,"20 años después",0.164671945955815,1.6037337977531,23,0.0207486045099752,1.91988499606679,0.0331509056500956,"Otros países","",FALSE
"FMI WEO (PIB per cápita)","imf_weo_GMB_2","Gambia (1983-1988)","GMB","Gambia",1983,1988,-0.160918525897468,5,FALSE,20,2008,79.8310951845961,20,"20 años después",0.160918525897468,0.798310951845961,25,-0.00896981277488007,0.951410532213003,-0.00248738256548797,"Otros países","",FALSE
"FMI WEO (PIB per cápita)","imf_weo_MWI_3","Malawi (1985-1989)","MWI","Malawi",1985,1989,-0.155669654050109,4,FALSE,20,2009,118.429289830043,20,"20 años después",0.155669654050109,1.18429289830043,24,0.00707263906187916,1.40264163663107,0.0170617846608876,"Otros países","",FALSE
"FMI WEO (PIB per cápita)","imf_weo_URY_9","Uruguay (1998-2002)","URY","Uruguay",1998,2002,-0.154430316676656,4,FALSE,20,2022,155.268450799696,20,"20 años después",0.154430316676656,1.55268450799695,24,0.0185017999058779,1.83625848776228,0.0308528852573842,"Otros países","",FALSE
"FMI WEO (PIB per cápita)","imf_weo_LBN_5","Lebanon (1987-1990)","LBN","Lebanon",1987,1990,-0.660906166826934,3,FALSE,25,2015,77.680849150026,25,"25 años después",0.660906166826934,0.77680849150026,28,-0.00897949247336105,2.29083638658741,0.0337124880147013,"Otros países","Lebanon (1987-1990)",TRUE
"FMI WEO (PIB per cápita)","imf_weo_SAU_1","Saudi Arabia (1981-1987)","SAU","Saudi Arabia",1981,1987,-0.514265033806677,6,FALSE,25,2012,57.6927600876341,25,"25 años después",0.514265033806677,0.576927600876341,31,-0.0175866939725835,1.18774154843677,0.00690588220478094,"Otros países","",FALSE
"FMI WEO (PIB per cápita)","imf_weo_SLE_9","Sierra Leone (1994-1999)","SLE","Sierra Leone",1994,1999,-0.5089084635662,5,FALSE,25,2024,108.62262402899,25,"25 años después",0.5089084635662,1.0862262402899,30,0.00276078811605207,2.21186104769355,0.0322628874981972,"Otros países","",FALSE
"FMI WEO (PIB per cápita)","imf_weo_UKR_1","Ukraine (1992-1998)","UKR","Ukraine",1992,1998,-0.479242122620685,6,FALSE,25,2023,87.4334047566694,25,"25 años después",0.479242122620685,0.874334047566694,31,-0.00432265518262731,1.67896461205106,0.0209433900398737,"Otros países","",FALSE
"FMI WEO (PIB per cápita)","imf_weo_ARE_1","United Arab Emirates (1981-1986)","ARE","United Arab Emirates",1981,1986,-0.44743808581,5,FALSE,25,2011,43.5034433742803,25,"25 años después",0.44743808581,0.435034433742803,30,-0.0273629971383728,0.787304413443912,-0.00952000718169266,"Otros países","",FALSE
"FMI WEO (PIB per cápita)","imf_weo_CMR_2","Cameroon (1986-1994)","CMR","Cameroon",1986,1994,-0.424060089825231,8,FALSE,25,2019,80.541415643605,25,"25 años después",0.424060089825231,0.80541415643605,33,-0.0065360812518912,1.39843435436111,0.0135045048057005,"Otros países","",FALSE
"FMI WEO (PIB per cápita)","imf_weo_TKM_1","Turkmenistan (1993-1997)","TKM","Turkmenistan",1993,1997,-0.415268957396298,4,FALSE,25,2022,496.817785355267,25,"25 años después",0.415268957396298,4.96817785355267,29,0.0568340510551308,8.49651804260342,0.0893555223765761,"Otros países","",FALSE
"FMI WEO (PIB per cápita)","imf_weo_ALB_6","Albania (1989-1992)","ALB","Albania",1989,1992,-0.402174797659377,3,FALSE,25,2017,226.980779408273,25,"25 años después",0.402174797659377,2.26980779408273,28,0.0297075470167762,3.79677501917936,0.0548157225361288,"Otros países","",FALSE
"FMI WEO (PIB per cápita)","imf_weo_RWA_5","Rwanda (1992-1994)","RWA","Rwanda",1992,1994,-0.401575493224078,2,FALSE,25,2019,241.377979629204,25,"25 años después",0.401575493224078,2.41377979629204,27,0.0331752332918511,4.03355773194608,0.0573713312262203,"Otros países","",FALSE
"FMI WEO (PIB per cápita)","imf_weo_LBN_1","Lebanon (1981-1982)","LBN","Lebanon",1981,1982,-0.376852117263844,1,FALSE,25,2007,97.1348918648973,25,"25 años después",0.376852117263844,0.971348918648973,26,-0.00111743427189248,1.55877753188202,0.0179146515034638,"Otros países","",FALSE
"FMI WEO (PIB per cápita)","imf_weo_TJK_1","Tajikistan (1993-1996)","TJK","Tajikistan",1993,1996,-0.36108348788143,3,FALSE,25,2021,208.246315290189,25,"25 años después",0.36108348788143,2.08246315290189,28,0.0265444554465475,3.25936662052557,0.048395935429939,"Otros países","",FALSE
"FMI WEO (PIB per cápita)","imf_weo_MDA_1","Republic of Moldova (1993-1996)","MDA","Republic of Moldova",1993,1996,-0.356922859035811,3,FALSE,25,2021,164.278841424933,25,"25 años después",0.356922859035811,1.64278841424933,28,0.0178864754452828,2.55457441977527,0.0382280123388252,"Otros países","",FALSE
"FMI WEO (PIB per cápita)","imf_weo_TTO_2","Trinidad and Tobago (1982-1989)","TTO","Trinidad and Tobago",1982,1989,-0.341995167102343,7,FALSE,25,2014,202.273389153005,25,"25 años después",0.341995167102343,2.02273389153005,32,0.0222581601311174,3.07404108663234,0.0459438886179957,"Otros países","",FALSE
"FMI WEO (PIB per cápita)","imf_weo_BGR_2","Bulgaria (1988-1995)","BGR","Bulgaria",1988,1995,-0.339771681767113,7,FALSE,25,2020,129.786381191259,25,"25 años después",0.339771681767113,1.29786381191259,32,0.00818077147688845,1.96578028550237,0.0274043472297241,"Otros países","",FALSE
"FMI WEO (PIB per cápita)","imf_weo_LBY_3","Libya (1985-1988)","LBY","Libya",1985,1988,-0.334740043267006,3,FALSE,25,2013,54.9834484344166,25,"25 años después",0.334740043267006,0.549834484344166,28,-0.0211355178887166,0.826495686053813,-0.0075934462544246,"Otros países","",FALSE
"FMI WEO (PIB per cápita)","imf_weo_MOZ_1","Mozambique (1981-1986)","MOZ","Mozambique",1981,1986,-0.326541683891366,5,FALSE,25,2011,203.22164904134,25,"25 años después",0.326541683891366,2.0322164904134,30,0.0239191504074081,3.01758318488949,0.0451686392230755,"Otros países","",FALSE
"FMI WEO (PIB per cápita)","imf_weo_IRN_2","Iran (Islamic Republic of) (1983-1988)","IRN","Iran (Islamic Republic of)",1983,1988,-0.320543067377552,5,FALSE,25,2013,119.6475970981,25,"25 años después",0.320543067377552,1.196475970981,30,0.00599726351877128,1.76092981546755,0.0228917641238886,"Otros países","",FALSE
"FMI WEO (PIB per cápita)","imf_weo_AZE_1","Azerbaijan (1993-1995)","AZE","Azerbaijan",1993,1995,-0.315738740188383,2,FALSE,25,2020,312.714324384677,25,"25 años después",0.315738740188383,3.12714324384677,27,0.0431308905598462,4.5701012573877,0.0626666052505622,"Otros países","",FALSE
"FMI WEO (PIB per cápita)","imf_weo_JOR_6","Jordan (1986-1991)","JOR","Jordan",1986,1991,-0.31207024314496,5,FALSE,25,2016,88.8505118648571,25,"25 años después",0.31207024314496,0.888505118648571,30,-0.00393274211466943,1.29156372405009,0.0102866949281357,"Otros países","",FALSE
"FMI WEO (PIB per cápita)","imf_weo_PER_5","Peru (1987-1990)","PER","Peru",1987,1990,-0.301245041562092,3,FALSE,25,2015,163.726701613644,25,"25 años después",0.301245041562092,1.63726701613644,28,0.0177640945886059,2.34312042636035,0.0346460031412581,"Otros países","",FALSE
"FMI WEO (PIB per cápita)","imf_weo_ROU_4","Romania (1987-1992)","ROU","Romania",1987,1992,-0.300439285010728,5,FALSE,25,2017,171.067702000177,25,"25 años después",0.300439285010728,1.71067702000177,30,0.0180574054996787,2.44535889930298,0.0364150344835503,"Otros países","",FALSE
"FMI WEO (PIB per cápita)","imf_weo_ZMB_3","Zambia (1988-1994)","ZMB","Zambia",1988,1994,-0.29733866603868,6,FALSE,25,2019,119.483492766925,25,"25 años después",0.29733866603868,1.19483492766925,31,0.00575871284089358,1.70044211901238,0.0214626099176751,"Otros países","",FALSE
"FMI WEO (PIB per cápita)","imf_weo_BDI_7","Burundi (1991-1997)","BDI","Burundi",1991,1997,-0.296081831851569,6,FALSE,25,2022,62.0389583320907,25,"25 años después",0.296081831851569,0.620389583320907,31,-0.0152822689987584,0.881337648881495,-0.0050398359972067,"Otros países","",FALSE
"FMI WEO (PIB per cápita)","imf_weo_QAT_5","Qatar (1989-1991)","QAT","Qatar",1989,1991,-0.29235975257732,2,FALSE,25,2016,118.294460884546,25,"25 años después",0.29235975257732,1.18294460884546,27,0.00624187244040231,1.67167513882075,0.0207657164202055,"Otros países","",FALSE
"FMI WEO (PIB per cápita)","imf_weo_ETH_5","Ethiopia (1987-1992)","ETH","Ethiopia",1987,1992,-0.264757213088112,5,FALSE,25,2017,264.69709575746,25,"25 años después",0.264757213088112,2.6469709575746,30,0.032979348719484,3.60013182678365,0.0525742375051972,"Otros países","",FALSE
"FMI WEO (PIB per cápita)","imf_weo_NER_1","Niger (1981-1984)","NER","Niger",1981,1984,-0.262059302878505,3,FALSE,25,2009,65.846996795718,25,"25 años después",0.262059302878505,0.65846996795718,28,-0.0148119352381192,0.892307431377198,-0.00454741114427559,"Otros países","",FALSE
"FMI WEO (PIB per cápita)","imf_weo_DJI_1","Djibouti (1991-2001)","DJI","Djibouti",1991,2001,-0.257813978820671,10,FALSE,25,2026,171.275363058682,25,"25 años después",0.257813978820671,1.71275363058681,35,0.0154931472637196,2.30771475305512,0.0340160622113219,"Otros países","",FALSE
"FMI WEO (PIB per cápita)","imf_weo_KGZ_1","Kyrgyzstan (1993-1995)","KGZ","Kyrgyzstan",1993,1995,-0.24801466961326,2,FALSE,25,2020,141.725705236741,25,"25 años después",0.24801466961326,1.41725705236741,27,0.0129994472813078,1.88468710106156,0.025674528275679,"Otros países","",FALSE
"FMI WEO (PIB per cápita)","imf_weo_QAT_1","Qatar (1981-1983)","QAT","Qatar",1981,1983,-0.247135,2,FALSE,25,2008,70.2895032996794,25,"25 años después",0.247135,0.702895032996794,27,-0.0129724456261345,0.933626922485165,-0.00274336452491752,"Otros países","",FALSE
"FMI WEO (PIB per cápita)","imf_weo_GNB_6","Guinea-Bissau (1997-1998)","GNB","Guinea-Bissau",1997,1998,-0.240958041958042,1,FALSE,25,2023,123.050856723467,25,"25 años después",0.240958041958042,1.23050856723467,26,0.00800989172107713,1.6211337913505,0.0195129681160886,"Otros países","",FALSE
"FMI WEO (PIB per cápita)","imf_weo_TGO_5","Togo (1990-1993)","TGO","Togo",1990,1993,-0.234463165843594,3,FALSE,25,2018,102.135584713856,25,"25 años después",0.234463165843594,1.02135584713856,28,0.00075496364563632,1.33416943714283,0.0115991121569405,"Otros países","",FALSE
"FMI WEO (PIB per cápita)","imf_weo_CIV_5","Côte d'Ivoire (1988-1994)","CIV","Côte d'Ivoire",1988,1994,-0.233616795854476,6,FALSE,25,2019,92.0387638151783,25,"25 años después",0.233616795854476,0.920387638151783,31,-0.00267256271116934,1.20094964656482,0.00735139443394428,"Otros países","",FALSE
"FMI WEO (PIB per cápita)","imf_weo_RWA_3","Rwanda (1986-1991)","RWA","Rwanda",1986,1991,-0.224821622134858,5,FALSE,25,2016,172.87572605497,25,"25 años después",0.224821622134858,1.7287572605497,30,0.018414249418071,2.23014122931387,0.0326027912625126,"Otros países","",FALSE
"FMI WEO (PIB per cápita)","imf_weo_LBY_1","Libya (1981-1984)","LBY","Libya",1981,1984,-0.220731204435766,3,FALSE,25,2009,53.7024781275556,25,"25 años después",0.220731204435766,0.537024781275556,28,-0.0219592719971192,0.689139337199714,-0.0147821274808031,"Otros países","",FALSE
"FMI WEO (PIB per cápita)","imf_weo_QAT_3","Qatar (1984-1987)","QAT","Qatar",1984,1987,-0.212835635384616,3,FALSE,25,2012,112.766737112299,25,"25 años después",0.212835635384616,1.12766737112299,28,0.00430033522651918,1.43256913271726,0.0144826490142904,"Otros países","",FALSE
"FMI WEO (PIB per cápita)","imf_weo_BLR_1","Belarus (1993-1995)","BLR","Belarus",1993,1995,-0.210153593396875,2,FALSE,25,2020,262.703416366644,25,"25 años después",0.210153593396875,2.62703416366644,27,0.0364199579313678,3.32600634972116,0.0492450353425147,"Otros países","",FALSE
"FMI WEO (PIB per cápita)","imf_weo_GAB_4","Gabon (1985-1987)","GAB","Gabon",1985,1987,-0.206949304247991,2,FALSE,25,2012,76.4510374152908,25,"25 años después",0.206949304247991,0.764510374152908,27,-0.00989588377180395,0.964011983405376,-0.00146498799710049,"Otros países","",FALSE
"FMI WEO (PIB per cápita)","imf_weo_BOL_1","Bolivia (Plurinational State of) (1981-1986)","BOL","Bolivia (Plurinational State of)",1981,1986,-0.205077823437806,5,FALSE,25,2011,129.273150844307,25,"25 años después",0.205077823437806,1.29273150844307,30,0.0085953103009615,1.62623656322403,0.0196411376271808,"Otros países","",FALSE
"FMI WEO (PIB per cápita)","imf_weo_NER_5","Niger (1988-1997)","NER","Niger",1988,1997,-0.202078241280027,9,FALSE,25,2022,106.956885733193,25,"25 años después",0.202078241280027,1.06956885733193,34,0.00198006451444566,1.34044327735558,0.0117889629962604,"Otros países","",FALSE
"FMI WEO (PIB per cápita)","imf_weo_RUS_1","Russian Federation (1993-1996)","RUS","Russian Federation",1993,1996,-0.192659950548806,3,FALSE,25,2021,177.318671387779,25,"25 años después",0.192659950548806,1.77318671387779,28,0.020667034516328,2.19633191129704,0.0319720116858584,"Otros países","",FALSE
"FMI WEO (PIB per cápita)","imf_weo_PAN_4","Panama (1986-1989)","PAN","Panama",1986,1989,-0.189447905029703,3,FALSE,25,2014,250.272951474066,25,"25 años después",0.189447905029703,2.50272951474066,28,0.0333062789224363,3.08768496222612,0.0461291875497223,"Otros países","",FALSE
"FMI WEO (PIB per cápita)","imf_weo_GHA_1","Ghana (1981-1983)","GHA","Ghana",1981,1983,-0.189231529393707,2,FALSE,25,2008,158.497370113506,25,"25 años después",0.189231529393707,1.58497370113506,27,0.0172043868378093,1.95490298229014,0.0271763425391471,"Otros países","",FALSE
"FMI WEO (PIB per cápita)","imf_weo_ETH_3","Ethiopia (1983-1985)","ETH","Ethiopia",1983,1985,-0.18860020121238,2,FALSE,25,2010,154.62096294113,25,"25 años después",0.18860020121238,1.5462096294113,27,0.016271952175037,1.90560760764499,0.0261275291841396,"Otros países","",FALSE
"FMI WEO (PIB per cápita)","imf_weo_CHL_1","Chile (1981-1983)","CHL","Chile",1981,1983,-0.186751438070071,2,FALSE,25,2008,224.119627706879,25,"25 años después",0.186751438070071,2.24119627706879,27,0.0303404184091483,2.75585642813826,0.0413824718791671,"Otros países","",FALSE
"FMI WEO (PIB per cápita)","imf_weo_PHL_2","Philippines (1982-1985)","PHL","Philippines",1982,1985,-0.186641230934468,3,FALSE,25,2010,127.03450985362,25,"25 años después",0.186641230934468,1.2703450985362,28,0.00858264272673948,1.56185086686371,0.0179948537335559,"Otros países","",FALSE
"FMI WEO (PIB per cápita)","imf_weo_ARE_3","United Arab Emirates (1987-1988)","ARE","United Arab Emirates",1987,1988,-0.183798882681564,1,FALSE,25,2013,78.9659820308264,25,"25 años después",0.183798882681564,0.789659820308264,26,-0.00904168487154999,0.967481915367414,-0.00132146794643762,"Otros países","",FALSE
"FMI WEO (PIB per cápita)","imf_weo_URY_1","Uruguay (1981-1985)","URY","Uruguay",1981,1985,-0.178814533815694,4,FALSE,25,2010,156.071357050566,25,"25 años después",0.178814533815694,1.56071357050566,29,0.0154681759388005,1.90056160852143,0.0260187044465601,"Otros países","",FALSE
"FMI WEO (PIB per cápita)","imf_weo_ZMB_1","Zambia (1981-1987)","ZMB","Zambia",1981,1987,-0.177819002553055,6,FALSE,25,2012,100.859337957921,25,"25 años después",0.177819002553055,1.00859337957921,31,0.000276059602870138,1.22672912985233,0.00820755413342478,"Otros países","",FALSE
"FMI WEO (PIB per cápita)","imf_weo_HUN_2","Hungary (1989-1993)","HUN","Hungary",1989,1993,-0.176629798191879,4,FALSE,25,2018,164.157152536089,25,"25 años después",0.176629798191879,1.64157152536089,29,0.0172384139775414,1.99372229132898,0.0279845477902259,"Otros países","",FALSE
"FMI WEO (PIB per cápita)","imf_weo_SLE_7","Sierra Leone (1990-1992)","SLE","Sierra Leone",1990,1992,-0.173675804967801,2,FALSE,25,2017,83.0042682478527,25,"25 años después",0.173675804967801,0.830042682478527,27,-0.00687544614032332,1.00450003457321,0.000179613716259519,"Otros países","",FALSE
"FMI WEO (PIB per cápita)","imf_weo_GTM_1","Guatemala (1981-1986)","GTM","Guatemala",1981,1986,-0.17070192381138,5,FALSE,25,2011,110.359300780008,25,"25 años después",0.17070192381138,1.10359300780008,30,0.00329111143840266,1.33075553831271,0.0114954447895377,"Otros países","",FALSE
"FMI WEO (PIB per cápita)","imf_weo_LBY_7","Libya (1994-1995)","LBY","Libya",1994,1995,-0.1686545750968,1,FALSE,25,2020,43.4521656861575,25,"25 años después",0.1686545750968,0.434521656861575,26,-0.0315496452603512,0.522672819077785,-0.0256181254234589,"Otros países","",FALSE
"FMI WEO (PIB per cápita)","imf_weo_CAF_5","Central African Republic (1989-1993)","CAF","Central African Republic",1989,1993,-0.166481748311228,4,FALSE,25,2018,64.8696354303001,25,"25 años después",0.166481748311228,0.648696354303001,29,-0.0148130035162131,0.77826292704292,-0.00997752528215012,"Otros países","",FALSE
"FMI WEO (PIB per cápita)","imf_weo_SDN_2","Sudan (Former) (1982-1985)","SDN","Sudan (Former)",1982,1985,-0.164671945955815,3,FALSE,25,2010,166.455558374498,25,"25 años después",0.164671945955815,1.66455558374498,28,0.01836510802507,1.99269685207643,0.0279633934691095,"Otros países","",FALSE
"FMI WEO (PIB per cápita)","imf_weo_GMB_2","Gambia (1983-1988)","GMB","Gambia",1983,1988,-0.160918525897468,5,FALSE,25,2013,77.5402570176699,25,"25 años después",0.160918525897468,0.775402570176699,30,-0.00844325180488792,0.924108795282433,-0.00315204067454822,"Otros países","",FALSE
"FMI WEO (PIB per cápita)","imf_weo_MWI_3","Malawi (1985-1989)","MWI","Malawi",1985,1989,-0.155669654050109,4,FALSE,25,2014,130.56255970358,25,"25 años después",0.155669654050109,1.3056255970358,29,0.00923835432558628,1.54634451230927,0.0175886406485983,"Otros países","",FALSE
"FMI WEO (PIB per cápita)","imf_weo_LBN_5","Lebanon (1987-1990)","LBN","Lebanon",1987,1990,-0.660906166826934,3,FALSE,30,2020,60.2921425907952,30,"30 años después",0.660906166826934,0.602921425907952,33,-0.0152154331975322,1.77803712991806,0.0193688561790613,"Otros países","Lebanon (1987-1990)",TRUE
"FMI WEO (PIB per cápita)","imf_weo_ARE_1","United Arab Emirates (1981-1986)","ARE","United Arab Emirates",1981,1986,-0.44743808581,5,FALSE,30,2016,44.880169127431,30,"30 años después",0.44743808581,0.44880169127431,35,-0.0226306860030742,0.812219734565326,-0.00690883570953937,"Otros países","",FALSE
"FMI WEO (PIB per cápita)","imf_weo_ALB_6","Albania (1989-1992)","ALB","Albania",1989,1992,-0.402174797659377,3,FALSE,30,2022,274.54353460685,30,"30 años después",0.402174797659377,2.7454353460685,33,0.0310773557780599,4.59237137430722,0.0521263563111638,"Otros países","",FALSE
"FMI WEO (PIB per cápita)","imf_weo_RWA_5","Rwanda (1992-1994)","RWA","Rwanda",1992,1994,-0.401575493224078,2,FALSE,30,2024,290.30936139005,30,"30 años después",0.401575493224078,2.9030936139005,32,0.0338663672722184,4.85122781742551,0.0540512371538602,"Otros países","",FALSE
"FMI WEO (PIB per cápita)","imf_weo_LBN_1","Lebanon (1981-1982)","LBN","Lebanon",1981,1982,-0.376852117263844,1,FALSE,30,2012,121.526970814085,30,"30 años después",0.376852117263844,1.21526970814085,31,0.00630904562251455,1.95021076346239,0.0225142872372801,"Otros países","",FALSE
"FMI WEO (PIB per cápita)","imf_weo_TJK_1","Tajikistan (1993-1996)","TJK","Tajikistan",1993,1996,-0.36108348788143,3,FALSE,30,2026,278.232480596781,30,"30 años después",0.36108348788143,2.78232480596781,33,0.0314944697028412,4.35475489081032,0.0502647524210504,"Otros países","",FALSE
"FMI WEO (PIB per cápita)","imf_weo_MDA_1","Republic of Moldova (1993-1996)","MDA","Republic of Moldova",1993,1996,-0.356922859035811,3,FALSE,30,2026,186.350176138063,30,"30 años después",0.356922859035811,1.86350176138063,33,0.0190413628275388,2.89778883850017,0.0361013140662581,"Otros países","",FALSE
"FMI WEO (PIB per cápita)","imf_weo_LBY_3","Libya (1985-1988)","LBY","Libya",1985,1988,-0.334740043267006,3,FALSE,30,2018,54.44598382248,30,"30 años después",0.334740043267006,0.5444598382248,33,-0.0182543963272365,0.818416669625769,-0.00665719854808799,"Otros países","",FALSE
"FMI WEO (PIB per cápita)","imf_weo_MOZ_1","Mozambique (1981-1986)","MOZ","Mozambique",1981,1986,-0.326541683891366,5,FALSE,30,2016,246.265940386054,30,"30 años después",0.326541683891366,2.46265940386054,35,0.0260841556282139,3.65673620023023,0.0441665771258533,"Otros países","",FALSE
"FMI WEO (PIB per cápita)","imf_weo_IRN_2","Iran (Islamic Republic of) (1983-1988)","IRN","Iran (Islamic Republic of)",1983,1988,-0.320543067377552,5,FALSE,30,2018,122.773818023287,30,"30 años después",0.320543067377552,1.22773818023287,35,0.00587931856884438,1.80694039796499,0.0199169144632498,"Otros países","",FALSE
"FMI WEO (PIB per cápita)","imf_weo_AZE_1","Azerbaijan (1993-1995)","AZE","Azerbaijan",1993,1995,-0.315738740188383,2,FALSE,30,2025,356.212257609133,30,"30 años después",0.315738740188383,3.56212257609133,32,0.0404971665005813,5.20579314554796,0.0565325875304572,"Otros países","",FALSE
"FMI WEO (PIB per cápita)","imf_weo_JOR_6","Jordan (1986-1991)","JOR","Jordan",1986,1991,-0.31207024314496,5,FALSE,30,2021,87.3319390032557,30,"30 años después",0.31207024314496,0.873319390032557,35,-0.0038626332415781,1.26948919032817,0.00798553590004447,"Otros países","",FALSE
"FMI WEO (PIB per cápita)","imf_weo_PER_5","Peru (1987-1990)","PER","Peru",1987,1990,-0.301245041562092,3,FALSE,30,2020,151.800993222705,30,"30 años después",0.301245041562092,1.51800993222705,33,0.0127288220721631,2.17244960324949,0.0261991651706601,"Otros países","",FALSE
"FMI WEO (PIB per cápita)","imf_weo_ROU_4","Romania (1987-1992)","ROU","Romania",1987,1992,-0.300439285010728,5,FALSE,30,2022,205.184807287128,30,"30 años después",0.300439285010728,2.05184807287128,35,0.0207477570761634,2.93305216960725,0.0365191405360936,"Otros países","",FALSE
"FMI WEO (PIB per cápita)","imf_weo_QAT_5","Qatar (1989-1991)","QAT","Qatar",1989,1991,-0.29235975257732,2,FALSE,30,2021,110.798601453893,30,"30 años después",0.29235975257732,1.10798601453893,32,0.00320963883264547,1.56574759360334,0.015057688511771,"Otros países","",FALSE
"FMI WEO (PIB per cápita)","imf_weo_ETH_5","Ethiopia (1987-1992)","ETH","Ethiopia",1987,1992,-0.264757213088112,5,FALSE,30,2022,334.620775405947,30,"30 años después",0.264757213088112,3.34620775405948,35,0.0351117196651278,4.55116026110772,0.051810263433953,"Otros países","",FALSE
"FMI WEO (PIB per cápita)","imf_weo_NER_1","Niger (1981-1984)","NER","Niger",1981,1984,-0.262059302878505,3,FALSE,30,2014,74.7904183276989,30,"30 años después",0.262059302878505,0.747904183276989,33,-0.00876380853731074,1.01350174369615,0.000447146852971425,"Otros países","",FALSE
"FMI WEO (PIB per cápita)","imf_weo_KGZ_1","Kyrgyzstan (1993-1995)","KGZ","Kyrgyzstan",1993,1995,-0.24801466961326,2,FALSE,30,2025,198.441579367815,30,"30 años después",0.24801466961326,1.98441579367815,32,0.0216473693946706,2.63890226775778,0.0328742336704664,"Otros países","",FALSE
"FMI WEO (PIB per cápita)","imf_weo_QAT_1","Qatar (1981-1983)","QAT","Qatar",1981,1983,-0.247135,2,FALSE,30,2013,89.2870765853031,30,"30 años después",0.247135,0.892870765853031,32,-0.00353478250978867,1.1859639720973,0.00570138881925386,"Otros países","",FALSE
"FMI WEO (PIB per cápita)","imf_weo_TGO_5","Togo (1990-1993)","TGO","Togo",1990,1993,-0.234463165843594,3,FALSE,30,2023,115.126556422696,30,"30 años después",0.234463165843594,1.15126556422696,33,0.00427766343391633,1.5038669765585,0.0136942446667498,"Otros países","",FALSE
"FMI WEO (PIB per cápita)","imf_weo_RWA_3","Rwanda (1986-1991)","RWA","Rwanda",1986,1991,-0.224821622134858,5,FALSE,30,2021,200.582691474818,30,"30 años después",0.224821622134858,2.00582691474818,35,0.0200863961047499,2.58756819336508,0.0321981114608489,"Otros países","",FALSE
"FMI WEO (PIB per cápita)","imf_weo_LBY_1","Libya (1981-1984)","LBY","Libya",1981,1984,-0.220731204435766,3,FALSE,30,2014,32.7452276533582,30,"30 años después",0.220731204435766,0.327452276533582,33,-0.0332648367070015,0.420204528139085,-0.0284868331563138,"Otros países","",FALSE
"FMI WEO (PIB per cápita)","imf_weo_QAT_3","Qatar (1984-1987)","QAT","Qatar",1984,1987,-0.212835635384616,3,FALSE,30,2017,89.7688043033668,30,"30 años después",0.212835635384616,0.897688043033668,33,-0.00326534385390553,1.14040737028573,0.00438912213544751,"Otros países","",FALSE
"FMI WEO (PIB per cápita)","imf_weo_BLR_1","Belarus (1993-1995)","BLR","Belarus",1993,1995,-0.210153593396875,2,FALSE,30,2025,291.387904050119,30,"30 años después",0.210153593396875,2.91387904050119,32,0.0339861820514715,3.6891717378735,0.0444739891801296,"Otros países","",FALSE
"FMI WEO (PIB per cápita)","imf_weo_GAB_4","Gabon (1985-1987)","GAB","Gabon",1985,1987,-0.206949304247991,2,FALSE,30,2017,76.9162574296292,30,"30 años después",0.206949304247991,0.769162574296292,32,-0.00816811200610268,0.969878191162717,-0.00101897354321889,"Otros países","",FALSE
"FMI WEO (PIB per cápita)","imf_weo_BOL_1","Bolivia (Plurinational State of) (1981-1986)","BOL","Bolivia (Plurinational State of)",1981,1986,-0.205077823437806,5,FALSE,30,2016,156.513683451739,30,"30 años después",0.205077823437806,1.56513683451739,35,0.0128814966418909,1.96891831762217,0.022839732513561,"Otros países","",FALSE
"FMI WEO (PIB per cápita)","imf_weo_RUS_1","Russian Federation (1993-1996)","RUS","Russian Federation",1993,1996,-0.192659950548806,3,FALSE,30,2026,198.273144767653,30,"30 años después",0.192659950548806,1.98273144767653,33,0.0209582827938162,2.45588144552513,0.0304025226529343,"Otros países","",FALSE
"FMI WEO (PIB per cápita)","imf_weo_PAN_4","Panama (1986-1989)","PAN","Panama",1986,1989,-0.189447905029703,3,FALSE,30,2019,289.483285933529,30,"30 años después",0.189447905029703,2.89483285933529,33,0.0327342746037866,3.57143344307978,0.0433453513281432,"Otros países","",FALSE
"FMI WEO (PIB per cápita)","imf_weo_GHA_1","Ghana (1981-1983)","GHA","Ghana",1981,1983,-0.189231529393707,2,FALSE,30,2013,211.849706521036,30,"30 años después",0.189231529393707,2.11849706521036,32,0.0237369315257669,2.61294949423249,0.0325340139361441,"Otros países","",FALSE
"FMI WEO (PIB per cápita)","imf_weo_ETH_3","Ethiopia (1983-1985)","ETH","Ethiopia",1983,1985,-0.18860020121238,2,FALSE,30,2015,221.669607629186,30,"30 años después",0.18860020121238,2.21669607629186,32,0.0251875354751265,2.73194062853357,0.0340678645781394,"Otros países","",FALSE
"FMI WEO (PIB per cápita)","imf_weo_CHL_1","Chile (1981-1983)","CHL","Chile",1981,1983,-0.186751438070071,2,FALSE,30,2013,259.803563954488,30,"30 años después",0.186751438070071,2.59803563954488,32,0.0302856703401562,3.19463908227449,0.0394750269596187,"Otros países","",FALSE
"FMI WEO (PIB per cápita)","imf_weo_PHL_2","Philippines (1982-1985)","PHL","Philippines",1982,1985,-0.186641230934468,3,FALSE,30,2015,157.289313586588,30,"30 años después",0.186641230934468,1.57289313586588,33,0.0138193647604383,1.93382452576614,0.0222267356875616,"Otros países","",FALSE
"FMI WEO (PIB per cápita)","imf_weo_ARE_3","United Arab Emirates (1987-1988)","ARE","United Arab Emirates",1987,1988,-0.183798882681564,1,FALSE,30,2018,78.5318148403892,30,"30 años después",0.183798882681564,0.785318148403892,31,-0.007765381414649,0.962162550063631,-0.00128490285886851,"Otros países","",FALSE
"FMI WEO (PIB per cápita)","imf_weo_URY_1","Uruguay (1981-1985)","URY","Uruguay",1981,1985,-0.178814533815694,4,FALSE,30,2015,180.142072292489,30,"30 años después",0.178814533815694,1.80142072292489,34,0.0174617529152001,2.19368315332626,0.0265319319020907,"Otros países","",FALSE
"FMI WEO (PIB per cápita)","imf_weo_HUN_2","Hungary (1989-1993)","HUN","Hungary",1989,1993,-0.176629798191879,4,FALSE,30,2023,185.129448177643,30,"30 años después",0.176629798191879,1.85129448177643,34,0.0182793265524712,2.24843512397095,0.0273758324888242,"Otros países","",FALSE
"FMI WEO (PIB per cápita)","imf_weo_SLE_7","Sierra Leone (1990-1992)","SLE","Sierra Leone",1990,1992,-0.173675804967801,2,FALSE,30,2022,88.8463238145752,30,"30 años después",0.173675804967801,0.888463238145752,32,-0.00368886708323091,1.07519935091714,0.00241979255363733,"Otros países","",FALSE
"FMI WEO (PIB per cápita)","imf_weo_GTM_1","Guatemala (1981-1986)","GTM","Guatemala",1981,1986,-0.17070192381138,5,FALSE,30,2016,119.622433213855,30,"30 años después",0.17070192381138,1.19622433213855,35,0.00513227398962091,1.44245400596645,0.0122863929326607,"Otros países","",FALSE
"FMI WEO (PIB per cápita)","imf_weo_LBY_7","Libya (1994-1995)","LBY","Libya",1994,1995,-0.1686545750968,1,FALSE,30,2025,63.7406244099488,30,"30 años después",0.1686545750968,0.637406244099488,31,-0.0144223445245111,0.766716487522267,-0.00881551956288174,"Otros países","",FALSE
"FMI WEO (PIB per cápita)","imf_weo_CAF_5","Central African Republic (1989-1993)","CAF","Central African Republic",1989,1993,-0.166481748311228,4,FALSE,30,2023,65.5363819188569,30,"30 años después",0.166481748311228,0.655363819188569,34,-0.0123514616666694,0.786262109870722,-0.00798346382090909,"Otros países","",FALSE
"FMI WEO (PIB per cápita)","imf_weo_SDN_2","Sudan (Former) (1982-1985)","SDN","Sudan (Former)",1982,1985,-0.164671945955815,3,FALSE,30,2015,156.444267506718,30,"30 años después",0.164671945955815,1.56444267506718,33,0.0136538786206062,1.87284823907569,0.0211356052617475,"Otros países","",FALSE
"FMI WEO (PIB per cápita)","imf_weo_GMB_2","Gambia (1983-1988)","GMB","Gambia",1983,1988,-0.160918525897468,5,FALSE,30,2018,79.876610276165,30,"30 años después",0.160918525897468,0.79876610276165,35,-0.00639907000243645,0.951952971689665,-0.00163997526505988,"Otros países","",FALSE
"FMI WEO (PIB per cápita)","imf_weo_MWI_3","Malawi (1985-1989)","MWI","Malawi",1985,1989,-0.155669654050109,4,FALSE,30,2019,136.601881417262,30,"30 años después",0.155669654050109,1.36601881417262,34,0.00921575105038763,1.61787246037665,0.016166350270445,"Otros países","",FALSE
"Maddison (PIB per cápita)","maddison_LBR_50","Liberia (1979-1995)","LBR","Liberia",1979,1995,-0.916942347997066,16,FALSE,5,2000,21.3799607599233,5,"5 años después",0.916942347997066,0.213799607599233,21,-0.0708291709333188,2.57411090301085,0.208162776051301,"Otros países","",FALSE
"Maddison (PIB per cápita)","maddison_GEO_4","Georgia (1988-1994)","GEO","Georgia",1988,1994,-0.76382706560621,6,FALSE,5,1999,32.4810811905578,5,"5 años después",0.76382706560621,0.324810811905578,11,-0.0971766753629846,1.37530921034328,0.0658106861232675,"Otros países","",FALSE
"Maddison (PIB per cápita)","maddison_IRQ_20","Iraq (1987-1991)","IRQ","Iraq",1987,1991,-0.749051209057368,4,FALSE,5,1996,38.6239698182662,5,"5 años después",0.749051209057368,0.386239698182662,9,-0.100305196398882,1.53911758941671,0.090069931653485,"Otros países","Iraq (1987-1991)",TRUE
"Maddison (PIB per cápita)","maddison_QAT_18","Qatar (1980-1990)","QAT","Qatar",1980,1990,-0.744766681203663,10,FALSE,5,1995,43.5231204971452,5,"5 años después",0.744766681203663,0.435231204971452,15,-0.0539487401977058,1.70522879624013,0.112644771875968,"Otros países","",FALSE
"Maddison (PIB per cápita)","maddison_VEN_84","Venezuela (2012-2020)","VEN","Venezuela",2012,2020,-0.740142005551907,8,TRUE,5,2025,29.5122282307894,5,"5 años después",0.740142005551907,0.295122282307894,13,-0.0896027794680785,1.13570599563311,0.0257775352827327,"Venezuela","",FALSE
"Maddison (PIB per cápita)","maddison_TJK_5","Tajikistan (1988-1997)","TJK","Tajikistan",1988,1997,-0.718471013568354,9,FALSE,5,2002,35.9543729056089,5,"5 años después",0.718471013568354,0.359543729056089,14,-0.0704602208767633,1.27711087093827,0.050136419368217,"Otros países","",FALSE
"Maddison (PIB per cápita)","maddison_LBN_12","Lebanon (1973-1976)","LBN","Lebanon",1973,1976,-0.70918185066095,3,FALSE,5,1981,54.1741098011194,5,"5 años después",0.70918185066095,0.541741098011195,8,-0.0737590600282487,1.86281736281736,0.132489164523793,"Otros países","",FALSE
"Maddison (PIB per cápita)","maddison_AFG_14","Afghanistan (1986-1994)","AFG","Afghanistan",1986,1994,-0.681231727463138,8,FALSE,5,1999,38.5906150842915,5,"5 años después",0.681231727463138,0.385906150842915,13,-0.0706251836323136,1.21061656410077,0.0389659683931176,"Otros países","",FALSE
"Maddison (PIB per cápita)","maddison_MDA_6","Republic of Moldova (1989-1996)","MDA","Republic of Moldova",1989,1996,-0.678703669108107,7,FALSE,5,2001,30.6243335380388,5,"5 años después",0.678703669108107,0.306243335380388,12,-0.0939081574557643,0.953149183279749,-0.00955086734057353,"Otros países","",FALSE
"Maddison (PIB per cápita)","maddison_AZE_2","Azerbaijan (1988-1995)","AZE","Azerbaijan",1988,1995,-0.678460651251502,7,FALSE,5,2000,45.1853437044198,5,"5 años después",0.678460651251502,0.451853437044198,12,-0.0640561408446064,1.40528193144295,0.0704162474348671,"Otros países","",FALSE
"Maddison (PIB per cápita)","maddison_MNE_19","Montenegro (1986-1993)","MNE","Montenegro",1986,1993,-0.628250268580291,7,FALSE,5,1998,68.845585263754,5,"5 años después",0.628250268580291,0.68845585263754,12,-0.0306297776604854,1.85193369207917,0.131162727883823,"Otros países","",FALSE
"Maddison (PIB per cápita)","maddison_ARM_5","Armenia (1989-1993)","ARM","Armenia",1989,1993,-0.607586962729169,4,FALSE,5,1998,47.4494350572344,5,"5 años después",0.607586962729169,0.474494350572344,9,-0.0794960175285867,1.20917070919044,0.0387176796711262,"Otros países","",FALSE
"Maddison (PIB per cápita)","maddison_LBN_20","Lebanon (1987-1989)","LBN","Lebanon",1987,1989,-0.598839084166398,2,FALSE,5,1994,90.0623503449765,5,"5 años después",0.598839084166398,0.900623503449764,7,-0.0148413331650236,2.24504299372807,0.175560358044202,"Otros países","",FALSE
"Maddison (PIB per cápita)","maddison_DJI_14","Djibouti (1976-1991)","DJI","Djibouti",1976,1991,-0.587260621926879,15,FALSE,5,1996,42.6813338425152,5,"5 años después",0.587260621926879,0.426813338425152,20,-0.0416770271283387,1.03409890381125,0.00672862076717506,"Otros países","",FALSE
"Maddison (PIB per cápita)","maddison_BIH_13","Bosnia and Herzegovina (1989-1993)","BIH","Bosnia and Herzegovina",1989,1993,-0.578149410053121,4,FALSE,5,1998,98.1915839211416,5,"5 años después",0.578149410053121,0.981915839211416,9,-0.00202568749247967,2.32763889066758,0.184085658355517,"Otros países","",FALSE
"Maddison (PIB per cápita)","maddison_SRB_16","Serbia (1989-1993)","SRB","Serbia",1989,1993,-0.573689539124695,4,FALSE,5,1998,60.236351171561,5,"5 años después",0.573689539124695,0.60236351171561,9,-0.0547648770626443,1.41296910819132,0.0715847721264857,"Otros países","",FALSE
"Maddison (PIB per cápita)","maddison_LBY_14","Libya (2010-2011)","LBY","Libya",2010,2011,-0.557809885374582,1,FALSE,5,2016,48.7673708131549,5,"5 años después",0.557809885374582,0.487673708131549,6,-0.112799951198735,1.10285981527348,0.0197742993159511,"Otros países","",FALSE
"Maddison (PIB per cápita)","maddison_UKR_4","Ukraine (1989-1997)","UKR","Ukraine",1989,1997,-0.542510987915124,8,FALSE,5,2002,62.1204366674131,5,"5 años después",0.542510987915124,0.621204366674131,13,-0.0359602053687025,1.35785636433795,0.0630917954466015,"Otros países","",FALSE
"Maddison (PIB per cápita)","maddison_ARE_12","United Arab Emirates (1980-1988)","ARE","United Arab Emirates",1980,1988,-0.54231570367687,8,FALSE,5,1993,57.8671355393769,5,"5 años después",0.54231570367687,0.578671355393769,13,-0.0412054929007125,1.2643461006694,0.0480287454770989,"Otros países","",FALSE
"Maddison (PIB per cápita)","maddison_SYR_28","Syrian Arab Republic (2004-2014)","SYR","Syrian Arab Republic",2004,2014,-0.520038470091819,10,FALSE,5,2019,48.0104038867486,5,"5 años después",0.520038470091819,0.480104038867486,15,-0.0477396741623949,1.00029691746197,5.9376440852521e-05,"Otros países","",FALSE
"Maddison (PIB per cápita)","maddison_KGZ_5","Kyrgyzstan (1990-1995)","KGZ","Kyrgyzstan",1990,1995,-0.516539479237331,5,FALSE,5,2000,56.5374968489732,5,"5 años después",0.516539479237331,0.565374968489732,10,-0.0554310666006437,1.16943358187312,0.0317990227594587,"Otros países","",FALSE
"Maddison (PIB per cápita)","maddison_KWT_14","Kuwait (1979-1982)","KWT","Kuwait",1979,1982,-0.5085894796621,3,FALSE,5,1987,44.0689997870377,5,"5 años después",0.5085894796621,0.440689997870377,8,-0.0973556892272255,0.896785843264717,-0.0215520024589761,"Otros países","",FALSE
"Maddison (PIB per cápita)","maddison_KWT_20","Kuwait (1989-1991)","KWT","Kuwait",1989,1991,-0.503117326042274,2,FALSE,5,1996,233.152193520191,5,"5 años después",0.503117326042274,2.33152193520191,7,0.128547724385296,4.6922987204023,0.362313719987236,"Otros países","",FALSE
"Maddison (PIB per cápita)","maddison_ZWE_33","Zimbabwe (1998-2008)","ZWE","Zimbabwe",1998,2008,-0.494505529491761,10,FALSE,5,2013,74.5616154366739,5,"5 años después",0.494505529491761,0.745616154366739,15,-0.0193793812369472,1.47502336398868,0.0808359461336736,"Otros países","",FALSE
"Maddison (PIB per cápita)","maddison_AGO_14","Angola (1973-1977)","AGO","Angola",1973,1977,-0.474053295932679,4,FALSE,5,1982,48.1767180925666,5,"5 años después",0.474053295932679,0.481767180925666,9,-0.0779389216156805,0.916,-0.017394717148927,"Otros países","",FALSE
"Maddison (PIB per cápita)","maddison_LTU_4","Lithuania (1988-1994)","LTU","Lithuania",1988,1994,-0.472762431170335,6,FALSE,5,1999,69.6006677154798,5,"5 años después",0.472762431170335,0.696006677154798,11,-0.0324083144958013,1.32010068762694,0.0571129946363953,"Otros países","",FALSE
"Maddison (PIB per cápita)","maddison_CUB_36","Cuba (1988-1993)","CUB","Cuba",1988,1993,-0.467868246757234,5,FALSE,5,1998,68.3929763613652,5,"5 años después",0.467868246757234,0.683929763613652,10,-0.0372774368803613,1.28526395849494,0.051473824625583,"Otros países","",FALSE
"Maddison (PIB per cápita)","maddison_LVA_6","Latvia (1990-1993)","LVA","Latvia",1990,1993,-0.466067926792929,3,FALSE,5,1998,65.9861232178122,5,"5 años después",0.466067926792929,0.659861232178122,8,-0.0506385848997496,1.23585239638191,0.0432618365842039,"Otros países","",FALSE
"Maddison (PIB per cápita)","maddison_SLE_16","Sierra Leone (1994-1999)","SLE","Sierra Leone",1994,1999,-0.457326841325899,5,FALSE,5,2004,79.7990658435709,5,"5 años después",0.457326841325899,0.797990658435709,10,-0.022313134638287,1.47048116473168,0.0801694576246239,"Otros países","",FALSE
"Maddison (PIB per cápita)","maddison_RWA_16","Rwanda (1992-1994)","RWA","Rwanda",1992,1994,-0.456631272378131,2,FALSE,5,1999,74.9669019659047,5,"5 años después",0.456631272378131,0.749669019659047,7,-0.0403249071092241,1.37966905629641,0.0664855728022848,"Otros países","",FALSE
"Maddison (PIB per cápita)","maddison_TCD_8","Chad (1975-1981)","TCD","Chad",1975,1981,-0.452731092436975,6,FALSE,5,1986,69.5378151260504,5,"5 años después",0.452731092436975,0.695378151260504,11,-0.0324877816286985,1.27063339731286,0.049068998589386,"Otros países","",FALSE
"Maddison (PIB per cápita)","maddison_IRN_7","Iran (Islamic Republic of) (1976-1981)","IRN","Iran (Islamic Republic of)",1976,1981,-0.448007501172058,5,FALSE,5,1986,56.1087669948429,5,"5 años después",0.448007501172058,0.561087669948429,10,-0.0561497992975623,1.01647698318328,0.00327388963362063,"Otros países","",FALSE
"Maddison (PIB per cápita)","maddison_IRQ_18","Iraq (1979-1986)","IRQ","Iraq",1979,1986,-0.443588076887362,7,FALSE,5,1991,14.1029072595859,5,"5 años después",0.443588076887362,0.141029072595859,12,-0.150606263452451,0.253461629303206,-0.240054505639705,"Otros países","",FALSE
"Maddison (PIB per cápita)","maddison_YUG_24","Former Yugoslavia (1989-1993)","YUG","Former Yugoslavia",1989,1993,-0.438400223171273,4,FALSE,5,1998,82.4603407409092,5,"5 años después",0.438400223171273,0.824603407409092,9,-0.0212001304847941,1.46831149411331,0.0798505149001152,"Otros países","",FALSE
"Maddison (PIB per cápita)","maddison_LBY_16","Libya (2012-2016)","LBY","Libya",2012,2016,-0.438033298697909,4,FALSE,5,2021,58.4807349256224,5,"5 años después",0.438033298697909,0.584807349256224,9,-0.0578663064628674,1.04064413051736,0.00799980433757375,"Otros países","",FALSE
"Maddison (PIB per cápita)","maddison_LBR_52","Liberia (2002-2005)","LBR","Liberia",2002,2005,-0.437558247364198,3,FALSE,5,2010,63.6179034922192,5,"5 años después",0.437558247364198,0.636179034922192,8,-0.0549660315888266,1.13110207757662,0.0249445252985356,"Otros países","",FALSE
"Maddison (PIB per cápita)","maddison_COD_18","D.R. of the Congo (1986-1994)","COD","D.R. of the Congo",1986,1994,-0.430781454574356,8,FALSE,5,1999,48.9712265896439,5,"5 años después",0.430781454574356,0.489712265896439,13,-0.0534374753837624,0.860323806790671,-0.0296411119329091,"Otros países","",FALSE
"Maddison (PIB per cápita)","maddison_KWT_10","Kuwait (1971-1975)","KWT","Kuwait",1971,1975,-0.412802726055738,4,FALSE,5,1980,42.9069814611983,5,"5 años después",0.412802726055738,0.429069814611983,9,-0.0897309561502347,0.730708117443869,-0.0608201064735892,"Otros países","",FALSE
"Maddison (PIB per cápita)","maddison_BLR_4","Belarus (1989-1995)","BLR","Belarus",1989,1995,-0.411954753139423,6,FALSE,5,2000,76.6079160957018,5,"5 años después",0.411954753139423,0.766079160957018,11,-0.0239334658561722,1.30275546830268,0.0543203301157051,"Otros países","",FALSE
"Maddison (PIB per cápita)","maddison_SUN_59","Former USSR (1989-1996)","SUN","Former USSR",1989,1996,-0.401293063282831,7,FALSE,5,2001,78.0712666526083,5,"5 años después",0.401293063282831,0.780712666526083,12,-0.0204176860744636,1.3039980308344,0.0545213746624233,"Otros países","",FALSE
"Maddison (PIB per cápita)","maddison_CMR_8","Cameroon (1986-1994)","CMR","Cameroon",1986,1994,-0.397839256921597,8,FALSE,5,1999,70.9007083986504,5,"5 años después",0.397839256921597,0.709007083986504,13,-0.026106241239637,1.17743823744118,0.0332076833285724,"Otros países","",FALSE
"Maddison (PIB per cápita)","maddison_SAU_6","Saudi Arabia (1981-1986)","SAU","Saudi Arabia",1981,1986,-0.397139251156921,5,FALSE,5,1991,78.6725241094129,5,"5 años después",0.397139251156921,0.786725241094129,10,-0.0237022050569209,1.30498666997959,0.0546812253775841,"Otros países","",FALSE
"Maddison (PIB per cápita)","maddison_HRV_8","Croatia (1986-1993)","HRV","Croatia",1986,1993,-0.393761082170465,7,FALSE,5,1998,86.5430530373731,5,"5 años después",0.393761082170465,0.865430530373731,12,-0.0119717755726584,1.42754037215584,0.0737858578973249,"Otros países","",FALSE
"Maddison (PIB per cápita)","maddison_CAF_24","Central African Republic (2012-2014)","CAF","Central African Republic",2012,2014,-0.387554585152838,2,FALSE,5,2019,68.0742165229577,5,"5 años después",0.387554585152838,0.680742165229577,7,-0.0534569330258433,1.11151483663154,0.0213698949794674,"Otros países","",FALSE
"Maddison (PIB per cápita)","maddison_LBN_16","Lebanon (1980-1982)","LBN","Lebanon",1980,1982,-0.387369791666667,2,FALSE,5,1987,134.592013888889,5,"5 años después",0.387369791666667,1.34592013888889,7,0.0433531398776965,2.19695359546582,0.170480483634958,"Otros países","",FALSE
"Maddison (PIB per cápita)","maddison_NIC_34","Nicaragua (1983-1993)","NIC","Nicaragua",1983,1993,-0.384727408339616,10,FALSE,5,1998,74.7695179075406,5,"5 años después",0.384727408339616,0.747695179075406,15,-0.019197331675472,1.21522588395765,0.039755921191567,"Otros países","",FALSE
"Maddison (PIB per cápita)","maddison_PSE_26","State of Palestine (1999-2002)","PSE","State of Palestine",1999,2002,-0.38076305638382,3,FALSE,5,2007,68.5129875446581,5,"5 años después",0.38076305638382,0.685129875446581,8,-0.0461686045071653,1.10640988479402,0.0204299796080125,"Otros países","",FALSE
"Maddison (PIB per cápita)","maddison_TKM_7","Turkmenistan (1993-1997)","TKM","Turkmenistan",1993,1997,-0.379689332668402,4,FALSE,5,2002,125.872229065578,5,"5 años después",0.379689332668402,1.25872229065578,9,0.0258959723727081,2.02918046866815,0.152030917826984,"Otros países","",FALSE
"Maddison (PIB per cápita)","maddison_KAZ_7","Kazakhstan (1988-1995)","KAZ","Kazakhstan",1988,1995,-0.373852542557151,7,FALSE,5,2000,75.9580569940095,5,"5 años después",0.373852542557151,0.759580569940094,12,-0.0226551685963352,1.21310173971189,0.0393921801943498,"Otros países","",FALSE
"Maddison (PIB per cápita)","maddison_LBY_10","Libya (1979-1984)","LBY","Libya",1979,1984,-0.373211534228483,5,FALSE,5,1989,53.6319612590799,5,"5 años después",0.373211534228483,0.536319612590799,10,-0.0604013851105116,0.855662862159789,-0.030694813381998,"Otros países","",FALSE
"Maddison (PIB per cápita)","maddison_UZB_5","Uzbekistan (1988-1996)","UZB","Uzbekistan",1988,1996,-0.372921859786908,8,FALSE,5,2001,66.5434798114714,5,"5 años después",0.372921859786908,0.665434798114714,13,-0.0308461365281286,1.06116726998104,0.0119446746666103,"Otros países","",FALSE
"Maddison (PIB per cápita)","maddison_GAB_2","Gabon (1976-1978)","GAB","Gabon",1976,1978,-0.371381501529772,2,FALSE,5,1983,64.9643053267435,5,"5 años después",0.371381501529772,0.649643053267435,7,-0.0597588442625212,1.03344565081742,0.00660139604545207,"Otros países","",FALSE
"Maddison (PIB per cápita)","maddison_EST_4","Estonia (1989-1994)","EST","Estonia",1989,1994,-0.357257544969001,5,FALSE,5,1999,81.6609312999681,5,"5 años después",0.357257544969001,0.816609312999681,10,-0.0200556058158643,1.27050781632325,0.0490482611631786,"Otros países","",FALSE
"Maddison (PIB per cápita)","maddison_MOZ_6","Mozambique (1973-1979)","MOZ","Mozambique",1973,1979,-0.351306095110516,6,FALSE,5,1984,54.5545880776959,5,"5 años después",0.351306095110516,0.545545880776959,11,-0.0535981708651011,0.840991223541559,-0.0340418908325349,"Otros países","",FALSE
"Maddison (PIB per cápita)","maddison_NIC_30","Nicaragua (1977-1979)","NIC","Nicaragua",1977,1979,-0.351057747284162,2,FALSE,5,1984,63.0455498380027,5,"5 años después",0.351057747284162,0.630455498380027,7,-0.0637772175271683,0.97151248164464,-0.00576355908504878,"Otros países","",FALSE
"Maddison (PIB per cápita)","maddison_MOZ_10","Mozambique (1990-1995)","MOZ","Mozambique",1990,1995,-0.343575360348206,5,FALSE,5,2000,67.3431801491785,5,"5 años después",0.343575360348206,0.673431801491785,10,-0.0387654727788289,1.0259087804032,0.00512887483994318,"Otros países","",FALSE
"Maddison (PIB per cápita)","maddison_UGA_27","Uganda (1971-1980)","UGA","Uganda",1971,1980,-0.341516245487365,9,FALSE,5,1985,63.971119133574,5,"5 años después",0.341516245487365,0.63971119133574,14,-0.0314061424151414,0.971491228070176,-0.00576790926346549,"Otros países","",FALSE
"Maddison (PIB per cápita)","maddison_RUS_51","Russian Federation (1989-1996)","RUS","Russian Federation",1989,1996,-0.335784053298137,7,FALSE,5,2001,89.2307261747885,5,"5 años después",0.335784053298137,0.892307261747885,12,-0.00945045624158203,1.34339933598192,0.0608183556737303,"Otros países","",FALSE
"Maddison (PIB per cápita)","maddison_DZA_6","Algeria (1960-1962)","DZA","Algeria",1960,1962,-0.313701923076923,2,FALSE,5,1967,87.3497596153846,5,"5 años después",0.313701923076923,0.873497596153846,7,-0.0191359523387599,1.27276707530648,0.0494210865260674,"Otros países","",FALSE
"Maddison (PIB per cápita)","maddison_MKD_10","TFYR of Macedonia (1989-1995)","MKD","TFYR of Macedonia",1989,1995,-0.310295924082278,6,FALSE,5,2000,79.2062485284661,5,"5 años después",0.310295924082278,0.792062485284661,11,-0.020969293962259,1.14840916987585,0.0280620558557587,"Otros países","",FALSE
"Maddison (PIB per cápita)","maddison_GNQ_4","Equatorial Guinea (1977-1982)","GNQ","Equatorial Guinea",1977,1982,-0.309432933478735,5,FALSE,5,1987,70.3107960741549,5,"5 años después",0.309432933478735,0.703107960741548,10,-0.0346113211733908,1.01816028424793,0.00360595705188005,"Otros países","",FALSE
"Maddison (PIB per cápita)","maddison_COD_14","D.R. of the Congo (1974-1983)","COD","D.R. of the Congo",1974,1983,-0.307164634146341,9,FALSE,5,1988,68.140243902439,5,"5 años después",0.307164634146341,0.68140243902439,14,-0.0270281776153217,0.983498349834983,-0.00332233259945081,"Otros países","",FALSE
"Maddison (PIB per cápita)","maddison_TKM_5","Turkmenistan (1988-1992)","TKM","Turkmenistan",1988,1992,-0.304989599240861,4,FALSE,5,1997,43.2684230700741,5,"5 años después",0.304989599240861,0.432684230700741,9,-0.0888821333572299,0.622557921763664,-0.0904303665314765,"Otros países","",FALSE
"Maddison (PIB per cápita)","maddison_BDI_18","Burundi (1991-1997)","BDI","Burundi",1991,1997,-0.303988800695426,6,FALSE,5,2002,64.1231130293911,5,"5 años después",0.303988800695426,0.641231130293911,11,-0.0395917709420924,0.92129427074536,-0.0162614872401987,"Otros países","",FALSE
"Maddison (PIB per cápita)","maddison_CYP_9","Cyprus (1973-1975)","CYP","Cyprus",1973,1975,-0.301402754960192,2,FALSE,5,1980,119.436370529508,5,"5 años después",0.301402754960192,1.19436370529508,7,0.0256980123517108,1.70965991316932,0.113222423680511,"Otros países","",FALSE
"Maddison (PIB per cápita)","maddison_TGO_8","Togo (1979-1983)","TGO","Togo",1979,1983,-0.28680800942285,4,FALSE,5,1988,72.9681978798586,5,"5 años después",0.28680800942285,0.729681978798587,9,-0.0344102999415583,1.02312138728324,0.00458209344728711,"Otros países","",FALSE
"Maddison (PIB per cápita)","maddison_ALB_2","Albania (1990-1992)","ALB","Albania",1990,1992,-0.286526446230343,2,FALSE,5,1997,88.5509826943397,5,"5 años después",0.286526446230343,0.885509826943397,7,-0.0172202533132157,1.24112494746972,0.0441505006791598,"Otros países","",FALSE
"Maddison (PIB per cápita)","maddison_ETH_16","Ethiopia (1987-1993)","ETH","Ethiopia",1987,1993,-0.286502792412777,6,FALSE,5,1998,80.2325512738493,5,"5 años después",0.286502792412777,0.802325512738493,11,-0.0198227907800406,1.12449706068459,0.0237446964976584,"Otros países","",FALSE
"Maddison (PIB per cápita)","maddison_CIV_16","Côte d'Ivoire (1985-1994)","CIV","Côte d'Ivoire",1985,1994,-0.286456743206981,9,FALSE,5,1999,88.3896725803024,5,"5 años después",0.286456743206981,0.883896725803024,14,-0.00877661928753337,1.23874301577125,0.0437494118690409,"Otros países","",FALSE
"Maddison (PIB per cápita)","maddison_ROU_62","Romania (1986-1992)","ROU","Romania",1986,1992,-0.282824423543008,6,FALSE,5,1997,95.951043900137,5,"5 años después",0.282824423543008,0.95951043900137,11,-0.00375041175117186,1.33790172239491,0.0599486903017579,"Otros países","",FALSE
"Maddison (PIB per cápita)","maddison_PER_200","Peru (1987-1990)","PER","Peru",1987,1990,-0.282400478898533,3,FALSE,5,1995,84.8253943858979,5,"5 años después",0.282400478898533,0.848253943858979,8,-0.0203617452227615,1.18207150216177,0.0340195488328183,"Otros países","",FALSE
"Maddison (PIB per cápita)","maddison_AGO_18","Angola (1980-1986)","AGO","Angola",1980,1986,-0.278067885117493,6,FALSE,5,1991,93.8085669043101,5,"5 años después",0.278067885117493,0.938085669043101,11,-0.00579351634935721,1.2994098055823,0.0537782438299912,"Otros países","",FALSE
"Maddison (PIB per cápita)","maddison_MDG_10","Madagascar (1979-1988)","MDG","Madagascar",1979,1988,-0.276546091015169,9,FALSE,5,1993,67.338943039252,5,"5 años después",0.276546091015169,0.67338943039252,14,-0.0278499411222136,0.930797970719984,-0.0142402403525327,"Otros países","",FALSE
"Maddison (PIB per cápita)","maddison_NGA_40","Nigeria (1979-1984)","NGA","Nigeria",1979,1984,-0.274239543726236,5,FALSE,5,1989,82.1768060836502,5,"5 años después",0.274239543726236,0.821768060836502,10,-0.0194383005588131,1.13228552717747,0.0251589114073074,"Otros países","",FALSE
"Maddison (PIB per cápita)","maddison_CHN_33","China (1957-1961)","CHN","China",1957,1961,-0.268619246861925,4,FALSE,5,1966,105.523012552301,5,"5 años después",0.268619246861925,1.05523012552301,9,0.00599108313511731,1.44279176201373,0.0760705129371204,"Otros países","",FALSE
"Maddison (PIB per cápita)","maddison_SVN_8","Slovenia (1986-1992)","SVN","Slovenia",1986,1992,-0.267933426673596,6,FALSE,5,1997,91.1795562456595,5,"5 años después",0.267933426673596,0.911795562456595,11,-0.0083593625859657,1.24550907756043,0.0448871287273274,"Otros países","",FALSE
"Maddison (PIB per cápita)","maddison_LBY_12","Libya (1985-1987)","LBY","Libya",1985,1987,-0.267071569271175,2,FALSE,5,1992,100.350517209183,5,"5 años después",0.267071569271175,1.00350517209183,7,0.000499988280151964,1.36917211833895,0.0648577826212289,"Otros países","",FALSE
"Maddison (PIB per cápita)","maddison_GAB_6","Gabon (1984-1987)","GAB","Gabon",1984,1987,-0.266140269391547,3,FALSE,5,1992,95.1521069600625,5,"5 años después",0.266140269391547,0.951521069600625,8,-0.00619242850912383,1.29659801446212,0.0533217947117592,"Otros países","",FALSE
"Maddison (PIB per cápita)","maddison_NER_10","Niger (1980-1985)","NER","Niger",1980,1985,-0.264136328427576,5,FALSE,5,1990,67.5445391169636,5,"5 años después",0.264136328427576,0.675445391169636,10,-0.038478445563361,0.917894736842106,-0.0169885512293442,"Otros países","",FALSE
"Maddison (PIB per cápita)","maddison_IRN_9","Iran (Islamic Republic of) (1983-1988)","IRN","Iran (Islamic Republic of)",1983,1988,-0.261536297129994,5,FALSE,5,1993,97.281465927142,5,"5 años después",0.261536297129994,0.97281465927142,10,-0.00275237512408111,1.31734932331896,0.0566719781598712,"Otros países","",FALSE
"Maddison (PIB per cápita)","maddison_JOR_17","Jordan (1986-1991)","JOR","Jordan",1986,1991,-0.259938627832325,5,FALSE,5,1996,85.077499680198,5,"5 años después",0.259938627832325,0.85077499680198,10,-0.0160308739578847,1.14960059908278,0.0282752821533689,"Otros países","",FALSE
"Maddison (PIB per cápita)","maddison_NGA_34","Nigeria (1965-1968)","NGA","Nigeria",1965,1968,-0.259800664451827,3,FALSE,5,1973,133.687707641196,5,"5 años después",0.259800664451827,1.33687707641196,8,0.036958640087283,1.80610412926391,0.125507924427847,"Otros países","",FALSE
"Maddison (PIB per cápita)","maddison_GHA_45","Ghana (1978-1983)","GHA","Ghana",1978,1983,-0.259462151394422,5,FALSE,5,1988,82.0717131474104,5,"5 años después",0.259462151394422,0.820717131474104,10,-0.0195637732625121,1.10827168796234,0.0207731729052083,"Otros países","",FALSE
"Maddison (PIB per cápita)","maddison_SYR_24","Syrian Arab Republic (1993-2001)","SYR","Syrian Arab Republic",1993,2001,-0.254473638055751,8,FALSE,5,2006,68.5210929833294,5,"5 años después",0.254473638055751,0.685210929833294,13,-0.0286603910649182,0.919096848629659,-0.0167312077555957,"Otros países","",FALSE
"Maddison (PIB per cápita)","maddison_KHM_12","Cambodia (1973-1975)","KHM","Cambodia",1973,1975,-0.253430185633575,2,FALSE,5,1980,106.537530266344,5,"5 años después",0.253430185633575,1.06537530266344,7,0.00908777879656331,1.42702702702703,0.0737086198653172,"Otros países","",FALSE
"Maddison (PIB per cápita)","maddison_NER_6","Niger (1971-1973)","NER","Niger",1971,1973,-0.248191027496382,2,FALSE,5,1978,87.1924746743849,5,"5 años después",0.248191027496382,0.871924746743849,7,-0.0193884582767775,1.15976900866217,0.0300879335386015,"Otros países","",FALSE
"Maddison (PIB per cápita)","maddison_AGO_20","Angola (1991-1993)","AGO","Angola",1991,1993,-0.248176797680982,2,FALSE,5,1998,126.025231404415,5,"5 años después",0.248176797680982,1.26025231404415,7,0.0335965997324208,1.6762615335053,0.10883865097182,"Otros países","",FALSE
"Maddison (PIB per cápita)","maddison_VEN_70","Venezuela (1977-1985)","VEN","Venezuela",1977,1985,-0.246708124123997,8,TRUE,5,1990,75.2304607580145,5,"5 años después",0.246708124123997,0.752304607580145,13,-0.02165546195645,0.998689394738647,-0.000262258575319918,"Venezuela","",FALSE
"Maddison (PIB per cápita)","maddison_MOZ_8","Mozambique (1980-1985)","MOZ","Mozambique",1980,1985,-0.246272493573265,5,FALSE,5,1990,91.3110539845758,5,"5 años después",0.246272493573265,0.913110539845758,10,-0.00904864560653096,1.21145975443383,0.0391106553441469,"Otros países","",FALSE
"Maddison (PIB per cápita)","maddison_JAM_11","Jamaica (1973-1980)","JAM","Jamaica",1973,1980,-0.244265532432022,7,FALSE,5,1985,73.1277533039648,5,"5 años después",0.244265532432022,0.731277533039648,12,-0.0257430350590153,0.967638190954774,-0.00655780934752381,"Otros países","",FALSE
"Maddison (PIB per cápita)","maddison_RWA_4","Rwanda (1962-1964)","RWA","Rwanda",1962,1964,-0.243827160493827,2,FALSE,5,1969,95.9104938271605,5,"5 años después",0.243827160493827,0.959104938271605,7,-0.00594721423387623,1.26836734693878,0.0486945489879687,"Otros países","",FALSE
"Maddison (PIB per cápita)","maddison_MOZ_16","Mozambique (2001-2011)","MOZ","Mozambique",2001,2011,-0.241418403640916,10,FALSE,5,2016,90.4407476378049,5,"5 años después",0.241418403640916,0.904407476378049,15,-0.00667596751295452,1.19223492992564,0.035791560967654,"Otros países","",FALSE
"Maddison (PIB per cápita)","maddison_COD_20","D.R. of the Congo (1995-2001)","COD","D.R. of the Congo",1995,2001,-0.241336880111978,6,FALSE,5,2006,96.8547291002713,5,"5 años después",0.241336880111978,0.968547291002713,11,-0.00290105362467141,1.27665002504098,0.0500606200088713,"Otros países","",FALSE
"Maddison (PIB per cápita)","maddison_SLV_27","El Salvador (1978-1983)","SLV","El Salvador",1978,1983,-0.238857142857143,5,FALSE,5,1988,76.4342857142857,5,"5 años después",0.238857142857143,0.764342857142857,10,-0.026515992807808,1.0042042042042,0.000839430370651817,"Otros países","",FALSE
"Maddison (PIB per cápita)","maddison_BOL_26","Bolivia (Plurinational State of) (1978-1986)","BOL","Bolivia (Plurinational State of)",1978,1986,-0.236136783733826,8,FALSE,5,1991,83.411547271088,5,"5 años después",0.236136783733826,0.83411547271088,13,-0.0138556855173165,1.09196968115326,0.0177523551618897,"Otros países","",FALSE
"Maddison (PIB per cápita)","maddison_MLI_12","Mali (1979-1982)","MLI","Mali",1979,1982,-0.234200743494424,3,FALSE,5,1987,84.6096654275093,5,"5 años después",0.234200743494424,0.846096654275093,8,-0.0206735207540849,1.10485436893204,0.0201428909920744,"Otros países","",FALSE
"Maddison (PIB per cápita)","maddison_CHL_76","Chile (1971-1975)","CHL","Chile",1971,1975,-0.232759603328394,4,FALSE,5,1980,102.861050951784,5,"5 años después",0.232759603328394,1.02861050951784,9,0.00313923618165246,1.34066260585351,0.0603857900063907,"Otros países","",FALSE
"Maddison (PIB per cápita)","maddison_BGR_32","Bulgaria (1987-1992)","BGR","Bulgaria",1987,1992,-0.228731352525515,5,FALSE,5,1997,77.926168423551,5,"5 años después",0.228731352525515,0.77926168423551,10,-0.0246323836376977,1.01036349239295,0.00206415936292781,"Otros países","",FALSE
"Maddison (PIB per cápita)","maddison_SVK_2","Slovakia (1989-1992)","SVK","Slovakia",1989,1992,-0.227374363247907,3,FALSE,5,1997,104.723252661732,5,"5 años después",0.227374363247907,1.04723252661732,8,0.0057855464616805,1.35542037023208,0.0627100841291643,"Otros países","",FALSE
"Maddison (PIB per cápita)","maddison_GRC_70","Greece (2008-2013)","GRC","Greece",2008,2013,-0.22736514833421,5,FALSE,5,2018,80.9591558180489,5,"5 años después",0.22736514833421,0.809591558180489,10,-0.0209010223199551,1.04783204696891,0.00938846018319262,"Otros países","",FALSE
"Maddison (PIB per cápita)","maddison_AFG_16","Afghanistan (1995-2001)","AFG","Afghanistan",1995,2001,-0.226337898798284,6,FALSE,5,2006,167.013601465755,5,"5 años después",0.226337898798284,1.67013601465755,11,0.0477319010333939,2.15874089226208,0.166380106079644,"Otros países","",FALSE
"Maddison (PIB per cápita)","maddison_HTI_29","Haiti (1991-1994)","HTI","Haiti",1991,1994,-0.224950881491012,3,FALSE,5,1999,92.9154770682833,5,"5 años después",0.224950881491012,0.929154770682832,8,-0.00914294114274383,1.19883340099826,0.0369355569867338,"Otros países","",FALSE
"Maddison (PIB per cápita)","maddison_SLE_18","Sierra Leone (2014-2015)","SLE","Sierra Leone",2014,2015,-0.221225710014948,1,FALSE,5,2020,81.5003976937289,5,"5 años después",0.221225710014948,0.815003976937289,6,-0.0335190727345701,1.04652142144155,0.00913582567539972,"Otros países","",FALSE
"Maddison (PIB per cápita)","maddison_CAF_12","Central African Republic (1977-1983)","CAF","Central African Republic",1977,1983,-0.220183486238532,6,FALSE,5,1988,75.7233592095977,5,"5 años después",0.220183486238532,0.757233592095977,11,-0.0249634464968052,0.9710407239819,-0.00586013628799009,"Otros países","",FALSE
"Maddison (PIB per cápita)","maddison_AFG_6","Afghanistan (1968-1972)","AFG","Afghanistan",1968,1972,-0.21937984496124,4,FALSE,5,1977,79.2248062015504,5,"5 años después",0.21937984496124,0.792248062015504,9,-0.0255437309277746,1.01489572989076,0.00296155236602491,"Otros países","",FALSE
"Maddison (PIB per cápita)","maddison_VNM_7","Viet Nam (1964-1968)","VNM","Viet Nam",1964,1968,-0.219341275402943,4,FALSE,5,1973,93.4127540294324,5,"5 años después",0.219341275402943,0.934127540294324,9,-0.00754277577425122,1.19658886894075,0.0365469825465083,"Otros países","",FALSE
"Maddison (PIB per cápita)","maddison_RWA_14","Rwanda (1986-1991)","RWA","Rwanda",1986,1991,-0.219086844086561,5,FALSE,5,1996,59.4645499764125,5,"5 años después",0.219086844086561,0.594645499764125,10,-0.0506511827738955,0.761474557396289,-0.0530412105341116,"Otros países","",FALSE
"Maddison (PIB per cápita)","maddison_JOR_21","Jordan (2012-2016)","JOR","Jordan",2012,2016,-0.218310104802165,4,FALSE,5,2021,77.062444593562,5,"5 años después",0.218310104802165,0.77062444593562,9,-0.0285354086474316,0.985844195594451,-0.00284732934740795,"Otros países","",FALSE
"Maddison (PIB per cápita)","maddison_QAT_8","Qatar (1959-1965)","QAT","Qatar",1959,1965,-0.216168281333435,6,FALSE,5,1970,99.0178503318331,5,"5 años después",0.216168281333435,0.990178503318331,11,-0.000896874451523866,1.26325393542736,0.0478476216106785,"Otros países","",FALSE
"Maddison (PIB per cápita)","maddison_EST_8","Estonia (2007-2009)","EST","Estonia",2007,2009,-0.215442403218153,2,FALSE,5,2014,91.6148870830397,5,"5 años después",0.215442403218153,0.916148870830397,7,-0.0124329788269273,1.16772672215312,0.031497652025102,"Otros países","",FALSE
"Maddison (PIB per cápita)","maddison_LBN_2","Lebanon (1955-1958)","LBN","Lebanon",1955,1958,-0.21398002853067,3,FALSE,5,1963,85.206847360913,5,"5 años después",0.21398002853067,0.85206847360913,8,-0.0198121562722448,1.08402903811252,0.016267841682656,"Otros países","",FALSE
"Maddison (PIB per cápita)","maddison_TGO_12","Togo (1990-1993)","TGO","Togo",1990,1993,-0.213204019707434,3,FALSE,5,1998,92.1453127045514,5,"5 años después",0.213204019707434,0.921453127045514,8,-0.0101733192573908,1.17114620578371,0.0321010577724259,"Otros países","",FALSE
"Maddison (PIB per cápita)","maddison_BGD_16","Bangladesh (1970-1973)","BGD","Bangladesh",1970,1973,-0.211155378486056,3,FALSE,5,1978,87.4501992031873,5,"5 años después",0.211155378486056,0.874501992031873,8,-0.0166228778688936,1.10858585858586,0.0208310396881752,"Otros países","",FALSE
"Maddison (PIB per cápita)","maddison_SDN_14","Sudan (Former) (1977-1981)","SDN","Sudan (Former)",1977,1981,-0.210554658050619,4,FALSE,5,1986,69.2514808831449,5,"5 años después",0.210554658050619,0.692514808831449,9,-0.0400029552885547,0.877216916780354,-0.0258599483972041,"Otros países","",FALSE
"Maddison (PIB per cápita)","maddison_TTO_6","Trinidad and Tobago (1984-1989)","TTO","Trinidad and Tobago",1984,1989,-0.209841628959276,5,FALSE,5,1994,75.5141185510215,5,"5 años después",0.209841628959276,0.755141185510215,10,-0.0276943358376514,0.955683332843278,-0.00902476266748764,"Otros países","",FALSE
"Maddison (PIB per cápita)","maddison_KHM_10","Cambodia (1968-1972)","KHM","Cambodia",1968,1972,-0.209621993127148,4,FALSE,5,1977,98.1958762886598,5,"5 años después",0.209621993127148,0.981958762886598,9,-0.00202084029124672,1.24239130434783,0.0443634893619949,"Otros países","",FALSE
"Maddison (PIB per cápita)","maddison_KWT_4","Kuwait (1956-1961)","KWT","Kuwait",1956,1961,-0.205747652850927,5,FALSE,5,1966,73.1528127623846,5,"5 años después",0.205747652850927,0.731528127623846,10,-0.0307783581894685,0.921027341309884,-0.0163184981674908,"Otros países","",FALSE
"Maddison (PIB per cápita)","maddison_ARG_58","Argentina (1998-2002)","ARG","Argentina",1998,2002,-0.203555528768582,4,FALSE,5,2007,117.818991726972,5,"5 años después",0.203555528768582,1.17818991726972,9,0.0183869168099553,1.47931206735364,0.0814637332201391,"Otros países","",FALSE
"Maddison (PIB per cápita)","maddison_GTM_22","Guatemala (1980-1988)","GTM","Guatemala",1980,1988,-0.203320802005013,8,FALSE,5,1993,84.3198419815711,5,"5 años después",0.203320802005013,0.843198419815711,13,-0.0130337746453892,1.05839141016585,0.0114146997133999,"Otros países","",FALSE
"Maddison (PIB per cápita)","maddison_SDN_16","Sudan (Former) (1982-1985)","SDN","Sudan (Former)",1982,1985,-0.203252032520325,3,FALSE,5,1990,75.7348342714196,5,"5 años después",0.203252032520325,0.757348342714196,8,-0.0341449387688082,0.95054945054945,-0.0100917515837227,"Otros países","",FALSE
"Maddison (PIB per cápita)","maddison_LBN_22","Lebanon (2012-2015)","LBN","Lebanon",2012,2015,-0.20276879861767,3,FALSE,5,2020,62.528615624932,5,"5 años después",0.20276879861767,0.62528615624932,8,-0.0570039975145407,0.784322233205534,-0.0474256014011672,"Otros países","",FALSE
"Maddison (PIB per cápita)","maddison_GNB_10","Guinea-Bissau (1979-1981)","GNB","Guinea-Bissau",1979,1981,-0.200953678474114,2,FALSE,5,1986,78.0653950953678,5,"5 años después",0.200953678474114,0.780653950953679,7,-0.0347563851124901,0.9769820971867,-0.00464656145154418,"Otros países","",FALSE
"Maddison (PIB per cápita)","maddison_MMR_18","Myanmar (1985-1988)","MMR","Myanmar",1985,1988,-0.198539176626826,3,FALSE,5,1993,87.769601165575,5,"5 años después",0.198539176626826,0.87769601165575,8,-0.0161746344207091,1.09512029291927,0.0183389736945798,"Otros países","",FALSE
"Maddison (PIB per cápita)","maddison_QAT_12","Qatar (1973-1975)","QAT","Qatar",1973,1975,-0.197947578464192,2,FALSE,5,1980,67.0399228149166,5,"5 años después",0.197947578464192,0.670399228149166,7,-0.0555249259516615,0.835854627638246,-0.0352247576769722,"Otros países","",FALSE
"Maddison (PIB per cápita)","maddison_SDN_22","Sudan (Former) (2010-2013)","SDN","Sudan (Former)",2010,2013,-0.197945816506138,3,FALSE,5,2018,78.4540469230729,5,"5 años después",0.197945816506138,0.784540469230729,8,-0.0298767369659532,0.978163926298793,-0.00440586740137261,"Otros países","",FALSE
"Maddison (PIB per cápita)","maddison_CAF_14","Central African Republic (1986-1993)","CAF","Central African Republic",1986,1993,-0.197022224902549,7,FALSE,5,1998,80.5712790136155,5,"5 años después",0.197022224902549,0.805712790136155,12,-0.0178412544177511,1.00340609058373,0.000680291892738882,"Otros países","",FALSE
"Maddison (PIB per cápita)","maddison_TKM_1","Turkmenistan (1973-1985)","TKM","Turkmenistan",1973,1985,-0.195892369686728,12,FALSE,5,1990,75.3412192902639,5,"5 años después",0.195892369686728,0.753412192902639,17,-0.0165175235238904,0.936954413191076,-0.012939682993919,"Otros países","",FALSE
"Maddison (PIB per cápita)","maddison_ZMB_38","Zambia (1981-1987)","ZMB","Zambia",1981,1987,-0.193699731903485,6,FALSE,5,1992,87.7246413843981,5,"5 años después",0.193699731903485,0.877246413843981,11,-0.0118355255290857,1.08798973354549,0.0170093822705213,"Otros países","",FALSE
"Maddison (PIB per cápita)","maddison_DJI_18","Djibouti (1995-2002)","DJI","Djibouti",1995,2002,-0.193585603714967,7,FALSE,5,2007,105.904688487048,5,"5 años después",0.193585603714967,1.05904688487048,12,0.00479222435466875,1.31327874322342,0.0560181509551614,"Otros países","",FALSE
"Maddison (PIB per cápita)","maddison_MDG_8","Madagascar (1971-1978)","MDG","Madagascar",1971,1978,-0.192346424974824,7,FALSE,5,1983,70.2416918429003,5,"5 años después",0.192346424974824,0.702416918429003,12,-0.0290066692954434,0.869700748129676,-0.0275350242919751,"Otros países","",FALSE
"Maddison (PIB per cápita)","maddison_LSO_8","Lesotho (1978-1981)","LSO","Lesotho",1978,1981,-0.191313340227508,3,FALSE,5,1986,85.0568769389866,5,"5 años después",0.191313340227508,0.850568769389866,8,-0.0200279729992809,1.05179028132992,0.0101499128659079,"Otros países","",FALSE
"Maddison (PIB per cápita)","maddison_GHA_43","Ghana (1974-1976)","GHA","Ghana",1974,1976,-0.190168175937904,2,FALSE,5,1981,78.4821043553256,5,"5 años después",0.190168175937904,0.784821043553256,7,-0.0340220029934457,0.969116080937167,-0.00625453439724633,"Otros países","",FALSE
"Maddison (PIB per cápita)","maddison_HTI_17","Haiti (1962-1967)","HTI","Haiti",1962,1967,-0.189277899343545,5,FALSE,5,1972,89.4420131291028,5,"5 años después",0.189277899343545,0.894420131291028,10,-0.0110959476397802,1.10323886639676,0.0198443886341173,"Otros países","",FALSE
"Maddison (PIB per cápita)","maddison_VEN_80","Venezuela (2001-2003)","VEN","Venezuela",2001,2003,-0.188975855520166,2,TRUE,5,2008,120.02958997818,5,"5 años después",0.188975855520166,1.2002958997818,7,0.0264242481526602,1.47997554444156,0.0815607239408322,"Venezuela","",FALSE
"Maddison (PIB per cápita)","maddison_PHL_24","Philippines (1982-1985)","PHL","Philippines",1982,1985,-0.187613371339725,3,FALSE,5,1990,90.7488986784141,5,"5 años después",0.187613371339725,0.907488986784141,8,-0.0120609081764727,1.1170653907496,0.0223879432295604,"Otros países","",FALSE
"Maddison (PIB per cápita)","maddison_CHL_78","Chile (1981-1983)","CHL","Chile",1981,1983,-0.186697782963827,2,FALSE,5,1988,97.5814150843322,5,"5 años después",0.186697782963827,0.975814150843322,7,-0.00349148054541515,1.19981739924351,0.0371057237396863,"Otros países","",FALSE
"Maddison (PIB per cápita)","maddison_COG_6","Congo (1984-1990)","COG","Congo",1984,1990,-0.186535162950257,6,FALSE,5,1995,80.6945926497978,5,"5 años después",0.186535162950257,0.806945926497978,11,-0.0193109816489146,0.991986241746592,-0.00160791411882766,"Otros países","",FALSE
"Maddison (PIB per cápita)","maddison_LVA_8","Latvia (2007-2010)","LVA","Latvia",2007,2010,-0.18544206808921,3,FALSE,5,2015,105.403640054722,5,"5 años después",0.18544206808921,1.05403640054722,8,0.00660005816454556,1.29399808074383,0.0528990320649056,"Otros países","",FALSE
"Maddison (PIB per cápita)","maddison_GNB_18","Guinea-Bissau (1997-1998)","GNB","Guinea-Bissau",1997,1998,-0.185353722543591,1,FALSE,5,2003,85.1481311729945,5,"5 años después",0.185353722543591,0.851481311729945,6,-0.0264404526836333,1.04521598550545,0.00888393977029822,"Otros países","",FALSE
"Maddison (PIB per cápita)","maddison_HTI_25","Haiti (1980-1987)","HTI","Haiti",1980,1987,-0.184682501211827,7,FALSE,5,1992,74.4532560905482,5,"5 años después",0.184682501211827,0.744532560905482,12,-0.024283517859085,0.9131811374245,-0.0180002291735932,"Otros países","",FALSE
"Maddison (PIB per cápita)","maddison_IRQ_24","Iraq (2002-2003)","IRQ","Iraq",2002,2003,-0.183347065286359,1,FALSE,5,2008,185.403906033553,5,"5 años después",0.183347065286359,1.85403906033553,6,0.108374383513807,2.27029008471713,0.178192545181246,"Otros países","",FALSE
"Maddison (PIB per cápita)","maddison_HUN_28","Hungary (1988-1992)","HUN","Hungary",1988,1992,-0.183196143089723,4,FALSE,5,1997,97.6383143392085,5,"5 años después",0.183196143089723,0.976383143392086,9,-0.00265205536574364,1.19537038804573,0.0363357943112919,"Otros países","",FALSE
"Maddison (PIB per cápita)","maddison_DMA_12","Dominica (1978-1979)","DMA","Dominica",1978,1979,-0.183086680761099,1,FALSE,5,1984,118.477801268499,5,"5 años después",0.183086680761099,1.18477801268499,6,0.0286623178733032,1.45031055900621,0.0771897240668571,"Otros países","",FALSE
"Maddison (PIB per cápita)","maddison_GMB_6","Gambia (1969-1972)","GMB","Gambia",1969,1972,-0.18109269490485,3,FALSE,5,1977,86.9858809085328,5,"5 años después",0.18109269490485,0.869858809085329,8,-0.017277056144072,1.06221889055472,0.0121451633693528,"Otros países","",FALSE
"Maddison (PIB per cápita)","maddison_KEN_19","Kenya (1951-1953)","KEN","Kenya",1951,1953,-0.179007323026851,2,FALSE,5,1958,94.060211554109,5,"5 años después",0.179007323026851,0.94060211554109,7,-0.00870971451265079,1.14568880079286,0.0275745358964703,"Otros países","",FALSE
"Maddison (PIB per cápita)","maddison_NER_14","Niger (1988-1993)","NER","Niger",1988,1993,-0.178337142979854,5,FALSE,5,1998,80.4310936276771,5,"5 años después",0.178337142979854,0.804310936276771,10,-0.0215415292462148,0.978881945806455,-0.00425974747472546,"Otros países","",FALSE
"Maddison (PIB per cápita)","maddison_MNG_2","Mongolia (1989-1992)","MNG","Mongolia",1989,1992,-0.175173627379803,3,FALSE,5,1997,109.543578810167,5,"5 años después",0.175173627379803,1.09543578810167,8,0.0114591922465921,1.32808045967521,0.0583879273722481,"Otros países","",FALSE
"Maddison (PIB per cápita)","maddison_SLE_14","Sierra Leone (1989-1992)","SLE","Sierra Leone",1989,1992,-0.174806213829402,3,FALSE,5,1997,53.915861353506,5,"5 años después",0.174806213829402,0.53915861353506,8,-0.0743121393617567,0.653372120065378,-0.081599482510233,"Otros países","",FALSE
"Maddison (PIB per cápita)","maddison_CPV_6","Cabo Verde (1974-1975)","CPV","Cabo Verde",1974,1975,-0.173680694722779,1,FALSE,5,1980,90.313961255845,5,"5 años después",0.173680694722779,0.90313961255845,6,-0.0168363455177227,1.09296685529507,0.0179381672485204,"Otros países","",FALSE
"Maddison (PIB per cápita)","maddison_POL_103","Poland (1988-1991)","POL","Poland",1988,1991,-0.173619128024969,3,FALSE,5,1996,109.082911069915,5,"5 años después",0.173619128024969,1.09082911069915,8,0.0109265205115812,1.32000769583654,0.0570981009845763,"Otros países","",FALSE
"Maddison (PIB per cápita)","maddison_ARM_7","Armenia (2008-2010)","ARM","Armenia",2008,2010,-0.173597277008925,2,FALSE,5,2015,99.9557483734641,5,"5 años después",0.173597277008925,0.999557483734641,7,-6.32286016413186e-05,1.20952830372685,0.0387791095143972,"Otros países","",FALSE
"Maddison (PIB per cápita)","maddison_SYR_10","Syrian Arab Republic (1962-1966)","SYR","Syrian Arab Republic",1962,1966,-0.173029251363411,4,FALSE,5,1971,99.0249545529664,5,"5 años después",0.173029251363411,0.990249545529664,9,-0.00108810773935386,1.19744204636291,0.0366947536634632,"Otros países","",FALSE
"Maddison (PIB per cápita)","maddison_URY_52","Uruguay (1981-1984)","URY","Uruguay",1981,1984,-0.172695668514517,3,FALSE,5,1989,96.8242037019637,5,"5 años después",0.172695668514517,0.968242037019637,8,-0.00402602184531986,1.17035775127768,0.0319620513946415,"Otros países","",FALSE
"Maddison (PIB per cápita)","maddison_PER_196","Peru (1981-1983)","PER","Peru",1981,1983,-0.172229446611761,2,FALSE,5,1988,86.7360208062419,5,"5 años después",0.172229446611761,0.867360208062419,7,-0.0201234683530078,1.04782684587188,0.0093874581260851,"Otros países","",FALSE
"Maddison (PIB per cápita)","maddison_BFA_8","Burkina Faso (1972-1976)","BFA","Burkina Faso",1972,1976,-0.170790103750998,4,FALSE,5,1981,94.6528332003192,5,"5 años después",0.170790103750998,0.946528332003192,9,-0.00608743771645393,1.14148219441771,0.0268188395674105,"Otros países","",FALSE
"Maddison (PIB per cápita)","maddison_URY_58","Uruguay (1998-2002)","URY","Uruguay",1998,2002,-0.170597034111211,4,FALSE,5,2007,101.688489578408,5,"5 años después",0.170597034111211,1.01688489578408,9,0.0018621684092146,1.22604444112927,0.0416006506623403,"Otros países","",FALSE
"Maddison (PIB per cápita)","maddison_CIV_14","Côte d'Ivoire (1980-1984)","CIV","Côte d'Ivoire",1980,1984,-0.169074700276668,4,FALSE,5,1989,72.0258223178604,5,"5 años después",0.169074700276668,0.720258223178604,9,-0.0358039269504113,0.866814650388458,-0.0281813068034866,"Otros países","",FALSE
"Maddison (PIB per cápita)","maddison_OMN_8","Oman (1972-1973)","OMN","Oman",1972,1973,-0.166480625099665,1,FALSE,5,1978,103.859033646946,5,"5 años después",0.166480625099665,1.03859033646946,6,0.00633067924400543,1.24603022766405,0.0449745551344536,"Otros países","",FALSE
"Maddison (PIB per cápita)","maddison_QAT_14","Qatar (1976-1977)","QAT","Qatar",1976,1977,-0.166216534648081,1,FALSE,5,1982,52.6491326650837,5,"5 años después",0.166216534648081,0.526491326650837,6,-0.101402505153274,0.631448509750212,-0.0878472148729145,"Otros países","",FALSE
"Maddison (PIB per cápita)","maddison_BDI_2","Burundi (1959-1961)","BDI","Burundi",1959,1961,-0.164402173913043,2,FALSE,5,1966,97.2826086956522,5,"5 años después",0.164402173913043,0.972826086956522,7,-0.00392797264966938,1.16422764227642,0.0308787355466964,"Otros países","",FALSE
"Maddison (PIB per cápita)","maddison_TTO_4","Trinidad and Tobago (1981-1983)","TTO","Trinidad and Tobago",1981,1983,-0.163365848852104,2,FALSE,5,1988,69.9477781062174,5,"5 años después",0.163365848852104,0.699477781062174,7,-0.0497785140795938,0.836061712401366,-0.0351769573898232,"Otros países","",FALSE
"Maddison (PIB per cápita)","maddison_SRB_18","Serbia (1998-1999)","SRB","Serbia",1998,1999,-0.162207253520606,1,FALSE,5,2004,128.899760550424,5,"5 años después",0.162207253520606,1.28899760550424,6,0.0432186722605568,1.53856381655358,0.0899914791626302,"Otros países","",FALSE
"Maddison (PIB per cápita)","maddison_SYR_6","Syrian Arab Republic (1957-1958)","SYR","Syrian Arab Republic",1957,1958,-0.162082684656634,1,FALSE,5,1963,101.280055353745,5,"5 años después",0.162082684656634,1.01280055353745,6,0.00212213503953351,1.20871180842279,0.0386388255085317,"Otros países","",FALSE
"Maddison (PIB per cápita)","maddison_CYP_15","Cyprus (2008-2014)","CYP","Cyprus",2008,2014,-0.160851600305672,6,FALSE,5,2019,105.386163019803,5,"5 años después",0.160851600305672,1.05386163019803,11,0.00478058715962004,1.2558703926289,0.04661984317141,"Otros países","",FALSE
"Maddison (PIB per cápita)","maddison_TCD_4","Chad (1962-1968)","TCD","Chad",1962,1968,-0.160358565737052,6,FALSE,5,1973,74.3027888446215,5,"5 años después",0.160358565737052,0.743027888446215,11,-0.0266406786542763,0.884934756820878,-0.0241518332834598,"Otros países","",FALSE
"Maddison (PIB per cápita)","maddison_JOR_9","Jordan (1965-1968)","JOR","Jordan",1965,1968,-0.160031533307056,3,FALSE,5,1973,75.0098541584549,5,"5 años después",0.160031533307056,0.750098541584549,8,-0.0353055274568781,0.893007977475364,-0.0223777714653131,"Otros países","",FALSE
"Maddison (PIB per cápita)","maddison_CSK_16","Czechoslovakia (1989-1992)","CSK","Czechoslovakia",1989,1992,-0.159778966080206,3,FALSE,5,1997,101.598513270073,5,"5 años después",0.159778966080206,1.01598513270073,8,0.00198430561896545,1.20918792994382,0.0387206382937522,"Otros países","",FALSE
"Maddison (PIB per cápita)","maddison_SYC_14","Seychelles (1979-1983)","SYC","Seychelles",1979,1983,-0.159636309435087,4,FALSE,5,1988,106.036667163512,5,"5 años después",0.159636309435087,1.06036667163512,9,0.0065340057435106,1.26179496275275,0.0476054711214706,"Otros países","",FALSE
"Maddison (PIB per cápita)","maddison_BRB_6","Barbados (1989-1993)","BRB","Barbados",1989,1993,-0.159609026785465,4,FALSE,5,1998,91.7525683343577,5,"5 años después",0.159609026785465,0.917525683343577,9,-0.00951826807518585,1.09178431538121,0.0177177993924973,"Otros países","",FALSE
"Maddison (PIB per cápita)","maddison_TJK_1","Tajikistan (1973-1982)","TJK","Tajikistan",1973,1982,-0.157652826719779,9,FALSE,5,1987,77.2177110464226,5,"5 años después",0.157652826719779,0.772177110464226,14,-0.0182977637969453,0.916696980720262,-0.0172452305570213,"Otros países","",FALSE
"Maddison (PIB per cápita)","maddison_YEM_12","Yemen (2010-2012)","YEM","Yemen",2010,2012,-0.155434206621,2,FALSE,5,2017,48.1047616421014,5,"5 años después",0.155434206621,0.481047616421014,7,-0.0992623934189421,0.569579800877802,-0.106466342926252,"Otros países","",FALSE
"Maddison (PIB per cápita)","maddison_STP_15","Sao Tome and Principe (1979-1981)","STP","Sao Tome and Principe",1979,1981,-0.155386949924127,2,FALSE,5,1986,73.3839150227618,5,"5 años después",0.155386949924127,0.733839150227618,7,-0.0432463551893644,0.868846568451311,-0.0277261213672838,"Otros países","",FALSE
"Maddison (PIB per cápita)","maddison_SDN_12","Sudan (Former) (1971-1973)","SDN","Sudan (Former)",1971,1973,-0.154996600951734,2,FALSE,5,1978,120.054384772264,5,"5 años después",0.154996600951734,1.20054384772264,7,0.0264545355950634,1.42075623491553,0.0727633161725318,"Otros países","",FALSE
"Maddison (PIB per cápita)","maddison_UGA_29","Uganda (1983-1986)","UGA","Uganda",1983,1986,-0.153846153846154,3,FALSE,5,1991,90.2766596000296,5,"5 años después",0.153846153846154,0.902766596000296,8,-0.0127050056289371,1.06690597709126,0.0130368177821691,"Otros países","",FALSE
"Maddison (PIB per cápita)","maddison_TCD_6","Chad (1969-1973)","TCD","Chad",1969,1973,-0.153234960272418,4,FALSE,5,1978,91.7139614074915,5,"5 años después",0.153234960272418,0.917139614074915,9,-0.00956458419778849,1.08310991957105,0.016095450070631,"Otros países","",FALSE
"Maddison (PIB per cápita)","maddison_DMA_8","Dominica (1964-1965)","DMA","Dominica",1964,1965,-0.152219873150106,1,FALSE,5,1970,105.144467935166,5,"5 años después",0.152219873150106,1.05144467935166,6,0.00839590012517677,1.2402327514547,0.044000337731297,"Otros países","",FALSE
"Maddison (PIB per cápita)","maddison_DOM_8","Dominican Republic (1964-1965)","DOM","Dominican Republic",1964,1965,-0.151374207188161,1,FALSE,5,1970,105.200845665962,5,"5 años después",0.151374207188161,1.05200845665962,6,0.00848599580742859,1.23966118584953,0.0439040937458386,"Otros países","",FALSE
"Maddison (PIB per cápita)","maddison_TZA_14","U.R. of Tanzania: Mainland (1978-1985)","TZA","U.R. of Tanzania: Mainland",1978,1985,-0.151057401812689,7,FALSE,5,1990,88.1168177240685,5,"5 años después",0.151057401812689,0.881168177240685,12,-0.0104868569130487,1.03795966785291,0.00747921632806992,"Otros países","",FALSE
"Maddison (PIB per cápita)","maddison_VNM_11","Viet Nam (1973-1975)","VNM","Viet Nam",1973,1975,-0.150787696924231,2,FALSE,5,1980,90.5476369092273,5,"5 años después",0.150787696924231,0.905476369092273,7,-0.0140847400193361,1.06625441696113,0.0129130551053538,"Otros países","",FALSE
"Maddison (PIB per cápita)","maddison_JOR_11","Jordan (1969-1972)","JOR","Jordan",1969,1972,-0.150678733031674,3,FALSE,5,1977,114.751131221719,5,"5 años después",0.150678733031674,1.14751131221719,8,0.0173482021517475,1.35109216835376,0.0620305148571747,"Otros países","",FALSE
"Maddison (PIB per cápita)","maddison_LBR_50","Liberia (1979-1995)","LBR","Liberia",1979,1995,-0.916942347997066,16,FALSE,10,2005,16.612925451933,10,"10 años después",0.916942347997066,0.16612925451933,26,-0.0667088270111481,2.00016796180876,0.0717824630466242,"Otros países","",FALSE
"Maddison (PIB per cápita)","maddison_GEO_4","Georgia (1988-1994)","GEO","Georgia",1988,1994,-0.76382706560621,6,FALSE,10,2004,43.2506523686494,10,"10 años después",0.76382706560621,0.432506523686494,16,-0.0510364280359679,1.83131282505616,0.0623711140546079,"Otros países","",FALSE
"Maddison (PIB per cápita)","maddison_IRQ_20","Iraq (1987-1991)","IRQ","Iraq",1987,1991,-0.749051209057368,4,FALSE,10,2001,68.5335181680545,10,"10 años después",0.749051209057368,0.685335181680545,14,-0.0266281379393191,2.73097622469604,0.105685952289914,"Otros países","Iraq (1987-1991)",TRUE
"Maddison (PIB per cápita)","maddison_QAT_18","Qatar (1980-1990)","QAT","Qatar",1980,1990,-0.744766681203663,10,FALSE,10,2000,99.8432679986764,10,"10 años después",0.744766681203663,0.998432679986764,20,-7.84244018522395e-05,3.91184303325014,0.146141246788139,"Otros países","",FALSE
"Maddison (PIB per cápita)","maddison_TJK_5","Tajikistan (1988-1997)","TJK","Tajikistan",1988,1997,-0.718471013568354,9,FALSE,10,2007,48.0001702113538,10,"10 años después",0.718471013568354,0.480001702113538,19,-0.0378931559169486,1.7049814592718,0.0548044809453765,"Otros países","",FALSE
"Maddison (PIB per cápita)","maddison_LBN_12","Lebanon (1973-1976)","LBN","Lebanon",1973,1976,-0.70918185066095,3,FALSE,10,1986,64.3086816720257,10,"10 años después",0.70918185066095,0.643086816720257,13,-0.0333895005260468,2.21130221130221,0.082591991395907,"Otros países","",FALSE
"Maddison (PIB per cápita)","maddison_AFG_14","Afghanistan (1986-1994)","AFG","Afghanistan",1986,1994,-0.681231727463138,8,FALSE,10,2004,64.6606601775902,10,"10 años después",0.681231727463138,0.646606601775902,18,-0.0239321514093143,2.02845344873878,0.0732885704606876,"Otros países","",FALSE
"Maddison (PIB per cápita)","maddison_MDA_6","Republic of Moldova (1989-1996)","MDA","Republic of Moldova",1989,1996,-0.678703669108107,7,FALSE,10,2006,41.2429087121609,10,"10 años después",0.678703669108107,0.412429087121609,17,-0.0507655586495425,1.28364082458315,0.0252844060810646,"Otros países","",FALSE
"Maddison (PIB per cápita)","maddison_AZE_2","Azerbaijan (1988-1995)","AZE","Azerbaijan",1988,1995,-0.678460651251502,7,FALSE,10,2005,80.9779845192557,10,"10 años después",0.678460651251502,0.809779845192557,17,-0.0123346418754102,2.51844711493134,0.0967642443199768,"Otros países","",FALSE
"Maddison (PIB per cápita)","maddison_MNE_19","Montenegro (1986-1993)","MNE","Montenegro",1986,1993,-0.628250268580291,7,FALSE,10,2003,92.8194753553852,10,"10 años después",0.628250268580291,0.928194753553852,17,-0.00437356706430381,2.49682696476763,0.0958190463118977,"Otros países","",FALSE
"Maddison (PIB per cápita)","maddison_ARM_5","Armenia (1989-1993)","ARM","Armenia",1989,1993,-0.607586962729169,4,FALSE,10,2003,64.0687978931161,10,"10 años después",0.607586962729169,0.640687978931161,14,-0.0313005768755336,1.63268780106554,0.0502442555489828,"Otros países","",FALSE
"Maddison (PIB per cápita)","maddison_LBN_20","Lebanon (1987-1989)","LBN","Lebanon",1987,1989,-0.598839084166398,2,FALSE,10,1999,115.245965777635,10,"10 años después",0.598839084166398,1.15245965777635,12,0.011895064481126,2.87281141379781,0.111298458059438,"Otros países","",FALSE
"Maddison (PIB per cápita)","maddison_DJI_14","Djibouti (1976-1991)","DJI","Djibouti",1976,1991,-0.587260621926879,15,FALSE,10,2001,37.8372095534465,10,"10 años después",0.587260621926879,0.378372095534465,25,-0.0381291486772354,0.916733695972746,-0.00865614365528034,"Otros países","",FALSE
"Maddison (PIB per cápita)","maddison_BIH_13","Bosnia and Herzegovina (1989-1993)","BIH","Bosnia and Herzegovina",1989,1993,-0.578149410053121,4,FALSE,10,2003,112.522844291687,10,"10 años después",0.578149410053121,1.12522844291687,14,0.00846318881134644,2.6673624968939,0.103083031736342,"Otros países","",FALSE
"Maddison (PIB per cápita)","maddison_SRB_16","Serbia (1989-1993)","SRB","Serbia",1989,1993,-0.573689539124695,4,FALSE,10,2003,69.6691803712532,10,"10 años después",0.573689539124695,0.696691803712532,14,-0.0254847907884678,1.63423576865104,0.0503437877961601,"Otros países","",FALSE
"Maddison (PIB per cápita)","maddison_LBY_14","Libya (2010-2011)","LBY","Libya",2010,2011,-0.557809885374582,1,FALSE,10,2021,50.7494781974733,10,"10 años después",0.557809885374582,0.507494781974733,11,-0.0597982551264213,1.14768459354781,0.013869959205304,"Otros países","",FALSE
"Maddison (PIB per cápita)","maddison_UKR_4","Ukraine (1989-1997)","UKR","Ukraine",1989,1997,-0.542510987915124,8,FALSE,10,2007,102.715913972164,10,"10 años después",0.542510987915124,1.02715913972164,18,0.001489823956349,2.2452105134518,0.0842407025285021,"Otros países","",FALSE
"Maddison (PIB per cápita)","maddison_ARE_12","United Arab Emirates (1980-1988)","ARE","United Arab Emirates",1980,1988,-0.54231570367687,8,FALSE,10,1998,89.8111637077083,10,"10 años después",0.54231570367687,0.898111637077083,18,-0.0059522647146234,1.96229506734705,0.0697355560968311,"Otros países","",FALSE
"Maddison (PIB per cápita)","maddison_KGZ_5","Kyrgyzstan (1990-1995)","KGZ","Kyrgyzstan",1990,1995,-0.516539479237331,5,FALSE,10,2005,61.8980434575468,10,"10 años después",0.516539479237331,0.618980434575468,15,-0.0314728604992192,1.28031226541314,0.0250182328241415,"Otros países","",FALSE
"Maddison (PIB per cápita)","maddison_KWT_14","Kuwait (1979-1982)","KWT","Kuwait",1979,1982,-0.5085894796621,3,FALSE,10,1992,46.0178424313796,10,"10 años después",0.5085894796621,0.460178424313796,13,-0.0579558647072003,0.936443981698585,-0.00654504482951546,"Otros países","",FALSE
"Maddison (PIB per cápita)","maddison_KWT_20","Kuwait (1989-1991)","KWT","Kuwait",1989,1991,-0.503117326042274,2,FALSE,10,2001,293.094003704239,10,"10 años después",0.503117326042274,2.93094003704239,12,0.0937479309051625,5.89865614290216,0.194195163651527,"Otros países","",FALSE
"Maddison (PIB per cápita)","maddison_ZWE_33","Zimbabwe (1998-2008)","ZWE","Zimbabwe",1998,2008,-0.494505529491761,10,FALSE,10,2018,80.2103778527411,10,"10 años después",0.494505529491761,0.802103778527411,20,-0.0109653019403112,1.58677062821469,0.0472525229291103,"Otros países","",FALSE
"Maddison (PIB per cápita)","maddison_AGO_14","Angola (1973-1977)","AGO","Angola",1973,1977,-0.474053295932679,4,FALSE,10,1987,42.4614305750351,10,"10 años después",0.474053295932679,0.424614305750351,14,-0.0593497239481517,0.807333333333334,-0.0211744695680158,"Otros países","",FALSE
"Maddison (PIB per cápita)","maddison_LTU_4","Lithuania (1988-1994)","LTU","Lithuania",1988,1994,-0.472762431170335,6,FALSE,10,2004,100.974796149692,10,"10 años después",0.472762431170335,1.00974796149692,16,0.000606481125337677,1.9151669402814,0.0671381929939658,"Otros países","",FALSE
"Maddison (PIB per cápita)","maddison_CUB_36","Cuba (1988-1993)","CUB","Cuba",1988,1993,-0.467868246757234,5,FALSE,10,2003,90.2418072501043,10,"10 años después",0.467868246757234,0.902418072501043,15,-0.00682178335623296,1.69585458300841,0.0542384724821237,"Otros países","",FALSE
"Maddison (PIB per cápita)","maddison_LVA_6","Latvia (1990-1993)","LVA","Latvia",1990,1993,-0.466067926792929,3,FALSE,10,2003,89.4731402467221,10,"10 años después",0.466067926792929,0.894731402467221,13,-0.00851978491315564,1.67574013131109,0.0529813205356309,"Otros países","",FALSE
"Maddison (PIB per cápita)","maddison_SLE_16","Sierra Leone (1994-1999)","SLE","Sierra Leone",1994,1999,-0.457326841325899,5,FALSE,10,2009,91.8777151786482,10,"10 años después",0.457326841325899,0.918777151786482,15,-0.00563152822118684,1.69305803521093,0.0540644942180877,"Otros países","",FALSE
"Maddison (PIB per cápita)","maddison_RWA_16","Rwanda (1992-1994)","RWA","Rwanda",1992,1994,-0.456631272378131,2,FALSE,10,2004,89.0403238670327,10,"10 años después",0.456631272378131,0.890403238670327,12,-0.00962676660838402,1.63867221907912,0.0506285762909979,"Otros países","",FALSE
"Maddison (PIB per cápita)","maddison_TCD_8","Chad (1975-1981)","TCD","Chad",1975,1981,-0.452731092436975,6,FALSE,10,1991,73.8743426754322,10,"10 años después",0.452731092436975,0.738743426754322,16,-0.0187473291520812,1.34987282585435,0.0304556040751394,"Otros países","",FALSE
"Maddison (PIB per cápita)","maddison_IRN_7","Iran (Islamic Republic of) (1976-1981)","IRN","Iran (Islamic Republic of)",1976,1981,-0.448007501172058,5,FALSE,10,1991,59.8270031854764,10,"10 años después",0.448007501172058,0.598270031854764,15,-0.0336677288428583,1.08383724982692,0.00808326995638353,"Otros países","",FALSE
"Maddison (PIB per cápita)","maddison_IRQ_18","Iraq (1979-1986)","IRQ","Iraq",1979,1986,-0.443588076887362,7,FALSE,10,1996,21.7060326251413,10,"10 años después",0.443588076887362,0.217060326251413,17,-0.085938702682138,0.390107251902782,-0.0898386224972518,"Otros países","",FALSE
"Maddison (PIB per cápita)","maddison_YUG_24","Former Yugoslavia (1989-1993)","YUG","Former Yugoslavia",1989,1993,-0.438400223171273,4,FALSE,10,2003,97.967337745167,10,"10 años después",0.438400223171273,0.97967337745167,14,-0.00146578548447263,1.74443334536873,0.0572201646954851,"Otros países","",FALSE
"Maddison (PIB per cápita)","maddison_LBR_52","Liberia (2002-2005)","LBR","Liberia",2002,2005,-0.437558247364198,3,FALSE,10,2015,64.4196131846018,10,"10 años después",0.437558247364198,0.644196131846018,13,-0.0332613418635858,1.14535617035379,0.0136640771748728,"Otros países","",FALSE
"Maddison (PIB per cápita)","maddison_COD_18","D.R. of the Congo (1986-1994)","COD","D.R. of the Congo",1986,1994,-0.430781454574356,8,FALSE,10,2004,50.2705282598964,10,"10 años después",0.430781454574356,0.502705282598964,18,-0.0374876675754859,0.883149866846058,-0.0123491524054211,"Otros países","",FALSE
"Maddison (PIB per cápita)","maddison_KWT_10","Kuwait (1971-1975)","KWT","Kuwait",1971,1975,-0.412802726055738,4,FALSE,10,1985,26.3985233864752,10,"10 años después",0.412802726055738,0.263985233864752,14,-0.0907480112160852,0.449568221070812,-0.0768345116441985,"Otros países","",FALSE
"Maddison (PIB per cápita)","maddison_BLR_4","Belarus (1989-1995)","BLR","Belarus",1989,1995,-0.411954753139423,6,FALSE,10,2005,106.193206490811,10,"10 años después",0.411954753139423,1.06193206490811,16,0.00376268317022954,1.80586795076994,0.0608857087686461,"Otros países","",FALSE
"Maddison (PIB per cápita)","maddison_SUN_59","Former USSR (1989-1996)","SUN","Former USSR",1989,1996,-0.401293063282831,7,FALSE,10,2006,121.294303723559,10,"10 años después",0.401293063282831,1.21294303723559,17,0.0114205854324647,2.0259378384463,0.0731553909813241,"Otros países","",FALSE
"Maddison (PIB per cápita)","maddison_CMR_8","Cameroon (1986-1994)","CMR","Cameroon",1986,1994,-0.397839256921597,8,FALSE,10,2004,81.9320171503034,10,"10 años después",0.397839256921597,0.819320171503034,18,-0.0110100706750935,1.36063365292539,0.0312741238845615,"Otros países","",FALSE
"Maddison (PIB per cápita)","maddison_SAU_6","Saudi Arabia (1981-1986)","SAU","Saudi Arabia",1981,1986,-0.397139251156921,5,FALSE,10,1996,94.7996689787365,10,"10 años después",0.397139251156921,0.947996689787365,15,-0.00355395426959337,1.57249695158728,0.0463066395232812,"Otros países","",FALSE
"Maddison (PIB per cápita)","maddison_HRV_8","Croatia (1986-1993)","HRV","Croatia",1986,1993,-0.393761082170465,7,FALSE,10,2003,109.187698107051,10,"10 años después",0.393761082170465,1.09187698107051,17,0.00518387332705483,1.80106711885086,0.0606033383325009,"Otros países","",FALSE
"Maddison (PIB per cápita)","maddison_LBN_16","Lebanon (1980-1982)","LBN","Lebanon",1980,1982,-0.387369791666667,2,FALSE,10,1992,100.217131696701,10,"10 años después",0.387369791666667,1.00217131696701,12,0.000180763257799921,1.63585031122352,0.0504475103642144,"Otros países","",FALSE
"Maddison (PIB per cápita)","maddison_NIC_34","Nicaragua (1983-1993)","NIC","Nicaragua",1983,1993,-0.384727408339616,10,FALSE,10,2003,88.715449267586,10,"10 años después",0.384727408339616,0.88715449267586,20,-0.0059689216542288,1.44188852989822,0.0372732275173511,"Otros países","",FALSE
"Maddison (PIB per cápita)","maddison_PSE_26","State of Palestine (1999-2002)","PSE","State of Palestine",1999,2002,-0.38076305638382,3,FALSE,10,2012,81.4550828911846,10,"10 años después",0.38076305638382,0.814550828911846,13,-0.0156545162124508,1.31541058282971,0.0277941303974036,"Otros países","",FALSE
"Maddison (PIB per cápita)","maddison_TKM_7","Turkmenistan (1993-1997)","TKM","Turkmenistan",1993,1997,-0.379689332668402,4,FALSE,10,2007,235.197051750681,10,"10 años después",0.379689332668402,2.35197051750681,14,0.0629940854728244,3.79160095315518,0.142568541444421,"Otros países","",FALSE
"Maddison (PIB per cápita)","maddison_KAZ_7","Kazakhstan (1988-1995)","KAZ","Kazakhstan",1988,1995,-0.373852542557151,7,FALSE,10,2005,124.297003614594,10,"10 años después",0.373852542557151,1.24297003614594,17,0.0128765333498413,1.98510753556704,0.070972708280167,"Otros países","",FALSE
"Maddison (PIB per cápita)","maddison_LBY_10","Libya (1979-1984)","LBY","Libya",1979,1984,-0.373211534228483,5,FALSE,10,1994,73.1353353570846,10,"10 años después",0.373211534228483,0.731353353570846,15,-0.0206412290317941,1.16682643907721,0.0155483996648353,"Otros países","",FALSE
"Maddison (PIB per cápita)","maddison_UZB_5","Uzbekistan (1988-1996)","UZB","Uzbekistan",1988,1996,-0.372921859786908,8,FALSE,10,2006,77.9484830104742,10,"10 años después",0.372921859786908,0.779484830104742,18,-0.0137447799257722,1.24304258132784,0.0219945988492938,"Otros países","",FALSE
"Maddison (PIB per cápita)","maddison_GAB_2","Gabon (1976-1978)","GAB","Gabon",1976,1978,-0.371381501529772,2,FALSE,10,1988,54.7736722366047,10,"10 años después",0.371381501529772,0.547736722366047,12,-0.0489259731712375,0.871334082116561,-0.0136785678519334,"Otros países","",FALSE
"Maddison (PIB per cápita)","maddison_EST_4","Estonia (1989-1994)","EST","Estonia",1989,1994,-0.357257544969001,5,FALSE,10,2004,110.78203095259,10,"10 años después",0.357257544969001,1.1078203095259,15,0.00684964555670509,1.72358353000421,0.0559497058495961,"Otros países","",FALSE
"Maddison (PIB per cápita)","maddison_MOZ_6","Mozambique (1973-1979)","MOZ","Mozambique",1973,1979,-0.351306095110516,6,FALSE,10,1989,59.4775619557937,10,"10 años después",0.351306095110516,0.594775619557937,16,-0.0319515980190539,0.916881775942179,-0.00864013164447019,"Otros países","",FALSE
"Maddison (PIB per cápita)","maddison_NIC_30","Nicaragua (1977-1979)","NIC","Nicaragua",1977,1979,-0.351057747284162,2,FALSE,10,1989,45.6070135315418,10,"10 años después",0.351057747284162,0.456070135315418,12,-0.0633313828719675,0.702790014684287,-0.0346549850228774,"Otros países","",FALSE
"Maddison (PIB per cápita)","maddison_MOZ_10","Mozambique (1990-1995)","MOZ","Mozambique",1990,1995,-0.343575360348206,5,FALSE,10,2005,62.3611376221464,10,"10 años después",0.343575360348206,0.623611376221464,15,-0.0309914658357551,0.950012139325337,-0.00511492561301186,"Otros países","",FALSE
"Maddison (PIB per cápita)","maddison_UGA_27","Uganda (1971-1980)","UGA","Uganda",1971,1980,-0.341516245487365,9,FALSE,10,1990,67.2924187725632,10,"10 años después",0.341516245487365,0.672924187725632,19,-0.0206327294222892,1.0219298245614,0.0021716370566105,"Otros países","",FALSE
"Maddison (PIB per cápita)","maddison_RUS_51","Russian Federation (1989-1996)","RUS","Russian Federation",1989,1996,-0.335784053298137,7,FALSE,10,2006,141.064829039322,10,"10 años después",0.335784053298137,1.41064829039322,17,0.0204443796790776,2.12377961926047,0.0782288422607655,"Otros países","",FALSE
"Maddison (PIB per cápita)","maddison_DZA_6","Algeria (1960-1962)","DZA","Algeria",1960,1962,-0.313701923076923,2,FALSE,10,1972,112.560096153846,10,"10 años después",0.313701923076923,1.12560096153846,12,0.00990852430382416,1.64010507880911,0.0507204074296701,"Otros países","",FALSE
"Maddison (PIB per cápita)","maddison_MKD_10","TFYR of Macedonia (1989-1995)","MKD","TFYR of Macedonia",1989,1995,-0.310295924082278,6,FALSE,10,2005,88.031992710211,10,"10 años después",0.310295924082278,0.88031992710211,16,-0.00793521637239214,1.27637338655822,0.0247024486850793,"Otros países","",FALSE
"Maddison (PIB per cápita)","maddison_GNQ_4","Equatorial Guinea (1977-1982)","GNQ","Equatorial Guinea",1977,1982,-0.309432933478735,5,FALSE,10,1992,73.3542283022107,10,"10 años después",0.309432933478735,0.733542283022107,15,-0.0204460877200229,1.06223177817809,0.00605547529737382,"Otros países","",FALSE
"Maddison (PIB per cápita)","maddison_COD_14","D.R. of the Congo (1974-1983)","COD","D.R. of the Congo",1974,1983,-0.307164634146341,9,FALSE,10,1993,42.9657721802858,10,"10 años después",0.307164634146341,0.429657721802858,19,-0.0434874683150327,0.620144038509736,-0.046656834830641,"Otros países","",FALSE
"Maddison (PIB per cápita)","maddison_TKM_5","Turkmenistan (1988-1992)","TKM","Turkmenistan",1988,1992,-0.304989599240861,4,FALSE,10,2002,87.7994390038646,10,"10 años después",0.304989599240861,0.877994390038646,14,-0.00925087880071707,1.26328237545746,0.0236465892446946,"Otros países","",FALSE
"Maddison (PIB per cápita)","maddison_BDI_18","Burundi (1991-1997)","BDI","Burundi",1991,1997,-0.303988800695426,6,FALSE,10,2007,60.9636612239768,10,"10 años después",0.303988800695426,0.609636612239768,16,-0.0304573015631819,0.875900578681625,-0.013162870544254,"Otros países","",FALSE
"Maddison (PIB per cápita)","maddison_CYP_9","Cyprus (1973-1975)","CYP","Cyprus",1973,1975,-0.301402754960192,2,FALSE,10,1985,148.173891065336,10,"10 años después",0.301402754960192,1.48173891065336,12,0.033310812408506,2.12102026049204,0.0780886694697789,"Otros países","",FALSE
"Maddison (PIB per cápita)","maddison_TGO_8","Togo (1979-1983)","TGO","Togo",1979,1983,-0.28680800942285,4,FALSE,10,1993,59.0792034671979,10,"10 años después",0.28680800942285,0.590792034671979,14,-0.0368944129633891,0.828377270745681,-0.0186525068428144,"Otros países","",FALSE
"Maddison (PIB per cápita)","maddison_ALB_2","Albania (1990-1992)","ALB","Albania",1990,1992,-0.286526446230343,2,FALSE,10,2002,140.822554471531,10,"10 años después",0.286526446230343,1.40822554471531,12,0.0289383433691313,1.97375997649094,0.0703589228227541,"Otros países","",FALSE
"Maddison (PIB per cápita)","maddison_ETH_16","Ethiopia (1987-1993)","ETH","Ethiopia",1987,1993,-0.286502792412777,6,FALSE,10,2003,78.0130893200037,10,"10 años después",0.286502792412777,0.780130893200037,16,-0.015398558486319,1.09339025423539,0.00896829574639213,"Otros países","",FALSE
"Maddison (PIB per cápita)","maddison_CIV_16","Côte d'Ivoire (1985-1994)","CIV","Côte d'Ivoire",1985,1994,-0.286456743206981,9,FALSE,10,2004,83.3926160497729,10,"10 años después",0.286456743206981,0.833926160497729,19,-0.0095129062919671,1.16871143067873,0.0157123409268958,"Otros países","",FALSE
"Maddison (PIB per cápita)","maddison_ROU_62","Romania (1986-1992)","ROU","Romania",1986,1992,-0.282824423543008,6,FALSE,10,2002,129.10158862473,10,"10 años después",0.282824423543008,1.2910158862473,16,0.0160924494534094,1.80013922479793,0.0605486843026433,"Otros países","",FALSE
"Maddison (PIB per cápita)","maddison_PER_200","Peru (1987-1990)","PER","Peru",1987,1990,-0.282400478898533,3,FALSE,10,2000,90.3658250071328,10,"10 años después",0.282400478898533,0.903658250071328,13,-0.00776233411565042,1.25927933826415,0.0233217568654562,"Otros países","",FALSE
"Maddison (PIB per cápita)","maddison_AGO_18","Angola (1980-1986)","AGO","Angola",1980,1986,-0.278067885117493,6,FALSE,10,1996,100.129499434723,10,"10 años después",0.278067885117493,1.00129499434723,16,8.08880565910108e-05,1.38696557987338,0.0332527464530792,"Otros países","",FALSE
"Maddison (PIB per cápita)","maddison_MDG_10","Madagascar (1979-1988)","MDG","Madagascar",1979,1988,-0.276546091015169,9,FALSE,10,1998,68.508006270762,10,"10 años después",0.276546091015169,0.68508006270762,19,-0.0197094709477937,0.946957441516822,-0.00543528779303681,"Otros países","",FALSE
"Maddison (PIB per cápita)","maddison_NGA_40","Nigeria (1979-1984)","NGA","Nigeria",1979,1984,-0.274239543726236,5,FALSE,10,1994,86.5163794967353,10,"10 años después",0.274239543726236,0.865163794967353,15,-0.00960929491686546,1.19207899450642,0.0177251420648377,"Otros países","",FALSE
"Maddison (PIB per cápita)","maddison_CHN_33","China (1957-1961)","CHN","China",1957,1961,-0.268619246861925,4,FALSE,10,1971,121.004184100418,10,"10 años después",0.268619246861925,1.21004184100418,14,0.0137113600685235,1.65446224256293,0.0516365845728608,"Otros países","",FALSE
"Maddison (PIB per cápita)","maddison_SVN_8","Slovenia (1986-1992)","SVN","Slovenia",1986,1992,-0.267933426673596,6,FALSE,10,2002,107.590720502795,10,"10 años después",0.267933426673596,1.07590720502795,16,0.00458323462160859,1.46968492242335,0.039255720860778,"Otros países","",FALSE
"Maddison (PIB per cápita)","maddison_LBY_12","Libya (1985-1987)","LBY","Libya",1985,1987,-0.267071569271175,2,FALSE,10,1997,138.250405052262,10,"10 años después",0.267071569271175,1.38250405052262,12,0.0273589318458414,1.88627428349021,0.0655172483899735,"Otros países","",FALSE
"Maddison (PIB per cápita)","maddison_GAB_6","Gabon (1984-1987)","GAB","Gabon",1984,1987,-0.266140269391547,3,FALSE,10,1997,130.084054599049,10,"10 años después",0.266140269391547,1.30084054599049,13,0.0204376326264528,1.77260107311236,0.0589150011368036,"Otros países","",FALSE
"Maddison (PIB per cápita)","maddison_NER_10","Niger (1980-1985)","NER","Niger",1980,1985,-0.264136328427576,5,FALSE,10,1995,54.4146703676195,10,"10 años después",0.264136328427576,0.544146703676195,15,-0.0397571836843599,0.739466730995756,-0.0297316523042839,"Otros países","",FALSE
"Maddison (PIB per cápita)","maddison_IRN_9","Iran (Islamic Republic of) (1983-1988)","IRN","Iran (Islamic Republic of)",1983,1988,-0.261536297129994,5,FALSE,10,1998,118.998119839349,10,"10 años después",0.261536297129994,1.18998119839349,15,0.0116633261271997,1.61142814977728,0.0488686253001631,"Otros países","",FALSE
"Maddison (PIB per cápita)","maddison_JOR_17","Jordan (1986-1991)","JOR","Jordan",1986,1991,-0.259938627832325,5,FALSE,10,2001,100.12217110879,10,"10 años después",0.259938627832325,1.0012217110879,15,8.14010066281234e-05,1.35289010985032,0.0306857038429507,"Otros países","",FALSE
"Maddison (PIB per cápita)","maddison_NGA_34","Nigeria (1965-1968)","NGA","Nigeria",1965,1968,-0.259800664451827,3,FALSE,10,1978,134.750830564784,10,"10 años después",0.259800664451827,1.34750830564784,13,0.023208072360112,1.82046678635547,0.0617402364160708,"Otros países","",FALSE
"Maddison (PIB per cápita)","maddison_GHA_45","Ghana (1978-1983)","GHA","Ghana",1978,1983,-0.259462151394422,5,FALSE,10,1993,89.1988374136449,10,"10 años después",0.259462151394422,0.891988374136449,15,-0.00759118562939098,1.20451422680968,0.0187818362979899,"Otros países","",FALSE
"Maddison (PIB per cápita)","maddison_SYR_24","Syrian Arab Republic (1993-2001)","SYR","Syrian Arab Republic",1993,2001,-0.254473638055751,8,FALSE,10,2011,59.3597219349711,10,"10 años después",0.254473638055751,0.593597219349711,18,-0.02855948034776,0.796212246340526,-0.0225312419962692,"Otros países","",FALSE
"Maddison (PIB per cápita)","maddison_KHM_12","Cambodia (1973-1975)","KHM","Cambodia",1973,1975,-0.253430185633575,2,FALSE,10,1985,124.293785310734,10,"10 años después",0.253430185633575,1.24293785310734,12,0.0182883720505536,1.66486486486486,0.0522959497312923,"Otros países","",FALSE
"Maddison (PIB per cápita)","maddison_NER_6","Niger (1971-1973)","NER","Niger",1971,1973,-0.248191027496382,2,FALSE,10,1983,85.383502170767,10,"10 años después",0.248191027496382,0.85383502170767,12,-0.0130817870215646,1.13570741097209,0.012806887294613,"Otros países","",FALSE
"Maddison (PIB per cápita)","maddison_AGO_20","Angola (1991-1993)","AGO","Angola",1991,1993,-0.248176797680982,2,FALSE,10,2003,188.702189010782,10,"10 años después",0.248176797680982,1.88702189010782,12,0.0543417679402005,2.50992771211004,0.0963926649230116,"Otros países","",FALSE
"Maddison (PIB per cápita)","maddison_VEN_70","Venezuela (1977-1985)","VEN","Venezuela",1977,1985,-0.246708124123997,8,TRUE,10,1995,79.5620943387625,10,"10 años después",0.246708124123997,0.795620943387625,18,-0.0126214730559827,1.05619212003634,0.0054819814288416,"Venezuela","",FALSE
"Maddison (PIB per cápita)","maddison_MOZ_8","Mozambique (1980-1985)","MOZ","Mozambique",1980,1985,-0.246272493573265,5,FALSE,10,1995,59.9388257080509,10,"10 años después",0.246272493573265,0.599388257080509,15,-0.0335474224405518,0.795232032756883,-0.0226516444855841,"Otros países","",FALSE
"Maddison (PIB per cápita)","maddison_JAM_11","Jamaica (1973-1980)","JAM","Jamaica",1973,1980,-0.244265532432022,7,FALSE,10,1990,91.6755278748291,10,"10 años después",0.244265532432022,0.916755278748291,17,-0.00509958298232527,1.21306532663317,0.0195027907438903,"Otros países","",FALSE
"Maddison (PIB per cápita)","maddison_RWA_4","Rwanda (1962-1964)","RWA","Rwanda",1962,1964,-0.243827160493827,2,FALSE,10,1974,97.3765432098765,10,"10 años después",0.243827160493827,0.973765432098765,12,-0.0022129506239662,1.28775510204082,0.025612553379172,"Otros países","",FALSE
"Maddison (PIB per cápita)","maddison_MOZ_16","Mozambique (2001-2011)","MOZ","Mozambique",2001,2011,-0.241418403640916,10,FALSE,10,2021,88.0422072846973,10,"10 años después",0.241418403640916,0.880422072846973,20,-0.00634746212039516,1.1606161777094,0.0150065900947449,"Otros países","",FALSE
"Maddison (PIB per cápita)","maddison_COD_20","D.R. of the Congo (1995-2001)","COD","D.R. of the Congo",1995,2001,-0.241336880111978,6,FALSE,10,2011,128.00970326431,10,"10 años después",0.241336880111978,1.2800970326431,16,0.0155532040224633,1.68730626161457,0.0537058515293065,"Otros países","",FALSE
"Maddison (PIB per cápita)","maddison_SLV_27","El Salvador (1978-1983)","SLV","El Salvador",1978,1983,-0.238857142857143,5,FALSE,10,1993,92.6390349214133,10,"10 años después",0.238857142857143,0.926390349214133,15,-0.00508433676342057,1.21710443778133,0.0198417442966905,"Otros países","",FALSE
"Maddison (PIB per cápita)","maddison_BOL_26","Bolivia (Plurinational State of) (1978-1986)","BOL","Bolivia (Plurinational State of)",1978,1986,-0.236136783733826,8,FALSE,10,1996,91.4844096327398,10,"10 años después",0.236136783733826,0.914844096327398,18,-0.00493233006665805,1.19765434026164,0.0182001326239063,"Otros países","",FALSE
"Maddison (PIB per cápita)","maddison_MLI_12","Mali (1979-1982)","MLI","Mali",1979,1982,-0.234200743494424,3,FALSE,10,1992,82.9298119681732,10,"10 años después",0.234200743494424,0.829298119681732,13,-0.0142949638823454,1.08291841841935,0.00799777629770393,"Otros países","",FALSE
"Maddison (PIB per cápita)","maddison_CHL_76","Chile (1971-1975)","CHL","Chile",1971,1975,-0.232759603328394,4,FALSE,10,1985,91.462441582127,10,"10 años después",0.232759603328394,0.91462441582127,14,-0.00635413885427372,1.19209627098499,0.0177266170167512,"Otros países","",FALSE
"Maddison (PIB per cápita)","maddison_BGR_32","Bulgaria (1987-1992)","BGR","Bulgaria",1987,1992,-0.228731352525515,5,FALSE,10,2002,93.1069071211636,10,"10 años después",0.228731352525515,0.931069071211636,15,-0.00475013652081557,1.20719165009548,0.0190080673824284,"Otros países","",FALSE
"Maddison (PIB per cápita)","maddison_SVK_2","Slovakia (1989-1992)","SVK","Slovakia",1989,1992,-0.227374363247907,3,FALSE,10,2002,117.674973495985,10,"10 años después",0.227374363247907,1.17674973495985,13,0.0125984054577548,1.52305292367282,0.0429692384978309,"Otros países","",FALSE
"Maddison (PIB per cápita)","maddison_AFG_16","Afghanistan (1995-2001)","AFG","Afghanistan",1995,2001,-0.226337898798284,6,FALSE,10,2011,283.123025577634,10,"10 años después",0.226337898798284,2.83123025577634,16,0.067206469764874,3.65951783262828,0.138524516016996,"Otros países","",FALSE
"Maddison (PIB per cápita)","maddison_HTI_29","Haiti (1991-1994)","HTI","Haiti",1991,1994,-0.224950881491012,3,FALSE,10,2004,88.3644048286725,10,"10 años después",0.224950881491012,0.883644048286725,13,-0.00947032956829441,1.14011360981437,0.0131991411835701,"Otros países","",FALSE
"Maddison (PIB per cápita)","maddison_CAF_12","Central African Republic (1977-1983)","CAF","Central African Republic",1977,1983,-0.220183486238532,6,FALSE,10,1993,65.8475776050274,10,"10 años después",0.220183486238532,0.658475776050274,16,-0.0257761941141181,0.844398348111527,-0.0167708685316325,"Otros países","",FALSE
"Maddison (PIB per cápita)","maddison_AFG_6","Afghanistan (1968-1972)","AFG","Afghanistan",1968,1972,-0.21937984496124,4,FALSE,10,1982,98.4496124031008,10,"10 años después",0.21937984496124,0.984496124031008,14,-0.00111547153452307,1.26117179741807,0.0234754389089269,"Otros países","",FALSE
"Maddison (PIB per cápita)","maddison_VNM_7","Viet Nam (1964-1968)","VNM","Viet Nam",1964,1968,-0.219341275402943,4,FALSE,10,1978,90.0490539593553,10,"10 años después",0.219341275402943,0.900490539593553,14,-0.00745887351076102,1.15350089766607,0.0143826062154715,"Otros países","",FALSE
"Maddison (PIB per cápita)","maddison_RWA_14","Rwanda (1986-1991)","RWA","Rwanda",1986,1991,-0.219086844086561,5,FALSE,10,2001,64.9960281461693,10,"10 años después",0.219086844086561,0.649960281461693,15,-0.0283143526383737,0.832308018554804,-0.0181878372372709,"Otros países","",FALSE
"Maddison (PIB per cápita)","maddison_QAT_8","Qatar (1959-1965)","QAT","Qatar",1959,1965,-0.216168281333435,6,FALSE,10,1975,104.63422076436,10,"10 años después",0.216168281333435,1.0463422076436,16,0.00283529126294768,1.3349066932678,0.029307390526369,"Otros países","",FALSE
"Maddison (PIB per cápita)","maddison_EST_8","Estonia (2007-2009)","EST","Estonia",2007,2009,-0.215442403218153,2,FALSE,10,2019,108.891985084329,10,"10 años después",0.215442403218153,1.08891985084329,12,0.00712411012163727,1.38794124906813,0.0333254082341989,"Otros países","",FALSE
"Maddison (PIB per cápita)","maddison_LBN_2","Lebanon (1955-1958)","LBN","Lebanon",1955,1958,-0.21398002853067,3,FALSE,10,1968,98.0884450784593,10,"10 años después",0.21398002853067,0.980884450784593,13,-0.00148356101264735,1.24791288566243,0.0223943173064329,"Otros países","",FALSE
"Maddison (PIB per cápita)","maddison_TGO_12","Togo (1990-1993)","TGO","Togo",1990,1993,-0.213204019707434,3,FALSE,10,2003,87.4089269938792,10,"10 años después",0.213204019707434,0.874089269938792,13,-0.0102983564869061,1.11094780836802,0.0105768973044027,"Otros países","",FALSE
"Maddison (PIB per cápita)","maddison_BGD_16","Bangladesh (1970-1973)","BGD","Bangladesh",1970,1973,-0.211155378486056,3,FALSE,10,1983,88.7450199203187,10,"10 años después",0.211155378486056,0.887450199203187,13,-0.00914278460288309,1.125,0.0118479409178089,"Otros países","",FALSE
"Maddison (PIB per cápita)","maddison_SDN_14","Sudan (Former) (1977-1981)","SDN","Sudan (Former)",1977,1981,-0.210554658050619,4,FALSE,10,1991,68.8039393319499,10,"10 años después",0.210554658050619,0.688039393319499,14,-0.0263542997173988,0.871547853611398,-0.0136543722951576,"Otros países","",FALSE
"Maddison (PIB per cápita)","maddison_TTO_6","Trinidad and Tobago (1984-1989)","TTO","Trinidad and Tobago",1984,1989,-0.209841628959276,5,FALSE,10,1999,102.714456456551,10,"10 años después",0.209841628959276,1.02714456456551,15,0.00178710730823672,1.29992239810439,0.0265775030753208,"Otros países","",FALSE
"Maddison (PIB per cápita)","maddison_KHM_10","Cambodia (1968-1972)","KHM","Cambodia",1968,1972,-0.209621993127148,4,FALSE,10,1982,116.666666666667,10,"10 años después",0.209621993127148,1.16666666666667,14,0.0110716043929231,1.47608695652174,0.0397075418092105,"Otros países","",FALSE
"Maddison (PIB per cápita)","maddison_KWT_4","Kuwait (1956-1961)","KWT","Kuwait",1956,1961,-0.205747652850927,5,FALSE,10,1971,94.080604534005,10,"10 años después",0.205747652850927,0.940806045340051,15,-0.00405962243741509,1.18451780308491,0.0170777631876284,"Otros países","",FALSE
"Maddison (PIB per cápita)","maddison_ARG_58","Argentina (1998-2002)","ARG","Argentina",1998,2002,-0.203555528768582,4,FALSE,10,2012,128.895143118575,10,"10 años después",0.203555528768582,1.28895143118575,14,0.0182960039846463,1.61838204387663,0.0493203734074015,"Otros países","",FALSE
"Maddison (PIB per cápita)","maddison_GTM_22","Guatemala (1980-1988)","GTM","Guatemala",1980,1988,-0.203320802005013,8,FALSE,10,1998,89.7657542861311,10,"10 años después",0.203320802005013,0.897657542861311,18,-0.00598019363161151,1.12674906677676,0.0120051455971273,"Otros países","",FALSE
"Maddison (PIB per cápita)","maddison_SDN_16","Sudan (Former) (1982-1985)","SDN","Sudan (Former)",1982,1985,-0.203252032520325,3,FALSE,10,1995,91.7891515167004,10,"10 años después",0.203252032520325,0.917891515167004,13,-0.00656879746770067,1.1520475139341,0.0142547238918795,"Otros países","",FALSE
"Maddison (PIB per cápita)","maddison_GNB_10","Guinea-Bissau (1979-1981)","GNB","Guinea-Bissau",1979,1981,-0.200953678474114,2,FALSE,10,1991,87.3793455431403,10,"10 años después",0.200953678474114,0.873793455431403,12,-0.0111796424524245,1.09354543271381,0.00898261452833737,"Otros países","",FALSE
"Maddison (PIB per cápita)","maddison_MMR_18","Myanmar (1985-1988)","MMR","Myanmar",1985,1988,-0.198539176626826,3,FALSE,10,1998,102.724325347459,10,"10 años después",0.198539176626826,1.02724325347459,13,0.00206973596803439,1.28171362032538,0.0251303701025027,"Otros países","",FALSE
"Maddison (PIB per cápita)","maddison_QAT_12","Qatar (1973-1975)","QAT","Qatar",1973,1975,-0.197947578464192,2,FALSE,10,1985,24.2051252064847,10,"10 años después",0.197947578464192,0.242051252064847,12,-0.111496906030867,0.30178981518609,-0.112904333079061,"Otros países","",FALSE
"Maddison (PIB per cápita)","maddison_CAF_14","Central African Republic (1986-1993)","CAF","Central African Republic",1986,1993,-0.197022224902549,7,FALSE,10,2003,72.7629556874709,10,"10 años después",0.197022224902549,0.727629556874709,17,-0.0185298891773827,0.906164005331782,-0.00980511015511587,"Otros países","",FALSE
"Maddison (PIB per cápita)","maddison_TKM_1","Turkmenistan (1973-1985)","TKM","Turkmenistan",1973,1985,-0.195892369686728,12,FALSE,10,1995,45.1537786205415,10,"10 años después",0.195892369686728,0.451537786205415,22,-0.0354954577751845,0.561538989537384,-0.0560739067059078,"Otros países","",FALSE
"Maddison (PIB per cápita)","maddison_ZMB_38","Zambia (1981-1987)","ZMB","Zambia",1981,1987,-0.193699731903485,6,FALSE,10,1997,87.8925677964283,10,"10 años después",0.193699731903485,0.878925677964283,16,-0.00803349125537822,1.09007241190583,0.008661710090347,"Otros países","",FALSE
"Maddison (PIB per cápita)","maddison_DJI_18","Djibouti (1995-2002)","DJI","Djibouti",1995,2002,-0.193585603714967,7,FALSE,10,2012,117.307563424091,10,"10 años después",0.193585603714967,1.17307563424091,17,0.00943416777092132,1.45468091795608,0.0381898394032898,"Otros países","",FALSE
"Maddison (PIB per cápita)","maddison_MDG_8","Madagascar (1971-1978)","MDG","Madagascar",1971,1978,-0.192346424974824,7,FALSE,10,1988,62.4370594159114,10,"10 años después",0.192346424974824,0.624370594159114,17,-0.0273262345777316,0.773067331670823,-0.0254104909375278,"Otros países","",FALSE
"Maddison (PIB per cápita)","maddison_LSO_8","Lesotho (1978-1981)","LSO","Lesotho",1978,1981,-0.191313340227508,3,FALSE,10,1991,95.8398644783439,10,"10 años después",0.191313340227508,0.958398644783439,13,-0.00326323830807984,1.18512978197645,0.017130298105891,"Otros países","",FALSE
"Maddison (PIB per cápita)","maddison_GHA_43","Ghana (1974-1976)","GHA","Ghana",1974,1976,-0.190168175937904,2,FALSE,10,1986,67.9172056921087,10,"10 años después",0.190168175937904,0.679172056921087,12,-0.03172589503136,0.838658146964856,-0.0174413190365896,"Otros países","",FALSE
"Maddison (PIB per cápita)","maddison_HTI_17","Haiti (1962-1967)","HTI","Haiti",1962,1967,-0.189277899343545,5,FALSE,10,1977,98.9059080962801,10,"10 años después",0.189277899343545,0.989059080962801,15,-0.000733145188436701,1.21997300944669,0.0200818544219077,"Otros países","",FALSE
"Maddison (PIB per cápita)","maddison_VEN_80","Venezuela (2001-2003)","VEN","Venezuela",2001,2003,-0.188975855520166,2,TRUE,10,2013,113.572855409056,10,"10 años después",0.188975855520166,1.13572855409056,12,0.0106626403082211,1.40036343162013,0.0342465387178321,"Venezuela","",FALSE
"Maddison (PIB per cápita)","maddison_PHL_24","Philippines (1982-1985)","PHL","Philippines",1982,1985,-0.187613371339725,3,FALSE,10,1995,94.2634247554898,10,"10 años después",0.187613371339725,0.942634247554898,13,-0.00453406932222022,1.16032713279565,0.0149813090946624,"Otros países","",FALSE
"Maddison (PIB per cápita)","maddison_CHL_78","Chile (1981-1983)","CHL","Chile",1981,1983,-0.186697782963827,2,FALSE,10,1993,130.443679286156,10,"10 años después",0.186697782963827,1.30443679286156,12,0.0223946933806665,1.6038770896447,0.0483760919754253,"Otros países","",FALSE
"Maddison (PIB per cápita)","maddison_COG_6","Congo (1984-1990)","COG","Congo",1984,1990,-0.186535162950257,6,FALSE,10,2000,89.1771598927076,10,"10 años después",0.186535162950257,0.891771598927076,16,-0.00713351198903955,1.09626324127461,0.00923309881934653,"Otros países","",FALSE
"Maddison (PIB per cápita)","maddison_LVA_8","Latvia (2007-2010)","LVA","Latvia",2007,2010,-0.18544206808921,3,FALSE,10,2020,120.961039181362,10,"10 años después",0.18544206808921,1.20961039181362,13,0.0147459972049582,1.48499001044175,0.0403329483113912,"Otros países","",FALSE
"Maddison (PIB per cápita)","maddison_GNB_18","Guinea-Bissau (1997-1998)","GNB","Guinea-Bissau",1997,1998,-0.185353722543591,1,FALSE,10,2008,91.5438582935013,10,"10 años después",0.185353722543591,0.915438582935013,11,-0.00799982994092929,1.12372523912257,0.0117332278201439,"Otros países","",FALSE
"Maddison (PIB per cápita)","maddison_HTI_25","Haiti (1980-1987)","HTI","Haiti",1980,1987,-0.184682501211827,7,FALSE,10,1997,70.5881659079477,10,"10 años después",0.184682501211827,0.705881659079477,17,-0.0202802199168431,0.865775185898311,-0.0143096303990402,"Otros países","",FALSE
"Maddison (PIB per cápita)","maddison_IRQ_24","Iraq (2002-2003)","IRQ","Iraq",2002,2003,-0.183347065286359,1,FALSE,10,2013,278.026136135977,10,"10 años después",0.183347065286359,2.78026136135977,11,0.0974163350294082,3.40445891170974,0.130328842787481,"Otros países","",FALSE
"Maddison (PIB per cápita)","maddison_HUN_28","Hungary (1988-1992)","HUN","Hungary",1988,1992,-0.183196143089723,4,FALSE,10,2002,132.946428706177,10,"10 años después",0.183196143089723,1.32946428706177,14,0.0205494388578531,1.62764202912892,0.0499192284843062,"Otros países","",FALSE
"Maddison (PIB per cápita)","maddison_DMA_12","Dominica (1978-1979)","DMA","Dominica",1978,1979,-0.183086680761099,1,FALSE,10,1989,157.040169133192,10,"10 años después",0.183086680761099,1.57040169133192,11,0.0418834980629459,1.9223602484472,0.0675383309765925,"Otros países","",FALSE
"Maddison (PIB per cápita)","maddison_GMB_6","Gambia (1969-1972)","GMB","Gambia",1969,1972,-0.18109269490485,3,FALSE,10,1982,97.0534069981584,10,"10 años después",0.18109269490485,0.970534069981584,13,-0.00229803019886787,1.18515742128936,0.0171326702079144,"Otros países","",FALSE
"Maddison (PIB per cápita)","maddison_KEN_19","Kenya (1951-1953)","KEN","Kenya",1951,1953,-0.179007323026851,2,FALSE,10,1963,92.5956061838893,10,"10 años después",0.179007323026851,0.925956061838893,12,-0.00639020315876215,1.12784935579782,0.0121039261667322,"Otros países","",FALSE
"Maddison (PIB per cápita)","maddison_NER_14","Niger (1988-1993)","NER","Niger",1988,1993,-0.178337142979854,5,FALSE,10,2003,80.7363505184806,10,"10 años después",0.178337142979854,0.807363505184806,15,-0.0141641491759938,0.98259705703724,-0.0017540752416032,"Otros países","",FALSE
"Maddison (PIB per cápita)","maddison_MNG_2","Mongolia (1989-1992)","MNG","Mongolia",1989,1992,-0.175173627379803,3,FALSE,10,2002,152.416955790191,10,"10 años después",0.175173627379803,1.52416955790191,13,0.0329504360813884,1.84786714937368,0.0633275701335236,"Otros países","",FALSE
"Maddison (PIB per cápita)","maddison_SLE_14","Sierra Leone (1989-1992)","SLE","Sierra Leone",1989,1992,-0.174806213829402,3,FALSE,10,2002,67.0980742209482,10,"10 años después",0.174806213829402,0.670980742209482,13,-0.0302271880749594,0.81311899514324,-0.0204752573881529,"Otros países","",FALSE
"Maddison (PIB per cápita)","maddison_CPV_6","Cabo Verde (1974-1975)","CPV","Cabo Verde",1974,1975,-0.173680694722779,1,FALSE,10,1985,116.366065464262,10,"10 años después",0.173680694722779,1.16366065464262,11,0.0138745313594995,1.40824575586095,0.0348272230199325,"Otros países","",FALSE
"Maddison (PIB per cápita)","maddison_POL_103","Poland (1988-1991)","POL","Poland",1988,1991,-0.173619128024969,3,FALSE,10,2001,141.066149227296,10,"10 años después",0.173619128024969,1.41066149227296,13,0.0268193930893208,1.70703550882236,0.0549314880141465,"Otros países","",FALSE
"Maddison (PIB per cápita)","maddison_ARM_7","Armenia (2008-2010)","ARM","Armenia",2008,2010,-0.173597277008925,2,FALSE,10,2020,114.536153984693,10,"10 años después",0.173597277008925,1.14536153984693,12,0.011374228720697,1.38596051051407,0.0331778470112993,"Otros países","",FALSE
"Maddison (PIB per cápita)","maddison_SYR_10","Syrian Arab Republic (1962-1966)","SYR","Syrian Arab Republic",1962,1966,-0.173029251363411,4,FALSE,10,1976,157.428524210874,10,"10 años después",0.173029251363411,1.57428524210874,14,0.0329454511314764,1.90367705835332,0.0664962374459701,"Otros países","",FALSE
"Maddison (PIB per cápita)","maddison_URY_52","Uruguay (1981-1984)","URY","Uruguay",1981,1984,-0.172695668514517,3,FALSE,10,1994,115.98374650283,10,"10 años después",0.172695668514517,1.1598374650283,13,0.0114714426312388,1.40194777288997,0.0343634916309388,"Otros países","",FALSE
"Maddison (PIB per cápita)","maddison_PER_196","Peru (1981-1983)","PER","Peru",1981,1983,-0.172229446611761,2,FALSE,10,1993,70.1780256309075,10,"10 años después",0.172229446611761,0.701780256309075,12,-0.0290800411562482,0.847795628192548,-0.0163759989155834,"Otros países","",FALSE
"Maddison (PIB per cápita)","maddison_BFA_8","Burkina Faso (1972-1976)","BFA","Burkina Faso",1972,1976,-0.170790103750998,4,FALSE,10,1986,111.731843575419,10,"10 años después",0.170790103750998,1.11731843575419,14,0.00795515836199057,1.34744947064485,0.0302704622185364,"Otros países","",FALSE
"Maddison (PIB per cápita)","maddison_URY_58","Uruguay (1998-2002)","URY","Uruguay",1998,2002,-0.170597034111211,4,FALSE,10,2012,129.333615675295,10,"10 años después",0.170597034111211,1.29333615675295,14,0.0185430437696745,1.55935800804258,0.0454290970529734,"Otros países","",FALSE
"Maddison (PIB per cápita)","maddison_CIV_14","Côte d'Ivoire (1980-1984)","CIV","Côte d'Ivoire",1980,1984,-0.169074700276668,4,FALSE,10,1994,59.9920321957857,10,"10 años después",0.169074700276668,0.599920321957857,14,-0.0358390431918205,0.721990679736926,-0.0320494763197886,"Otros países","",FALSE
"Maddison (PIB per cápita)","maddison_OMN_8","Oman (1972-1973)","OMN","Oman",1972,1973,-0.166480625099665,1,FALSE,10,1983,135.879445064583,10,"10 años después",0.166480625099665,1.35879445064583,11,0.0282646072243875,1.63018940118615,0.0500834324737507,"Otros países","",FALSE
"Maddison (PIB per cápita)","maddison_QAT_14","Qatar (1976-1977)","QAT","Qatar",1976,1977,-0.166216534648081,1,FALSE,10,1987,23.2358752197792,10,"10 años después",0.166216534648081,0.232358752197792,11,-0.124254137514659,0.278679971303724,-0.119943457892624,"Otros países","",FALSE
"Maddison (PIB per cápita)","maddison_BDI_2","Burundi (1959-1961)","BDI","Burundi",1959,1961,-0.164402173913043,2,FALSE,10,1971,122.554347826087,10,"10 años después",0.164402173913043,1.22554347826087,12,0.0170931442216335,1.46666666666667,0.0390420939724256,"Otros países","",FALSE
"Maddison (PIB per cápita)","maddison_TTO_4","Trinidad and Tobago (1981-1983)","TTO","Trinidad and Tobago",1981,1983,-0.163365848852104,2,FALSE,10,1993,67.7199582378515,10,"10 años después",0.163365848852104,0.677199582378515,12,-0.0319605487550066,0.809433348434761,-0.0209201574779717,"Otros países","",FALSE
"Maddison (PIB per cápita)","maddison_SRB_18","Serbia (1998-1999)","SRB","Serbia",1998,1999,-0.162207253520606,1,FALSE,10,2009,175.304287122567,10,"10 años después",0.162207253520606,1.75304287122567,11,0.052356669712629,2.09245410466058,0.0766278109221472,"Otros países","",FALSE
"Maddison (PIB per cápita)","maddison_SYR_6","Syrian Arab Republic (1957-1958)","SYR","Syrian Arab Republic",1957,1958,-0.162082684656634,1,FALSE,10,1968,91.160698841031,10,"10 años después",0.162082684656634,0.91160698841031,11,-0.00837800863863836,1.08794384805946,0.00846457733605233,"Otros países","",FALSE
"Maddison (PIB per cápita)","maddison_TCD_4","Chad (1962-1968)","TCD","Chad",1962,1968,-0.160358565737052,6,FALSE,10,1978,80.4780876494024,10,"10 años después",0.160358565737052,0.804780876494024,16,-0.0134823652558788,0.958481613285884,-0.00423151176569014,"Otros países","",FALSE
"Maddison (PIB per cápita)","maddison_JOR_9","Jordan (1965-1968)","JOR","Jordan",1965,1968,-0.160031533307056,3,FALSE,10,1978,116.791486007095,10,"10 años después",0.160031533307056,1.16791486007095,13,0.012011565414273,1.39042702956359,0.033510326171557,"Otros países","",FALSE
"Maddison (PIB per cápita)","maddison_CSK_16","Czechoslovakia (1989-1992)","CSK","Czechoslovakia",1989,1992,-0.159778966080206,3,FALSE,10,2002,118.742120626478,10,"10 años después",0.159778966080206,1.18742120626478,13,0.013301838982809,1.41322480434134,0.0351925197340608,"Otros países","",FALSE
"Maddison (PIB per cápita)","maddison_SYC_14","Seychelles (1979-1983)","SYC","Seychelles",1979,1983,-0.159636309435087,4,FALSE,10,1993,149.201282975367,10,"10 años después",0.159636309435087,1.49201282975367,14,0.0289927753317225,1.77543704767957,0.0590842945095837,"Otros países","",FALSE
"Maddison (PIB per cápita)","maddison_BRB_6","Barbados (1989-1993)","BRB","Barbados",1989,1993,-0.159609026785465,4,FALSE,10,2003,89.6045283661231,10,"10 años después",0.159609026785465,0.896045283661231,14,-0.0078096540499033,1.0662243077574,0.00643297563910417,"Otros países","",FALSE
"Maddison (PIB per cápita)","maddison_TJK_1","Tajikistan (1973-1982)","TJK","Tajikistan",1973,1982,-0.157652826719779,9,FALSE,10,1992,43.3997766881457,10,"10 años después",0.157652826719779,0.433997766881457,19,-0.0429813648765723,0.515224340566618,-0.0641642381800295,"Otros países","",FALSE
"Maddison (PIB per cápita)","maddison_YEM_12","Yemen (2010-2012)","YEM","Yemen",2010,2012,-0.155434206621,2,FALSE,10,2022,40.7144404079078,10,"10 años después",0.155434206621,0.407144404079078,12,-0.0721472929154294,0.482075413509403,-0.0703670719401519,"Otros países","",FALSE
"Maddison (PIB per cápita)","maddison_STP_15","Sao Tome and Principe (1979-1981)","STP","Sao Tome and Principe",1979,1981,-0.155386949924127,2,FALSE,10,1991,66.8591238771211,10,"10 años después",0.155386949924127,0.668591238771211,12,-0.0329920227471672,0.791594729339252,-0.0230995955907592,"Otros países","",FALSE
"Maddison (PIB per cápita)","maddison_SDN_12","Sudan (Former) (1971-1973)","SDN","Sudan (Former)",1971,1973,-0.154996600951734,2,FALSE,10,1983,103.806934058464,10,"10 años después",0.154996600951734,1.03806934058464,12,0.00311840084538084,1.22847948511665,0.0207909024284016,"Otros países","",FALSE
"Maddison (PIB per cápita)","maddison_UGA_29","Uganda (1983-1986)","UGA","Uganda",1983,1986,-0.153846153846154,3,FALSE,10,1996,107.645712662754,10,"10 años después",0.153846153846154,1.07645712662754,13,0.00568341353719037,1.27217660419619,0.0243650216012647,"Otros países","",FALSE
"Maddison (PIB per cápita)","maddison_TCD_6","Chad (1969-1973)","TCD","Chad",1969,1973,-0.153234960272418,4,FALSE,10,1983,65.4937570942111,10,"10 años después",0.153234960272418,0.654937570942111,14,-0.0297773216587934,0.773458445040215,-0.0253611953304924,"Otros países","",FALSE
"Maddison (PIB per cápita)","maddison_DMA_8","Dominica (1964-1965)","DMA","Dominica",1964,1965,-0.152219873150106,1,FALSE,10,1975,136.715997181113,10,"10 años después",0.152219873150106,1.36715997181113,11,0.0288385110788649,1.61263507896924,0.0489471571106335,"Otros países","",FALSE
"Maddison (PIB per cápita)","maddison_DOM_8","Dominican Republic (1964-1965)","DOM","Dominican Republic",1964,1965,-0.151374207188161,1,FALSE,10,1975,142.283298097252,10,"10 años después",0.151374207188161,1.42283298097252,11,0.0325785139818011,1.67663178873941,0.0530373360156526,"Otros países","",FALSE
"Maddison (PIB per cápita)","maddison_TZA_14","U.R. of Tanzania: Mainland (1978-1985)","TZA","U.R. of Tanzania: Mainland",1978,1985,-0.151057401812689,7,FALSE,10,1995,93.7565726003111,10,"10 años después",0.151057401812689,0.937565726003111,17,-0.00378507822029528,1.10439236764068,0.00997899036550187,"Otros países","",FALSE
"Maddison (PIB per cápita)","maddison_VNM_11","Viet Nam (1973-1975)","VNM","Viet Nam",1973,1975,-0.150787696924231,2,FALSE,10,1985,110.352588147037,10,"10 años después",0.150787696924231,1.10352588147037,12,0.00824298791169764,1.29946996466431,0.026541767807448,"Otros países","",FALSE
"Maddison (PIB per cápita)","maddison_JOR_11","Jordan (1969-1972)","JOR","Jordan",1969,1972,-0.150678733031674,3,FALSE,10,1982,167.443438914027,10,"10 años después",0.150678733031674,1.67443438914027,13,0.0404485894492255,1.97149706979222,0.0702361433084293,"Otros países","",FALSE
"Maddison (PIB per cápita)","maddison_LBR_50","Liberia (1979-1995)","LBR","Liberia",1979,1995,-0.916942347997066,16,FALSE,15,2010,18.790914493307,15,"15 años después",0.916942347997066,0.18790914493307,31,-0.0525005532727781,2.2623941371041,0.0559367000480948,"Otros países","",FALSE
"Maddison (PIB per cápita)","maddison_GEO_4","Georgia (1988-1994)","GEO","Georgia",1988,1994,-0.76382706560621,6,FALSE,15,2009,54.9750002470256,15,"15 años después",0.76382706560621,0.549750002470256,21,-0.0280880629179237,2.32774345579165,0.057943174431345,"Otros países","",FALSE
"Maddison (PIB per cápita)","maddison_IRQ_20","Iraq (1987-1991)","IRQ","Iraq",1987,1991,-0.749051209057368,4,FALSE,15,2006,117.607625668834,15,"15 años después",0.749051209057368,1.17607625668834,19,0.00857251915357304,4.6865189199385,0.108468505833911,"Otros países","Iraq (1987-1991)",TRUE
"Maddison (PIB per cápita)","maddison_QAT_18","Qatar (1980-1990)","QAT","Qatar",1980,1990,-0.744766681203663,10,FALSE,15,2005,167.484561740438,15,"15 años después",0.744766681203663,1.67484561740438,25,0.0208430848799965,6.562017942261,0.133624336982109,"Otros países","",FALSE
"Maddison (PIB per cápita)","maddison_TJK_5","Tajikistan (1988-1997)","TJK","Tajikistan",1988,1997,-0.718471013568354,9,FALSE,15,2012,59.5450459192031,15,"15 años después",0.718471013568354,0.595450459192031,24,-0.021369902798145,2.11505915159682,0.0512068151999219,"Otros países","",FALSE
"Maddison (PIB per cápita)","maddison_LBN_12","Lebanon (1973-1976)","LBN","Lebanon",1973,1976,-0.70918185066095,3,FALSE,15,1991,51.521965041482,15,"15 años después",0.70918185066095,0.51521965041482,18,-0.0361719111185936,1.77162137777774,0.0388624786231877,"Otros países","",FALSE
"Maddison (PIB per cápita)","maddison_AFG_14","Afghanistan (1986-1994)","AFG","Afghanistan",1986,1994,-0.681231727463138,8,FALSE,15,2009,115.872071173533,15,"15 años después",0.681231727463138,1.15872071173533,23,0.00642562421818216,3.63499385467019,0.0898504605706067,"Otros países","",FALSE
"Maddison (PIB per cápita)","maddison_MDA_6","Republic of Moldova (1989-1996)","MDA","Republic of Moldova",1989,1996,-0.678703669108107,7,FALSE,15,2011,47.5505443234837,15,"15 años después",0.678703669108107,0.475505443234837,22,-0.0332253599875277,1.47995914523789,0.0264787941437821,"Otros países","",FALSE
"Maddison (PIB per cápita)","maddison_AZE_2","Azerbaijan (1988-1995)","AZE","Azerbaijan",1988,1995,-0.678460651251502,7,FALSE,15,2010,173.175777962973,15,"15 años después",0.678460651251502,1.73175777962973,22,0.0252748986794606,5.38583469292362,0.118794187233014,"Otros países","",FALSE
"Maddison (PIB per cápita)","maddison_MNE_19","Montenegro (1986-1993)","MNE","Montenegro",1986,1993,-0.628250268580291,7,FALSE,15,2008,168.935997775211,15,"15 años después",0.628250268580291,1.68935997775211,22,0.0241203810791117,4.54434754075131,0.106194349785061,"Otros países","",FALSE
"Maddison (PIB per cápita)","maddison_ARM_5","Armenia (1989-1993)","ARM","Armenia",1989,1993,-0.607586962729169,4,FALSE,15,2008,95.779694378801,15,"15 años después",0.607586962729169,0.95779694378801,19,-0.00226687317163321,2.44078777415076,0.0612930852052647,"Otros países","",FALSE
"Maddison (PIB per cápita)","maddison_LBN_20","Lebanon (1987-1989)","LBN","Lebanon",1987,1989,-0.598839084166398,2,FALSE,15,2004,153.041126284695,15,"15 años después",0.598839084166398,1.53041126284695,17,0.0253474786853494,3.81495604991029,0.0933670186076654,"Otros países","",FALSE
"Maddison (PIB per cápita)","maddison_DJI_14","Djibouti (1976-1991)","DJI","Djibouti",1976,1991,-0.587260621926879,15,FALSE,15,2006,48.0159729517173,15,"15 años después",0.587260621926879,0.480159729517173,30,-0.0241579587874281,1.16334848339115,0.0101378749239585,"Otros países","",FALSE
"Maddison (PIB per cápita)","maddison_BIH_13","Bosnia and Herzegovina (1989-1993)","BIH","Bosnia and Herzegovina",1989,1993,-0.578149410053121,4,FALSE,15,2008,137.077360745152,15,"15 años después",0.578149410053121,1.37077360745152,19,0.0167372215204482,3.24942915837604,0.0817339783550994,"Otros países","",FALSE
"Maddison (PIB per cápita)","maddison_SRB_16","Serbia (1989-1993)","SRB","Serbia",1989,1993,-0.573689539124695,4,FALSE,15,2008,106.268612655405,15,"15 años después",0.573689539124695,1.06268612655405,19,0.00320511408237856,2.4927517011244,0.0627846375214283,"Otros países","",FALSE
"Maddison (PIB per cápita)","maddison_UKR_4","Ukraine (1989-1997)","UKR","Ukraine",1989,1997,-0.542510987915124,8,FALSE,15,2012,102.972011360358,15,"15 años después",0.542510987915124,1.02972011360358,23,0.00127416022499371,2.25080840501704,0.0555753385234343,"Otros países","",FALSE
"Maddison (PIB per cápita)","maddison_ARE_12","United Arab Emirates (1980-1988)","ARE","United Arab Emirates",1980,1988,-0.54231570367687,8,FALSE,15,2003,135.444818100527,15,"15 años después",0.54231570367687,1.35444818100527,23,0.0132784346076744,2.95935034670496,0.0750114554823664,"Otros países","",FALSE
"Maddison (PIB per cápita)","maddison_KGZ_5","Kyrgyzstan (1990-1995)","KGZ","Kyrgyzstan",1990,1995,-0.516539479237331,5,FALSE,15,2010,69.2728821415092,15,"15 años después",0.516539479237331,0.692728821415092,20,-0.0181883911428972,1.43285499366587,0.0242677122564765,"Otros países","",FALSE
"Maddison (PIB per cápita)","maddison_KWT_14","Kuwait (1979-1982)","KWT","Kuwait",1979,1982,-0.5085894796621,3,FALSE,15,1997,111.844932573852,15,"15 años después",0.5085894796621,1.11844932573852,18,0.00623844495417725,2.27599792729195,0.0563588071169421,"Otros países","",FALSE
"Maddison (PIB per cápita)","maddison_KWT_20","Kuwait (1989-1991)","KWT","Kuwait",1989,1991,-0.503117326042274,2,FALSE,15,2006,539.690913214009,15,"15 años después",0.503117326042274,5.39690913214009,17,0.104249876022162,10.8615361633625,0.172355747283331,"Otros países","",FALSE
"Maddison (PIB per cápita)","maddison_AGO_14","Angola (1973-1977)","AGO","Angola",1973,1977,-0.474053295932679,4,FALSE,15,1992,48.7142176262262,15,"15 años después",0.474053295932679,0.487142176262262,19,-0.0371451374378414,0.92621965779998,-0.00509655898095807,"Otros países","",FALSE
"Maddison (PIB per cápita)","maddison_LTU_4","Lithuania (1988-1994)","LTU","Lithuania",1988,1994,-0.472762431170335,6,FALSE,15,2009,121.091839215731,15,"15 años después",0.472762431170335,1.21091839215731,21,0.0091549416683514,2.2967225094472,0.0569973580281979,"Otros países","",FALSE
"Maddison (PIB per cápita)","maddison_CUB_36","Cuba (1988-1993)","CUB","Cuba",1988,1993,-0.467868246757234,5,FALSE,15,2008,120.242167837896,15,"15 años después",0.467868246757234,1.20242167837896,20,0.0092594856589916,2.25963151240554,0.0558506902643183,"Otros países","",FALSE
"Maddison (PIB per cápita)","maddison_LVA_6","Latvia (1990-1993)","LVA","Latvia",1990,1993,-0.466067926792929,3,FALSE,15,2008,128.699217324153,15,"15 años después",0.466067926792929,1.28699217324153,18,0.0141158028295363,2.41040431512419,0.0604071801731314,"Otros países","",FALSE
"Maddison (PIB per cápita)","maddison_SLE_16","Sierra Leone (1994-1999)","SLE","Sierra Leone",1994,1999,-0.457326841325899,5,FALSE,15,2014,133.781341670926,15,"15 años después",0.457326841325899,1.33781341670926,20,0.0146582183822235,2.46522864697768,0.0619982808564186,"Otros países","",FALSE
"Maddison (PIB per cápita)","maddison_RWA_16","Rwanda (1992-1994)","RWA","Rwanda",1992,1994,-0.456631272378131,2,FALSE,15,2009,106.343284976988,15,"15 años después",0.456631272378131,1.06343284976988,17,0.00362432928286993,1.95711088200483,0.0457816780516245,"Otros países","",FALSE
"Maddison (PIB per cápita)","maddison_TCD_8","Chad (1975-1981)","TCD","Chad",1975,1981,-0.452731092436975,6,FALSE,15,1996,72.910191158072,15,"15 años después",0.452731092436975,0.72910191158072,21,-0.0149322374707479,1.33225531636247,0.0193089341912513,"Otros países","",FALSE
"Maddison (PIB per cápita)","maddison_IRN_7","Iran (Islamic Republic of) (1976-1981)","IRN","Iran (Islamic Republic of)",1976,1981,-0.448007501172058,5,FALSE,15,1996,72.6339335685316,15,"15 años después",0.448007501172058,0.726339335685317,20,-0.015859786258674,1.31585001105553,0.0184673068631307,"Otros países","",FALSE
"Maddison (PIB per cápita)","maddison_IRQ_18","Iraq (1979-1986)","IRQ","Iraq",1979,1986,-0.443588076887362,7,FALSE,15,2001,38.5147044250224,15,"15 años después",0.443588076887362,0.385147044250224,22,-0.0424425400107157,0.692197683499777,-0.0242272713005293,"Otros países","",FALSE
"Maddison (PIB per cápita)","maddison_YUG_24","Former Yugoslavia (1989-1993)","YUG","Former Yugoslavia",1989,1993,-0.438400223171273,4,FALSE,15,2008,132.751525774182,15,"15 años después",0.438400223171273,1.32751525774182,19,0.0150227218454611,2.36381015896785,0.0590281550912346,"Otros países","",FALSE
"Maddison (PIB per cápita)","maddison_LBR_52","Liberia (2002-2005)","LBR","Liberia",2002,2005,-0.437558247364198,3,FALSE,15,2020,57.2258746990953,15,"15 años después",0.437558247364198,0.572258746990953,18,-0.0305332617687267,1.01745424181108,0.0011542433687517,"Otros países","",FALSE
"Maddison (PIB per cápita)","maddison_COD_18","D.R. of the Congo (1986-1994)","COD","D.R. of the Congo",1986,1994,-0.430781454574356,8,FALSE,15,2009,64.465444758603,15,"15 años después",0.430781454574356,0.64465444758603,23,-0.0189076963251676,1.13252537670567,0.00833117843256637,"Otros países","",FALSE
"Maddison (PIB per cápita)","maddison_KWT_10","Kuwait (1971-1975)","KWT","Kuwait",1971,1975,-0.412802726055738,4,FALSE,15,1990,19.7902721999108,15,"15 años después",0.412802726055738,0.197902721999108,19,-0.0817284151050123,0.337029360967185,-0.0699395378276498,"Otros países","",FALSE
"Maddison (PIB per cápita)","maddison_BLR_4","Belarus (1989-1995)","BLR","Belarus",1989,1995,-0.411954753139423,6,FALSE,15,2010,144.391325501835,15,"15 años después",0.411954753139423,1.44391325501835,21,0.0176470907857094,2.45544583980065,0.0617168028805841,"Otros países","",FALSE
"Maddison (PIB per cápita)","maddison_SUN_59","Former USSR (1989-1996)","SUN","Former USSR",1989,1996,-0.401293063282831,7,FALSE,15,2011,153.41390261115,15,"15 años después",0.401293063282831,1.5341390261115,22,0.0196435967664419,2.56242066364472,0.0647394899854408,"Otros países","",FALSE
"Maddison (PIB per cápita)","maddison_CMR_8","Cameroon (1986-1994)","CMR","Cameroon",1986,1994,-0.397839256921597,8,FALSE,15,2009,88.3388188600798,15,"15 años después",0.397839256921597,0.883388188600798,23,-0.00537638870108303,1.46703052092816,0.0258785358158446,"Otros países","",FALSE
"Maddison (PIB per cápita)","maddison_SAU_6","Saudi Arabia (1981-1986)","SAU","Saudi Arabia",1981,1986,-0.397139251156921,5,FALSE,15,2001,113.083699420381,15,"15 años después",0.397139251156921,1.13083699420381,20,0.00616684021281544,1.87578474195566,0.042826838871483,"Otros países","",FALSE
"Maddison (PIB per cápita)","maddison_HRV_8","Croatia (1986-1993)","HRV","Croatia",1986,1993,-0.393761082170465,7,FALSE,15,2008,143.710569775463,15,"15 años después",0.393761082170465,1.43710569775463,22,0.0166198324963909,2.37052695808407,0.0592285057579971,"Otros países","",FALSE
"Maddison (PIB per cápita)","maddison_LBN_16","Lebanon (1980-1982)","LBN","Lebanon",1980,1982,-0.387369791666667,2,FALSE,15,1997,142.81799308856,15,"15 años después",0.387369791666667,1.4281799308856,17,0.0211860606822341,2.33122675222134,0.0580486430618403,"Otros países","",FALSE
"Maddison (PIB per cápita)","maddison_NIC_34","Nicaragua (1983-1993)","NIC","Nicaragua",1983,1993,-0.384727408339616,10,FALSE,15,2008,112.20693287782,15,"15 años después",0.384727408339616,1.1220693287782,25,0.00461761228728075,1.82369464199628,0.0408707589872799,"Otros países","",FALSE
"Maddison (PIB per cápita)","maddison_PSE_26","State of Palestine (1999-2002)","PSE","State of Palestine",1999,2002,-0.38076305638382,3,FALSE,15,2017,84.9299411358272,15,"15 años después",0.38076305638382,0.849299411358272,18,-0.00903358813968591,1.37152574650761,0.0212849474907775,"Otros países","",FALSE
"Maddison (PIB per cápita)","maddison_TKM_7","Turkmenistan (1993-1997)","TKM","Turkmenistan",1993,1997,-0.379689332668402,4,FALSE,15,2012,376.461373422267,15,"15 años después",0.379689332668402,3.76461373422267,19,0.072262394055574,6.06891664529482,0.127735914690435,"Otros países","",FALSE
"Maddison (PIB per cápita)","maddison_KAZ_7","Kazakhstan (1988-1995)","KAZ","Kazakhstan",1988,1995,-0.373852542557151,7,FALSE,15,2010,162.895968692792,15,"15 años después",0.373852542557151,1.62895968692792,22,0.0224269489639892,2.60155921351258,0.0658160297225168,"Otros países","",FALSE
"Maddison (PIB per cápita)","maddison_LBY_10","Libya (1979-1984)","LBY","Libya",1979,1984,-0.373211534228483,5,FALSE,15,1999,99.7586101627676,15,"15 años después",0.373211534228483,0.997586101627676,20,-0.000120833525142694,1.59158337478298,0.0314668928869373,"Otros países","",FALSE
"Maddison (PIB per cápita)","maddison_UZB_5","Uzbekistan (1988-1996)","UZB","Uzbekistan",1988,1996,-0.372921859786908,8,FALSE,15,2011,104.154344458527,15,"15 años después",0.372921859786908,1.04154344458527,23,0.00177129272917376,1.66094682272186,0.0344044539820272,"Otros países","",FALSE
"Maddison (PIB per cápita)","maddison_GAB_2","Gabon (1976-1978)","GAB","Gabon",1976,1978,-0.371381501529772,2,FALSE,15,1993,67.0829114506654,15,"15 años después",0.371381501529772,0.670829114506654,17,-0.0232111350058011,1.06714822446229,0.00434205818178701,"Otros países","",FALSE
"Maddison (PIB per cápita)","maddison_EST_4","Estonia (1989-1994)","EST","Estonia",1989,1994,-0.357257544969001,5,FALSE,15,2009,109.367102030877,15,"15 años después",0.357257544969001,1.09367102030877,20,0.0044870340289207,1.70156959719741,0.036072105346443,"Otros países","",FALSE
"Maddison (PIB per cápita)","maddison_MOZ_6","Mozambique (1973-1979)","MOZ","Mozambique",1973,1979,-0.351306095110516,6,FALSE,15,1994,43.9508379674893,15,"15 años después",0.351306095110516,0.439508379674893,21,-0.0383911842137138,0.677528147500893,-0.0256197119494417,"Otros países","",FALSE
"Maddison (PIB per cápita)","maddison_NIC_30","Nicaragua (1977-1979)","NIC","Nicaragua",1977,1979,-0.351057747284162,2,FALSE,15,1994,41.0577284535828,15,"15 años después",0.351057747284162,0.410577284535828,17,-0.0510167989494632,0.632686934496179,-0.0300576448157648,"Otros países","",FALSE
"Maddison (PIB per cápita)","maddison_MOZ_10","Mozambique (1990-1995)","MOZ","Mozambique",1990,1995,-0.343575360348206,5,FALSE,15,2010,53.858698462499,15,"15 años después",0.343575360348206,0.53858698462499,20,-0.0304665603069494,0.820485630933488,-0.0131039774698001,"Otros países","",FALSE
"Maddison (PIB per cápita)","maddison_UGA_27","Uganda (1971-1980)","UGA","Uganda",1971,1980,-0.341516245487365,9,FALSE,15,1995,76.1526302964159,15,"15 años después",0.341516245487365,0.761526302964159,24,-0.0112870909688382,1.1564845719357,0.00973944684643935,"Otros países","",FALSE
"Maddison (PIB per cápita)","maddison_RUS_51","Russian Federation (1989-1996)","RUS","Russian Federation",1989,1996,-0.335784053298137,7,FALSE,15,2011,181.184396052013,15,"15 años después",0.335784053298137,1.81184396052013,22,0.0273839180602611,2.72779352786811,0.069188058643195,"Otros países","",FALSE
"Maddison (PIB per cápita)","maddison_DZA_6","Algeria (1960-1962)","DZA","Algeria",1960,1962,-0.313701923076923,2,FALSE,15,1977,132.151442307692,15,"15 años después",0.313701923076923,1.32151442307692,17,0.0165339247412251,1.92556917688266,0.0446495183500883,"Otros países","",FALSE
"Maddison (PIB per cápita)","maddison_MKD_10","TFYR of Macedonia (1989-1995)","MKD","TFYR of Macedonia",1989,1995,-0.310295924082278,6,FALSE,15,2010,108.154904720988,15,"15 años después",0.310295924082278,1.08154904720988,21,0.00374003924656829,1.56813492188047,0.0304467688445245,"Otros países","",FALSE
"Maddison (PIB per cápita)","maddison_GNQ_4","Equatorial Guinea (1977-1982)","GNQ","Equatorial Guinea",1977,1982,-0.309432933478735,5,FALSE,15,1997,230.252044621784,15,"15 años después",0.309432933478735,2.30252044621784,20,0.0425818850907134,3.3342459521228,0.0835937934501452,"Otros países","",FALSE
"Maddison (PIB per cápita)","maddison_COD_14","D.R. of the Congo (1974-1983)","COD","D.R. of the Congo",1974,1983,-0.307164634146341,9,FALSE,15,1998,36.046033877693,15,"15 años después",0.307164634146341,0.36046033877693,24,-0.0416244431479411,0.520268387761641,-0.0426255584021811,"Otros países","",FALSE
"Maddison (PIB per cápita)","maddison_TKM_5","Turkmenistan (1988-1992)","TKM","Turkmenistan",1988,1992,-0.304989599240861,4,FALSE,15,2007,164.056594154015,15,"15 años después",0.304989599240861,1.64056594154015,19,0.0263971972050268,2.36049120955342,0.0589289602667051,"Otros países","",FALSE
"Maddison (PIB per cápita)","maddison_BDI_18","Burundi (1991-1997)","BDI","Burundi",1991,1997,-0.303988800695426,6,FALSE,15,2012,63.2285186300362,15,"15 años después",0.303988800695426,0.632285186300362,21,-0.0215927391118143,0.90844110975817,-0.0063812338720064,"Otros países","",FALSE
"Maddison (PIB per cápita)","maddison_CYP_9","Cyprus (1973-1975)","CYP","Cyprus",1973,1975,-0.301402754960192,2,FALSE,15,1990,196.638443068369,15,"15 años después",0.301402754960192,1.96638443068369,17,0.0405779367143242,2.81476121562952,0.0714274542849114,"Otros países","",FALSE
"Maddison (PIB per cápita)","maddison_TGO_8","Togo (1979-1983)","TGO","Togo",1979,1983,-0.28680800942285,4,FALSE,15,1998,69.1903849813327,15,"15 años después",0.28680800942285,0.691903849813327,19,-0.0191979721253054,0.970150897591271,-0.0020182043517295,"Otros países","",FALSE
"Maddison (PIB per cápita)","maddison_ALB_2","Albania (1990-1992)","ALB","Albania",1990,1992,-0.286526446230343,2,FALSE,15,2007,197.493290161943,15,"15 años después",0.286526446230343,1.97493290161943,17,0.0408434943635156,2.76805340742459,0.0702329005037194,"Otros países","",FALSE
"Maddison (PIB per cápita)","maddison_ETH_16","Ethiopia (1987-1993)","ETH","Ethiopia",1987,1993,-0.286502792412777,6,FALSE,15,2008,101.018406898267,15,"15 años después",0.286502792412777,1.01018406898267,21,0.000482619316854116,1.4158206342513,0.0234513797691789,"Otros países","",FALSE
"Maddison (PIB per cápita)","maddison_CIV_16","Côte d'Ivoire (1985-1994)","CIV","Côte d'Ivoire",1985,1994,-0.286456743206981,9,FALSE,15,2009,91.7302422581839,15,"15 años después",0.286456743206981,0.917302422581839,24,-0.00359012609287201,1.28555965437135,0.0168872817113306,"Otros países","",FALSE
"Maddison (PIB per cápita)","maddison_ROU_62","Romania (1986-1992)","ROU","Romania",1986,1992,-0.282824423543008,6,FALSE,15,2007,214.615596002102,15,"15 años después",0.282824423543008,2.14615596002102,21,0.0370349525321176,2.9925112210646,0.0758103524959517,"Otros países","",FALSE
"Maddison (PIB per cápita)","maddison_PER_200","Peru (1987-1990)","PER","Peru",1987,1990,-0.282400478898533,3,FALSE,15,2005,106.122916743874,15,"15 años después",0.282400478898533,1.06122916743874,18,0.00330700211924251,1.47885991591776,0.0264279491875008,"Otros países","",FALSE
"Maddison (PIB per cápita)","maddison_AGO_18","Angola (1980-1986)","AGO","Angola",1980,1986,-0.278067885117493,6,FALSE,15,2001,141.154374628571,15,"15 años después",0.278067885117493,1.41154374628571,21,0.0165489638148808,1.9552305780377,0.0457146653396152,"Otros países","",FALSE
"Maddison (PIB per cápita)","maddison_MDG_10","Madagascar (1979-1988)","MDG","Madagascar",1979,1988,-0.276546091015169,9,FALSE,15,2003,69.9208430907054,15,"15 años después",0.276546091015169,0.699208430907054,24,-0.0147980169185613,0.966486492398943,-0.00226995017244924,"Otros países","",FALSE
"Maddison (PIB per cápita)","maddison_NGA_40","Nigeria (1979-1984)","NGA","Nigeria",1979,1984,-0.274239543726236,5,FALSE,15,1999,96.7123347939135,15,"15 años después",0.274239543726236,0.967123347939135,20,-0.00167006560245009,1.33256550364371,0.0193247540977735,"Otros países","",FALSE
"Maddison (PIB per cápita)","maddison_CHN_33","China (1957-1961)","CHN","China",1957,1961,-0.268619246861925,4,FALSE,15,1976,127.112970711297,15,"15 años después",0.268619246861925,1.27112970711297,19,0.0127066861054144,1.73798627002288,0.0375357964494027,"Otros países","",FALSE
"Maddison (PIB per cápita)","maddison_SVN_8","Slovenia (1986-1992)","SVN","Slovenia",1986,1992,-0.267933426673596,6,FALSE,15,2007,131.771441079447,15,"15 años después",0.267933426673596,1.31771441079447,21,0.013224717883882,1.79999259467205,0.0399633824889365,"Otros países","",FALSE
"Maddison (PIB per cápita)","maddison_LBY_12","Libya (1985-1987)","LBY","Libya",1985,1987,-0.267071569271175,2,FALSE,15,2002,177.079361991581,15,"15 años después",0.267071569271175,1.77079361991581,17,0.034184714775098,2.4160525716746,0.0605726548193972,"Otros países","",FALSE
"Maddison (PIB per cápita)","maddison_GAB_6","Gabon (1984-1987)","GAB","Gabon",1984,1987,-0.266140269391547,3,FALSE,15,2002,129.371373358301,15,"15 años después",0.266140269391547,1.29371373358301,18,0.0144093246900365,1.76288966354698,0.0385203445498628,"Otros países","",FALSE
"Maddison (PIB per cápita)","maddison_NER_10","Niger (1980-1985)","NER","Niger",1980,1985,-0.264136328427576,5,FALSE,15,2000,53.7084854859389,15,"15 años después",0.264136328427576,0.537084854859389,20,-0.0306019421444914,0.72987005012997,-0.0207737744432022,"Otros países","",FALSE
"Maddison (PIB per cápita)","maddison_IRN_9","Iran (Islamic Republic of) (1983-1988)","IRN","Iran (Islamic Republic of)",1983,1988,-0.261536297129994,5,FALSE,15,2003,161.829658956244,15,"15 años después",0.261536297129994,1.61829658956244,20,0.0243606945903057,2.1914368753305,0.0536958373165457,"Otros países","",FALSE
"Maddison (PIB per cápita)","maddison_JOR_17","Jordan (1986-1991)","JOR","Jordan",1986,1991,-0.259938627832325,5,FALSE,15,2006,130.497450405816,15,"15 años después",0.259938627832325,1.30497450405816,20,0.0133981364741431,1.76333281689305,0.0385377466518386,"Otros países","",FALSE
"Maddison (PIB per cápita)","maddison_NGA_34","Nigeria (1965-1968)","NGA","Nigeria",1965,1968,-0.259800664451827,3,FALSE,15,1983,108.372093023256,15,"15 años después",0.259800664451827,1.08372093023256,18,0.00447668083257069,1.46409335727109,0.0257414792690547,"Otros países","",FALSE
"Maddison (PIB per cápita)","maddison_GHA_45","Ghana (1978-1983)","GHA","Ghana",1978,1983,-0.259462151394422,5,FALSE,15,1998,100.497487696598,15,"15 años después",0.259462151394422,1.00497487696598,20,0.000248157943828264,1.35708779619884,0.0205646696705803,"Otros países","",FALSE
"Maddison (PIB per cápita)","maddison_SYR_24","Syrian Arab Republic (1993-2001)","SYR","Syrian Arab Republic",1993,2001,-0.254473638055751,8,FALSE,15,2016,33.5622532885289,15,"15 años después",0.254473638055751,0.335622532885289,23,-0.0463591835173894,0.45018197882369,-0.0518161794958335,"Otros países","",FALSE
"Maddison (PIB per cápita)","maddison_KHM_12","Cambodia (1973-1975)","KHM","Cambodia",1973,1975,-0.253430185633575,2,FALSE,15,1990,113.317191283293,15,"15 años después",0.253430185633575,1.13317191283293,17,0.0073812672367497,1.51783783783784,0.028209688259069,"Otros países","",FALSE
"Maddison (PIB per cápita)","maddison_NER_6","Niger (1971-1973)","NER","Niger",1971,1973,-0.248191027496382,2,FALSE,15,1988,67.94500723589,15,"15 años después",0.248191027496382,0.6794500723589,17,-0.0224771575151149,0.903753609239653,-0.00672386046660489,"Otros países","",FALSE
"Maddison (PIB per cápita)","maddison_AGO_20","Angola (1991-1993)","AGO","Angola",1991,1993,-0.248176797680982,2,FALSE,15,2008,469.245459669279,15,"15 años después",0.248176797680982,4.69245459669279,17,0.0952017329200883,6.24143360063748,0.129845231397741,"Otros países","",FALSE
"Maddison (PIB per cápita)","maddison_VEN_70","Venezuela (1977-1985)","VEN","Venezuela",1977,1985,-0.246708124123997,8,TRUE,15,2000,78.8769448006663,15,"15 años después",0.246708124123997,0.788769448006663,23,-0.0102635409689363,1.04709671412479,0.00307279807732486,"Venezuela","",FALSE
"Maddison (PIB per cápita)","maddison_MOZ_8","Mozambique (1980-1985)","MOZ","Mozambique",1980,1985,-0.246272493573265,5,FALSE,15,2000,61.4917675809465,15,"15 años después",0.246272493573265,0.614917675809465,20,-0.0240201556181678,0.815835524863172,-0.0134778498148882,"Otros países","",FALSE
"Maddison (PIB per cápita)","maddison_JAM_11","Jamaica (1973-1980)","JAM","Jamaica",1973,1980,-0.244265532432022,7,FALSE,15,1995,101.113219224982,15,"15 años después",0.244265532432022,1.01113219224982,22,0.000503339607756503,1.3379463761971,0.019598639210455,"Otros países","",FALSE
"Maddison (PIB per cápita)","maddison_RWA_4","Rwanda (1962-1964)","RWA","Rwanda",1962,1964,-0.243827160493827,2,FALSE,15,1979,122.222222222222,15,"15 años después",0.243827160493827,1.22222222222222,17,0.0118741025753761,1.61632653061224,0.0325282435918683,"Otros países","",FALSE
"Maddison (PIB per cápita)","maddison_COD_20","D.R. of the Congo (1995-2001)","COD","D.R. of the Congo",1995,2001,-0.241336880111978,6,FALSE,15,2016,147.189381040685,15,"15 años después",0.241336880111978,1.47189381040685,21,0.0185775926567988,1.94011514705512,0.0451737661925522,"Otros países","",FALSE
"Maddison (PIB per cápita)","maddison_SLV_27","El Salvador (1978-1983)","SLV","El Salvador",1978,1983,-0.238857142857143,5,FALSE,15,1998,116.066104180027,15,"15 años después",0.238857142857143,1.16066104180027,20,0.00747730176703998,1.52489250987273,0.0285275964365099,"Otros países","",FALSE
"Maddison (PIB per cápita)","maddison_BOL_26","Bolivia (Plurinational State of) (1978-1986)","BOL","Bolivia (Plurinational State of)",1978,1986,-0.236136783733826,8,FALSE,15,2001,96.2682916779815,15,"15 años después",0.236136783733826,0.962682916779815,23,-0.00165216356258036,1.26028180998882,0.0155418952559099,"Otros países","",FALSE
"Maddison (PIB per cápita)","maddison_MLI_12","Mali (1979-1982)","MLI","Mali",1979,1982,-0.234200743494424,3,FALSE,15,1997,86.3161089371249,15,"15 años después",0.234200743494424,0.863161089371249,18,-0.00814189284383715,1.12713753903333,0.0080106662307633,"Otros países","",FALSE
"Maddison (PIB per cápita)","maddison_CHL_76","Chile (1971-1975)","CHL","Chile",1971,1975,-0.232759603328394,4,FALSE,15,1990,116.300011398609,15,"15 años después",0.232759603328394,1.16300011398609,19,0.00797919022524263,1.5158223146635,0.0281186084471186,"Otros países","",FALSE
"Maddison (PIB per cápita)","maddison_BGR_32","Bulgaria (1987-1992)","BGR","Bulgaria",1987,1992,-0.228731352525515,5,FALSE,15,2007,135.507987843014,15,"15 años después",0.228731352525515,1.35507987843014,20,0.0153090208264661,1.75694925868871,0.0382866769218109,"Otros países","",FALSE
"Maddison (PIB per cápita)","maddison_SVK_2","Slovakia (1989-1992)","SVK","Slovakia",1989,1992,-0.227374363247907,3,FALSE,15,2007,165.776180675725,15,"15 años después",0.227374363247907,1.65776180675725,18,0.0284795811295595,2.14562101993667,0.052212687892897,"Otros países","",FALSE
"Maddison (PIB per cápita)","maddison_AFG_16","Afghanistan (1995-2001)","AFG","Afghanistan",1995,2001,-0.226337898798284,6,FALSE,15,2016,305.122539798206,15,"15 años después",0.226337898798284,3.05122539798206,21,0.0545573533085002,3.94387342128126,0.0957921826196917,"Otros países","",FALSE
"Maddison (PIB per cápita)","maddison_HTI_29","Haiti (1991-1994)","HTI","Haiti",1991,1994,-0.224950881491012,3,FALSE,15,2009,98.4892381549183,15,"15 años después",0.224950881491012,0.984892381549183,18,-0.000845359209598495,1.27074834101339,0.016101993534666,"Otros países","",FALSE
"Maddison (PIB per cápita)","maddison_CAF_12","Central African Republic (1977-1983)","CAF","Central African Republic",1977,1983,-0.220183486238532,6,FALSE,15,1998,66.0718604190693,15,"15 años después",0.220183486238532,0.660718604190693,21,-0.019541177416979,0.847274445373947,-0.0109878949555647,"Otros países","",FALSE
"Maddison (PIB per cápita)","maddison_AFG_6","Afghanistan (1968-1972)","AFG","Afghanistan",1968,1972,-0.21937984496124,4,FALSE,15,1987,93.8759689922481,15,"15 años después",0.21937984496124,0.938759689922481,19,-0.0033205669879921,1.2025819265144,0.0123739887748393,"Otros países","",FALSE
"Maddison (PIB per cápita)","maddison_VNM_7","Viet Nam (1964-1968)","VNM","Viet Nam",1964,1968,-0.219341275402943,4,FALSE,15,1983,93.4127540294324,15,"15 años después",0.219341275402943,0.934127540294324,19,-0.00358001311735223,1.19658886894075,0.0120368601881264,"Otros países","",FALSE
"Maddison (PIB per cápita)","maddison_RWA_14","Rwanda (1986-1991)","RWA","Rwanda",1986,1991,-0.219086844086561,5,FALSE,15,2006,76.8429303943015,15,"15 años después",0.219086844086561,0.768429303943015,20,-0.0130839862539384,0.984013776850997,-0.00107378182747209,"Otros países","",FALSE
"Maddison (PIB per cápita)","maddison_QAT_8","Qatar (1959-1965)","QAT","Qatar",1959,1965,-0.216168281333435,6,FALSE,15,1980,87.4589976352125,15,"15 años después",0.216168281333435,0.874589976352125,21,-0.00636064211152632,1.11578793703316,0.00733079469446873,"Otros países","",FALSE
"Maddison (PIB per cápita)","maddison_LBN_2","Lebanon (1955-1958)","LBN","Lebanon",1955,1958,-0.21398002853067,3,FALSE,15,1973,119.786019971469,15,"15 años después",0.21398002853067,1.19786019971469,18,0.0100802893703251,1.52395644283122,0.0284854930668523,"Otros países","",FALSE
"Maddison (PIB per cápita)","maddison_TGO_12","Togo (1990-1993)","TGO","Togo",1990,1993,-0.213204019707434,3,FALSE,15,2008,90.2241453285349,15,"15 años después",0.213204019707434,0.902241453285349,18,-0.00569887214509934,1.14672860040522,0.00916932929486292,"Otros países","",FALSE
"Maddison (PIB per cápita)","maddison_BGD_16","Bangladesh (1970-1973)","BGD","Bangladesh",1970,1973,-0.211155378486056,3,FALSE,15,1988,96.0159362549801,15,"15 años después",0.211155378486056,0.960159362549801,18,-0.00225611811117576,1.21717171717172,0.0131882007208048,"Otros países","",FALSE
"Maddison (PIB per cápita)","maddison_SDN_14","Sudan (Former) (1977-1981)","SDN","Sudan (Former)",1977,1981,-0.210554658050619,4,FALSE,15,1996,83.5679800123048,15,"15 años después",0.210554658050619,0.835679800123048,19,-0.00940339075235641,1.05856574954195,0.00380153593915589,"Otros países","",FALSE
"Maddison (PIB per cápita)","maddison_TTO_6","Trinidad and Tobago (1984-1989)","TTO","Trinidad and Tobago",1984,1989,-0.209841628959276,5,FALSE,15,2004,143.683648876444,15,"15 años después",0.209841628959276,1.43683648876444,20,0.0182873940427835,1.81841582830031,0.0406696288704091,"Otros países","",FALSE
"Maddison (PIB per cápita)","maddison_KHM_10","Cambodia (1968-1972)","KHM","Cambodia",1968,1972,-0.209621993127148,4,FALSE,15,1987,128.006872852234,15,"15 años después",0.209621993127148,1.28006872852234,19,0.0130802695991104,1.6195652173913,0.0326660421787561,"Otros países","",FALSE
"Maddison (PIB per cápita)","maddison_KWT_4","Kuwait (1956-1961)","KWT","Kuwait",1956,1961,-0.205747652850927,5,FALSE,15,1976,55.2553240210671,15,"15 años después",0.205747652850927,0.552553240210671,20,-0.0292247252459781,0.695689779443563,-0.0238998604295373,"Otros países","",FALSE
"Maddison (PIB per cápita)","maddison_ARG_58","Argentina (1998-2002)","ARG","Argentina",1998,2002,-0.203555528768582,4,FALSE,15,2017,126.106760042363,15,"15 años después",0.203555528768582,1.26106760042363,19,0.0122831768486573,1.58337165486734,0.0311112479210949,"Otros países","",FALSE
"Maddison (PIB per cápita)","maddison_GTM_22","Guatemala (1980-1988)","GTM","Guatemala",1980,1988,-0.203320802005013,8,FALSE,15,2003,94.0498852305836,15,"15 años después",0.203320802005013,0.940498852305836,23,-0.00266361368411128,1.18052392314598,0.0111253206792847,"Otros países","",FALSE
"Maddison (PIB per cápita)","maddison_SDN_16","Sudan (Former) (1982-1985)","SDN","Sudan (Former)",1982,1985,-0.203252032520325,3,FALSE,15,2000,122.042889374899,15,"15 años después",0.203252032520325,1.22042889374899,18,0.0111282607042331,1.53176279521557,0.0288358788872132,"Otros países","",FALSE
"Maddison (PIB per cápita)","maddison_GNB_10","Guinea-Bissau (1979-1981)","GNB","Guinea-Bissau",1979,1981,-0.200953678474114,2,FALSE,15,1996,91.1081458691642,15,"15 años después",0.200953678474114,0.911081458691642,17,-0.00546284579429979,1.1402110668025,0.00878593114184012,"Otros países","",FALSE
"Maddison (PIB per cápita)","maddison_MMR_18","Myanmar (1985-1988)","MMR","Myanmar",1985,1988,-0.198539176626826,3,FALSE,15,2003,160.064393230692,15,"15 años después",0.198539176626826,1.60064393230692,18,0.0264781455566296,1.99715804644094,0.0471948449285895,"Otros países","",FALSE
"Maddison (PIB per cápita)","maddison_QAT_12","Qatar (1973-1975)","QAT","Qatar",1973,1975,-0.197947578464192,2,FALSE,15,1990,17.1108219919014,15,"15 años después",0.197947578464192,0.171108219919014,17,-0.0986399888912559,0.213337950643386,-0.0978656740267814,"Otros países","",FALSE
"Maddison (PIB per cápita)","maddison_CAF_14","Central African Republic (1986-1993)","CAF","Central African Republic",1986,1993,-0.197022224902549,7,FALSE,15,2008,77.6119918567276,15,"15 años después",0.197022224902549,0.776119918567276,22,-0.0114542689700173,0.966552179446168,-0.0022654296152318,"Otros países","",FALSE
"Maddison (PIB per cápita)","maddison_TKM_1","Turkmenistan (1973-1985)","TKM","Turkmenistan",1973,1985,-0.195892369686728,12,FALSE,15,2000,54.2466475956713,15,"15 años después",0.195892369686728,0.542466475956713,27,-0.0223982745597744,0.674619236911573,-0.0258991669919318,"Otros países","",FALSE
"Maddison (PIB per cápita)","maddison_ZMB_38","Zambia (1981-1987)","ZMB","Zambia",1981,1987,-0.193699731903485,6,FALSE,15,2002,105.832624963783,15,"15 años después",0.193699731903485,1.05832624963783,21,0.00270310636444382,1.31257087652505,0.0182979065304592,"Otros países","",FALSE
"Maddison (PIB per cápita)","maddison_DJI_18","Djibouti (1995-2002)","DJI","Djibouti",1995,2002,-0.193585603714967,7,FALSE,15,2017,141.351607471263,15,"15 años después",0.193585603714967,1.41351607471263,22,0.015855303684069,1.7528408238052,0.038124638654375,"Otros países","",FALSE
"Maddison (PIB per cápita)","maddison_MDG_8","Madagascar (1971-1978)","MDG","Madagascar",1971,1978,-0.192346424974824,7,FALSE,15,1993,58.1162882020534,15,"15 años después",0.192346424974824,0.581162882020534,22,-0.0243674825158788,0.719569503549115,-0.0217012094877543,"Otros países","",FALSE
"Maddison (PIB per cápita)","maddison_LSO_8","Lesotho (1978-1981)","LSO","Lesotho",1978,1981,-0.191313340227508,3,FALSE,15,1996,99.8790472869235,15,"15 años después",0.191313340227508,0.998790472869235,18,-6.72343618395299e-05,1.23507722156592,0.0141750935840654,"Otros países","",FALSE
"Maddison (PIB per cápita)","maddison_GHA_43","Ghana (1974-1976)","GHA","Ghana",1974,1976,-0.190168175937904,2,FALSE,15,1991,75.1456470805373,15,"15 años después",0.190168175937904,0.751456470805373,17,-0.0166678803981983,0.92791669637788,-0.00497513727322141,"Otros países","",FALSE
"Maddison (PIB per cápita)","maddison_HTI_17","Haiti (1962-1967)","HTI","Haiti",1962,1967,-0.189277899343545,5,FALSE,15,1982,101.477024070022,15,"15 años después",0.189277899343545,1.01477024070022,20,0.000733379943032908,1.25168690958165,0.0150786981511732,"Otros países","",FALSE
"Maddison (PIB per cápita)","maddison_VEN_80","Venezuela (2001-2003)","VEN","Venezuela",2001,2003,-0.188975855520166,2,TRUE,15,2018,60.1960998688375,15,"15 años después",0.188975855520166,0.601960998688375,17,-0.0294153186771609,0.742223277550454,-0.0196774980807902,"Venezuela","",FALSE
"Maddison (PIB per cápita)","maddison_PHL_24","Philippines (1982-1985)","PHL","Philippines",1982,1985,-0.187613371339725,3,FALSE,15,2000,104.523474783162,15,"15 años después",0.187613371339725,1.04523474783162,18,0.00246088408687095,1.28662229406132,0.016943297168545,"Otros países","",FALSE
"Maddison (PIB per cápita)","maddison_CHL_78","Chile (1981-1983)","CHL","Chile",1981,1983,-0.186697782963827,2,FALSE,15,1998,161.870593482057,15,"15 años después",0.186697782963827,1.61870593482057,17,0.028736141209498,1.99028835888268,0.0469543206569003,"Otros países","",FALSE
"Maddison (PIB per cápita)","maddison_COG_6","Congo (1984-1990)","COG","Congo",1984,1990,-0.186535162950257,6,FALSE,15,2005,103.359933276269,15,"15 años después",0.186535162950257,1.03359933276269,21,0.00157491547398592,1.27061341275835,0.0160948005204702,"Otros países","",FALSE
"Maddison (PIB per cápita)","maddison_GNB_18","Guinea-Bissau (1997-1998)","GNB","Guinea-Bissau",1997,1998,-0.185353722543591,1,FALSE,15,2013,99.2721946367736,15,"15 años después",0.185353722543591,0.992721946367736,16,-0.0004564375429571,1.21859262582938,0.0132670098794592,"Otros países","",FALSE
"Maddison (PIB per cápita)","maddison_HTI_25","Haiti (1980-1987)","HTI","Haiti",1980,1987,-0.184682501211827,7,FALSE,15,2002,72.4277109696234,15,"15 años después",0.184682501211827,0.724277109696234,22,-0.0145558072427252,0.888337501369399,-0.00786249686576979,"Otros países","",FALSE
"Maddison (PIB per cápita)","maddison_IRQ_24","Iraq (2002-2003)","IRQ","Iraq",2002,2003,-0.183347065286359,1,FALSE,15,2018,296.32495005545,15,"15 años después",0.183347065286359,2.9632495005545,16,0.0702506832039536,3.62852978859809,0.089721148689432,"Otros países","",FALSE
"Maddison (PIB per cápita)","maddison_HUN_28","Hungary (1988-1992)","HUN","Hungary",1988,1992,-0.183196143089723,4,FALSE,15,2007,176.35219653531,15,"15 años después",0.183196143089723,1.7635219653531,19,0.0303088122886064,2.15905195651741,0.0526505124870713,"Otros países","",FALSE
"Maddison (PIB per cápita)","maddison_DMA_12","Dominica (1978-1979)","DMA","Dominica",1978,1979,-0.183086680761099,1,FALSE,15,1994,188.556670887979,15,"15 años después",0.183086680761099,1.88556670887979,16,0.0404353965417308,2.30816007582852,0.0573474648018297,"Otros países","",FALSE
"Maddison (PIB per cápita)","maddison_GMB_6","Gambia (1969-1972)","GMB","Gambia",1969,1972,-0.18109269490485,3,FALSE,15,1987,86.3106200122775,15,"15 años después",0.18109269490485,0.863106200122775,18,-0.00814539701663786,1.05397301349325,0.00351060417976035,"Otros países","",FALSE
"Maddison (PIB per cápita)","maddison_KEN_19","Kenya (1951-1953)","KEN","Kenya",1951,1953,-0.179007323026851,2,FALSE,15,1968,111.147274206672,15,"15 años después",0.179007323026851,1.11147274206672,17,0.00623618397478531,1.35381565906838,0.0204004360846546,"Otros países","",FALSE
"Maddison (PIB per cápita)","maddison_NER_14","Niger (1988-1993)","NER","Niger",1988,1993,-0.178337142979854,5,FALSE,15,2008,86.2034496348783,15,"15 años después",0.178337142979854,0.862034496348783,20,-0.00739551708951047,1.04913406877737,0.00320279318488859,"Otros países","",FALSE
"Maddison (PIB per cápita)","maddison_MNG_2","Mongolia (1989-1992)","MNG","Mongolia",1989,1992,-0.175173627379803,3,FALSE,15,2007,277.624965278506,15,"15 años después",0.175173627379803,2.77624965278506,18,0.0583677170829622,3.36585946441776,0.0842757178032945,"Otros países","",FALSE
"Maddison (PIB per cápita)","maddison_SLE_14","Sierra Leone (1989-1992)","SLE","Sierra Leone",1989,1992,-0.174806213829402,3,FALSE,15,2007,80.4359112251492,15,"15 años después",0.174806213829402,0.804359112251492,18,-0.0120221194410191,0.974751780408101,-0.0017033759119125,"Otros países","",FALSE
"Maddison (PIB per cápita)","maddison_CPV_6","Cabo Verde (1974-1975)","CPV","Cabo Verde",1974,1975,-0.173680694722779,1,FALSE,15,1990,131.2625250501,15,"15 años después",0.173680694722779,1.312625250501,16,0.0171471747954546,1.58852061438965,0.0313344471512045,"Otros países","",FALSE
"Maddison (PIB per cápita)","maddison_POL_103","Poland (1988-1991)","POL","Poland",1988,1991,-0.173619128024969,3,FALSE,15,2006,181.095015041921,15,"15 años después",0.173619128024969,1.81095015041921,18,0.0335420212423805,2.19142312199348,0.0536953964527886,"Otros países","",FALSE
"Maddison (PIB per cápita)","maddison_SYR_10","Syrian Arab Republic (1962-1966)","SYR","Syrian Arab Republic",1962,1966,-0.173029251363411,4,FALSE,15,1981,181.523715088415,15,"15 años después",0.173029251363411,1.81523715088415,19,0.0318773321852841,2.19504396482814,0.0538113736520849,"Otros países","",FALSE
"Maddison (PIB per cápita)","maddison_URY_52","Uruguay (1981-1984)","URY","Uruguay",1981,1984,-0.172695668514517,3,FALSE,15,1999,125.422872135367,15,"15 años después",0.172695668514517,1.25422872135367,18,0.0126640078521953,1.51604273496503,0.0281285745596707,"Otros países","",FALSE
"Maddison (PIB per cápita)","maddison_PER_196","Peru (1981-1983)","PER","Peru",1981,1983,-0.172229446611761,2,FALSE,15,1998,85.634054649345,15,"15 años después",0.172229446611761,0.85634054649345,17,-0.00908128712406597,1.03451438685306,0.00226470225066477,"Otros países","",FALSE
"Maddison (PIB per cápita)","maddison_BFA_8","Burkina Faso (1972-1976)","BFA","Burkina Faso",1972,1976,-0.170790103750998,4,FALSE,15,1991,106.243440723958,15,"15 años después",0.170790103750998,1.06243440723959,19,0.00319260583679859,1.28126112826872,0.01666024949212,"Otros países","",FALSE
"Maddison (PIB per cápita)","maddison_URY_58","Uruguay (1998-2002)","URY","Uruguay",1998,2002,-0.170597034111211,4,FALSE,15,2017,143.016350847882,15,"15 años después",0.170597034111211,1.43016350847882,19,0.0190094096373461,1.72432890560773,0.0369902519588643,"Otros países","",FALSE
"Maddison (PIB per cápita)","maddison_CIV_14","Côte d'Ivoire (1980-1984)","CIV","Côte d'Ivoire",1980,1984,-0.169074700276668,4,FALSE,15,1999,74.3147108844534,15,"15 años después",0.169074700276668,0.743147108844534,19,-0.0155028510894746,0.894360911976053,-0.0074154277409576,"Otros países","",FALSE
"Maddison (PIB per cápita)","maddison_OMN_8","Oman (1972-1973)","OMN","Oman",1972,1973,-0.166480625099665,1,FALSE,15,1988,169.558284165205,15,"15 años después",0.166480625099665,1.69558284165205,16,0.033552253716262,2.03424526497035,0.0484801697351152,"Otros países","",FALSE
"Maddison (PIB per cápita)","maddison_QAT_14","Qatar (1976-1977)","QAT","Qatar",1976,1977,-0.166216534648081,1,FALSE,15,1992,27.2655352808831,15,"15 años después",0.166216534648081,0.272655352808831,16,-0.0780107088794019,0.327009786280363,-0.0718089353326998,"Otros países","",FALSE
"Maddison (PIB per cápita)","maddison_BDI_2","Burundi (1959-1961)","BDI","Burundi",1959,1961,-0.164402173913043,2,FALSE,15,1976,129.891304347826,15,"15 años después",0.164402173913043,1.29891304347826,17,0.0155029305981282,1.55447154471545,0.0298457595477781,"Otros países","",FALSE
"Maddison (PIB per cápita)","maddison_TTO_4","Trinidad and Tobago (1981-1983)","TTO","Trinidad and Tobago",1981,1983,-0.163365848852104,2,FALSE,15,1998,83.8198579555429,15,"15 años después",0.163365848852104,0.838198579555429,17,-0.0103286562192728,1.00186990742057,0.000124551843940113,"Otros países","",FALSE
"Maddison (PIB per cápita)","maddison_SRB_18","Serbia (1998-1999)","SRB","Serbia",1998,1999,-0.162207253520606,1,FALSE,15,2014,192.584531409513,15,"15 años después",0.162207253520606,1.92584531409513,16,0.0418107575713189,2.29871328223835,0.0570584128829217,"Otros países","",FALSE
"Maddison (PIB per cápita)","maddison_SYR_6","Syrian Arab Republic (1957-1958)","SYR","Syrian Arab Republic",1957,1958,-0.162082684656634,1,FALSE,15,1973,110.759384189587,15,"15 años después",0.162082684656634,1.10759384189587,16,0.00640731158619556,1.32184145334434,0.0187758101036288,"Otros países","",FALSE
"Maddison (PIB per cápita)","maddison_TCD_4","Chad (1962-1968)","TCD","Chad",1962,1968,-0.160358565737052,6,FALSE,15,1983,57.4701195219124,15,"15 años después",0.160358565737052,0.574701195219124,21,-0.0260316104998987,0.684460260972717,-0.0249582412681849,"Otros países","",FALSE
"Maddison (PIB per cápita)","maddison_JOR_9","Jordan (1965-1968)","JOR","Jordan",1965,1968,-0.160031533307056,3,FALSE,15,1983,143.121797398502,15,"15 años después",0.160031533307056,1.43121797398502,18,0.0201177896280675,1.7038948850305,0.0361664351475839,"Otros países","",FALSE
"Maddison (PIB per cápita)","maddison_CSK_16","Czechoslovakia (1989-1992)","CSK","Czechoslovakia",1989,1992,-0.159778966080206,3,FALSE,15,2007,165.613963198871,15,"15 años después",0.159778966080206,1.65613963198871,18,0.0284236440944725,1.97107613964685,0.0462775177872403,"Otros países","",FALSE
"Maddison (PIB per cápita)","maddison_SYC_14","Seychelles (1979-1983)","SYC","Seychelles",1979,1983,-0.159636309435087,4,FALSE,15,1998,205.711540498815,15,"15 años después",0.159636309435087,2.05711540498815,19,0.0386932221689074,2.4478870613809,0.0614985985457417,"Otros países","",FALSE
"Maddison (PIB per cápita)","maddison_BRB_6","Barbados (1989-1993)","BRB","Barbados",1989,1993,-0.159609026785465,4,FALSE,15,2008,94.7259399188035,15,"15 años después",0.159609026785465,0.947259399188035,19,-0.00284763810845434,1.12716512835059,0.00801231110594136,"Otros países","",FALSE
"Maddison (PIB per cápita)","maddison_TJK_1","Tajikistan (1973-1982)","TJK","Tajikistan",1973,1982,-0.157652826719779,9,FALSE,15,1997,23.7878406644788,15,"15 años después",0.157652826719779,0.237878406644788,24,-0.0580783211619261,0.282399483479543,-0.0808404019775119,"Otros países","",FALSE
"Maddison (PIB per cápita)","maddison_STP_15","Sao Tome and Principe (1979-1981)","STP","Sao Tome and Principe",1979,1981,-0.155386949924127,2,FALSE,15,1996,67.4067836019869,15,"15 años después",0.155386949924127,0.674067836019869,17,-0.0229343588115768,0.798078878794635,-0.0149240387081108,"Otros países","",FALSE
"Maddison (PIB per cápita)","maddison_SDN_12","Sudan (Former) (1971-1973)","SDN","Sudan (Former)",1971,1973,-0.154996600951734,2,FALSE,15,1988,87.1515975526852,15,"15 años después",0.154996600951734,0.871515975526852,17,-0.00805684372149207,1.03137570394208,0.00206169210187279,"Otros países","",FALSE
"Maddison (PIB per cápita)","maddison_UGA_29","Uganda (1983-1986)","UGA","Uganda",1983,1986,-0.153846153846154,3,FALSE,15,2001,123.85448069166,15,"15 años después",0.153846153846154,1.2385448069166,18,0.011956309085233,1.46373477181052,0.0257247290609053,"Otros países","",FALSE
"Maddison (PIB per cápita)","maddison_TCD_6","Chad (1969-1973)","TCD","Chad",1969,1973,-0.153234960272418,4,FALSE,15,1988,78.5471055618615,15,"15 años después",0.153234960272418,0.785471055618615,19,-0.012628616533117,0.927613941018767,-0.00499678397125336,"Otros países","",FALSE
"Maddison (PIB per cápita)","maddison_DMA_8","Dominica (1964-1965)","DMA","Dominica",1964,1965,-0.152219873150106,1,FALSE,15,1980,156.377730796335,15,"15 años después",0.152219873150106,1.56377730796335,16,0.0283381116716717,1.84455527847049,0.0416602978773923,"Otros países","",FALSE
"Maddison (PIB per cápita)","maddison_DOM_8","Dominican Republic (1964-1965)","DOM","Dominican Republic",1964,1965,-0.151374207188161,1,FALSE,15,1980,159.873150105708,15,"15 años después",0.151374207188161,1.59873150105708,16,0.0297598878112373,1.88390632785252,0.0431272408842249,"Otros países","",FALSE
"Maddison (PIB per cápita)","maddison_TZA_14","U.R. of Tanzania: Mainland (1978-1985)","TZA","U.R. of Tanzania: Mainland",1978,1985,-0.151057401812689,7,FALSE,15,2000,115.677761339328,15,"15 años después",0.151057401812689,1.15677761339328,22,0.00664187918889692,1.36260992894369,0.020840997646278,"Otros países","",FALSE
"Maddison (PIB per cápita)","maddison_VNM_11","Viet Nam (1973-1975)","VNM","Viet Nam",1973,1975,-0.150787696924231,2,FALSE,15,1990,122.58064516129,15,"15 años después",0.150787696924231,1.2258064516129,17,0.012048413483762,1.4434628975265,0.0247715070380254,"Otros países","",FALSE
"Maddison (PIB per cápita)","maddison_JOR_11","Jordan (1969-1972)","JOR","Jordan",1969,1972,-0.150678733031674,3,FALSE,15,1987,178.981900452489,15,"15 años después",0.150678733031674,1.78981900452489,18,0.0328683053416121,2.10735215769845,0.0509510160951854,"Otros países","",FALSE
"Maddison (PIB per cápita)","maddison_GEO_4","Georgia (1988-1994)","GEO","Georgia",1988,1994,-0.76382706560621,6,FALSE,20,2014,70.2870991233011,20,"20 años después",0.76382706560621,0.702870991233011,26,-0.013469308910581,2.97608611688356,0.0560446353174722,"Otros países","",FALSE
"Maddison (PIB per cápita)","maddison_IRQ_20","Iraq (1987-1991)","IRQ","Iraq",1987,1991,-0.749051209057368,4,FALSE,20,2011,189.755452742895,20,"20 años después",0.749051209057368,1.89755452742895,24,0.0270496234261799,7.56152089954774,0.106446598111411,"Otros países","Iraq (1987-1991)",TRUE
"Maddison (PIB per cápita)","maddison_QAT_18","Qatar (1980-1990)","QAT","Qatar",1980,1990,-0.744766681203663,10,FALSE,20,2010,293.944138359769,20,"20 años después",0.744766681203663,2.93944138359769,30,0.0365943247865146,11.5166836268082,0.129968590940712,"Otros países","",FALSE
"Maddison (PIB per cápita)","maddison_TJK_5","Tajikistan (1988-1997)","TJK","Tajikistan",1988,1997,-0.718471013568354,9,FALSE,20,2017,76.0181635787327,20,"20 años después",0.718471013568354,0.760181635787327,29,-0.00941054039888045,2.70018958055637,0.0509201347946757,"Otros países","",FALSE
"Maddison (PIB per cápita)","maddison_LBN_12","Lebanon (1973-1976)","LBN","Lebanon",1973,1976,-0.70918185066095,3,FALSE,20,1996,78.2112734832825,20,"20 años después",0.70918185066095,0.782112734832825,23,-0.0106281778097156,2.68935324913645,0.0507088554747788,"Otros países","",FALSE
"Maddison (PIB per cápita)","maddison_AFG_14","Afghanistan (1986-1994)","AFG","Afghanistan",1986,1994,-0.681231727463138,8,FALSE,20,2014,150.446428571429,20,"20 años después",0.681231727463138,1.50446428571429,28,0.0146939413174507,4.71961740025526,0.0806755845883071,"Otros países","",FALSE
"Maddison (PIB per cápita)","maddison_MDA_6","Republic of Moldova (1989-1996)","MDA","Republic of Moldova",1989,1996,-0.678703669108107,7,FALSE,20,2016,59.3185705437308,20,"20 años después",0.678703669108107,0.593185705437309,27,-0.0191566438231489,1.84622620429767,0.0311319540406634,"Otros países","",FALSE
"Maddison (PIB per cápita)","maddison_AZE_2","Azerbaijan (1988-1995)","AZE","Azerbaijan",1988,1995,-0.678460651251502,7,FALSE,20,2015,187.218668381495,20,"20 años después",0.678460651251502,1.87218668381496,27,0.0234980171459849,5.82257409894596,0.0920832628535,"Otros países","",FALSE
"Maddison (PIB per cápita)","maddison_MNE_19","Montenegro (1986-1993)","MNE","Montenegro",1986,1993,-0.628250268580291,7,FALSE,20,2013,200.274280014961,20,"20 años después",0.628250268580291,2.00274280014961,27,0.0260565637578245,5.38734161959217,0.0878492728595863,"Otros países","",FALSE
"Maddison (PIB per cápita)","maddison_ARM_5","Armenia (1989-1993)","ARM","Armenia",1989,1993,-0.607586962729169,4,FALSE,20,2013,89.2644811022076,20,"20 años después",0.607586962729169,0.892644811022076,24,-0.00472076056872894,2.27475829353244,0.0419497213543807,"Otros países","",FALSE
"Maddison (PIB per cápita)","maddison_LBN_20","Lebanon (1987-1989)","LBN","Lebanon",1987,1989,-0.598839084166398,2,FALSE,20,2009,226.3680453288,20,"20 años después",0.598839084166398,2.263680453288,22,0.037834157055799,5.64282402383127,0.090372338300567,"Otros países","",FALSE
"Maddison (PIB per cápita)","maddison_DJI_14","Djibouti (1976-1991)","DJI","Djibouti",1976,1991,-0.587260621926879,15,FALSE,20,2011,53.0955309553096,20,"20 años después",0.587260621926879,0.530955309553096,35,-0.017925321731346,1.28641786502627,0.0126727020185107,"Otros países","",FALSE
"Maddison (PIB per cápita)","maddison_BIH_13","Bosnia and Herzegovina (1989-1993)","BIH","Bosnia and Herzegovina",1989,1993,-0.578149410053121,4,FALSE,20,2013,135.79280330765,20,"20 años después",0.578149410053121,1.3579280330765,24,0.0128299411381712,3.21897862759299,0.0601953733719243,"Otros países","",FALSE
"Maddison (PIB per cápita)","maddison_SRB_16","Serbia (1989-1993)","SRB","Serbia",1989,1993,-0.573689539124695,4,FALSE,20,2013,117.307769617611,20,"20 años después",0.573689539124695,1.17307769617611,24,0.00667345243571194,2.75169812574511,0.0519135257386594,"Otros países","",FALSE
"Maddison (PIB per cápita)","maddison_UKR_4","Ukraine (1989-1997)","UKR","Ukraine",1989,1997,-0.542510987915124,8,FALSE,20,2017,94.0042671494455,20,"20 años después",0.542510987915124,0.940042671494455,28,-0.00220577831419577,2.05478743021713,0.0366647826227895,"Otros países","",FALSE
"Maddison (PIB per cápita)","maddison_ARE_12","United Arab Emirates (1980-1988)","ARE","United Arab Emirates",1980,1988,-0.54231570367687,8,FALSE,20,2008,144.589034687492,20,"20 años después",0.54231570367687,1.44589034687492,28,0.0132558503084705,3.15914344995159,0.059201207843592,"Otros países","",FALSE
"Maddison (PIB per cápita)","maddison_KGZ_5","Kyrgyzstan (1990-1995)","KGZ","Kyrgyzstan",1990,1995,-0.516539479237331,5,FALSE,20,2015,83.1201654122588,20,"20 años después",0.516539479237331,0.831201654122588,25,-0.00736803591663659,1.71927513918065,0.0274655497111136,"Otros países","",FALSE
"Maddison (PIB per cápita)","maddison_KWT_14","Kuwait (1979-1982)","KWT","Kuwait",1979,1982,-0.5085894796621,3,FALSE,20,2002,141.773082142147,20,"20 años después",0.5085894796621,1.41773082142147,23,0.0152921631444796,2.88502334147552,0.0544050239769154,"Otros países","",FALSE
"Maddison (PIB per cápita)","maddison_KWT_20","Kuwait (1989-1991)","KWT","Kuwait",1989,1991,-0.503117326042274,2,FALSE,20,2011,607.243524131958,20,"20 años después",0.503117326042274,6.07243524131958,22,0.0854439546240708,12.2210645683255,0.133327565120689,"Otros países","",FALSE
"Maddison (PIB per cápita)","maddison_AGO_14","Angola (1973-1977)","AGO","Angola",1973,1977,-0.474053295932679,4,FALSE,20,1997,59.1626152984762,20,"20 años después",0.474053295932679,0.591626152984762,24,-0.0216325993899643,1.12487852554169,0.00590109589681198,"Otros países","",FALSE
"Maddison (PIB per cápita)","maddison_LTU_4","Lithuania (1988-1994)","LTU","Lithuania",1988,1994,-0.472762431170335,6,FALSE,20,2014,156.711144989311,20,"20 años después",0.472762431170335,1.56711144989311,26,0.0174283661089527,2.97230611500562,0.0559775293793505,"Otros países","",FALSE
"Maddison (PIB per cápita)","maddison_CUB_36","Cuba (1988-1993)","CUB","Cuba",1988,1993,-0.467868246757234,5,FALSE,20,2013,147.757308770525,20,"20 años después",0.467868246757234,1.47757308770525,25,0.0157386049365824,2.77670535295261,0.0523894600757462,"Otros países","",FALSE
"Maddison (PIB per cápita)","maddison_LVA_6","Latvia (1990-1993)","LVA","Latvia",1990,1993,-0.466067926792929,3,FALSE,20,2013,130.215850243439,20,"20 años después",0.466067926792929,1.30215850243439,23,0.011545412472304,2.4388092938732,0.0455839114413084,"Otros países","",FALSE
"Maddison (PIB per cápita)","maddison_SLE_16","Sierra Leone (1994-1999)","SLE","Sierra Leone",1994,1999,-0.457326841325899,5,FALSE,20,2019,113.80888616275,20,"20 años después",0.457326841325899,1.1380888616275,25,0.0051874250773889,2.09719025795961,0.0377240730442565,"Otros países","",FALSE
"Maddison (PIB per cápita)","maddison_RWA_16","Rwanda (1992-1994)","RWA","Rwanda",1992,1994,-0.456631272378131,2,FALSE,20,2014,123.024300715016,20,"20 años después",0.456631272378131,1.23024300715016,22,0.00946321007166473,2.26410344322629,0.0417051548445169,"Otros países","",FALSE
"Maddison (PIB per cápita)","maddison_TCD_8","Chad (1975-1981)","TCD","Chad",1975,1981,-0.452731092436975,6,FALSE,20,2001,82.2536937212306,20,"20 años después",0.452731092436975,0.822536937212306,26,-0.00748575988749756,1.5029849601269,0.0205815942163607,"Otros países","",FALSE
"Maddison (PIB per cápita)","maddison_IRN_7","Iran (Islamic Republic of) (1976-1981)","IRN","Iran (Islamic Republic of)",1976,1981,-0.448007501172058,5,FALSE,20,2001,90.2074698845014,20,"20 años después",0.448007501172058,0.902074698845014,25,-0.00411383281753064,1.63421550249398,0.0248621786648222,"Otros países","",FALSE
"Maddison (PIB per cápita)","maddison_IRQ_18","Iraq (1979-1986)","IRQ","Iraq",1979,1986,-0.443588076887362,7,FALSE,20,2006,66.0935416981875,20,"20 años después",0.443588076887362,0.660935416981875,27,-0.0152199926195237,1.18785272120791,0.00864451191213433,"Otros países","",FALSE
"Maddison (PIB per cápita)","maddison_YUG_24","Former Yugoslavia (1989-1993)","YUG","Former Yugoslavia",1989,1993,-0.438400223171273,4,FALSE,20,2013,146.657226661272,20,"20 años después",0.438400223171273,1.46657226661272,24,0.0160832945337042,2.61141889139317,0.049165079530594,"Otros países","",FALSE
"Maddison (PIB per cápita)","maddison_COD_18","D.R. of the Congo (1986-1994)","COD","D.R. of the Congo",1986,1994,-0.430781454574356,8,FALSE,20,2014,85.0010085932137,20,"20 años después",0.430781454574356,0.850010085932137,28,-0.00578701405691384,1.49329302912386,0.0202515233309546,"Otros países","",FALSE
"Maddison (PIB per cápita)","maddison_KWT_10","Kuwait (1971-1975)","KWT","Kuwait",1971,1975,-0.412802726055738,4,FALSE,20,1995,55.886091806192,20,"20 años después",0.412802726055738,0.55886091806192,24,-0.0239524196546171,0.951743039111875,-0.00246995450645748,"Otros países","",FALSE
"Maddison (PIB per cápita)","maddison_BLR_4","Belarus (1989-1995)","BLR","Belarus",1989,1995,-0.411954753139423,6,FALSE,20,2015,152.382612008072,20,"20 años después",0.411954753139423,1.52382612008072,26,0.0163328835485397,2.59134161565974,0.0487602863968013,"Otros países","",FALSE
"Maddison (PIB per cápita)","maddison_SUN_59","Former USSR (1989-1996)","SUN","Former USSR",1989,1996,-0.401293063282831,7,FALSE,20,2016,158.675758342615,20,"20 años después",0.401293063282831,1.58675758342615,27,0.017246766096612,2.65030766492645,0.0499408052853803,"Otros países","",FALSE
"Maddison (PIB per cápita)","maddison_CMR_8","Cameroon (1986-1994)","CMR","Cameroon",1986,1994,-0.397839256921597,8,FALSE,20,2014,99.0459563084689,20,"20 años después",0.397839256921597,0.990459563084689,28,-0.000342307057684565,1.64484246850966,0.0251943770831513,"Otros países","",FALSE
"Maddison (PIB per cápita)","maddison_SAU_6","Saudi Arabia (1981-1986)","SAU","Saudi Arabia",1981,1986,-0.397139251156921,5,FALSE,20,2006,161.188442688244,20,"20 años después",0.397139251156921,1.61188442688244,25,0.0192796556366008,2.6737259474526,0.0504027365810042,"Otros países","",FALSE
"Maddison (PIB per cápita)","maddison_HRV_8","Croatia (1986-1993)","HRV","Croatia",1986,1993,-0.393761082170465,7,FALSE,20,2013,134.59307730559,20,"20 años después",0.393761082170465,1.3459307730559,27,0.0110639353121642,2.22013258052554,0.0406841628428622,"Otros países","",FALSE
"Maddison (PIB per cápita)","maddison_LBN_16","Lebanon (1980-1982)","LBN","Lebanon",1980,1982,-0.387369791666667,2,FALSE,20,2002,178.995230709099,20,"20 años después",0.387369791666667,1.78995230709099,22,0.0268163932303218,2.92174999329624,0.0550721333948609,"Otros países","",FALSE
"Maddison (PIB per cápita)","maddison_NIC_34","Nicaragua (1983-1993)","NIC","Nicaragua",1983,1993,-0.384727408339616,10,FALSE,20,2013,131.713703811463,20,"20 años después",0.384727408339616,1.31713703811463,30,0.00922429971067351,2.14073738366955,0.038790979378448,"Otros países","",FALSE
"Maddison (PIB per cápita)","maddison_PSE_26","State of Palestine (1999-2002)","PSE","State of Palestine",1999,2002,-0.38076305638382,3,FALSE,20,2022,76.9617094479342,20,"20 años después",0.38076305638382,0.769617094479342,23,-0.0113207442515162,1.24284751162452,0.0109295522611987,"Otros países","",FALSE
"Maddison (PIB per cápita)","maddison_TKM_7","Turkmenistan (1993-1997)","TKM","Turkmenistan",1993,1997,-0.379689332668402,4,FALSE,20,2017,393.199879348841,20,"20 años después",0.379689332668402,3.93199879348841,24,0.0587064460304967,6.33875733655002,0.0967312196471535,"Otros países","",FALSE
"Maddison (PIB per cápita)","maddison_KAZ_7","Kazakhstan (1988-1995)","KAZ","Kazakhstan",1988,1995,-0.373852542557151,7,FALSE,20,2015,194.048317193012,20,"20 años después",0.373852542557151,1.94048317193012,27,0.0248571348208382,3.09908336904369,0.0581851509446325,"Otros países","",FALSE
"Maddison (PIB per cápita)","maddison_LBY_10","Libya (1979-1984)","LBY","Libya",1979,1984,-0.373211534228483,5,FALSE,20,2004,156.210202595534,20,"20 años después",0.373211534228483,1.56210202595534,25,0.0180014013223144,2.49223160804744,0.0467173428982595,"Otros países","",FALSE
"Maddison (PIB per cápita)","maddison_UZB_5","Uzbekistan (1988-1996)","UZB","Uzbekistan",1988,1996,-0.372921859786908,8,FALSE,20,2016,138.647404481912,20,"20 años después",0.372921859786908,1.38647404481912,28,0.0117384998031118,2.21100682021538,0.0404698597275144,"Otros países","",FALSE
"Maddison (PIB per cápita)","maddison_GAB_2","Gabon (1976-1978)","GAB","Gabon",1976,1978,-0.371381501529772,2,FALSE,20,1998,92.2425678280113,20,"20 años después",0.371381501529772,0.922425678280113,22,-0.0036636574548633,1.46738551366986,0.0193591165934957,"Otros países","",FALSE
"Maddison (PIB per cápita)","maddison_EST_4","Estonia (1989-1994)","EST","Estonia",1989,1994,-0.357257544969001,5,FALSE,20,2014,127.710887565902,20,"20 años después",0.357257544969001,1.27710887565902,25,0.00983197264363067,1.98696828825073,0.0349265936490339,"Otros países","",FALSE
"Maddison (PIB per cápita)","maddison_MOZ_6","Mozambique (1973-1979)","MOZ","Mozambique",1973,1979,-0.351306095110516,6,FALSE,20,1999,43.5892933752277,20,"20 años después",0.351306095110516,0.435892933752277,26,-0.0314322745643303,0.671954723894838,-0.019681946707202,"Otros países","",FALSE
"Maddison (PIB per cápita)","maddison_NIC_30","Nicaragua (1977-1979)","NIC","Nicaragua",1977,1979,-0.351057747284162,2,FALSE,20,1999,52.3752048836623,20,"20 años después",0.351057747284162,0.523752048836623,22,-0.0289692391461969,0.807085756312998,-0.0106590529026995,"Otros países","",FALSE
"Maddison (PIB per cápita)","maddison_MOZ_10","Mozambique (1990-1995)","MOZ","Mozambique",1990,1995,-0.343575360348206,5,FALSE,20,2015,61.3962698909527,20,"20 años después",0.343575360348206,0.613962698909527,25,-0.0193237008414812,0.935313304563352,-0.00333810214354502,"Otros países","",FALSE
"Maddison (PIB per cápita)","maddison_UGA_27","Uganda (1971-1980)","UGA","Uganda",1971,1980,-0.341516245487365,9,FALSE,20,2000,86.0616519744498,20,"20 años después",0.341516245487365,0.860616519744498,29,-0.00516270523053208,1.30696697351549,0.0134754445708247,"Otros países","",FALSE
"Maddison (PIB per cápita)","maddison_RUS_51","Russian Federation (1989-1996)","RUS","Russian Federation",1989,1996,-0.335784053298137,7,FALSE,20,2016,184.947272623172,20,"20 años después",0.335784053298137,1.84947272623172,27,0.0230354054090953,2.78444493152446,0.0525359337829123,"Otros países","",FALSE
"Maddison (PIB per cápita)","maddison_DZA_6","Algeria (1960-1962)","DZA","Algeria",1960,1962,-0.313701923076923,2,FALSE,20,1982,154.597355769231,20,"20 años después",0.313701923076923,1.54597355769231,22,0.0199998166694402,2.25262697022767,0.0414405030496678,"Otros países","",FALSE
"Maddison (PIB per cápita)","maddison_MKD_10","TFYR of Macedonia (1989-1995)","MKD","TFYR of Macedonia",1989,1995,-0.310295924082278,6,FALSE,20,2015,121.623953270572,20,"20 años después",0.310295924082278,1.21623953270572,26,0.00755779195324702,1.76342227800726,0.0287688744930787,"Otros países","",FALSE
"Maddison (PIB per cápita)","maddison_GNQ_4","Equatorial Guinea (1977-1982)","GNQ","Equatorial Guinea",1977,1982,-0.309432933478735,5,FALSE,20,2002,677.345753164419,20,"20 años después",0.309432933478735,6.77345753164419,25,0.0795242845290065,9.80854410820012,0.120934477885072,"Otros países","",FALSE
"Maddison (PIB per cápita)","maddison_COD_14","D.R. of the Congo (1974-1983)","COD","D.R. of the Congo",1974,1983,-0.307164634146341,9,FALSE,20,2003,33.2338785254835,20,"20 años después",0.307164634146341,0.332338785254835,29,-0.0372737932594429,0.479679302810058,-0.0360654451884926,"Otros países","",FALSE
"Maddison (PIB per cápita)","maddison_TKM_5","Turkmenistan (1988-1992)","TKM","Turkmenistan",1988,1992,-0.304989599240861,4,FALSE,20,2012,262.592452985631,20,"20 años después",0.304989599240861,2.62592452985631,24,0.0410464159585013,3.77825213405165,0.0687215010345901,"Otros países","",FALSE
"Maddison (PIB per cápita)","maddison_BDI_18","Burundi (1991-1997)","BDI","Burundi",1991,1997,-0.303988800695426,6,FALSE,20,2017,62.1930787810484,20,"20 años después",0.303988800695426,0.621930787810484,26,-0.0181005829867772,0.893564339815067,-0.00561104585893946,"Otros países","",FALSE
"Maddison (PIB per cápita)","maddison_CYP_9","Cyprus (1973-1975)","CYP","Cyprus",1973,1975,-0.301402754960192,2,FALSE,20,1995,236.970637539515,20,"20 años después",0.301402754960192,2.36970637539515,22,0.039995762758436,3.39209235682015,0.0629758148034043,"Otros países","",FALSE
"Maddison (PIB per cápita)","maddison_TGO_8","Togo (1979-1983)","TGO","Togo",1979,1983,-0.28680800942285,4,FALSE,20,2003,65.6339116120118,20,"20 años después",0.28680800942285,0.656339116120118,24,-0.017391887635694,0.920283913436796,-0.00414503826498791,"Otros países","",FALSE
"Maddison (PIB per cápita)","maddison_ALB_2","Albania (1990-1992)","ALB","Albania",1990,1992,-0.286526446230343,2,FALSE,20,2012,241.886359644076,20,"20 años después",0.286526446230343,2.41886359644076,22,0.0409668053913259,3.39026384882891,0.0629471575999201,"Otros países","",FALSE
"Maddison (PIB per cápita)","maddison_ETH_16","Ethiopia (1987-1993)","ETH","Ethiopia",1987,1993,-0.286502792412777,6,FALSE,20,2013,141.342644128161,20,"20 años después",0.286502792412777,1.41342644128161,26,0.0133972907613404,1.98098384443758,0.034770518234942,"Otros países","",FALSE
"Maddison (PIB per cápita)","maddison_CIV_16","Côte d'Ivoire (1985-1994)","CIV","Côte d'Ivoire",1985,1994,-0.286456743206981,9,FALSE,20,2014,109.511887352661,20,"20 años después",0.286456743206981,1.09511887352661,29,0.00313811767202021,1.53476171640745,0.0216497848360575,"Otros países","",FALSE
"Maddison (PIB per cápita)","maddison_ROU_62","Romania (1986-1992)","ROU","Romania",1986,1992,-0.282824423543008,6,FALSE,20,2012,261.681583730024,20,"20 años después",0.282824423543008,2.61681583730024,26,0.0376913545194959,3.64877991276264,0.0668598798162057,"Otros países","",FALSE
"Maddison (PIB per cápita)","maddison_PER_200","Peru (1987-1990)","PER","Peru",1987,1990,-0.282400478898533,3,FALSE,20,2010,142.289436238634,20,"20 años después",0.282400478898533,1.42289436238634,23,0.0154526582119394,1.98285299884578,0.0348193141793436,"Otros países","",FALSE
"Maddison (PIB per cápita)","maddison_AGO_18","Angola (1980-1986)","AGO","Angola",1980,1986,-0.278067885117493,6,FALSE,20,2006,299.760920735096,20,"20 años después",0.278067885117493,2.99760920735096,26,0.0431277538048427,4.15220371217149,0.0737765929269505,"Otros países","",FALSE
"Maddison (PIB per cápita)","maddison_MDG_10","Madagascar (1979-1988)","MDG","Madagascar",1979,1988,-0.276546091015169,9,FALSE,20,2008,85.1099964706534,20,"20 años después",0.276546091015169,0.851099964706534,29,-0.00554408109326865,1.176439789925,0.00815773196310543,"Otros países","",FALSE
"Maddison (PIB per cápita)","maddison_NGA_40","Nigeria (1979-1984)","NGA","Nigeria",1979,1984,-0.274239543726236,5,FALSE,20,2004,149.079250278971,20,"20 años después",0.274239543726236,1.49079250278971,25,0.0161005536479724,2.05411095341817,0.0366477154227323,"Otros países","",FALSE
"Maddison (PIB per cápita)","maddison_CHN_33","China (1957-1961)","CHN","China",1957,1961,-0.268619246861925,4,FALSE,20,1981,164.18410041841,20,"20 años después",0.268619246861925,1.6418410041841,24,0.0208739668345466,2.24485125858124,0.0412604632870333,"Otros países","",FALSE
"Maddison (PIB per cápita)","maddison_SVN_8","Slovenia (1986-1992)","SVN","Slovenia",1986,1992,-0.267933426673596,6,FALSE,20,2012,119.634657257713,20,"20 años después",0.267933426673596,1.19634657257713,26,0.00691891779664999,1.63420461494521,0.0248618372694476,"Otros países","",FALSE
"Maddison (PIB per cápita)","maddison_LBY_12","Libya (1985-1987)","LBY","Libya",1985,1987,-0.267071569271175,2,FALSE,20,2007,340.310534845704,20,"20 años después",0.267071569271175,3.40310534845704,22,0.057246252075303,4.64316187744687,0.0797934562821623,"Otros países","",FALSE
"Maddison (PIB per cápita)","maddison_GAB_6","Gabon (1984-1987)","GAB","Gabon",1984,1987,-0.266140269391547,3,FALSE,20,2007,156.242597350405,20,"20 años después",0.266140269391547,1.56242597350405,23,0.0195911638119919,2.12905260819888,0.0385067403651782,"Otros países","",FALSE
"Maddison (PIB per cápita)","maddison_NER_10","Niger (1980-1985)","NER","Niger",1980,1985,-0.264136328427576,5,FALSE,20,2005,58.6556091702661,20,"20 años después",0.264136328427576,0.586556091702661,25,-0.0211134033816086,0.79709885725067,-0.0112747863257766,"Otros países","",FALSE
"Maddison (PIB per cápita)","maddison_IRN_9","Iran (Islamic Republic of) (1983-1988)","IRN","Iran (Islamic Republic of)",1983,1988,-0.261536297129994,5,FALSE,20,2008,221.440403511273,20,"20 años después",0.261536297129994,2.21440403511273,25,0.0323103332268626,2.99866334189013,0.0564437679738168,"Otros países","",FALSE
"Maddison (PIB per cápita)","maddison_JOR_17","Jordan (1986-1991)","JOR","Jordan",1986,1991,-0.259938627832325,5,FALSE,20,2011,145.679167189264,20,"20 años después",0.259938627832325,1.45679167189264,25,0.0151632746774619,1.96847413833481,0.0344428107738999,"Otros países","",FALSE
"Maddison (PIB per cápita)","maddison_NGA_34","Nigeria (1965-1968)","NGA","Nigeria",1965,1968,-0.259800664451827,3,FALSE,20,1988,110.764119601329,20,"20 años después",0.259800664451827,1.10764119601329,23,0.00445479346385702,1.49640933572711,0.0203578745001074,"Otros países","",FALSE
"Maddison (PIB per cápita)","maddison_GHA_45","Ghana (1978-1983)","GHA","Ghana",1978,1983,-0.259462151394422,5,FALSE,20,2003,112.391299637897,20,"20 años después",0.259462151394422,1.12391299637897,25,0.00468358759459542,1.51769824931336,0.0210788290324397,"Otros países","",FALSE
"Maddison (PIB per cápita)","maddison_SYR_24","Syrian Arab Republic (1993-2001)","SYR","Syrian Arab Republic",1993,2001,-0.254473638055751,8,FALSE,20,2021,26.630363949558,20,"20 años después",0.254473638055751,0.266303639495581,28,-0.0461551182955676,0.357202176997592,-0.0501703884804381,"Otros países","",FALSE
"Maddison (PIB per cápita)","maddison_KHM_12","Cambodia (1973-1975)","KHM","Cambodia",1973,1975,-0.253430185633575,2,FALSE,20,1995,116.165177040576,20,"20 años después",0.253430185633575,1.16165177040576,22,0.00683429027642268,1.55598545246783,0.0223515896665534,"Otros países","",FALSE
"Maddison (PIB per cápita)","maddison_NER_6","Niger (1971-1973)","NER","Niger",1971,1973,-0.248191027496382,2,FALSE,20,1993,55.8278887656959,20,"20 años después",0.248191027496382,0.558278887656959,22,-0.0261473809620547,0.742580772610122,-0.0147710038982558,"Otros países","",FALSE
"Maddison (PIB per cápita)","maddison_AGO_20","Angola (1991-1993)","AGO","Angola",1991,1993,-0.248176797680982,2,FALSE,20,2013,588.940484468995,20,"20 años después",0.248176797680982,5.88940484468995,22,0.0839350152181875,7.83349705957988,0.108403233947531,"Otros países","",FALSE
"Maddison (PIB per cápita)","maddison_VEN_70","Venezuela (1977-1985)","VEN","Venezuela",1977,1985,-0.246708124123997,8,TRUE,20,2005,81.8440639018368,20,"20 años después",0.246708124123997,0.818440639018368,28,-0.00712997486220623,1.08648541850608,0.00415601738701632,"Venezuela","",FALSE
"Maddison (PIB per cápita)","maddison_MOZ_8","Mozambique (1980-1985)","MOZ","Mozambique",1980,1985,-0.246272493573265,5,FALSE,20,2005,56.9426120395537,20,"20 años después",0.246272493573265,0.569426120395537,25,-0.022273254450622,0.7554800846994,-0.0139222690994589,"Otros países","",FALSE
"Maddison (PIB per cápita)","maddison_JAM_11","Jamaica (1973-1980)","JAM","Jamaica",1973,1980,-0.244265532432022,7,FALSE,20,2000,99.2144122457538,20,"20 años después",0.244265532432022,0.992144122457538,27,-0.000292064656169266,1.31282105691216,0.0137019378027439,"Otros países","",FALSE
"Maddison (PIB per cápita)","maddison_RWA_4","Rwanda (1962-1964)","RWA","Rwanda",1962,1964,-0.243827160493827,2,FALSE,20,1984,123.225308641975,20,"20 años después",0.243827160493827,1.23225308641975,22,0.0095381221170856,1.62959183673469,0.0247170019675309,"Otros países","",FALSE
"Maddison (PIB per cápita)","maddison_COD_20","D.R. of the Congo (1995-2001)","COD","D.R. of the Congo",1995,2001,-0.241336880111978,6,FALSE,20,2021,153.6552966702,20,"20 años después",0.241336880111978,1.536552966702,26,0.0166580533299785,2.02534290440899,0.0359169236414656,"Otros países","",FALSE
"Maddison (PIB per cápita)","maddison_SLV_27","El Salvador (1978-1983)","SLV","El Salvador",1978,1983,-0.238857142857143,5,FALSE,20,2003,136.164597430865,20,"20 años después",0.238857142857143,1.36164597430865,25,0.0124243181789951,1.78894929057068,0.0295084166748669,"Otros países","",FALSE
"Maddison (PIB per cápita)","maddison_BOL_26","Bolivia (Plurinational State of) (1978-1986)","BOL","Bolivia (Plurinational State of)",1978,1986,-0.236136783733826,8,FALSE,20,2006,105.866501070187,20,"20 años después",0.236136783733826,1.05866501070187,28,0.00203809876693928,1.38593531951533,0.0164526398747005,"Otros países","",FALSE
"Maddison (PIB per cápita)","maddison_MLI_12","Mali (1979-1982)","MLI","Mali",1979,1982,-0.234200743494424,3,FALSE,20,2002,98.2408049496937,20,"20 años después",0.234200743494424,0.982408049496937,23,-0.000771377462132405,1.28285322968289,0.0125322123354517,"Otros países","",FALSE
"Maddison (PIB per cápita)","maddison_CHL_76","Chile (1971-1975)","CHL","Chile",1971,1975,-0.232759603328394,4,FALSE,20,1995,156.342562355852,20,"20 años después",0.232759603328394,1.56342562355852,24,0.0187944045684092,2.03772589444048,0.0362326885042872,"Otros países","",FALSE
"Maddison (PIB per cápita)","maddison_BGR_32","Bulgaria (1987-1992)","BGR","Bulgaria",1987,1992,-0.228731352525515,5,FALSE,20,2012,150.540889835103,20,"20 años después",0.228731352525515,1.50540889835103,25,0.0164971823634403,1.95186061728359,0.0340045267914191,"Otros países","",FALSE
"Maddison (PIB per cápita)","maddison_SVK_2","Slovakia (1989-1992)","SVK","Slovakia",1989,1992,-0.227374363247907,3,FALSE,20,2012,178.617901622752,20,"20 años después",0.227374363247907,1.78617901622752,23,0.0255415489422726,2.31182985816537,0.0427922465917883,"Otros países","",FALSE
"Maddison (PIB per cápita)","maddison_AFG_16","Afghanistan (1995-2001)","AFG","Afghanistan",1995,2001,-0.226337898798284,6,FALSE,20,2021,234.705671352546,20,"20 años después",0.226337898798284,2.34705671352546,26,0.0333582404421073,3.0336974111564,0.0570575026571793,"Otros países","",FALSE
"Maddison (PIB per cápita)","maddison_HTI_29","Haiti (1991-1994)","HTI","Haiti",1991,1994,-0.224950881491012,3,FALSE,20,2014,107.385020571242,20,"20 años después",0.224950881491012,1.07385020571242,23,0.00310265168638368,1.38552535583584,0.0164376042803303,"Otros países","",FALSE
"Maddison (PIB per cápita)","maddison_CAF_12","Central African Republic (1977-1983)","CAF","Central African Republic",1977,1983,-0.220183486238532,6,FALSE,20,2003,59.668704663967,20,"20 años después",0.220183486238532,0.59668704663967,26,-0.0196641840265507,0.765163389220282,-0.0132941362662319,"Otros países","",FALSE
"Maddison (PIB per cápita)","maddison_AFG_6","Afghanistan (1968-1972)","AFG","Afghanistan",1968,1972,-0.21937984496124,4,FALSE,20,1992,65.4166937131692,20,"20 años después",0.21937984496124,0.654166937131692,24,-0.0175276020824989,0.838009283912495,-0.00879737958898885,"Otros países","",FALSE
"Maddison (PIB per cápita)","maddison_VNM_7","Viet Nam (1964-1968)","VNM","Viet Nam",1964,1968,-0.219341275402943,4,FALSE,20,1988,109.039943938332,20,"20 años después",0.219341275402943,1.09039943938332,24,0.00361251308902566,1.3967684021544,0.0168484245442744,"Otros países","",FALSE
"Maddison (PIB per cápita)","maddison_RWA_14","Rwanda (1986-1991)","RWA","Rwanda",1986,1991,-0.219086844086561,5,FALSE,20,2011,88.2460414129111,20,"20 años después",0.219086844086561,0.882460414129111,25,-0.00498916646472558,1.13003655713405,0.00613121862690535,"Otros países","",FALSE
"Maddison (PIB per cápita)","maddison_QAT_8","Qatar (1959-1965)","QAT","Qatar",1959,1965,-0.216168281333435,6,FALSE,20,1985,31.5775421466168,20,"20 años después",0.216168281333435,0.315775421466168,26,-0.0433670838757096,0.402861244251965,-0.0444404120801044,"Otros países","",FALSE
"Maddison (PIB per cápita)","maddison_LBN_2","Lebanon (1955-1958)","LBN","Lebanon",1955,1958,-0.21398002853067,3,FALSE,20,1978,60.1711840228245,20,"20 años después",0.21398002853067,0.601711840228245,23,-0.0218438312592499,0.76551724137931,-0.01327132601861,"Otros países","",FALSE
"Maddison (PIB per cápita)","maddison_TGO_12","Togo (1990-1993)","TGO","Togo",1990,1993,-0.213204019707434,3,FALSE,20,2013,101.333333333333,20,"20 años después",0.213204019707434,1.01333333333333,23,0.000576045274304438,1.28792388206728,0.0127319461780258,"Otros países","",FALSE
"Maddison (PIB per cápita)","maddison_BGD_16","Bangladesh (1970-1973)","BGD","Bangladesh",1970,1973,-0.211155378486056,3,FALSE,20,1993,109.129121915943,20,"20 años después",0.211155378486056,1.09129121915943,23,0.00380555322872578,1.38340452529807,0.0163597543574114,"Otros países","",FALSE
"Maddison (PIB per cápita)","maddison_SDN_14","Sudan (Former) (1977-1981)","SDN","Sudan (Former)",1977,1981,-0.210554658050619,4,FALSE,20,2001,111.772866216507,20,"20 años después",0.210554658050619,1.11772866216507,24,0.00464821316453645,1.41584046769477,0.0175381853636487,"Otros países","",FALSE
"Maddison (PIB per cápita)","maddison_TTO_6","Trinidad and Tobago (1984-1989)","TTO","Trinidad and Tobago",1984,1989,-0.209841628959276,5,FALSE,20,2009,167.745831799109,20,"20 años después",0.209841628959276,1.67745831799109,25,0.0209067364120432,2.12293937452272,0.038357441344457,"Otros países","",FALSE
"Maddison (PIB per cápita)","maddison_KHM_10","Cambodia (1968-1972)","KHM","Cambodia",1968,1972,-0.209621993127148,4,FALSE,20,1992,122.619049057765,20,"20 años después",0.209621993127148,1.22619049057765,24,0.00853253806413523,1.55139753373086,0.0222006548382432,"Otros países","",FALSE
"Maddison (PIB per cápita)","maddison_KWT_4","Kuwait (1956-1961)","KWT","Kuwait",1956,1961,-0.205747652850927,5,FALSE,20,1981,31.2991374704221,20,"20 años después",0.205747652850927,0.312991374704221,25,-0.0454002972783807,0.394070443515448,-0.0454939331162141,"Otros países","",FALSE
"Maddison (PIB per cápita)","maddison_ARG_58","Argentina (1998-2002)","ARG","Argentina",1998,2002,-0.203555528768582,4,FALSE,20,2022,120.455469423402,20,"20 años después",0.203555528768582,1.20455469423402,24,0.00778472589662238,1.51241516231709,0.0209008164376916,"Otros países","",FALSE
"Maddison (PIB per cápita)","maddison_GTM_22","Guatemala (1980-1988)","GTM","Guatemala",1980,1988,-0.203320802005013,8,FALSE,20,2008,103.456804872229,20,"20 años después",0.203320802005013,1.03456804872229,28,0.00121445096960815,1.29860055506156,0.0131500710187209,"Otros países","",FALSE
"Maddison (PIB per cápita)","maddison_SDN_16","Sudan (Former) (1982-1985)","SDN","Sudan (Former)",1982,1985,-0.203252032520325,3,FALSE,20,2005,165.260839077013,20,"20 años después",0.203252032520325,1.65260839077013,23,0.0220817886719691,2.07419216392578,0.0371520962424132,"Otros países","",FALSE
"Maddison (PIB per cápita)","maddison_GNB_10","Guinea-Bissau (1979-1981)","GNB","Guinea-Bissau",1979,1981,-0.200953678474114,2,FALSE,20,2001,83.9967292239046,20,"20 años después",0.200953678474114,0.839967292239046,22,-0.00789558868678075,1.05121226343301,0.00250032234569164,"Otros países","",FALSE
"Maddison (PIB per cápita)","maddison_MMR_18","Myanmar (1985-1988)","MMR","Myanmar",1985,1988,-0.198539176626826,3,FALSE,20,2008,238.098620296618,20,"20 años después",0.198539176626826,2.38098620296618,23,0.0384383868627449,2.97080797155515,0.0559509105749583,"Otros países","",FALSE
"Maddison (PIB per cápita)","maddison_QAT_12","Qatar (1973-1975)","QAT","Qatar",1973,1975,-0.197947578464192,2,FALSE,20,1995,29.1778663879293,20,"20 años después",0.197947578464192,0.291778663879293,22,-0.0544505389616269,0.363790016767958,-0.049302090704461,"Otros países","",FALSE
"Maddison (PIB per cápita)","maddison_CAF_14","Central African Republic (1986-1993)","CAF","Central African Republic",1986,1993,-0.197022224902549,7,FALSE,20,2013,48.7951807228916,20,"20 años después",0.197022224902549,0.487951807228916,27,-0.0262254837376696,0.607677849078322,-0.0245979358955393,"Otros países","",FALSE
"Maddison (PIB per cápita)","maddison_TKM_1","Turkmenistan (1973-1985)","TKM","Turkmenistan",1973,1985,-0.195892369686728,12,FALSE,20,2005,114.281500659692,20,"20 años después",0.195892369686728,1.14281500659692,32,0.00418041750408937,1.42122144289527,0.0177311974923979,"Otros países","",FALSE
"Maddison (PIB per cápita)","maddison_ZMB_38","Zambia (1981-1987)","ZMB","Zambia",1981,1987,-0.193699731903485,6,FALSE,20,2007,155.403959351625,20,"20 años después",0.193699731903485,1.55403959351625,26,0.0171006365948476,1.92737080093619,0.0333519509852185,"Otros países","",FALSE
"Maddison (PIB per cápita)","maddison_DJI_18","Djibouti (1995-2002)","DJI","Djibouti",1995,2002,-0.193585603714967,7,FALSE,20,2022,160.140304967143,20,"20 años después",0.193585603714967,1.60140304967143,27,0.0175929704333961,1.9858314249457,0.034896978431795,"Otros países","",FALSE
"Maddison (PIB per cápita)","maddison_MDG_8","Madagascar (1971-1978)","MDG","Madagascar",1971,1978,-0.192346424974824,7,FALSE,20,1998,59.1252380403253,20,"20 años después",0.192346424974824,0.591252380403253,27,-0.0192752295794847,0.73206186251924,-0.0154735480442167,"Otros países","",FALSE
"Maddison (PIB per cápita)","maddison_LSO_8","Lesotho (1978-1981)","LSO","Lesotho",1978,1981,-0.191313340227508,3,FALSE,20,2001,103.275988084355,20,"20 años después",0.191313340227508,1.03275988084355,23,0.00140249191043118,1.27708287055717,0.012304002501061,"Otros países","",FALSE
"Maddison (PIB per cápita)","maddison_GHA_43","Ghana (1974-1976)","GHA","Ghana",1974,1976,-0.190168175937904,2,FALSE,20,1996,82.274033617332,20,"20 años después",0.190168175937904,0.82274033617332,22,-0.00882963491919808,1.01593974418846,0.000791014712077098,"Otros países","",FALSE
"Maddison (PIB per cápita)","maddison_HTI_17","Haiti (1962-1967)","HTI","Haiti",1962,1967,-0.189277899343545,5,FALSE,20,1987,92.0131291028446,20,"20 años después",0.189277899343545,0.920131291028446,25,-0.00332401963290374,1.13495276653171,0.00634962567709052,"Otros países","",FALSE
"Maddison (PIB per cápita)","maddison_VEN_80","Venezuela (2001-2003)","VEN","Venezuela",2001,2003,-0.188975855520166,2,TRUE,20,2023,32.4522560358855,20,"20 años después",0.188975855520166,0.324522560358855,22,-0.0498681889482162,0.400139209871482,-0.0447642768037773,"Venezuela","",FALSE
"Maddison (PIB per cápita)","maddison_PHL_24","Philippines (1982-1985)","PHL","Philippines",1982,1985,-0.187613371339725,3,FALSE,20,2005,122.337411947972,20,"20 años después",0.187613371339725,1.22337411947972,23,0.00880430199903426,1.5059013483484,0.0206805197661402,"Otros países","",FALSE
"Maddison (PIB per cápita)","maddison_CHL_78","Chile (1981-1983)","CHL","Chile",1981,1983,-0.186697782963827,2,FALSE,20,2003,167.701047718836,20,"20 años después",0.186697782963827,1.67701047718836,22,0.0237788931607488,2.06197701427608,0.0368458434323438,"Otros países","",FALSE
"Maddison (PIB per cápita)","maddison_COG_6","Congo (1984-1990)","COG","Congo",1984,1990,-0.186535162950257,6,FALSE,20,2010,123.030938960078,20,"20 años después",0.186535162950257,1.23030938960078,26,0.00800361574654929,1.51243094177597,0.020901349002526,"Otros países","",FALSE
"Maddison (PIB per cápita)","maddison_GNB_18","Guinea-Bissau (1997-1998)","GNB","Guinea-Bissau",1997,1998,-0.185353722543591,1,FALSE,20,2018,108.916065659805,20,"20 años después",0.185353722543591,1.08916065659805,21,0.00407529867027256,1.33697371084634,0.0146263653386531,"Otros países","",FALSE
"Maddison (PIB per cápita)","maddison_HTI_25","Haiti (1980-1987)","HTI","Haiti",1980,1987,-0.184682501211827,7,FALSE,20,2007,74.7342432971304,20,"20 años después",0.184682501211827,0.747342432971304,27,-0.0107283983033158,0.916627490618192,-0.00434324647623918,"Otros países","",FALSE
"Maddison (PIB per cápita)","maddison_HUN_28","Hungary (1988-1992)","HUN","Hungary",1988,1992,-0.183196143089723,4,FALSE,20,2012,184.98857913165,20,"20 años después",0.183196143089723,1.8498857913165,24,0.0259614394036327,2.26478581812047,0.0417208504988884,"Otros países","",FALSE
"Maddison (PIB per cápita)","maddison_DMA_12","Dominica (1978-1979)","DMA","Dominica",1978,1979,-0.183086680761099,1,FALSE,20,1999,236.110944972424,20,"20 años después",0.183086680761099,2.36110944972424,21,0.0417594153125149,2.89028149513345,0.0545010271787996,"Otros países","",FALSE
"Maddison (PIB per cápita)","maddison_GMB_6","Gambia (1969-1972)","GMB","Gambia",1969,1972,-0.18109269490485,3,FALSE,20,1992,85.4146994776968,20,"20 años después",0.18109269490485,0.854146994776968,23,-0.00683099564596823,1.04303257458147,0.00210884084126417,"Otros países","",FALSE
"Maddison (PIB per cápita)","maddison_KEN_19","Kenya (1951-1953)","KEN","Kenya",1951,1953,-0.179007323026851,2,FALSE,20,1973,125.793327908869,20,"20 años después",0.179007323026851,1.25793327908869,22,0.0104850468523228,1.53221010901883,0.0215647908598411,"Otros países","",FALSE
"Maddison (PIB per cápita)","maddison_NER_14","Niger (1988-1993)","NER","Niger",1988,1993,-0.178337142979854,5,FALSE,20,2013,91.6949526759032,20,"20 años después",0.178337142979854,0.916949526759032,25,-0.00346210703664229,1.11596808706244,0.00550118966389435,"Otros países","",FALSE
"Maddison (PIB per cápita)","maddison_MNG_2","Mongolia (1989-1992)","MNG","Mongolia",1989,1992,-0.175173627379803,3,FALSE,20,2012,470.116487455197,20,"20 años después",0.175173627379803,4.70116487455197,23,0.0696121445458198,5.69958118533231,0.0909180994603358,"Otros países","",FALSE
"Maddison (PIB per cápita)","maddison_SLE_14","Sierra Leone (1989-1992)","SLE","Sierra Leone",1989,1992,-0.174806213829402,3,FALSE,20,2012,101.400730816078,20,"20 años después",0.174806213829402,1.01400730816078,23,0.000604970416578254,1.22881112916081,0.0103556090118435,"Otros países","",FALSE
"Maddison (PIB per cápita)","maddison_CPV_6","Cabo Verde (1974-1975)","CPV","Cabo Verde",1974,1975,-0.173680694722779,1,FALSE,20,1995,163.320184025558,20,"20 años después",0.173680694722779,1.63320184025558,21,0.0236341242668336,1.97647789398756,0.0346527063248623,"Otros países","",FALSE
"Maddison (PIB per cápita)","maddison_POL_103","Poland (1988-1991)","POL","Poland",1988,1991,-0.173619128024969,3,FALSE,20,2011,236.638491547464,20,"20 años después",0.173619128024969,2.36638491547464,23,0.0381606943584474,2.86355238332058,0.0540112748964725,"Otros países","",FALSE
"Maddison (PIB per cápita)","maddison_SYR_10","Syrian Arab Republic (1962-1966)","SYR","Syrian Arab Republic",1962,1966,-0.173029251363411,4,FALSE,20,1986,152.040984961163,20,"20 años después",0.173029251363411,1.52040984961163,24,0.0176107700778356,1.83852917665867,0.0309165846879933,"Otros países","",FALSE
"Maddison (PIB per cápita)","maddison_URY_52","Uruguay (1981-1984)","URY","Uruguay",1981,1984,-0.172695668514517,3,FALSE,20,2004,112.330258748034,20,"20 años después",0.172695668514517,1.12330258748034,23,0.00506815137690819,1.3577864211872,0.0154103201522697,"Otros países","",FALSE
"Maddison (PIB per cápita)","maddison_PER_196","Peru (1981-1983)","PER","Peru",1981,1983,-0.172229446611761,2,FALSE,20,2003,93.5174235122381,20,"20 años después",0.172229446611761,0.935174235122381,22,-0.00304183781397416,1.12975054656694,0.0061184845803901,"Otros países","",FALSE
"Maddison (PIB per cápita)","maddison_BFA_8","Burkina Faso (1972-1976)","BFA","Burkina Faso",1972,1976,-0.170790103750998,4,FALSE,20,1996,100.221462269203,20,"20 años después",0.170790103750998,1.00221462269203,24,9.21781660534471e-05,1.20863803872293,0.00951973402060213,"Otros países","",FALSE
"Maddison (PIB per cápita)","maddison_URY_58","Uruguay (1998-2002)","URY","Uruguay",1998,2002,-0.170597034111211,4,FALSE,20,2022,146.838388341329,20,"20 años después",0.170597034111211,1.46838388341329,24,0.0161355611051601,1.77041069757904,0.028972341631837,"Otros países","",FALSE
"Maddison (PIB per cápita)","maddison_CIV_14","Côte d'Ivoire (1980-1984)","CIV","Côte d'Ivoire",1980,1984,-0.169074700276668,4,FALSE,20,2004,70.113373776861,20,"20 años después",0.169074700276668,0.70113373776861,24,-0.0146851322463674,0.84379876025205,-0.00845610671607588,"Otros países","",FALSE
"Maddison (PIB per cápita)","maddison_OMN_8","Oman (1972-1973)","OMN","Oman",1972,1973,-0.166480625099665,1,FALSE,20,1993,210.917608553129,20,"20 años después",0.166480625099665,2.10917608553129,21,0.0361769920300121,2.53044638078567,0.0475140505252811,"Otros países","",FALSE
"Maddison (PIB per cápita)","maddison_QAT_14","Qatar (1976-1977)","QAT","Qatar",1976,1977,-0.166216534648081,1,FALSE,20,1997,56.1713094809797,20,"20 años después",0.166216534648081,0.561713094809797,21,-0.0270912230070747,0.673691813464677,-0.0195553896149546,"Otros países","",FALSE
"Maddison (PIB per cápita)","maddison_BDI_2","Burundi (1959-1961)","BDI","Burundi",1959,1961,-0.164402173913043,2,FALSE,20,1981,137.771739130435,20,"20 años después",0.164402173913043,1.37771739130435,22,0.0146714972355719,1.64878048780488,0.0253169618046423,"Otros países","",FALSE
"Maddison (PIB per cápita)","maddison_TTO_4","Trinidad and Tobago (1981-1983)","TTO","Trinidad and Tobago",1981,1983,-0.163365848852104,2,FALSE,20,2003,117.322232109067,20,"20 años después",0.163365848852104,1.17322232109067,22,0.007287978243669,1.40231225259089,0.0170498414358808,"Otros países","",FALSE
"Maddison (PIB per cápita)","maddison_SRB_18","Serbia (1998-1999)","SRB","Serbia",1998,1999,-0.162207253520606,1,FALSE,20,2019,231.585631626792,20,"20 años después",0.162207253520606,2.31585631626792,21,0.0407998466375816,2.76423533863203,0.0521526436592861,"Otros países","",FALSE
"Maddison (PIB per cápita)","maddison_SYR_6","Syrian Arab Republic (1957-1958)","SYR","Syrian Arab Republic",1957,1958,-0.162082684656634,1,FALSE,20,1978,165.386611312922,20,"20 años después",0.162082684656634,1.65386611312922,21,0.0242471837875879,1.97378199834847,0.0345820977813667,"Otros países","",FALSE
"Maddison (PIB per cápita)","maddison_TCD_4","Chad (1962-1968)","TCD","Chad",1962,1968,-0.160358565737052,6,FALSE,20,1988,68.9243027888446,20,"20 años después",0.160358565737052,0.689243027888446,26,-0.0142119410804893,0.820877817319099,-0.00982051085413149,"Otros países","",FALSE
"Maddison (PIB per cápita)","maddison_JOR_9","Jordan (1965-1968)","JOR","Jordan",1965,1968,-0.160031533307056,3,FALSE,20,1988,149.211667323611,20,"20 años después",0.160031533307056,1.49211667323611,23,0.0175520715076767,1.77639605818864,0.0291459991350405,"Otros países","",FALSE
"Maddison (PIB per cápita)","maddison_CSK_16","Czechoslovakia (1989-1992)","CSK","Czechoslovakia",1989,1992,-0.159778966080206,3,FALSE,20,2012,180.390703911058,20,"20 años después",0.159778966080206,1.80390703911058,23,0.0259820101251229,2.14694344260225,0.0389413466605111,"Otros países","",FALSE
"Maddison (PIB per cápita)","maddison_SYC_14","Seychelles (1979-1983)","SYC","Seychelles",1979,1983,-0.159636309435087,4,FALSE,20,2003,206.2303420537,20,"20 años después",0.159636309435087,2.062303420537,24,0.0306187123249835,2.45406059744283,0.0459098766767863,"Otros países","",FALSE
"Maddison (PIB per cápita)","maddison_BRB_6","Barbados (1989-1993)","BRB","Barbados",1989,1993,-0.159609026785465,4,FALSE,20,2013,87.4870351163135,20,"20 años después",0.159609026785465,0.874870351163135,24,-0.00555449864763513,1.04102778236267,0.00201244612830642,"Otros países","",FALSE
"Maddison (PIB per cápita)","maddison_TJK_1","Tajikistan (1973-1982)","TJK","Tajikistan",1973,1982,-0.157652826719779,9,FALSE,20,2002,30.3797099087533,20,"20 años después",0.157652826719779,0.303797099087533,29,-0.0402501432902567,0.360655450299078,-0.0497133569625746,"Otros países","",FALSE
"Maddison (PIB per cápita)","maddison_STP_15","Sao Tome and Principe (1979-1981)","STP","Sao Tome and Principe",1979,1981,-0.155386949924127,2,FALSE,20,2001,68.1519367684064,20,"20 años después",0.155386949924127,0.681519367684064,22,-0.0172776634016341,0.806901299503769,-0.0106703596620488,"Otros países","",FALSE
"Maddison (PIB per cápita)","maddison_SDN_12","Sudan (Former) (1971-1973)","SDN","Sudan (Former)",1971,1973,-0.154996600951734,2,FALSE,20,1993,93.4319949767852,20,"20 años después",0.154996600951734,0.934319949767852,22,-0.00308325247396402,1.10569963484192,0.005036555434073,"Otros países","",FALSE
"Maddison (PIB per cápita)","maddison_UGA_29","Uganda (1983-1986)","UGA","Uganda",1983,1986,-0.153846153846154,3,FALSE,20,2006,148.065631120057,20,"20 años después",0.153846153846154,1.48065631120057,23,0.0172110162462908,1.74986654960068,0.0283720073054572,"Otros países","",FALSE
"Maddison (PIB per cápita)","maddison_TCD_6","Chad (1969-1973)","TCD","Chad",1969,1973,-0.153234960272418,4,FALSE,20,1993,77.2758842765498,20,"20 años después",0.153234960272418,0.772758842765498,24,-0.0106836968250099,0.912601260692231,-0.00456237206924659,"Otros países","",FALSE
"Maddison (PIB per cápita)","maddison_DMA_8","Dominica (1964-1965)","DMA","Dominica",1964,1965,-0.152219873150106,1,FALSE,20,1985,202.396053558844,20,"20 años después",0.152219873150106,2.02396053558844,21,0.0341440784977385,2.38736492103076,0.0444699279150336,"Otros países","",FALSE
"Maddison (PIB per cápita)","maddison_DOM_8","Dominican Republic (1964-1965)","DOM","Dominican Republic",1964,1965,-0.151374207188161,1,FALSE,20,1985,154.46088794926,20,"20 años después",0.151374207188161,1.5446088794926,21,0.02091916931882,1.82012954658695,0.0303982560824436,"Otros países","",FALSE
"Maddison (PIB per cápita)","maddison_TZA_14","U.R. of Tanzania: Mainland (1978-1985)","TZA","U.R. of Tanzania: Mainland",1978,1985,-0.151057401812689,7,FALSE,20,2005,156.510807240268,20,"20 años después",0.151057401812689,1.56510807240268,27,0.0167293150234831,1.84359705325725,0.0310584842472179,"Otros países","",FALSE
"Maddison (PIB per cápita)","maddison_VNM_11","Viet Nam (1973-1975)","VNM","Viet Nam",1973,1975,-0.150787696924231,2,FALSE,20,1995,162.568795870805,20,"20 años después",0.150787696924231,1.62568795870805,22,0.0223335175014641,1.91434809978607,0.0330017222221854,"Otros países","",FALSE
"Maddison (PIB per cápita)","maddison_JOR_11","Jordan (1969-1972)","JOR","Jordan",1969,1972,-0.150678733031674,3,FALSE,20,1992,146.066134579646,20,"20 años después",0.150678733031674,1.46066134579646,23,0.0166098836553483,1.71979838796493,0.0274811825316859,"Otros países","",FALSE
"Maddison (PIB per cápita)","maddison_GEO_4","Georgia (1988-1994)","GEO","Georgia",1988,1994,-0.76382706560621,6,FALSE,25,2019,86.1347677015199,25,"25 años después",0.76382706560621,0.861347677015199,31,-0.00480317125082697,3.64710579231321,0.0531201790355751,"Otros países","",FALSE
"Maddison (PIB per cápita)","maddison_IRQ_20","Iraq (1987-1991)","IRQ","Iraq",1987,1991,-0.749051209057368,4,FALSE,25,2016,234.19964053995,25,"25 años después",0.749051209057368,2.3419964053995,29,0.0297797621454428,9.33256700142817,0.0934528091790674,"Otros países","Iraq (1987-1991)",TRUE
"Maddison (PIB per cápita)","maddison_QAT_18","Qatar (1980-1990)","QAT","Qatar",1980,1990,-0.744766681203663,10,FALSE,25,2015,348.452221344662,25,"25 años después",0.744766681203663,3.48452221344662,35,0.0363102811692584,13.6523014701975,0.110217924609942,"Otros países","",FALSE
"Maddison (PIB per cápita)","maddison_TJK_5","Tajikistan (1988-1997)","TJK","Tajikistan",1988,1997,-0.718471013568354,9,FALSE,25,2022,99.8648268328718,25,"25 años después",0.718471013568354,0.998648268328718,34,-3.97829170111219e-05,3.54723071676026,0.0519511614611028,"Otros países","",FALSE
"Maddison (PIB per cápita)","maddison_LBN_12","Lebanon (1973-1976)","LBN","Lebanon",1973,1976,-0.70918185066095,3,FALSE,25,2001,93.3288865487116,25,"25 años después",0.70918185066095,0.933288865487116,28,-0.00246269531884702,3.20918370331503,0.04774544905302,"Otros países","",FALSE
"Maddison (PIB per cápita)","maddison_AFG_14","Afghanistan (1986-1994)","AFG","Afghanistan",1986,1994,-0.681231727463138,8,FALSE,25,2019,151.170933728262,25,"25 años después",0.681231727463138,1.51170933728262,33,0.0126011894607789,4.74234567089109,0.0642403680457284,"Otros países","",FALSE
"Maddison (PIB per cápita)","maddison_MDA_6","Republic of Moldova (1989-1996)","MDA","Republic of Moldova",1989,1996,-0.678703669108107,7,FALSE,25,2021,73.4582575091939,25,"25 años después",0.678703669108107,0.734582575091939,32,-0.00959284434922358,2.28630863307028,0.0336306866006053,"Otros países","",FALSE
"Maddison (PIB per cápita)","maddison_AZE_2","Azerbaijan (1988-1995)","AZE","Azerbaijan",1988,1995,-0.678460651251502,7,FALSE,25,2020,173.55822305568,25,"25 años después",0.678460651251502,1.7355822305568,32,0.0173787501590683,5.39772888547565,0.0697651426524641,"Otros países","",FALSE
"Maddison (PIB per cápita)","maddison_MNE_19","Montenegro (1986-1993)","MNE","Montenegro",1986,1993,-0.628250268580291,7,FALSE,25,2018,244.573184265074,25,"25 años después",0.628250268580291,2.44573184265074,32,0.0283424791852724,6.57897406760864,0.0782670322905066,"Otros países","",FALSE
"Maddison (PIB per cápita)","maddison_ARM_5","Armenia (1989-1993)","ARM","Armenia",1989,1993,-0.607586962729169,4,FALSE,25,2018,109.172149042488,25,"25 años después",0.607586962729169,1.09172149042488,29,0.00303064519564766,2.78207242556881,0.0417769334937015,"Otros países","",FALSE
"Maddison (PIB per cápita)","maddison_LBN_20","Lebanon (1987-1989)","LBN","Lebanon",1987,1989,-0.598839084166398,2,FALSE,25,2014,219.062782463176,25,"25 años después",0.598839084166398,2.19062782463176,27,0.029469897042014,5.46072096799285,0.0702617375126613,"Otros países","",FALSE
"Maddison (PIB per cápita)","maddison_BIH_13","Bosnia and Herzegovina (1989-1993)","BIH","Bosnia and Herzegovina",1989,1993,-0.578149410053121,4,FALSE,25,2018,159.719533023722,25,"25 años después",0.578149410053121,1.59719533023722,29,0.0162775827298234,3.78616355719296,0.0546976414769971,"Otros países","",FALSE
"Maddison (PIB per cápita)","maddison_SRB_16","Serbia (1989-1993)","SRB","Serbia",1989,1993,-0.573689539124695,4,FALSE,25,2018,132.991508160754,25,"25 años después",0.573689539124695,1.32991508160754,29,0.00988004340027282,3.11959288748615,0.0465594820683968,"Otros países","",FALSE
"Maddison (PIB per cápita)","maddison_UKR_4","Ukraine (1989-1997)","UKR","Ukraine",1989,1997,-0.542510987915124,8,FALSE,25,2022,76.8607364136656,25,"25 años después",0.542510987915124,0.768607364136657,33,-0.00794328464617222,1.68005644689464,0.0209699386343492,"Otros países","",FALSE
"Maddison (PIB per cápita)","maddison_ARE_12","United Arab Emirates (1980-1988)","ARE","United Arab Emirates",1980,1988,-0.54231570367687,8,FALSE,25,2013,151.29800648714,25,"25 años después",0.54231570367687,1.5129800648714,33,0.0126269723580268,3.30572859288844,0.048988405062578,"Otros países","",FALSE
"Maddison (PIB per cápita)","maddison_KGZ_5","Kyrgyzstan (1990-1995)","KGZ","Kyrgyzstan",1990,1995,-0.516539479237331,5,FALSE,25,2020,85.3197698572727,25,"25 años después",0.516539479237331,0.853197698572727,30,-0.0052781543272199,1.7647722242693,0.02298095013386,"Otros países","",FALSE
"Maddison (PIB per cápita)","maddison_KWT_14","Kuwait (1979-1982)","KWT","Kuwait",1979,1982,-0.5085894796621,3,FALSE,25,2007,259.447969665123,25,"25 años después",0.5085894796621,2.59447969665123,28,0.0346358197215937,5.27965843072963,0.0688191662983015,"Otros países","",FALSE
"Maddison (PIB per cápita)","maddison_KWT_20","Kuwait (1989-1991)","KWT","Kuwait",1989,1991,-0.503117326042274,2,FALSE,25,2016,624.275043992277,25,"25 años después",0.503117326042274,6.24275043992277,27,0.0701837923294035,12.5638320012219,0.106534310769863,"Otros países","",FALSE
"Maddison (PIB per cápita)","maddison_AGO_14","Angola (1973-1977)","AGO","Angola",1973,1977,-0.474053295932679,4,FALSE,25,2002,88.4527300420351,25,"25 años después",0.474053295932679,0.884527300420351,29,-0.0042221615241459,1.68178124053256,0.0210118442564984,"Otros países","",FALSE
"Maddison (PIB per cápita)","maddison_LTU_4","Lithuania (1988-1994)","LTU","Lithuania",1988,1994,-0.472762431170335,6,FALSE,25,2019,195.179129075483,25,"25 años después",0.472762431170335,1.95179129075483,31,0.021806870678921,3.70191998094392,0.0537487709270081,"Otros países","",FALSE
"Maddison (PIB per cápita)","maddison_CUB_36","Cuba (1988-1993)","CUB","Cuba",1988,1993,-0.467868246757234,5,FALSE,25,2018,165.458319849677,25,"25 años después",0.467868246757234,1.65458319849677,30,0.0169266302090996,3.10934874382871,0.0464217969111884,"Otros países","",FALSE
"Maddison (PIB per cápita)","maddison_LVA_6","Latvia (1990-1993)","LVA","Latvia",1990,1993,-0.466067926792929,3,FALSE,25,2018,158.420003027407,25,"25 años después",0.466067926792929,1.58420003027407,28,0.0165671512184082,2.96704414244783,0.0444627608396759,"Otros países","",FALSE
"Maddison (PIB per cápita)","maddison_RWA_16","Rwanda (1992-1994)","RWA","Rwanda",1992,1994,-0.456631272378131,2,FALSE,25,2019,156.938635092083,25,"25 años después",0.456631272378131,1.56938635092083,27,0.0168321155535194,2.88825298759735,0.0433389222628948,"Otros países","",FALSE
"Maddison (PIB per cápita)","maddison_TCD_8","Chad (1975-1981)","TCD","Chad",1975,1981,-0.452731092436975,6,FALSE,25,2006,128.730705051655,25,"25 años después",0.452731092436975,1.28730705051655,31,0.008180130069531,2.35223860286326,0.0348067547180859,"Otros países","",FALSE
"Maddison (PIB per cápita)","maddison_IRN_7","Iran (Islamic Republic of) (1976-1981)","IRN","Iran (Islamic Republic of)",1976,1981,-0.448007501172058,5,FALSE,25,2006,133.012220473812,25,"25 años después",0.448007501172058,1.33012220473812,30,0.00955438182152957,2.40967442050825,0.0358057908823162,"Otros países","",FALSE
"Maddison (PIB per cápita)","maddison_IRQ_18","Iraq (1979-1986)","IRQ","Iraq",1979,1986,-0.443588076887362,7,FALSE,25,2011,106.639427987743,25,"25 años después",0.443588076887362,1.06639427987743,32,0.00201086677104856,1.91655540720961,0.0263626872636111,"Otros países","",FALSE
"Maddison (PIB per cápita)","maddison_YUG_24","Former Yugoslavia (1989-1993)","YUG","Former Yugoslavia",1989,1993,-0.438400223171273,4,FALSE,25,2018,170.168440769936,25,"25 años después",0.438400223171273,1.70168440769936,29,0.0185007320811181,3.03006603262653,0.0453412388733707,"Otros países","",FALSE
"Maddison (PIB per cápita)","maddison_COD_18","D.R. of the Congo (1986-1994)","COD","D.R. of the Congo",1986,1994,-0.430781454574356,8,FALSE,25,2019,87.3758413251251,25,"25 años después",0.430781454574356,0.873758413251251,33,-0.00408108469501189,1.53501395952917,0.0172893389437045,"Otros países","",FALSE
"Maddison (PIB per cápita)","maddison_KWT_10","Kuwait (1971-1975)","KWT","Kuwait",1971,1975,-0.412802726055738,4,FALSE,25,2000,72.7044491584218,25,"25 años después",0.412802726055738,0.727044491584218,29,-0.0109317952199739,1.23816053623783,0.00858168694354156,"Otros países","",FALSE
"Maddison (PIB per cápita)","maddison_BLR_4","Belarus (1989-1995)","BLR","Belarus",1989,1995,-0.411954753139423,6,FALSE,25,2020,160.204801315977,25,"25 años después",0.411954753139423,1.60204801315977,31,0.0153188200333814,2.72436181010339,0.0409037936326315,"Otros países","",FALSE
"Maddison (PIB per cápita)","maddison_SUN_59","Former USSR (1989-1996)","SUN","Former USSR",1989,1996,-0.401293063282831,7,FALSE,25,2021,175.292005836832,25,"25 años después",0.401293063282831,1.75292005836832,32,0.0176948246028219,2.92784324160321,0.0439072476624813,"Otros países","",FALSE
"Maddison (PIB per cápita)","maddison_CMR_8","Cameroon (1986-1994)","CMR","Cameroon",1986,1994,-0.397839256921597,8,FALSE,25,2019,105.556345197343,25,"25 años después",0.397839256921597,1.05556345197343,33,0.00163997061851306,1.75295959443837,0.0227061703992351,"Otros países","",FALSE
"Maddison (PIB per cápita)","maddison_SAU_6","Saudi Arabia (1981-1986)","SAU","Saudi Arabia",1981,1986,-0.397139251156921,5,FALSE,25,2011,226.569438601412,25,"25 años después",0.397139251156921,2.26569438601412,30,0.0276377374715711,3.75823835000388,0.0543853736553834,"Otros países","",FALSE
"Maddison (PIB per cápita)","maddison_HRV_8","Croatia (1986-1993)","HRV","Croatia",1986,1993,-0.393761082170465,7,FALSE,25,2018,157.311559038183,25,"25 años después",0.393761082170465,1.57311559038183,32,0.0142587658857873,2.59487727382122,0.0388782953124878,"Otros países","",FALSE
"Maddison (PIB per cápita)","maddison_LBN_16","Lebanon (1980-1982)","LBN","Lebanon",1980,1982,-0.387369791666667,2,FALSE,25,2007,244.715856917372,25,"25 años después",0.387369791666667,2.44715856917372,27,0.0337008967094612,3.99451175584573,0.0569599905903715,"Otros países","",FALSE
"Maddison (PIB per cápita)","maddison_NIC_34","Nicaragua (1983-1993)","NIC","Nicaragua",1983,1993,-0.384727408339616,10,FALSE,25,2018,143.451545907751,25,"25 años después",0.384727408339616,1.43451545907751,35,0.0103626710607998,2.3315120460775,0.0344404786029966,"Otros países","",FALSE
"Maddison (PIB per cápita)","maddison_TKM_7","Turkmenistan (1993-1997)","TKM","Turkmenistan",1993,1997,-0.379689332668402,4,FALSE,25,2022,374.30750773582,25,"25 años después",0.379689332668402,3.7430750773582,29,0.0465657100866168,6.03419427471699,0.0745454054344612,"Otros países","",FALSE
"Maddison (PIB per cápita)","maddison_KAZ_7","Kazakhstan (1988-1995)","KAZ","Kazakhstan",1988,1995,-0.373852542557151,7,FALSE,25,2020,204.997442436869,25,"25 años después",0.373852542557151,2.04997442436869,32,0.0226855951993736,3.27394833277879,0.0485831457295971,"Otros países","",FALSE
"Maddison (PIB per cápita)","maddison_LBY_10","Libya (1979-1984)","LBY","Libya",1979,1984,-0.373211534228483,5,FALSE,25,2009,290.598591712513,25,"25 años después",0.373211534228483,2.90598591712513,30,0.0361988759668599,4.63631045531148,0.0632781769511663,"Otros países","",FALSE
"Maddison (PIB per cápita)","maddison_UZB_5","Uzbekistan (1988-1996)","UZB","Uzbekistan",1988,1996,-0.372921859786908,8,FALSE,25,2021,170.061844484722,25,"25 años después",0.372921859786908,1.70061844484722,33,0.0162208178442556,2.71197213838345,0.0407140289397798,"Otros países","",FALSE
"Maddison (PIB per cápita)","maddison_GAB_2","Gabon (1976-1978)","GAB","Gabon",1976,1978,-0.371381501529772,2,FALSE,25,2003,91.5182573494964,25,"25 años después",0.371381501529772,0.915182573494964,27,-0.00327727352280272,1.45586325525275,0.0151373881233703,"Otros países","",FALSE
"Maddison (PIB per cápita)","maddison_EST_4","Estonia (1989-1994)","EST","Estonia",1989,1994,-0.357257544969001,5,FALSE,25,2019,151.795112199696,25,"25 años después",0.357257544969001,1.51795112199696,30,0.0140092722083744,2.36167863211052,0.0349725514624,"Otros países","",FALSE
"Maddison (PIB per cápita)","maddison_MOZ_6","Mozambique (1973-1979)","MOZ","Mozambique",1973,1979,-0.351306095110516,6,FALSE,25,2004,37.7036878044561,25,"25 años después",0.351306095110516,0.377036878044561,31,-0.0309750431379724,0.581224634920527,-0.0214708660293735,"Otros países","",FALSE
"Maddison (PIB per cápita)","maddison_NIC_30","Nicaragua (1977-1979)","NIC","Nicaragua",1977,1979,-0.351057747284162,2,FALSE,25,2004,61.3733759581422,25,"25 años después",0.351057747284162,0.613733759581422,27,-0.0179187763028225,0.945744797804323,-0.00222881314268542,"Otros países","",FALSE
"Maddison (PIB per cápita)","maddison_MOZ_10","Mozambique (1990-1995)","MOZ","Mozambique",1990,1995,-0.343575360348206,5,FALSE,25,2020,60.6246645567568,25,"25 años después",0.343575360348206,0.606246645567568,30,-0.0165439003371187,0.923558637118126,-0.00317578596628754,"Otros países","",FALSE
"Maddison (PIB per cápita)","maddison_UGA_27","Uganda (1971-1980)","UGA","Uganda",1971,1980,-0.341516245487365,9,FALSE,25,2005,104.772370128082,25,"25 años después",0.341516245487365,1.04772370128082,34,0.00137211423331318,1.59111548933546,0.0187510471348049,"Otros países","",FALSE
"Maddison (PIB per cápita)","maddison_RUS_51","Russian Federation (1989-1996)","RUS","Russian Federation",1989,1996,-0.335784053298137,7,FALSE,25,2021,204.605574484533,25,"25 años después",0.335784053298137,2.04605574484533,32,0.0226244466856615,3.08040744129215,0.0460304488045249,"Otros países","",FALSE
"Maddison (PIB per cápita)","maddison_DZA_6","Algeria (1960-1962)","DZA","Algeria",1960,1962,-0.313701923076923,2,FALSE,25,1987,152.884615384615,25,"25 años después",0.313701923076923,1.52884615384615,27,0.0158469671511992,2.2276707530648,0.0325570115949525,"Otros países","",FALSE
"Maddison (PIB per cápita)","maddison_MKD_10","TFYR of Macedonia (1989-1995)","MKD","TFYR of Macedonia",1989,1995,-0.310295924082278,6,FALSE,25,2020,128.608960690205,25,"25 años después",0.310295924082278,1.28608960690205,31,0.00814935904446923,1.86469770414329,0.0252371565184486,"Otros países","",FALSE
"Maddison (PIB per cápita)","maddison_GNQ_4","Equatorial Guinea (1977-1982)","GNQ","Equatorial Guinea",1977,1982,-0.309432933478735,5,FALSE,25,2007,1125.34775500733,25,"25 años después",0.309432933478735,11.2534775500733,30,0.0840339696929151,16.2959951258069,0.118106662801955,"Otros países","",FALSE
"Maddison (PIB per cápita)","maddison_COD_14","D.R. of the Congo (1974-1983)","COD","D.R. of the Congo",1974,1983,-0.307164634146341,9,FALSE,25,2008,44.1195671557187,25,"25 años después",0.307164634146341,0.441195671557187,34,-0.0237793776799408,0.636797272918623,-0.0178901929549149,"Otros países","",FALSE
"Maddison (PIB per cápita)","maddison_TKM_5","Turkmenistan (1988-1992)","TKM","Turkmenistan",1988,1992,-0.304989599240861,4,FALSE,25,2017,274.268034176382,25,"25 años después",0.304989599240861,2.74268034176382,29,0.0354031679748352,3.94624359400676,0.0564461277224126,"Otros países","",FALSE
"Maddison (PIB per cápita)","maddison_BDI_18","Burundi (1991-1997)","BDI","Burundi",1991,1997,-0.303988800695426,6,FALSE,25,2022,62.3786672166806,25,"25 años después",0.303988800695426,0.623786672166806,31,-0.0151087910063098,0.896230797421174,-0.00437270427820824,"Otros países","",FALSE
"Maddison (PIB per cápita)","maddison_CYP_9","Cyprus (1973-1975)","CYP","Cyprus",1973,1975,-0.301402754960192,2,FALSE,25,2000,282.153393696757,25,"25 años después",0.301402754960192,2.82153393696757,27,0.0391653087821591,4.03885637540239,0.0574268564410381,"Otros países","",FALSE
"Maddison (PIB per cápita)","maddison_TGO_8","Togo (1979-1983)","TGO","Togo",1979,1983,-0.28680800942285,4,FALSE,25,2008,67.7478123049953,25,"25 años después",0.28680800942285,0.677478123049953,29,-0.0133370904105876,0.949923908289694,-0.00205282583031252,"Otros países","",FALSE
"Maddison (PIB per cápita)","maddison_ALB_2","Albania (1990-1992)","ALB","Albania",1990,1992,-0.286526446230343,2,FALSE,25,2017,275.126947092694,25,"25 años después",0.286526446230343,2.75126947092694,27,0.0381951716835922,3.85616181061026,0.0554707686085862,"Otros países","",FALSE
"Maddison (PIB per cápita)","maddison_ETH_16","Ethiopia (1987-1993)","ETH","Ethiopia",1987,1993,-0.286502792412777,6,FALSE,25,2018,197.635465992306,25,"25 años después",0.286502792412777,1.97635465992306,31,0.0222191871732758,2.76995430242305,0.041595042451551,"Otros países","",FALSE
"Maddison (PIB per cápita)","maddison_CIV_16","Côte d'Ivoire (1985-1994)","CIV","Côte d'Ivoire",1985,1994,-0.286456743206981,9,FALSE,25,2019,135.396253332316,25,"25 años después",0.286456743206981,1.35396253332316,34,0.00895264625942938,1.89751990567253,0.0259529713715738,"Otros países","",FALSE
"Maddison (PIB per cápita)","maddison_ROU_62","Romania (1986-1992)","ROU","Romania",1986,1992,-0.282824423543008,6,FALSE,25,2017,342.396142045199,25,"25 años después",0.282824423543008,3.42396142045199,31,0.0405018735201648,4.77423037377699,0.0645256610990512,"Otros países","",FALSE
"Maddison (PIB per cápita)","maddison_PER_200","Peru (1987-1990)","PER","Peru",1987,1990,-0.282400478898533,3,FALSE,25,2015,175.300362002655,25,"25 años después",0.282400478898533,1.75300362002655,28,0.0202498251902963,2.44287178081697,0.0363728493262212,"Otros países","",FALSE
"Maddison (PIB per cápita)","maddison_AGO_18","Angola (1980-1986)","AGO","Angola",1980,1986,-0.278067885117493,6,FALSE,25,2011,523.237597911227,25,"25 años después",0.278067885117493,5.23237597911227,31,0.0548333129003815,7.24773960216998,0.0824506442726913,"Otros países","",FALSE
"Maddison (PIB per cápita)","maddison_MDG_10","Madagascar (1979-1988)","MDG","Madagascar",1979,1988,-0.276546091015169,9,FALSE,25,2013,78.4918871087818,25,"25 años después",0.276546091015169,0.784918871087818,34,-0.00709748467230165,1.08496043955203,0.00326706626890472,"Otros países","",FALSE
"Maddison (PIB per cápita)","maddison_NGA_40","Nigeria (1979-1984)","NGA","Nigeria",1979,1984,-0.274239543726236,5,FALSE,25,2009,209.902423555677,25,"25 años después",0.274239543726236,2.09902423555677,30,0.02502371909219,2.89217222764339,0.0433955161231945,"Otros países","",FALSE
"Maddison (PIB per cápita)","maddison_CHN_33","China (1957-1961)","CHN","China",1957,1961,-0.268619246861925,4,FALSE,25,1986,229.958158995816,25,"25 años después",0.268619246861925,2.29958158995816,29,0.0291309730772691,3.1441647597254,0.0468879761757899,"Otros países","",FALSE
"Maddison (PIB per cápita)","maddison_SVN_8","Slovenia (1986-1992)","SVN","Slovenia",1986,1992,-0.267933426673596,6,FALSE,25,2017,133.930926604652,25,"25 años después",0.267933426673596,1.33930926604652,31,0.00946887160527821,1.82949108024547,0.0244557676563586,"Otros países","",FALSE
"Maddison (PIB per cápita)","maddison_LBY_12","Libya (1985-1987)","LBY","Libya",1985,1987,-0.267071569271175,2,FALSE,25,2012,415.340056826359,25,"25 años después",0.267071569271175,4.15340056826359,27,0.0541534758967408,5.66685694554575,0.0718492045300285,"Otros países","",FALSE
"Maddison (PIB per cápita)","maddison_GAB_6","Gabon (1984-1987)","GAB","Gabon",1984,1987,-0.266140269391547,3,FALSE,25,2012,193.710031343391,25,"25 años después",0.266140269391547,1.93710031343391,28,0.0238950243832907,2.63960568026785,0.0395887286279781,"Otros países","",FALSE
"Maddison (PIB per cápita)","maddison_NER_10","Niger (1980-1985)","NER","Niger",1980,1985,-0.264136328427576,5,FALSE,25,2010,62.754241121635,25,"25 años después",0.264136328427576,0.62754241121635,30,-0.0154114761984592,0.852797108295062,-0.00634910337817507,"Otros países","",FALSE
"Maddison (PIB per cápita)","maddison_IRN_9","Iran (Islamic Republic of) (1983-1988)","IRN","Iran (Islamic Republic of)",1983,1988,-0.261536297129994,5,FALSE,25,2013,236.956906657542,25,"25 años después",0.261536297129994,2.36956906657542,30,0.0291744098571305,3.20878203947763,0.0477402032736367,"Otros países","",FALSE
"Maddison (PIB per cápita)","maddison_JOR_17","Jordan (1986-1991)","JOR","Jordan",1986,1991,-0.259938627832325,5,FALSE,25,2016,114.754949945679,25,"25 años después",0.259938627832325,1.14754949945679,30,0.00459816589640516,1.55061396610333,0.0177008743785452,"Otros países","",FALSE
"Maddison (PIB per cápita)","maddison_NGA_34","Nigeria (1965-1968)","NGA","Nigeria",1965,1968,-0.259800664451827,3,FALSE,25,1993,120.780698351138,25,"25 años después",0.259800664451827,1.20780698351138,28,0.00676586808352009,1.63173205582103,0.0197787402718241,"Otros países","",FALSE
"Maddison (PIB per cápita)","maddison_GHA_45","Ghana (1978-1983)","GHA","Ghana",1978,1983,-0.259462151394422,5,FALSE,25,2008,135.746435561943,25,"25 años después",0.259462151394422,1.35746435561943,30,0.0102393508700234,1.8330789684491,0.0245360561515311,"Otros países","",FALSE
"Maddison (PIB per cápita)","maddison_KHM_12","Cambodia (1973-1975)","KHM","Cambodia",1973,1975,-0.253430185633575,2,FALSE,25,2000,133.905495547606,25,"25 años después",0.253430185633575,1.33905495547606,27,0.0108721625276782,1.79360982684847,0.0236444096271786,"Otros países","",FALSE
"Maddison (PIB per cápita)","maddison_NER_6","Niger (1971-1973)","NER","Niger",1971,1973,-0.248191027496382,2,FALSE,25,1998,54.6489123852307,25,"25 años después",0.248191027496382,0.546489123852307,27,-0.022130732889364,0.726898911611057,-0.0126776670481321,"Otros países","",FALSE
"Maddison (PIB per cápita)","maddison_AGO_20","Angola (1991-1993)","AGO","Angola",1991,1993,-0.248176797680982,2,FALSE,25,2018,499.625578363327,25,"25 años después",0.248176797680982,4.99625578363327,27,0.0613918005406684,6.64551954265603,0.0787011893592682,"Otros países","",FALSE
"Maddison (PIB per cápita)","maddison_VEN_70","Venezuela (1977-1985)","VEN","Venezuela",1977,1985,-0.246708124123997,8,TRUE,25,2010,88.700398435436,25,"25 años después",0.246708124123997,0.88700398435436,33,-0.00362691602773468,1.17750371769623,0.006557273562525,"Venezuela","",FALSE
"Maddison (PIB per cápita)","maddison_MOZ_8","Mozambique (1980-1985)","MOZ","Mozambique",1980,1985,-0.246272493573265,5,FALSE,25,2010,49.1789452284824,25,"25 años después",0.246272493573265,0.491789452284824,30,-0.0233791909049456,0.652476456135049,-0.0169341860300141,"Otros países","",FALSE
"Maddison (PIB per cápita)","maddison_JAM_11","Jamaica (1973-1980)","JAM","Jamaica",1973,1980,-0.244265532432022,7,FALSE,25,2005,107.455115755281,25,"25 años después",0.244265532432022,1.07455115755281,32,0.0022494965335389,1.42186337088847,0.0141783018262935,"Otros países","",FALSE
"Maddison (PIB per cápita)","maddison_RWA_4","Rwanda (1962-1964)","RWA","Rwanda",1962,1964,-0.243827160493827,2,FALSE,25,1989,113.888888888889,25,"25 años después",0.243827160493827,1.13888888888889,27,0.00482840187313305,1.50612244897959,0.0165164504103619,"Otros países","",FALSE
"Maddison (PIB per cápita)","maddison_SLV_27","El Salvador (1978-1983)","SLV","El Salvador",1978,1983,-0.238857142857143,5,FALSE,25,2008,167.146419087126,25,"25 años después",0.238857142857143,1.67146419087126,30,0.0172707780964667,2.19599274326179,0.0319656367319692,"Otros países","",FALSE
"Maddison (PIB per cápita)","maddison_BOL_26","Bolivia (Plurinational State of) (1978-1986)","BOL","Bolivia (Plurinational State of)",1978,1986,-0.236136783733826,8,FALSE,25,2011,123.174676524954,25,"25 años después",0.236136783733826,1.23174676524954,33,0.00633614949794925,1.61252268602541,0.0192957967675749,"Otros países","",FALSE
"Maddison (PIB per cápita)","maddison_MLI_12","Mali (1979-1982)","MLI","Mali",1979,1982,-0.234200743494424,3,FALSE,25,2007,107.15285774792,25,"25 años después",0.234200743494424,1.0715285774792,28,0.00247041095283929,1.39922906476652,0.013527536932981,"Otros países","",FALSE
"Maddison (PIB per cápita)","maddison_CHL_76","Chile (1971-1975)","CHL","Chile",1971,1975,-0.232759603328394,4,FALSE,25,2000,173.391351824968,25,"25 años después",0.232759603328394,1.73391351824968,29,0.0191598946977165,2.25993512042852,0.0331510914991782,"Otros países","",FALSE
"Maddison (PIB per cápita)","maddison_BGR_32","Bulgaria (1987-1992)","BGR","Bulgaria",1987,1992,-0.228731352525515,5,FALSE,25,2017,170.906033568292,25,"25 años después",0.228731352525515,1.70906033568292,30,0.018025320157862,2.21590796057797,0.0323383680729932,"Otros países","",FALSE
"Maddison (PIB per cápita)","maddison_SVK_2","Slovakia (1989-1992)","SVK","Slovakia",1989,1992,-0.227374363247907,3,FALSE,25,2017,202.518891812479,25,"25 años después",0.227374363247907,2.02518891812479,28,0.0255225110803345,2.62117747818741,0.0392974389876988,"Otros países","",FALSE
"Maddison (PIB per cápita)","maddison_HTI_29","Haiti (1991-1994)","HTI","Haiti",1991,1994,-0.224950881491012,3,FALSE,25,2019,105.570479137931,25,"25 años después",0.224950881491012,1.05570479137931,28,0.00193789646268372,1.36211340180637,0.0124382177392273,"Otros países","",FALSE
"Maddison (PIB per cápita)","maddison_CAF_12","Central African Republic (1977-1983)","CAF","Central African Republic",1977,1983,-0.220183486238532,6,FALSE,25,2008,63.6451196453899,25,"25 años después",0.220183486238532,0.636451196453899,31,-0.0144700153792504,0.816155063687941,-0.00809310953589371,"Otros países","",FALSE
"Maddison (PIB per cápita)","maddison_AFG_6","Afghanistan (1968-1972)","AFG","Afghanistan",1968,1972,-0.21937984496124,4,FALSE,25,1997,44.2324123221613,25,"25 años después",0.21937984496124,0.442324123221613,29,-0.0277361028524271,0.566631697076346,-0.0224656333301086,"Otros países","",FALSE
"Maddison (PIB per cápita)","maddison_VNM_7","Viet Nam (1964-1968)","VNM","Viet Nam",1964,1968,-0.219341275402943,4,FALSE,25,1993,132.786168205723,25,"25 años después",0.219341275402943,1.32786168205723,29,0.00982623559646489,1.70095028751855,0.0214748185233853,"Otros países","",FALSE
"Maddison (PIB per cápita)","maddison_RWA_14","Rwanda (1986-1991)","RWA","Rwanda",1986,1991,-0.219086844086561,5,FALSE,25,2016,108.09387673997,25,"25 años después",0.219086844086561,1.0809387673997,30,0.00259769794050713,1.38419843386467,0.0130897797792238,"Otros países","",FALSE
"Maddison (PIB per cápita)","maddison_QAT_8","Qatar (1959-1965)","QAT","Qatar",1959,1965,-0.216168281333435,6,FALSE,25,1990,22.3224502250362,25,"25 años después",0.216168281333435,0.223224502250362,31,-0.0472221043415363,0.284786258241892,-0.0489994651667656,"Otros países","",FALSE
"Maddison (PIB per cápita)","maddison_LBN_2","Lebanon (1955-1958)","LBN","Lebanon",1955,1958,-0.21398002853067,3,FALSE,25,1983,48.5306704707561,25,"25 años después",0.21398002853067,0.485306704707561,28,-0.0254900087520145,0.617422867513611,-0.0191032210307551,"Otros países","",FALSE
"Maddison (PIB per cápita)","maddison_TGO_12","Togo (1990-1993)","TGO","Togo",1990,1993,-0.213204019707434,3,FALSE,25,2018,115.007135365813,25,"25 años después",0.213204019707434,1.15007135365813,28,0.00500620319501865,1.46171483137278,0.0153002804419622,"Otros países","",FALSE
"Maddison (PIB per cápita)","maddison_BGD_16","Bangladesh (1970-1973)","BGD","Bangladesh",1970,1973,-0.211155378486056,3,FALSE,25,1998,134.277881179243,25,"25 años después",0.211155378486056,1.34277881179243,28,0.0105820698901724,1.70220950383788,0.0215050557602205,"Otros países","",FALSE
"Maddison (PIB per cápita)","maddison_SDN_14","Sudan (Former) (1977-1981)","SDN","Sudan (Former)",1977,1981,-0.210554658050619,4,FALSE,25,2006,156.370538036229,25,"25 años después",0.210554658050619,1.56370538036229,29,0.0155352380950902,1.98076459163218,0.0277164653795421,"Otros países","",FALSE
"Maddison (PIB per cápita)","maddison_TTO_6","Trinidad and Tobago (1984-1989)","TTO","Trinidad and Tobago",1984,1989,-0.209841628959276,5,FALSE,25,2014,185.962683639331,25,"25 años después",0.209841628959276,1.85962683639331,30,0.0208944907694339,2.35348621814128,0.034828703378291,"Otros países","",FALSE
"Maddison (PIB per cápita)","maddison_KHM_10","Cambodia (1968-1972)","KHM","Cambodia",1968,1972,-0.209621993127148,4,FALSE,25,1997,125.976520464247,25,"25 años después",0.209621993127148,1.25976520464247,29,0.00799473193641909,1.59387684587374,0.0188217093615068,"Otros países","",FALSE
"Maddison (PIB per cápita)","maddison_KWT_4","Kuwait (1956-1961)","KWT","Kuwait",1956,1961,-0.205747652850927,5,FALSE,25,1986,25.7785665216396,25,"25 años después",0.205747652850927,0.257785665216396,30,-0.0441818080587622,0.324563932535678,-0.0440129477994693,"Otros países","",FALSE
"Maddison (PIB per cápita)","maddison_GTM_22","Guatemala (1980-1988)","GTM","Guatemala",1980,1988,-0.203320802005013,8,FALSE,25,2013,106.726372269464,25,"25 años después",0.203320802005013,1.06726372269464,33,0.0019746168285748,1.33964050445981,0.0117647181706637,"Otros países","",FALSE
"Maddison (PIB per cápita)","maddison_SDN_16","Sudan (Former) (1982-1985)","SDN","Sudan (Former)",1982,1985,-0.203252032520325,3,FALSE,25,2010,231.851324460465,25,"25 años después",0.203252032520325,2.31851324460465,28,0.0304886181775967,2.90997070496298,0.0436516034177199,"Otros países","",FALSE
"Maddison (PIB per cápita)","maddison_GNB_10","Guinea-Bissau (1979-1981)","GNB","Guinea-Bissau",1979,1981,-0.200953678474114,2,FALSE,25,2006,84.0472232883883,25,"25 años después",0.200953678474114,0.840472232883883,27,-0.00641604586372402,1.05184419256056,0.00202384511214659,"Otros países","",FALSE
"Maddison (PIB per cápita)","maddison_MMR_18","Myanmar (1985-1988)","MMR","Myanmar",1985,1988,-0.198539176626826,3,FALSE,25,2013,290.239225528705,25,"25 años después",0.198539176626826,2.90239225528705,28,0.0387881907650858,3.6213775778478,0.0528220020693051,"Otros países","",FALSE
"Maddison (PIB per cápita)","maddison_QAT_12","Qatar (1973-1975)","QAT","Qatar",1973,1975,-0.197947578464192,2,FALSE,25,2000,66.934849802203,25,"25 años después",0.197947578464192,0.66934849802203,27,-0.0147585436203008,0.834544575952192,-0.00720865692622996,"Otros países","",FALSE
"Maddison (PIB per cápita)","maddison_CAF_14","Central African Republic (1986-1993)","CAF","Central African Republic",1986,1993,-0.197022224902549,7,FALSE,25,2018,53.2863565843207,25,"25 años después",0.197022224902549,0.532863565843206,32,-0.0194793355776777,0.663609358028044,-0.0162686768119236,"Otros países","",FALSE
"Maddison (PIB per cápita)","maddison_ZMB_38","Zambia (1981-1987)","ZMB","Zambia",1981,1987,-0.193699731903485,6,FALSE,25,2012,224.186673880889,25,"25 años después",0.193699731903485,2.24186673880889,31,0.0263842836336279,2.78043655386771,0.0417524237854048,"Otros países","",FALSE
"Maddison (PIB per cápita)","maddison_MDG_8","Madagascar (1971-1978)","MDG","Madagascar",1971,1978,-0.192346424974824,7,FALSE,25,2003,60.3445745505886,25,"25 años después",0.192346424974824,0.603445745505886,32,-0.0156604282259992,0.747159133774745,-0.0115913797052184,"Otros países","",FALSE
"Maddison (PIB per cápita)","maddison_LSO_8","Lesotho (1978-1981)","LSO","Lesotho",1978,1981,-0.191313340227508,3,FALSE,25,2006,106.325215282814,25,"25 años después",0.191313340227508,1.06325215282814,28,0.00219283933141678,1.31478878744861,0.0110071794948361,"Otros países","",FALSE
"Maddison (PIB per cápita)","maddison_GHA_43","Ghana (1974-1976)","GHA","Ghana",1974,1976,-0.190168175937904,2,FALSE,25,2001,92.415103028273,25,"25 años después",0.190168175937904,0.92415103028273,27,-0.00291720954011809,1.14116413164305,0.00529593050340837,"Otros países","",FALSE
"Maddison (PIB per cápita)","maddison_HTI_17","Haiti (1962-1967)","HTI","Haiti",1962,1967,-0.189277899343545,5,FALSE,25,1992,84.0246538921231,25,"25 años después",0.189277899343545,0.840246538921231,30,-0.0057851986327454,1.03641745826451,0.00143182467018943,"Otros países","",FALSE
"Maddison (PIB per cápita)","maddison_PHL_24","Philippines (1982-1985)","PHL","Philippines",1982,1985,-0.187613371339725,3,FALSE,25,2010,147.552389967817,25,"25 años después",0.187613371339725,1.47552389967817,28,0.0139902862241663,1.8162828481206,0.0241588902672103,"Otros países","",FALSE
"Maddison (PIB per cápita)","maddison_CHL_78","Chile (1981-1983)","CHL","Chile",1981,1983,-0.186697782963827,2,FALSE,25,2008,199.469920052291,25,"25 años después",0.186697782963827,1.99469920052291,27,0.0259036403283452,2.45259284770177,0.0365374990836247,"Otros países","",FALSE
"Maddison (PIB per cápita)","maddison_COG_6","Congo (1984-1990)","COG","Congo",1984,1990,-0.186535162950257,6,FALSE,25,2015,130.348573958099,25,"25 años después",0.186535162950257,1.30348573958099,31,0.00858639582677401,1.60238731929513,0.0190387527261708,"Otros países","",FALSE
"Maddison (PIB per cápita)","maddison_HTI_25","Haiti (1980-1987)","HTI","Haiti",1980,1987,-0.184682501211827,7,FALSE,25,2012,81.1439650993699,25,"25 años después",0.184682501211827,0.811439650993699,32,-0.00650826831759888,0.995243757431628,-0.000190685396567192,"Otros países","",FALSE
"Maddison (PIB per cápita)","maddison_HUN_28","Hungary (1988-1992)","HUN","Hungary",1988,1992,-0.183196143089723,4,FALSE,25,2017,219.873276135766,25,"25 años después",0.183196143089723,2.19873276135766,29,0.0275407402110741,2.69187362762317,0.0404044155583263,"Otros países","",FALSE
"Maddison (PIB per cápita)","maddison_DMA_12","Dominica (1978-1979)","DMA","Dominica",1978,1979,-0.183086680761099,1,FALSE,25,2004,279.183932551776,25,"25 años después",0.183086680761099,2.79183932551776,26,0.0402785210121874,3.41754658636103,0.0503851609388737,"Otros países","",FALSE
"Maddison (PIB per cápita)","maddison_GMB_6","Gambia (1969-1972)","GMB","Gambia",1969,1972,-0.18109269490485,3,FALSE,25,1997,80.3245348031393,25,"25 años después",0.18109269490485,0.803245348031393,28,-0.00779428977372854,0.980874566674019,-0.000772129366968688,"Otros países","",FALSE
"Maddison (PIB per cápita)","maddison_KEN_19","Kenya (1951-1953)","KEN","Kenya",1951,1953,-0.179007323026851,2,FALSE,25,1978,134.743694060212,25,"25 años después",0.179007323026851,1.34743694060212,27,0.0111058177089447,1.6412289395441,0.0200154891108368,"Otros países","",FALSE
"Maddison (PIB per cápita)","maddison_NER_14","Niger (1988-1993)","NER","Niger",1988,1993,-0.178337142979854,5,FALSE,25,2018,100.377913142693,25,"25 años después",0.178337142979854,1.00377913142693,30,0.000125741519798828,1.22164355228037,0.00804003391379404,"Otros países","",FALSE
"Maddison (PIB per cápita)","maddison_MNG_2","Mongolia (1989-1992)","MNG","Mongolia",1989,1992,-0.175173627379803,3,FALSE,25,2017,570.266807260663,25,"25 años después",0.175173627379803,5.70266807260663,28,0.0641498522462183,6.91377999286221,0.080410067086875,"Otros países","",FALSE
"Maddison (PIB per cápita)","maddison_SLE_14","Sierra Leone (1989-1992)","SLE","Sierra Leone",1989,1992,-0.174806213829402,3,FALSE,25,2017,100.08091948972,25,"25 años después",0.174806213829402,1.0008091948972,28,2.88885485346668e-05,1.21281717297165,0.00774769508487405,"Otros países","",FALSE
"Maddison (PIB per cápita)","maddison_CPV_6","Cabo Verde (1974-1975)","CPV","Cabo Verde",1974,1975,-0.173680694722779,1,FALSE,25,2000,239.384557023202,25,"25 años después",0.173680694722779,2.39384557023202,26,0.0341430566291521,2.89699823657019,0.0434651026753043,"Otros países","",FALSE
"Maddison (PIB per cápita)","maddison_POL_103","Poland (1988-1991)","POL","Poland",1988,1991,-0.173619128024969,3,FALSE,25,2016,271.13806161448,25,"25 años después",0.173619128024969,2.7113806161448,28,0.0362656174610658,3.28103022237756,0.0486737794221332,"Otros países","",FALSE
"Maddison (PIB per cápita)","maddison_SYR_10","Syrian Arab Republic (1962-1966)","SYR","Syrian Arab Republic",1962,1966,-0.173029251363411,4,FALSE,25,1991,155.744878379847,25,"25 años después",0.173029251363411,1.55744878379847,29,0.0153948531653851,1.88331786386181,0.0256447115131082,"Otros países","",FALSE
"Maddison (PIB per cápita)","maddison_URY_52","Uruguay (1981-1984)","URY","Uruguay",1981,1984,-0.172695668514517,3,FALSE,25,2009,142.290671080541,25,"25 años después",0.172695668514517,1.42290671080541,28,0.0126761613542274,1.71993141659307,0.0219283448356842,"Otros países","",FALSE
"Maddison (PIB per cápita)","maddison_PER_196","Peru (1981-1983)","PER","Peru",1981,1983,-0.172229446611761,2,FALSE,25,2008,127.331573208117,25,"25 años después",0.172229446611761,1.27331573208117,27,0.00898921100201089,1.53824719527558,0.0173749620188897,"Otros países","",FALSE
"Maddison (PIB per cápita)","maddison_BFA_8","Burkina Faso (1972-1976)","BFA","Burkina Faso",1972,1976,-0.170790103750998,4,FALSE,25,2001,102.424755087674,25,"25 años después",0.170790103750998,1.02424755087674,29,0.000826487777222829,1.23520902911314,0.00848540710240808,"Otros países","",FALSE
"Maddison (PIB per cápita)","maddison_CIV_14","Côte d'Ivoire (1980-1984)","CIV","Côte d'Ivoire",1980,1984,-0.169074700276668,4,FALSE,25,2009,77.1233361746489,25,"25 años después",0.169074700276668,0.771233361746489,29,-0.00891739097236888,0.928162088701935,-0.00297751426151383,"Otros países","",FALSE
"Maddison (PIB per cápita)","maddison_OMN_8","Oman (1972-1973)","OMN","Oman",1972,1973,-0.166480625099665,1,FALSE,25,1998,322.325312995278,25,"25 años después",0.166480625099665,3.22325312995278,26,0.0460435962434318,3.86704043962768,0.0555897112865789,"Otros países","",FALSE
"Maddison (PIB per cápita)","maddison_QAT_14","Qatar (1976-1977)","QAT","Qatar",1976,1977,-0.166216534648081,1,FALSE,25,2002,104.299703437253,25,"25 años después",0.166216534648081,1.04299703437253,26,0.00162047819853717,1.25092074587052,0.00899541279653748,"Otros países","",FALSE
"Maddison (PIB per cápita)","maddison_BDI_2","Burundi (1959-1961)","BDI","Burundi",1959,1961,-0.164402173913043,2,FALSE,25,1986,146.467391304348,25,"25 años después",0.164402173913043,1.46467391304348,27,0.0142349069048149,1.75284552845528,0.022703508395413,"Otros países","",FALSE
"Maddison (PIB per cápita)","maddison_TTO_4","Trinidad and Tobago (1981-1983)","TTO","Trinidad and Tobago",1981,1983,-0.163365848852104,2,FALSE,25,2008,154.8640452331,25,"25 años después",0.163365848852104,1.548640452331,27,0.0163310814564173,1.85103662121156,0.0249356526507318,"Otros países","",FALSE
"Maddison (PIB per cápita)","maddison_SYR_6","Syrian Arab Republic (1957-1958)","SYR","Syrian Arab Republic",1957,1958,-0.162082684656634,1,FALSE,25,1983,183.030617540218,25,"25 años después",0.162082684656634,1.83030617540218,26,0.0235217292428207,2.18435177539224,0.0317462598291407,"Otros países","",FALSE
"Maddison (PIB per cápita)","maddison_TCD_4","Chad (1962-1968)","TCD","Chad",1962,1968,-0.160358565737052,6,FALSE,25,1993,67.8088187725502,25,"25 años después",0.160358565737052,0.678088187725502,31,-0.0124533532430515,0.807592574705106,-0.00851147401982955,"Otros países","",FALSE
"Maddison (PIB per cápita)","maddison_JOR_9","Jordan (1965-1968)","JOR","Jordan",1965,1968,-0.160031533307056,3,FALSE,25,1993,127.328790385078,25,"25 años después",0.160031533307056,1.27328790385078,28,0.00866599331576201,1.51587583860602,0.016778946799785,"Otros países","",FALSE
"Maddison (PIB per cápita)","maddison_CSK_16","Czechoslovakia (1989-1992)","CSK","Czechoslovakia",1989,1992,-0.159778966080206,3,FALSE,25,2017,206.972607041712,25,"25 años después",0.159778966080206,2.06972607041711,28,0.0263195518845247,2.46331142266392,0.0367183193912894,"Otros países","",FALSE
"Maddison (PIB per cápita)","maddison_SYC_14","Seychelles (1979-1983)","SYC","Seychelles",1979,1983,-0.159636309435087,4,FALSE,25,2008,278.54212251131,25,"25 años después",0.159636309435087,2.7854212251131,29,0.0359554150367072,3.31454256815959,0.049100137715163,"Otros países","",FALSE
"Maddison (PIB per cápita)","maddison_BRB_6","Barbados (1989-1993)","BRB","Barbados",1989,1993,-0.159609026785465,4,FALSE,25,2018,89.1224441751963,25,"25 años después",0.159609026785465,0.891224441751963,29,-0.00396312547384758,1.06048788023387,0.0023519241088048,"Otros países","",FALSE
"Maddison (PIB per cápita)","maddison_TJK_1","Tajikistan (1973-1982)","TJK","Tajikistan",1973,1982,-0.157652826719779,9,FALSE,25,2007,40.557827289048,25,"25 años después",0.157652826719779,0.40557827289048,34,-0.0261932406022984,0.481485883440553,-0.0288119223442861,"Otros países","",FALSE
"Maddison (PIB per cápita)","maddison_STP_15","Sao Tome and Principe (1979-1981)","STP","Sao Tome and Principe",1979,1981,-0.155386949924127,2,FALSE,25,2006,82.3599954675496,25,"25 años después",0.155386949924127,0.823599954675496,27,-0.00716202067971272,0.975121038683348,-0.00100723933158042,"Otros países","",FALSE
"Maddison (PIB per cápita)","maddison_SDN_12","Sudan (Former) (1971-1973)","SDN","Sudan (Former)",1971,1973,-0.154996600951734,2,FALSE,25,1998,121.352792334936,25,"25 años después",0.154996600951734,1.21352792334936,27,0.00719359330743918,1.43612194307877,0.0145831671885428,"Otros países","",FALSE
"Maddison (PIB per cápita)","maddison_UGA_29","Uganda (1983-1986)","UGA","Uganda",1983,1986,-0.153846153846154,3,FALSE,25,2011,186.390532544379,25,"25 años después",0.153846153846154,1.86390532544379,28,0.0224874698405784,2.2027972027972,0.0320933520102566,"Otros países","",FALSE
"Maddison (PIB per cápita)","maddison_TCD_6","Chad (1969-1973)","TCD","Chad",1969,1973,-0.153234960272418,4,FALSE,25,1998,85.5687627033149,25,"25 años después",0.153234960272418,0.855687627033149,29,-0.0053597193518089,1.01053726463298,0.000419373296469239,"Otros países","",FALSE
"Maddison (PIB per cápita)","maddison_DMA_8","Dominica (1964-1965)","DMA","Dominica",1964,1965,-0.152219873150106,1,FALSE,25,1990,277.589852008457,25,"25 años después",0.152219873150106,2.77589852008457,26,0.0400494389280845,3.27431421446384,0.0485878328749079,"Otros países","",FALSE
"Maddison (PIB per cápita)","maddison_DOM_8","Dominican Republic (1964-1965)","DOM","Dominican Republic",1964,1965,-0.151374207188161,1,FALSE,25,1990,166.553911205074,25,"25 años después",0.151374207188161,1.66553911205074,26,0.0198148692408371,1.96263079222721,0.0273384539218124,"Otros países","",FALSE
"Maddison (PIB per cápita)","maddison_TZA_14","U.R. of Tanzania: Mainland (1978-1985)","TZA","U.R. of Tanzania: Mainland",1978,1985,-0.151057401812689,7,FALSE,25,2010,208.344779615663,25,"25 años después",0.151057401812689,2.08344779615663,32,0.0232033584896045,2.45416804458307,0.0365641198494493,"Otros países","",FALSE
"Maddison (PIB per cápita)","maddison_VNM_11","Viet Nam (1973-1975)","VNM","Viet Nam",1973,1975,-0.150787696924231,2,FALSE,25,2000,208.034631290917,25,"25 años después",0.150787696924231,2.08034631290917,27,0.0275022969203005,2.44973642677378,0.0364891837858246,"Otros países","",FALSE
"Maddison (PIB per cápita)","maddison_JOR_11","Jordan (1969-1972)","JOR","Jordan",1969,1972,-0.150678733031674,3,FALSE,25,1997,157.069207403077,25,"25 años después",0.150678733031674,1.57069207403077,28,0.0162563022604969,1.84934975152264,0.0248982749002966,"Otros países","",FALSE
"Maddison (PIB per cápita)","maddison_IRQ_20","Iraq (1987-1991)","IRQ","Iraq",1987,1991,-0.749051209057368,4,FALSE,30,2021,204.157087724052,30,"30 años después",0.749051209057368,2.04157087724052,34,0.0212136280738815,8.13540830211542,0.0723732657163914,"Otros países","Iraq (1987-1991)",TRUE
"Maddison (PIB per cápita)","maddison_LBN_12","Lebanon (1973-1976)","LBN","Lebanon",1973,1976,-0.70918185066095,3,FALSE,30,2006,121.911019129057,30,"30 años después",0.70918185066095,1.21911019129057,33,0.00602173214788482,4.19200175113304,0.0489321137953929,"Otros países","",FALSE
"Maddison (PIB per cápita)","maddison_LBN_20","Lebanon (1987-1989)","LBN","Lebanon",1987,1989,-0.598839084166398,2,FALSE,30,2019,207.268567834231,30,"30 años después",0.598839084166398,2.07268567834231,32,0.0230377753710997,5.16671888146262,0.0562672821735637,"Otros países","",FALSE
"Maddison (PIB per cápita)","maddison_KWT_14","Kuwait (1979-1982)","KWT","Kuwait",1979,1982,-0.5085894796621,3,FALSE,30,2012,286.282155312536,30,"30 años después",0.5085894796621,2.86282155312536,33,0.0323863430990678,5.8257229640848,0.0605024128197602,"Otros países","",FALSE
"Maddison (PIB per cápita)","maddison_KWT_20","Kuwait (1989-1991)","KWT","Kuwait",1989,1991,-0.503117326042274,2,FALSE,30,2021,522.936821779349,30,"30 años después",0.503117326042274,5.22936821779349,32,0.0530561728047314,10.5243521094044,0.0816161891918079,"Otros países","",FALSE
"Maddison (PIB per cápita)","maddison_AGO_14","Angola (1973-1977)","AGO","Angola",1973,1977,-0.474053295932679,4,FALSE,30,2007,202.438579561307,30,"30 años después",0.474053295932679,2.02438579561307,34,0.0209597617275881,3.84903219272565,0.04595191191454,"Otros países","",FALSE
"Maddison (PIB per cápita)","maddison_IRN_7","Iran (Islamic Republic of) (1976-1981)","IRN","Iran (Islamic Republic of)",1976,1981,-0.448007501172058,5,FALSE,30,2011,169.001406469761,30,"30 años después",0.448007501172058,1.69001406469761,35,0.0151054324793221,3.06166128758281,0.0380029109288245,"Otros países","",FALSE
"Maddison (PIB per cápita)","maddison_KWT_10","Kuwait (1971-1975)","KWT","Kuwait",1971,1975,-0.412802726055738,4,FALSE,30,2005,127.701921669975,30,"30 años después",0.412802726055738,1.27701921669975,34,0.00721794306704937,2.17477034271956,0.0262356878762391,"Otros países","",FALSE
"Maddison (PIB per cápita)","maddison_SAU_6","Saudi Arabia (1981-1986)","SAU","Saudi Arabia",1981,1986,-0.397139251156921,5,FALSE,30,2016,242.878860899196,30,"30 años después",0.397139251156921,2.42878860899196,35,0.0256782230564714,4.02877217276614,0.0475443616335178,"Otros países","",FALSE
"Maddison (PIB per cápita)","maddison_LBN_16","Lebanon (1980-1982)","LBN","Lebanon",1980,1982,-0.387369791666667,2,FALSE,30,2012,353.401975326165,30,"30 años después",0.387369791666667,3.53401975326165,32,0.0402396547386585,5.76860185016993,0.0601541526546463,"Otros países","",FALSE
"Maddison (PIB per cápita)","maddison_LBY_10","Libya (1979-1984)","LBY","Libya",1979,1984,-0.373211534228483,5,FALSE,30,2014,166.785144681831,30,"30 años después",0.373211534228483,1.66785144681831,35,0.0147226471596265,2.66094789214946,0.0331607027291652,"Otros países","",FALSE
"Maddison (PIB per cápita)","maddison_GAB_2","Gabon (1976-1978)","GAB","Gabon",1976,1978,-0.371381501529772,2,FALSE,30,2008,104.575623824552,30,"30 años después",0.371381501529772,1.04575623824552,32,0.00139911211582233,1.66357853100157,0.01711043564113,"Otros países","",FALSE
"Maddison (PIB per cápita)","maddison_NIC_30","Nicaragua (1977-1979)","NIC","Nicaragua",1977,1979,-0.351057747284162,2,FALSE,30,2009,71.8876891314793,30,"30 años después",0.351057747284162,0.718876891314793,32,-0.010261523782258,1.10776712150623,0.00341737218341853,"Otros países","",FALSE
"Maddison (PIB per cápita)","maddison_DZA_6","Algeria (1960-1962)","DZA","Algeria",1960,1962,-0.313701923076923,2,FALSE,30,1992,145.739883736321,30,"30 años después",0.313701923076923,1.45739883736321,32,0.0118399572921704,2.12356538123676,0.0254209542168808,"Otros países","",FALSE
"Maddison (PIB per cápita)","maddison_GNQ_4","Equatorial Guinea (1977-1982)","GNQ","Equatorial Guinea",1977,1982,-0.309432933478735,5,FALSE,30,2012,1261.04143947655,30,"30 años después",0.309432933478735,12.6104143947655,35,0.0751013575146517,18.260955388867,0.101668122929125,"Otros países","",FALSE
"Maddison (PIB per cápita)","maddison_TKM_5","Turkmenistan (1988-1992)","TKM","Turkmenistan",1988,1992,-0.304989599240861,4,FALSE,30,2022,261.090070765473,30,"30 años después",0.304989599240861,2.61090070765473,34,0.028628468784474,3.75663544718601,0.0451051032489507,"Otros países","",FALSE
"Maddison (PIB per cápita)","maddison_CYP_9","Cyprus (1973-1975)","CYP","Cyprus",1973,1975,-0.301402754960192,2,FALSE,30,2005,330.648420953863,30,"30 años después",0.301402754960192,3.30648420953863,32,0.0380785127719321,4.73303356549913,0.0531849703639984,"Otros países","",FALSE
"Maddison (PIB per cápita)","maddison_TGO_8","Togo (1979-1983)","TGO","Togo",1979,1983,-0.28680800942285,4,FALSE,30,2013,76.0895170789164,30,"30 años después",0.28680800942285,0.760895170789164,34,-0.0080048387547631,1.06688687035508,0.00216049520664541,"Otros países","",FALSE
"Maddison (PIB per cápita)","maddison_ALB_2","Albania (1990-1992)","ALB","Albania",1990,1992,-0.286526446230343,2,FALSE,30,2022,325.837326875049,30,"30 años después",0.286526446230343,3.25837326875049,32,0.0376031369574472,4.56691527182022,0.0519314312021748,"Otros países","",FALSE
"Maddison (PIB per cápita)","maddison_PER_200","Peru (1987-1990)","PER","Peru",1987,1990,-0.282400478898533,3,FALSE,30,2020,166.67152185343,30,"30 años después",0.282400478898533,1.6667152185343,33,0.0156008899265228,2.32262587909201,0.0284881890047222,"Otros países","",FALSE
"Maddison (PIB per cápita)","maddison_NGA_40","Nigeria (1979-1984)","NGA","Nigeria",1979,1984,-0.274239543726236,5,FALSE,30,2014,263.817822015906,30,"30 años después",0.274239543726236,2.63817822015906,35,0.0281045019422981,3.6350536838341,0.0439596047903361,"Otros países","",FALSE
"Maddison (PIB per cápita)","maddison_CHN_33","China (1957-1961)","CHN","China",1957,1961,-0.268619246861925,4,FALSE,30,1991,255.340177837119,30,"30 años después",0.268619246861925,2.55340177837119,34,0.027954975243792,3.49120723701782,0.0425555093507102,"Otros países","",FALSE
"Maddison (PIB per cápita)","maddison_LBY_12","Libya (1985-1987)","LBY","Libya",1985,1987,-0.267071569271175,2,FALSE,30,2017,302.953915470052,30,"30 años después",0.267071569271175,3.02953915470053,32,0.0352447048263316,4.13347201129576,0.0484406074322028,"Otros países","",FALSE
"Maddison (PIB per cápita)","maddison_GAB_6","Gabon (1984-1987)","GAB","Gabon",1984,1987,-0.266140269391547,3,FALSE,30,2017,192.477659502448,30,"30 años después",0.266140269391547,1.92477659502448,33,0.0200408999051971,2.62281266397956,0.0326636952765116,"Otros países","",FALSE
"Maddison (PIB per cápita)","maddison_NER_10","Niger (1980-1985)","NER","Niger",1980,1985,-0.264136328427576,5,FALSE,30,2015,68.8124319649293,30,"30 años después",0.264136328427576,0.688124319649293,35,-0.0106227687608998,0.935124733333934,-0.00223334749192639,"Otros países","",FALSE
"Maddison (PIB per cápita)","maddison_IRN_9","Iran (Islamic Republic of) (1983-1988)","IRN","Iran (Islamic Republic of)",1983,1988,-0.261536297129994,5,FALSE,30,2018,255.409860726172,30,"30 años después",0.261536297129994,2.55409860726172,35,0.0271535269264018,3.45866506009074,0.0422301126865932,"Otros países","",FALSE
"Maddison (PIB per cápita)","maddison_JOR_17","Jordan (1986-1991)","JOR","Jordan",1986,1991,-0.259938627832325,5,FALSE,30,2021,113.13050131968,30,"30 años después",0.259938627832325,1.1313050131968,35,0.00353112966642066,1.52866377809066,0.0142470016457319,"Otros países","",FALSE
"Maddison (PIB per cápita)","maddison_NGA_34","Nigeria (1965-1968)","NGA","Nigeria",1965,1968,-0.259800664451827,3,FALSE,30,1998,134.608964902969,30,"30 años después",0.259800664451827,1.34608964902969,33,0.00904685439359953,1.81855019909308,0.0201346750989533,"Otros países","",FALSE
"Maddison (PIB per cápita)","maddison_GHA_45","Ghana (1978-1983)","GHA","Ghana",1978,1983,-0.259462151394422,5,FALSE,30,2013,180.358611943475,30,"30 años después",0.259462151394422,1.80358611943475,35,0.0169935456787187,2.43550835764962,0.0301164459740473,"Otros países","",FALSE
"Maddison (PIB per cápita)","maddison_KHM_12","Cambodia (1973-1975)","KHM","Cambodia",1973,1975,-0.253430185633575,2,FALSE,30,2005,173.110975478668,30,"30 años después",0.253430185633575,1.73110975478668,32,0.0172967191315536,2.31875133641157,0.0284309529554141,"Otros países","",FALSE
"Maddison (PIB per cápita)","maddison_NER_6","Niger (1971-1973)","NER","Niger",1971,1973,-0.248191027496382,2,FALSE,30,2003,54.8563192017752,30,"30 años después",0.248191027496382,0.548563192017752,32,-0.0185891992249571,0.729657681779146,-0.0104509976155355,"Otros países","",FALSE
"Maddison (PIB per cápita)","maddison_MOZ_8","Mozambique (1980-1985)","MOZ","Mozambique",1980,1985,-0.246272493573265,5,FALSE,30,2015,56.0615811446437,30,"30 años después",0.246272493573265,0.560615811446437,35,-0.0163988908846809,0.74379110045247,-0.00981798783926235,"Otros países","",FALSE
"Maddison (PIB per cápita)","maddison_RWA_4","Rwanda (1962-1964)","RWA","Rwanda",1962,1964,-0.243827160493827,2,FALSE,30,1994,54.5753935182522,30,"30 años después",0.243827160493827,0.545753935182522,32,-0.018746650149245,0.721731734690355,-0.0108111933179241,"Otros países","",FALSE
"Maddison (PIB per cápita)","maddison_SLV_27","El Salvador (1978-1983)","SLV","El Salvador",1978,1983,-0.238857142857143,5,FALSE,30,2013,179.314285714286,30,"30 años después",0.238857142857143,1.79314285714286,35,0.0168248228637526,2.35585585585586,0.0289753172146294,"Otros países","",FALSE
"Maddison (PIB per cápita)","maddison_MLI_12","Mali (1979-1982)","MLI","Mali",1979,1982,-0.234200743494424,3,FALSE,30,2012,107.74691076068,30,"30 años después",0.234200743494424,1.0774691076068,33,0.00226361484824955,1.40698635896227,0.0114466870672203,"Otros países","",FALSE
"Maddison (PIB per cápita)","maddison_CHL_76","Chile (1971-1975)","CHL","Chile",1971,1975,-0.232759603328394,4,FALSE,30,2005,195.343508964623,30,"30 años después",0.232759603328394,1.95343508964623,34,0.0198890084143108,2.54605349004106,0.0316417689061623,"Otros países","",FALSE
"Maddison (PIB per cápita)","maddison_BGR_32","Bulgaria (1987-1992)","BGR","Bulgaria",1987,1992,-0.228731352525515,5,FALSE,30,2022,202.422640271445,30,"30 años después",0.228731352525515,2.02422640271445,35,0.0203525626840928,2.62454127928416,0.0326863746174251,"Otros países","",FALSE
"Maddison (PIB per cápita)","maddison_SVK_2","Slovakia (1989-1992)","SVK","Slovakia",1989,1992,-0.227374363247907,3,FALSE,30,2022,216.108747741454,30,"30 años después",0.227374363247907,2.16108747741454,33,0.0236266549454003,2.79706933683842,0.0348802712984171,"Otros países","",FALSE
"Maddison (PIB per cápita)","maddison_AFG_6","Afghanistan (1968-1972)","AFG","Afghanistan",1968,1972,-0.21937984496124,4,FALSE,30,2002,61.7687258330235,30,"30 años después",0.21937984496124,0.617687258330235,34,-0.0140698752045157,0.791277619906656,-0.00777317802411692,"Otros países","",FALSE
"Maddison (PIB per cápita)","maddison_VNM_7","Viet Nam (1964-1968)","VNM","Viet Nam",1964,1968,-0.219341275402943,4,FALSE,30,1998,179.697579232638,30,"30 años después",0.219341275402943,1.79697579232638,34,0.0173878248090253,2.30187114510749,0.0281805094323275,"Otros países","",FALSE
"Maddison (PIB per cápita)","maddison_RWA_14","Rwanda (1986-1991)","RWA","Rwanda",1986,1991,-0.219086844086561,5,FALSE,30,2021,128.317518029581,30,"30 años después",0.219086844086561,1.28317518029581,35,0.00714936745025718,1.64317270182863,0.0166920798793417,"Otros países","",FALSE
"Maddison (PIB per cápita)","maddison_LBN_2","Lebanon (1955-1958)","LBN","Lebanon",1955,1958,-0.21398002853067,3,FALSE,30,1988,62.5534950071327,30,"30 años después",0.21398002853067,0.625534950071327,33,-0.0141160295575788,0.795825771324863,-0.00758359821845078,"Otros países","",FALSE
"Maddison (PIB per cápita)","maddison_BGD_16","Bangladesh (1970-1973)","BGD","Bangladesh",1970,1973,-0.211155378486056,3,FALSE,30,2003,170.391568849575,30,"30 años después",0.211155378486056,1.70391568849575,33,0.0162804678338722,2.16001433238602,0.0260028199505327,"Otros países","",FALSE
"Maddison (PIB per cápita)","maddison_SDN_14","Sudan (Former) (1977-1981)","SDN","Sudan (Former)",1977,1981,-0.210554658050619,4,FALSE,30,2011,197.576736672052,30,"30 años después",0.210554658050619,1.97576736672052,34,0.0202300519871703,2.50272851296044,0.0310517365640777,"Otros países","",FALSE
"Maddison (PIB per cápita)","maddison_TTO_6","Trinidad and Tobago (1984-1989)","TTO","Trinidad and Tobago",1984,1989,-0.209841628959276,5,FALSE,30,2019,156.009999180903,30,"30 años después",0.209841628959276,1.56009999180903,35,0.0127882192439868,1.97441430602603,0.022934775305341,"Otros países","",FALSE
"Maddison (PIB per cápita)","maddison_KHM_10","Cambodia (1968-1972)","KHM","Cambodia",1968,1972,-0.209621993127148,4,FALSE,30,2002,152.144081938616,30,"30 años después",0.209621993127148,1.52144081938616,34,0.0124193639415693,1.92495338452771,0.0220700774734988,"Otros países","",FALSE
"Maddison (PIB per cápita)","maddison_KWT_4","Kuwait (1956-1961)","KWT","Kuwait",1956,1961,-0.205747652850927,5,FALSE,30,1991,12.0427960497998,30,"30 años después",0.205747652850927,0.120427960497998,35,-0.0586848107380575,0.151624305461945,-0.0609422653483149,"Otros países","",FALSE
"Maddison (PIB per cápita)","maddison_SDN_16","Sudan (Former) (1982-1985)","SDN","Sudan (Former)",1982,1985,-0.203252032520325,3,FALSE,30,2015,193.090155443258,30,"30 años después",0.203252032520325,1.93090155443258,33,0.0201391102766628,2.42347848158375,0.029946435554512,"Otros países","",FALSE
"Maddison (PIB per cápita)","maddison_GNB_10","Guinea-Bissau (1979-1981)","GNB","Guinea-Bissau",1979,1981,-0.200953678474114,2,FALSE,30,2011,96.2534059945504,30,"30 años después",0.200953678474114,0.962534059945504,32,-0.0011925953700429,1.20460358056266,0.00622430880368863,"Otros países","",FALSE
"Maddison (PIB per cápita)","maddison_MMR_18","Myanmar (1985-1988)","MMR","Myanmar",1985,1988,-0.198539176626826,3,FALSE,30,2018,385.353988737343,30,"30 años después",0.198539176626826,3.85353988737343,33,0.0417255811470596,4.80814504588598,0.0537378627797718,"Otros países","",FALSE
"Maddison (PIB per cápita)","maddison_QAT_12","Qatar (1973-1975)","QAT","Qatar",1973,1975,-0.197947578464192,2,FALSE,30,2005,112.281520917691,30,"30 años después",0.197947578464192,1.12281520917691,32,0.00362653223686671,1.39992745988709,0.01127712678088,"Otros países","",FALSE
"Maddison (PIB per cápita)","maddison_LSO_8","Lesotho (1978-1981)","LSO","Lesotho",1978,1981,-0.191313340227508,3,FALSE,30,2011,121.302998965874,30,"30 años después",0.191313340227508,1.21302998965874,33,0.00586931957237935,1.5,0.01360725089342,"Otros países","",FALSE
"Maddison (PIB per cápita)","maddison_GHA_43","Ghana (1974-1976)","GHA","Ghana",1974,1976,-0.190168175937904,2,FALSE,30,2006,107.975752352991,30,"30 años después",0.190168175937904,1.07975752352991,32,0.00240089318539805,1.3333108078093,0.0096349594867351,"Otros países","",FALSE
"Maddison (PIB per cápita)","maddison_HTI_17","Haiti (1962-1967)","HTI","Haiti",1962,1967,-0.189277899343545,5,FALSE,30,1997,79.6626839541007,30,"30 años después",0.189277899343545,0.796626839541007,35,-0.00647519970283983,0.982613942429798,-0.000584461469956832,"Otros países","",FALSE
"Maddison (PIB per cápita)","maddison_PHL_24","Philippines (1982-1985)","PHL","Philippines",1982,1985,-0.187613371339725,3,FALSE,30,2015,183.220414330199,30,"30 años después",0.187613371339725,1.83220414330199,33,0.0185184603681121,2.25533517990506,0.0274807715038317,"Otros países","",FALSE
"Maddison (PIB per cápita)","maddison_CHL_78","Chile (1981-1983)","CHL","Chile",1981,1983,-0.186697782963827,2,FALSE,30,2013,224.578989200446,30,"30 años después",0.186697782963827,2.24578989200446,32,0.0256053675687433,2.76132272230677,0.0344366652292984,"Otros países","",FALSE
"Maddison (PIB per cápita)","maddison_HUN_28","Hungary (1988-1992)","HUN","Hungary",1988,1992,-0.183196143089723,4,FALSE,30,2022,262.798748881841,30,"30 años después",0.183196143089723,2.62798748881841,34,0.0288258355150712,3.21740337852871,0.0397210829037993,"Otros países","",FALSE
"Maddison (PIB per cápita)","maddison_DMA_12","Dominica (1978-1979)","DMA","Dominica",1978,1979,-0.183086680761099,1,FALSE,30,2009,359.909434687679,30,"30 años después",0.183086680761099,3.59909434687679,31,0.0421775584891302,4.40572366996046,0.0506722012370264,"Otros países","",FALSE
"Maddison (PIB per cápita)","maddison_GMB_6","Gambia (1969-1972)","GMB","Gambia",1969,1972,-0.18109269490485,3,FALSE,30,2002,90.4481690822812,30,"30 años después",0.18109269490485,0.904481690822811,33,-0.00303759582881191,1.10449825663445,0.00331853302754648,"Otros países","",FALSE
"Maddison (PIB per cápita)","maddison_KEN_19","Kenya (1951-1953)","KEN","Kenya",1951,1953,-0.179007323026851,2,FALSE,30,1983,132.384052074858,30,"30 años después",0.179007323026851,1.32384052074858,32,0.00880532194659267,1.61248761149653,0.0160534298705663,"Otros países","",FALSE
"Maddison (PIB per cápita)","maddison_MNG_2","Mongolia (1989-1992)","MNG","Mongolia",1989,1992,-0.175173627379803,3,FALSE,30,2022,602.280745579906,30,"30 años después",0.175173627379803,6.02280745579906,33,0.0559181916816722,7.30190941478583,0.0685164551802089,"Otros países","",FALSE
"Maddison (PIB per cápita)","maddison_SLE_14","Sierra Leone (1989-1992)","SLE","Sierra Leone",1989,1992,-0.174806213829402,3,FALSE,30,2022,102.953604543579,30,"30 años después",0.174806213829402,1.02953604543579,33,0.000882457604612918,1.247629420737,0.00740210403963193,"Otros países","",FALSE
"Maddison (PIB per cápita)","maddison_CPV_6","Cabo Verde (1974-1975)","CPV","Cabo Verde",1974,1975,-0.173680694722779,1,FALSE,30,2005,311.248910312145,30,"30 años después",0.173680694722779,3.11248910312145,31,0.0373055570536545,3.76669053142507,0.0451982277909395,"Otros países","",FALSE
"Maddison (PIB per cápita)","maddison_POL_103","Poland (1988-1991)","POL","Poland",1988,1991,-0.173619128024969,3,FALSE,30,2021,332.549445844208,30,"30 años después",0.173619128024969,3.32549445844208,33,0.0370837397857382,4.02416678703395,0.0475044237968119,"Otros países","",FALSE
"Maddison (PIB per cápita)","maddison_SYR_10","Syrian Arab Republic (1962-1966)","SYR","Syrian Arab Republic",1962,1966,-0.173029251363411,4,FALSE,30,1996,157.28593917587,30,"30 años después",0.173029251363411,1.5728593917587,34,0.0134095603852493,1.90195287360749,0.0216606308457628,"Otros países","",FALSE
"Maddison (PIB per cápita)","maddison_URY_52","Uruguay (1981-1984)","URY","Uruguay",1981,1984,-0.172695668514517,3,FALSE,30,2014,179.501204659251,30,"30 años después",0.172695668514517,1.79501204659251,33,0.0178856953481759,2.16971189232074,0.0261560318448424,"Otros países","",FALSE
"Maddison (PIB per cápita)","maddison_PER_196","Peru (1981-1983)","PER","Peru",1981,1983,-0.172229446611761,2,FALSE,30,2013,161.442536857694,30,"30 años después",0.172229446611761,1.61442536857694,32,0.0150806793593852,1.95032954720213,0.0225163631581293,"Otros países","",FALSE
"Maddison (PIB per cápita)","maddison_BFA_8","Burkina Faso (1972-1976)","BFA","Burkina Faso",1972,1976,-0.170790103750998,4,FALSE,30,2006,105.557637400456,30,"30 años después",0.170790103750998,1.05557637400456,34,0.00159205844675347,1.272990564608,0.00807808331360427,"Otros países","",FALSE
"Maddison (PIB per cápita)","maddison_CIV_14","Côte d'Ivoire (1980-1984)","CIV","Côte d'Ivoire",1980,1984,-0.169074700276668,4,FALSE,30,2014,92.0734743035749,30,"30 años después",0.169074700276668,0.920734743035749,34,-0.00242597296975122,1.10808365486322,0.00342692807912548,"Otros países","",FALSE
"Maddison (PIB per cápita)","maddison_OMN_8","Oman (1972-1973)","OMN","Oman",1972,1973,-0.166480625099665,1,FALSE,30,2003,435.560192761186,30,"30 años después",0.166480625099665,4.35560192761186,31,0.0486111165788559,5.22555570844729,0.0566660386985467,"Otros países","",FALSE
"Maddison (PIB per cápita)","maddison_QAT_14","Qatar (1976-1977)","QAT","Qatar",1976,1977,-0.166216534648081,1,FALSE,30,2007,177.477732951607,30,"30 años después",0.166216534648081,1.77477732951607,31,0.0186779346668475,2.12858302337164,0.025501625596333,"Otros países","",FALSE
"Maddison (PIB per cápita)","maddison_BDI_2","Burundi (1959-1961)","BDI","Burundi",1959,1961,-0.164402173913043,2,FALSE,30,1991,156.222502208236,30,"30 años después",0.164402173913043,1.56222502208236,32,0.0140386004149478,1.86958961992296,0.0210763320209402,"Otros países","",FALSE
"Maddison (PIB per cápita)","maddison_TTO_4","Trinidad and Tobago (1981-1983)","TTO","Trinidad and Tobago",1981,1983,-0.163365848852104,2,FALSE,30,2013,157.537459748982,30,"30 años después",0.163365848852104,1.57537459748982,32,0.0143042493832599,1.88299102460537,0.0213194632720295,"Otros países","",FALSE
"Maddison (PIB per cápita)","maddison_SYR_6","Syrian Arab Republic (1957-1958)","SYR","Syrian Arab Republic",1957,1958,-0.162082684656634,1,FALSE,30,1988,171.475523265871,30,"30 años después",0.162082684656634,1.71475523265871,31,0.0175480061449418,2.04644921552436,0.0241573805097695,"Otros países","",FALSE
"Maddison (PIB per cápita)","maddison_JOR_9","Jordan (1965-1968)","JOR","Jordan",1965,1968,-0.160031533307056,3,FALSE,30,1998,140.332946226426,30,"30 años después",0.160031533307056,1.40332946226426,33,0.0103210070384987,1.67069302945305,0.0172551300403452,"Otros países","",FALSE
"Maddison (PIB per cápita)","maddison_CSK_16","Czechoslovakia (1989-1992)","CSK","Czechoslovakia",1989,1992,-0.159778966080206,3,FALSE,30,2022,219.239506079715,30,"30 años después",0.159778966080206,2.19239506079715,33,0.0240728990738763,2.60930751824815,0.0324860094396702,"Otros países","",FALSE
"Maddison (PIB per cápita)","maddison_SYC_14","Seychelles (1979-1983)","SYC","Seychelles",1979,1983,-0.159636309435087,4,FALSE,30,2013,343.359666120137,30,"30 años después",0.159636309435087,3.43359666120137,34,0.0369488438147312,4.0858460446967,0.0480356759241034,"Otros países","",FALSE
"Maddison (PIB per cápita)","maddison_STP_15","Sao Tome and Principe (1979-1981)","STP","Sao Tome and Principe",1979,1981,-0.155386949924127,2,FALSE,30,2011,96.4795144157815,30,"30 años después",0.155386949924127,0.964795144157815,32,-0.00111935699037446,1.14229249011858,0.00444442058383143,"Otros países","",FALSE
"Maddison (PIB per cápita)","maddison_SDN_12","Sudan (Former) (1971-1973)","SDN","Sudan (Former)",1971,1973,-0.154996600951734,2,FALSE,30,2003,161.322697127275,30,"30 años después",0.154996600951734,1.61322697127275,32,0.0150571240054642,1.90913666511844,0.0217890257445079,"Otros países","",FALSE
"Maddison (PIB per cápita)","maddison_UGA_29","Uganda (1983-1986)","UGA","Uganda",1983,1986,-0.153846153846154,3,FALSE,30,2016,192.613069197727,30,"30 años después",0.153846153846154,1.92613069197727,33,0.0200626381755158,2.27633627233677,0.0277982659364686,"Otros países","",FALSE
"Maddison (PIB per cápita)","maddison_TCD_6","Chad (1969-1973)","TCD","Chad",1969,1973,-0.153234960272418,4,FALSE,30,2003,105.052510363864,30,"30 años después",0.153234960272418,1.05052510363864,34,0.00145076127464661,1.24063353392177,0.00721329684530225,"Otros países","",FALSE
"Maddison (PIB per cápita)","maddison_DMA_8","Dominica (1964-1965)","DMA","Dominica",1964,1965,-0.152219873150106,1,FALSE,30,1995,324.646487349848,30,"30 años después",0.152219873150106,3.24646487349848,31,0.0387167132966366,3.82937128470021,0.0457733795392057,"Otros países","",FALSE
"Maddison (PIB per cápita)","maddison_DOM_8","Dominican Republic (1964-1965)","DOM","Dominican Republic",1964,1965,-0.151374207188161,1,FALSE,30,1995,205.142865349922,30,"30 años después",0.151374207188161,2.05142865349922,31,0.0234493064709564,2.41735364500531,0.0298595635627925,"Otros países","",FALSE
"Maddison (PIB per cápita)","maddison_VNM_11","Viet Nam (1973-1975)","VNM","Viet Nam",1973,1975,-0.150787696924231,2,FALSE,30,2005,272.892451560771,30,"30 años después",0.150787696924231,2.72892451560771,32,0.0318694033540936,3.21347736687728,0.0396787675539678,"Otros países","",FALSE
"Maddison (PIB per cápita)","maddison_JOR_11","Jordan (1969-1972)","JOR","Jordan",1969,1972,-0.150678733031674,3,FALSE,30,2002,189.910748509319,30,"30 años después",0.150678733031674,1.89910748509319,33,0.019625986071965,2.23602959086625,0.0271863784061324,"Otros países","",FALSE
"WDI (PIB per cápita)","wdi_LBR_9","Liberia (1979-1995)","LBR","Liberia",1979,1995,-0.927950876615831,16,FALSE,5,2000,25.1679634677729,5,"5 años después",0.927950876615831,0.251679634677729,21,-0.063583719007653,3.4931672011575,0.284233145702765,"Otros países","",FALSE
"WDI (PIB per cápita)","wdi_GEO_4","Georgia (1988-1994)","GEO","Georgia",1988,1994,-0.784252454171453,6,FALSE,5,1999,33.5639354915539,5,"5 años después",0.784252454171453,0.335639354915539,11,-0.0944810687350591,1.5557041616699,0.0924093350634925,"Otros países","",FALSE
"WDI (PIB per cápita)","wdi_TJK_3","Tajikistan (1988-1996)","TJK","Tajikistan",1988,1996,-0.75190036866998,8,FALSE,5,2001,30.962999048405,5,"5 años después",0.75190036866998,0.30962999048405,13,-0.0862359274762543,1.24800665290866,0.0453058480531394,"Otros países","",FALSE
"WDI (PIB per cápita)","wdi_VEN_84","Venezuela (2012-2020)","VEN","Venezuela",2012,2020,-0.740142005551907,8,TRUE,5,2025,29.5122282307894,5,"5 años después",0.740142005551907,0.295122282307894,13,-0.0896027794680785,1.13570599563311,0.0257775352827327,"Venezuela","",FALSE
"WDI (PIB per cápita)","wdi_COD_14","Congo, Dem. Rep. (1986-2002)","COD","Congo, Dem. Rep.",1986,2002,-0.676390455932523,16,FALSE,5,2007,37.9857189151593,5,"5 años después",0.676390455932523,0.379857189151593,21,-0.0450471670306087,1.17381330716373,0.0325707197172211,"Otros países","",FALSE
"WDI (PIB per cápita)","wdi_IRQ_16","Iraq (1990-1991)","IRQ","Iraq",1990,1991,-0.644235820475039,1,FALSE,5,1996,59.797983630234,5,"5 años después",0.644235820475039,0.59797983630234,6,-0.0821301806089147,1.68083205313362,0.10944266775362,"Otros países","Iraq (1990-1991)",TRUE
"WDI (PIB per cápita)","wdi_UKR_2","Ukraine (1989-1998)","UKR","Ukraine",1989,1998,-0.605083330497868,9,FALSE,5,2003,54.6267485242551,5,"5 años después",0.605083330497868,0.546267485242551,14,-0.0422696738893976,1.38324747327386,0.0670382237268927,"Otros países","",FALSE
"WDI (PIB per cápita)","wdi_AZE_1","Azerbaijan (1991-1995)","AZE","Azerbaijan",1991,1995,-0.601133004151926,4,FALSE,5,2000,53.5734099096792,5,"5 años después",0.601133004151926,0.535734099096792,9,-0.0669965397622919,1.34313970489764,0.0607773488477417,"Otros países","",FALSE
"WDI (PIB per cápita)","wdi_SAU_6","Saudi Arabia (1979-1987)","SAU","Saudi Arabia",1979,1987,-0.557089581311511,8,FALSE,5,1992,45.8717717723734,5,"5 años después",0.557089581311511,0.458717717723734,13,-0.0581862218672017,1.0356896075781,0.00703815065167035,"Otros países","",FALSE
"WDI (PIB per cápita)","wdi_MDA_1","Moldova (1991-1996)","MDA","Moldova",1991,1996,-0.545561891782624,5,FALSE,5,2001,45.6453855903754,5,"5 años después",0.545561891782624,0.456453855903754,10,-0.0754302331983842,1.00443569245169,0.00088556863711764,"Otros países","",FALSE
"WDI (PIB per cápita)","wdi_IRN_4","Iran, Islamic Rep. (1976-1981)","IRN","Iran, Islamic Rep.",1976,1981,-0.542672491853306,5,FALSE,5,1986,43.5843354636119,5,"5 años después",0.542672491853306,0.435843354636119,10,-0.0796923271667737,0.953022389583258,-0.00957721985532423,"Otros países","",FALSE
"WDI (PIB per cápita)","wdi_ZWE_23","Zimbabwe (2001-2008)","ZWE","Zimbabwe",2001,2008,-0.524866709567101,7,FALSE,5,2013,80.9289719020331,5,"5 años después",0.524866709567101,0.809289719020331,12,-0.0174786372082252,1.70328986689815,0.112391630306842,"Otros países","",FALSE
"WDI (PIB per cápita)","wdi_ARE_6","United Arab Emirates (1980-1988)","ARE","United Arab Emirates",1980,1988,-0.517824013492657,8,FALSE,5,1993,51.2011740538234,5,"5 años después",0.517824013492657,0.512011740538234,13,-0.0501896081224849,1.06187731215527,0.0120800597627755,"Otros países","",FALSE
"WDI (PIB per cápita)","wdi_KGZ_2","Kyrgyz Republic (1990-1995)","KGZ","Kyrgyz Republic",1990,1995,-0.511996838926655,5,FALSE,5,2000,59.6891978357868,5,"5 años después",0.511996838926655,0.596891978357868,10,-0.0502931417549672,1.22313137694647,0.0411052139069086,"Otros países","",FALSE
"WDI (PIB per cápita)","wdi_KWT_3","Kuwait (1979-1982)","KWT","Kuwait",1979,1982,-0.506269473606368,3,FALSE,5,1987,51.0513007606222,5,"5 años después",0.506269473606368,0.510513007606222,8,-0.080607722547422,1.03399117598657,0.00670764459101147,"Otros países","",FALSE
"WDI (PIB per cápita)","wdi_LBY_24","Libya (2010-2011)","LBY","Libya",2010,2011,-0.491278565212286,1,FALSE,5,2016,56.0337723795111,5,"5 años después",0.491278565212286,0.560337723795111,6,-0.0920227294586984,1.10146277604547,0.0195158100496806,"Otros países","",FALSE
"WDI (PIB per cápita)","wdi_TZA_2","Tanzania (1968-1970)","TZA","Tanzania",1968,1970,-0.483369539888332,2,FALSE,5,1975,54.2070088841972,5,"5 años después",0.483369539888332,0.542070088841972,7,-0.083762799952865,1.04924144179343,0.0096598514021804,"Otros países","",FALSE
"WDI (PIB per cápita)","wdi_RWA_18","Rwanda (1992-1994)","RWA","Rwanda",1992,1994,-0.482857683153878,2,FALSE,5,1999,85.0028245774823,5,"5 años después",0.482857683153878,0.850028245774823,7,-0.0229449111604628,1.64370274503711,0.104497293729611,"Otros países","",FALSE
"WDI (PIB per cápita)","wdi_KWT_1","Kuwait (1971-1977)","KWT","Kuwait",1971,1977,-0.477721465660515,6,FALSE,5,1982,27.8651298861452,5,"5 años después",0.477721465660515,0.278651298861452,11,-0.109670001668548,0.533530062103465,-0.118074745647527,"Otros países","",FALSE
"WDI (PIB per cápita)","wdi_IRQ_20","Iraq (2000-2003)","IRQ","Iraq",2000,2003,-0.46077440798226,3,FALSE,5,2008,90.6297429914693,5,"5 años después",0.46077440798226,0.906297429914693,8,-0.0122231501454062,1.68073890284658,0.109430370606649,"Otros países","",FALSE
"WDI (PIB per cápita)","wdi_SYR_24","Syrian Arab Republic (2011-2014)","SYR","Syrian Arab Republic",2011,2014,-0.450541827089686,3,FALSE,5,2019,50.0103006015895,5,"5 años después",0.450541827089686,0.500103006015895,8,-0.0829723446901494,0.910174842548979,-0.0186476530019642,"Otros países","",FALSE
"WDI (PIB per cápita)","wdi_ARM_1","Armenia (1991-1993)","ARM","Armenia",1991,1993,-0.444524562697591,2,FALSE,5,1998,79.0634159678417,5,"5 años después",0.444524562697591,0.790634159678417,7,-0.033003099515637,1.4233467523209,0.0731542329756387,"Otros países","",FALSE
"WDI (PIB per cápita)","wdi_HTI_12","Haiti (1980-1994)","HTI","Haiti",1980,1994,-0.437379153279232,14,FALSE,5,1999,63.1781586692823,5,"5 años después",0.437379153279232,0.631781586692823,19,-0.0238792960838839,1.12292601736171,0.0234584802159352,"Otros países","",FALSE
"WDI (PIB per cápita)","wdi_TKM_3","Turkmenistan (1990-1995)","TKM","Turkmenistan",1990,1995,-0.433041568689599,5,FALSE,5,2000,64.5073591475243,5,"5 años después",0.433041568689599,0.645073591475243,10,-0.0428920441288412,1.13777934298339,0.0261517944256195,"Otros países","",FALSE
"WDI (PIB per cápita)","wdi_LBY_26","Libya (2012-2016)","LBY","Libya",2012,2016,-0.425667480371019,4,FALSE,5,2021,61.3635655386666,5,"5 años después",0.425667480371019,0.613635655386666,9,-0.0528156590259778,1.06843271870288,0.0133265829455447,"Otros países","",FALSE
"WDI (PIB per cápita)","wdi_CMR_12","Cameroon (1986-1994)","CMR","Cameroon",1986,1994,-0.424365813553514,8,FALSE,5,1999,61.768042641032,5,"5 años después",0.424365813553514,0.61768042641032,13,-0.0363819847737898,1.07304333368974,0.0141996402601066,"Otros países","",FALSE
"WDI (PIB per cápita)","wdi_AGO_5","Angola (1988-1994)","AGO","Angola",1988,1994,-0.419969309366908,6,FALSE,5,1999,73.5034944751061,5,"5 años después",0.419969309366908,0.735034944751061,11,-0.0275972450170477,1.26723457330988,0.0485071650828746,"Otros países","",FALSE
"WDI (PIB per cápita)","wdi_KHM_9","Cambodia (1992-1994)","KHM","Cambodia",1992,1994,-0.404080881412024,2,FALSE,5,1999,64.1061537142933,5,"5 años después",0.404080881412024,0.641061537142933,7,-0.0615432858659095,1.07575259317392,0.0147112615667979,"Otros países","",FALSE
"WDI (PIB per cápita)","wdi_RUS_1","Russian Federation (1990-1996)","RUS","Russian Federation",1990,1996,-0.402910807826704,6,FALSE,5,2001,71.5834369471183,5,"5 años después",0.402910807826704,0.715834369471183,11,-0.0299343185476461,1.19887343273737,0.0369424820155528,"Otros países","",FALSE
"WDI (PIB per cápita)","wdi_ALB_6","Albania (1989-1992)","ALB","Albania",1989,1992,-0.399308253489314,3,FALSE,5,1997,78.9444036384045,5,"5 años después",0.399308253489314,0.789444036384045,8,-0.0291208634258634,1.31422487651909,0.0561702658261563,"Otros países","",FALSE
"WDI (PIB per cápita)","wdi_LTU_1","Lithuania (1991-1994)","LTU","Lithuania",1991,1994,-0.397134463626588,3,FALSE,5,1999,78.1188338421306,5,"5 años después",0.397134463626588,0.781188338421306,8,-0.030395842652977,1.29579199886033,0.0531908050022991,"Otros países","",FALSE
"WDI (PIB per cápita)","wdi_GAB_2","Gabon (1976-1980)","GAB","Gabon",1976,1980,-0.380558602189237,4,FALSE,5,1985,61.1074679556672,5,"5 años después",0.380558602189237,0.611074679556672,9,-0.0532557007163212,0.986493123831148,-0.00271608949853452,"Otros países","",FALSE
"WDI (PIB per cápita)","wdi_NIC_14","Nicaragua (1983-1993)","NIC","Nicaragua",1983,1993,-0.368799802417541,10,FALSE,5,1998,72.2413311989477,5,"5 años después",0.368799802417541,0.722413311989477,15,-0.0214439282175182,1.14450742372447,0.0273625317276214,"Otros países","",FALSE
"WDI (PIB per cápita)","wdi_CAF_29","Central African Republic (2012-2013)","CAF","Central African Republic",2012,2013,-0.368245466038613,1,FALSE,5,2018,71.3380738406674,5,"5 años después",0.368245466038613,0.713380738406674,6,-0.0547350316690176,1.12920556965924,0.0246005916378482,"Otros países","",FALSE
"WDI (PIB per cápita)","wdi_CUB_8","Cuba (1988-1993)","CUB","Cuba",1988,1993,-0.367963306680326,5,FALSE,5,1998,71.1353359654383,5,"5 años después",0.367963306680326,0.711353359654383,10,-0.0334851331470175,1.12549376827809,0.0239261131636173,"Otros países","",FALSE
"WDI (PIB per cápita)","wdi_NGA_8","Nigeria (1980-1984)","NGA","Nigeria",1980,1984,-0.36258303598831,4,FALSE,5,1989,66.5780135068242,5,"5 años después",0.36258303598831,0.665780135068242,9,-0.0441932514895598,1.04449704456882,0.00874511150498591,"Otros países","",FALSE
"WDI (PIB per cápita)","wdi_NIC_10","Nicaragua (1977-1979)","NIC","Nicaragua",1977,1979,-0.359245987843394,2,FALSE,5,1984,63.0724655464473,5,"5 años después",0.359245987843394,0.630724655464473,7,-0.063720128440418,0.984347570983791,-0.00315027179854632,"Otros países","",FALSE
"WDI (PIB per cápita)","wdi_SLV_2","El Salvador (1978-1986)","SLV","El Salvador",1978,1986,-0.34969059547654,8,FALSE,5,1991,66.2876337038049,5,"5 años después",0.34969059547654,0.662876337038049,13,-0.0311332771049053,1.01932454371285,0.00383537547834401,"Otros países","",FALSE
"WDI (PIB per cápita)","wdi_QAT_7","Qatar (1978-1985)","QAT","Qatar",1978,1985,-0.34959648855942,7,FALSE,5,1990,66.2902266226531,5,"5 años después",0.34959648855942,0.662902266226531,12,-0.0336803922343675,1.01921692390354,0.003814177689073,"Otros países","",FALSE
"WDI (PIB per cápita)","wdi_MOZ_1","Mozambique (1981-1986)","MOZ","Mozambique",1981,1986,-0.344070302736099,5,FALSE,5,1991,87.8741370027296,5,"5 años después",0.344070302736099,0.878741370027296,10,-0.0128432777347256,1.33968834418203,0.0602316283763302,"Otros países","",FALSE
"WDI (PIB per cápita)","wdi_TTO_6","Trinidad and Tobago (1982-1989)","TTO","Trinidad and Tobago",1982,1989,-0.340843450765157,7,FALSE,5,1994,75.3046385916548,5,"5 años después",0.340843450765157,0.753046385916548,12,-0.0233585687658209,1.14243935949767,0.0269909851607846,"Otros países","",FALSE
"WDI (PIB per cápita)","wdi_BLR_1","Belarus (1991-1995)","BLR","Belarus",1991,1995,-0.339126390725369,4,FALSE,5,2000,91.6760893663081,5,"5 años después",0.339126390725369,0.916760893663081,9,-0.00961003553141415,1.38719549517087,0.0676466309832322,"Otros países","",FALSE
"WDI (PIB per cápita)","wdi_LBY_10","Libya (1979-1984)","LBY","Libya",1979,1984,-0.336150917643974,5,FALSE,5,1989,54.4889048102817,5,"5 años después",0.336150917643974,0.544889048102817,10,-0.0589107600366933,0.820802592916126,-0.0387247869947114,"Otros países","",FALSE
"WDI (PIB per cápita)","wdi_LVA_1","Latvia (1991-1993)","LVA","Latvia",1991,1993,-0.333046243040737,2,FALSE,5,1998,85.4469553669441,5,"5 años después",0.333046243040737,0.854469553669441,7,-0.0222172518406352,1.28115262078302,0.0508002655537214,"Otros países","",FALSE
"WDI (PIB per cápita)","wdi_IRN_6","Iran, Islamic Rep. (1983-1988)","IRN","Iran, Islamic Rep.",1983,1988,-0.331277566008101,5,FALSE,5,1993,82.9538489971663,5,"5 años después",0.331277566008101,0.829538489971663,10,-0.0185150282556256,1.24048251980987,0.0440423842332827,"Otros países","",FALSE
"WDI (PIB per cápita)","wdi_PSE_3","West Bank and Gaza (1999-2002)","PSE","West Bank and Gaza",1999,2002,-0.32782077123067,3,FALSE,5,2007,94.0396570920558,5,"5 años después",0.32782077123067,0.940396570920558,8,-0.00765227222797127,1.39902652547342,0.0694615859850005,"Otros países","",FALSE
"WDI (PIB per cápita)","wdi_NER_10","Niger (1979-1984)","NER","Niger",1979,1984,-0.314308891321158,5,FALSE,5,1989,72.9534978982314,5,"5 años después",0.314308891321158,0.729534978982314,10,-0.0310427602512114,1.06394113872637,0.0124731627574106,"Otros países","",FALSE
"WDI (PIB per cápita)","wdi_JAM_2","Jamaica (1972-1980)","JAM","Jamaica",1972,1980,-0.311308834985616,8,FALSE,5,1985,65.8143609813327,5,"5 años después",0.311308834985616,0.658143609813327,13,-0.0316671464190541,0.955644043726887,-0.00903291080199475,"Otros países","",FALSE
"WDI (PIB per cápita)","wdi_LBR_13","Liberia (2002-2003)","LBR","Liberia",2002,2003,-0.306993530292511,1,FALSE,5,2008,77.5105114888144,5,"5 años después",0.306993530292511,0.775105114888144,6,-0.0415706592508702,1.11846735747692,0.0226444429587482,"Otros países","",FALSE
"WDI (PIB per cápita)","wdi_CIV_9","Cote d'Ivoire (1978-1984)","CIV","Cote d'Ivoire",1978,1984,-0.303441267670946,6,FALSE,5,1989,64.2166241585243,5,"5 años después",0.303441267670946,0.642166241585243,11,-0.0394645307890938,0.921912556372754,-0.0161294842106323,"Otros países","",FALSE
"WDI (PIB per cápita)","wdi_COD_10","Congo, Dem. Rep. (1974-1983)","COD","Congo, Dem. Rep.",1974,1983,-0.302566486646005,9,FALSE,5,1988,67.9633079691778,5,"5 años después",0.302566486646005,0.679633079691778,14,-0.0272088570498917,0.974477232135557,-0.00515747908710085,"Otros países","",FALSE
"WDI (PIB per cápita)","wdi_JOR_4","Jordan (1986-1991)","JOR","Jordan",1986,1991,-0.302015113676662,5,FALSE,5,1996,75.6410939320835,5,"5 años después",0.302015113676662,0.756410939320835,10,-0.0275309682888019,1.08370675947621,0.0162074078090162,"Otros países","",FALSE
"WDI (PIB per cápita)","wdi_TCD_6","Chad (1977-1980)","TCD","Chad",1977,1980,-0.295286891547152,3,FALSE,5,1985,95.5588870691293,5,"5 años después",0.295286891547152,0.955588870691293,8,-0.00566234689091194,1.35599701386175,0.0628004916155391,"Otros países","",FALSE
"WDI (PIB per cápita)","wdi_PER_10","Peru (1987-1990)","PER","Peru",1987,1990,-0.294570318191694,3,FALSE,5,1995,82.323768750357,5,"5 años después",0.294570318191694,0.82323768750357,8,-0.0240205901190658,1.16700177031575,0.0313695446742503,"Otros países","",FALSE
"WDI (PIB per cápita)","wdi_KAZ_1","Kazakhstan (1991-1995)","KAZ","Kazakhstan",1991,1995,-0.287493817037481,4,FALSE,5,2000,86.94902089842,5,"5 años después",0.287493817037481,0.8694902089842,9,-0.0154185869766266,1.22032654561531,0.0406272919452841,"Otros países","",FALSE
"WDI (PIB per cápita)","wdi_BDI_16","Burundi (1991-1997)","BDI","Burundi",1991,1997,-0.28650508640599,6,FALSE,5,2002,69.5464329753175,5,"5 años después",0.28650508640599,0.695464329753175,11,-0.0324768818630036,0.974729204795573,-0.0051060366962038,"Otros países","",FALSE
"WDI (PIB per cápita)","wdi_LBY_12","Libya (1985-1987)","LBY","Libya",1985,1987,-0.28614950550311,2,FALSE,5,1992,85.5037148876595,5,"5 años después",0.28614950550311,0.855037148876595,7,-0.022124491389274,1.19778182612202,0.0367535803800894,"Otros países","",FALSE
"WDI (PIB per cápita)","wdi_KWT_9","Kuwait (1989-1991)","KWT","Kuwait",1989,1991,-0.285907070936286,2,FALSE,5,1996,156.278693615867,5,"5 años después",0.285907070936286,1.56278693615867,7,0.0658595172654681,2.18849238320805,0.169577508154428,"Otros países","",FALSE
"WDI (PIB per cápita)","wdi_ETH_12","Ethiopia (1987-1992)","ETH","Ethiopia",1987,1992,-0.285609333755594,5,FALSE,5,1997,86.6716047206693,5,"5 años después",0.285609333755594,0.866716047206693,10,-0.014202565108303,1.21322420373025,0.0394131649146308,"Otros países","",FALSE
"WDI (PIB per cápita)","wdi_COG_8","Congo, Rep. (1984-1994)","COG","Congo, Rep.",1984,1994,-0.284822019292559,10,FALSE,5,1999,68.6516731985178,5,"5 años después",0.284822019292559,0.686516731985178,15,-0.02476321274418,0.959924313254287,-0.00814680106997356,"Otros países","",FALSE
"WDI (PIB per cápita)","wdi_UZB_2","Uzbekistan (1989-1996)","UZB","Uzbekistan",1989,1996,-0.283076693629837,7,FALSE,5,2001,82.5916164805626,5,"5 años después",0.283076693629837,0.825916164805626,12,-0.0158121547458789,1.1520286165438,0.0287092700567606,"Otros países","",FALSE
"WDI (PIB per cápita)","wdi_GHA_10","Ghana (1978-1983)","GHA","Ghana",1978,1983,-0.275227346724788,5,FALSE,5,1988,85.7870536590032,5,"5 años después",0.275227346724788,0.857870536590032,10,-0.0152132986016899,1.18364087374621,0.0342939653635055,"Otros países","",FALSE
"WDI (PIB per cápita)","wdi_BOL_2","Bolivia (1977-1986)","BOL","Bolivia",1977,1986,-0.268862856802168,9,FALSE,5,1991,79.3244458585847,5,"5 años después",0.268862856802168,0.793244458585847,14,-0.0164084500215227,1.08494619096545,0.0164397480877452,"Otros países","",FALSE
"WDI (PIB per cápita)","wdi_GRC_13","Greece (2007-2013)","GRC","Greece",2007,2013,-0.263990065478214,6,FALSE,5,2018,78.2901428048983,5,"5 años después",0.263990065478214,0.782901428048983,11,-0.0220041593895125,1.06371040841679,0.012429245193762,"Otros países","",FALSE
"WDI (PIB per cápita)","wdi_GAB_6","Gabon (1984-1987)","GAB","Gabon",1984,1987,-0.261101141459161,3,FALSE,5,1992,85.3728934672955,5,"5 años después",0.261101141459161,0.853728934672955,8,-0.0195735930187138,1.15540702872228,0.0293119172965011,"Otros países","",FALSE
"WDI (PIB per cápita)","wdi_TGO_12","Togo (1989-1993)","TGO","Togo",1989,1993,-0.254630485447047,4,FALSE,5,1998,97.3008210879771,5,"5 años después",0.254630485447047,0.973008210879771,9,-0.00303568940485965,1.30540381902169,0.0547486441534621,"Otros países","",FALSE
"WDI (PIB per cápita)","wdi_NER_6","Niger (1971-1973)","NER","Niger",1971,1973,-0.254186713971129,2,FALSE,5,1978,84.5780814015345,5,"5 años después",0.254186713971129,0.845780814015345,7,-0.0236438609657075,1.13403827721917,0.0254760992055665,"Otros países","",FALSE
"WDI (PIB per cápita)","wdi_NGA_2","Nigeria (1965-1968)","NGA","Nigeria",1965,1968,-0.253209646996592,3,FALSE,5,1973,128.321293275499,5,"5 años después",0.253209646996592,1.28321293275499,8,0.0316617787512277,1.71830410984049,0.11434586473392,"Otros países","",FALSE
"WDI (PIB per cápita)","wdi_ARE_16","United Arab Emirates (2006-2010)","ARE","United Arab Emirates",2006,2010,-0.252536311997521,4,FALSE,5,2015,79.3048806608704,5,"5 años después",0.252536311997521,0.793048806608704,9,-0.025434345954669,1.0609863988551,0.0119101760427069,"Otros países","",FALSE
"WDI (PIB per cápita)","wdi_CIV_11","Cote d'Ivoire (1985-1994)","CIV","Cote d'Ivoire",1985,1994,-0.252269671151677,9,FALSE,5,1999,82.8258005492333,5,"5 años después",0.252269671151677,0.828258005492334,14,-0.0133691548601688,1.10769614864766,0.020667130826499,"Otros países","",FALSE
"WDI (PIB per cápita)","wdi_GAB_10","Gabon (1998-2006)","GAB","Gabon",1998,2006,-0.248632193708472,8,FALSE,5,2011,74.8591271766221,5,"5 años después",0.248632193708472,0.748591271766221,13,-0.0220277768122364,0.99630469325135,-0.000740156201473829,"Otros países","",FALSE
"WDI (PIB per cápita)","wdi_VEN_70","Venezuela (1977-1985)","VEN","Venezuela",1977,1985,-0.246708124123997,8,TRUE,5,1990,75.2304607580145,5,"5 años después",0.246708124123997,0.752304607580145,13,-0.02165546195645,0.998689394738647,-0.000262258575319918,"Venezuela","",FALSE
"WDI (PIB per cápita)","wdi_MDG_7","Madagascar (1979-1987)","MDG","Madagascar",1979,1987,-0.24300200583002,8,FALSE,5,1992,68.737800221545,5,"5 años después",0.24300200583002,0.68737800221545,13,-0.0284244281389698,0.908031471033333,-0.0191102864862037,"Otros países","",FALSE
"WDI (PIB per cápita)","wdi_GNB_12","Guinea-Bissau (1997-1998)","GNB","Guinea-Bissau",1997,1998,-0.238778523409397,1,FALSE,5,2003,87.6698546238136,5,"5 años después",0.238778523409397,0.876698546238136,6,-0.0216932551684176,1.15169970001994,0.0286505218414765,"Otros países","",FALSE
"WDI (PIB per cápita)","wdi_MNG_2","Mongolia (1989-1993)","MNG","Mongolia",1989,1993,-0.23794563277286,4,FALSE,5,1998,84.6753250672307,5,"5 años después",0.23794563277286,0.846753250672307,9,-0.0183131221587376,1.11114546033422,0.0213020020504717,"Otros países","",FALSE
"WDI (PIB per cápita)","wdi_EST_1","Estonia (1991-1993)","EST","Estonia",1991,1993,-0.223526680310649,2,FALSE,5,1998,106.515178183658,5,"5 años después",0.223526680310649,1.06515178183658,7,0.00905753158594802,1.3717815600705,0.0652633661722972,"Otros países","",FALSE
"WDI (PIB per cápita)","wdi_MDG_5","Madagascar (1971-1978)","MDG","Madagascar",1971,1978,-0.222731643161847,7,FALSE,5,1983,66.2717851362234,5,"5 años después",0.222731643161847,0.662717851362234,12,-0.0337027970485648,0.852624252012653,-0.031384228200118,"Otros países","",FALSE
"WDI (PIB per cápita)","wdi_BGR_2","Bulgaria (1988-1993)","BGR","Bulgaria",1988,1993,-0.22069053637546,5,FALSE,5,1998,78.5658937928177,5,"5 años después",0.22069053637546,0.785658937928177,10,-0.0238346102298418,1.0081475647352,0.00162422813619401,"Otros países","",FALSE
"WDI (PIB per cápita)","wdi_BHR_4","Bahrain (1977-1982)","BHR","Bahrain",1977,1982,-0.220006556632658,5,FALSE,5,1987,77.497621791411,5,"5 años después",0.220006556632658,0.77497621791411,10,-0.0251701086986716,0.993567605605026,-0.00128980176756177,"Otros países","",FALSE
"WDI (PIB per cápita)","wdi_ARG_17","Argentina (1998-2002)","ARG","Argentina",1998,2002,-0.219121951925802,4,FALSE,5,2007,112.898077429237,5,"5 años después",0.219121951925802,1.12898077429237,9,0.0135707305635255,1.44578372650719,0.0765164397247815,"Otros países","",FALSE
"WDI (PIB per cápita)","wdi_BGD_8","Bangladesh (1970-1972)","BGD","Bangladesh",1970,1972,-0.216187796626027,2,FALSE,5,1977,80.8161486954721,5,"5 años después",0.216187796626027,0.808161486954721,7,-0.0299693652457711,1.03106520091922,0.00613724488565159,"Otros países","",FALSE
"WDI (PIB per cápita)","wdi_CHL_6","Chile (1971-1975)","CHL","Chile",1971,1975,-0.214471221187694,4,FALSE,5,1980,106.285862407701,5,"5 años después",0.214471221187694,1.06285862407701,9,0.00679655841651017,1.35304861227874,0.0623379107166362,"Otros países","",FALSE
"WDI (PIB per cápita)","wdi_KHM_3","Cambodia (1978-1982)","KHM","Cambodia",1978,1982,-0.211373566596198,4,FALSE,5,1987,94.5967634080542,5,"5 años después",0.211373566596198,0.945967634080542,9,-0.00615287350897387,1.19951296838687,0.0370530892249885,"Otros países","",FALSE
"WDI (PIB per cápita)","wdi_URY_9","Uruguay (1981-1984)","URY","Uruguay",1981,1984,-0.210010644658055,3,FALSE,5,1989,94.0178106229546,5,"5 años después",0.210010644658055,0.940178106229546,8,-0.00768109184828247,1.19011490455158,0.0354229309430345,"Otros países","",FALSE
"WDI (PIB per cápita)","wdi_KWT_17","Kuwait (2006-2010)","KWT","Kuwait",2006,2010,-0.208310516228402,4,FALSE,5,2015,72.6390064996113,5,"5 años después",0.208310516228402,0.726390064996113,9,-0.0348952950413128,0.917518900889779,-0.0170690640710379,"Otros países","",FALSE
"WDI (PIB per cápita)","wdi_GHA_8","Ghana (1974-1977)","GHA","Ghana",1974,1977,-0.208177363184428,3,FALSE,5,1982,65.2104074164284,5,"5 años después",0.208177363184428,0.652104074164284,8,-0.0520408689425632,0.82354815819211,-0.0380825571441712,"Otros países","",FALSE
"WDI (PIB per cápita)","wdi_CIV_13","Cote d'Ivoire (1998-2003)","CIV","Cote d'Ivoire",1998,2003,-0.202847948176945,5,FALSE,5,2008,80.4362367795353,5,"5 años después",0.202847948176945,0.804362367795353,10,-0.0215352726911017,1.00904509491735,0.00180250918136515,"Otros países","",FALSE
"WDI (PIB per cápita)","wdi_IRQ_12","Iraq (1982-1985)","IRQ","Iraq",1982,1985,-0.201953825324455,3,FALSE,5,1990,124.481514287753,5,"5 años después",0.201953825324455,1.24481514287753,8,0.0277514728836139,1.55982846905272,0.0929879362995174,"Otros países","",FALSE
"WDI (PIB per cápita)","wdi_MMR_8","Myanmar (1985-1988)","MMR","Myanmar",1985,1988,-0.201177630440163,3,FALSE,5,1993,91.5129587530672,5,"5 años después",0.201177630440163,0.915129587530672,8,-0.0110249743011734,1.14559834877298,0.0275583100020282,"Otros países","",FALSE
"WDI (PIB per cápita)","wdi_TGO_8","Togo (1980-1983)","TGO","Togo",1980,1983,-0.200882767457536,3,FALSE,5,1988,82.8864456031481,5,"5 años después",0.200882767457536,0.828864456031481,8,-0.0231892295860054,1.03722510575122,0.00733657771561025,"Otros países","",FALSE
"WDI (PIB per cápita)","wdi_CAF_17","Central African Republic (1988-1993)","CAF","Central African Republic",1988,1993,-0.19924273532225,5,FALSE,5,1998,82.9356108894969,5,"5 años después",0.19924273532225,0.829356108894969,10,-0.0185366091708646,1.03571474837475,0.00704303966385167,"Otros países","",FALSE
"WDI (PIB per cápita)","wdi_ZWE_11","Zimbabwe (1974-1978)","ZWE","Zimbabwe",1974,1978,-0.193862250254076,4,FALSE,5,1983,90.3215467908624,5,"5 años después",0.193862250254076,0.903215467908624,9,-0.0112467372862776,1.12042323807972,0.023001855768549,"Otros países","",FALSE
"WDI (PIB per cápita)","wdi_NER_14","Niger (1988-1997)","NER","Niger",1988,1997,-0.191967766500572,9,FALSE,5,2002,82.8948457147429,5,"5 años después",0.191967766500572,0.828948457147429,14,-0.0133104294234511,1.0258853827618,0.00512429005424275,"Otros países","",FALSE
"WDI (PIB per cápita)","wdi_GTM_4","Guatemala (1980-1986)","GTM","Guatemala",1980,1986,-0.191018583948737,6,FALSE,5,1991,84.1454771615446,5,"5 años después",0.191018583948737,0.841454771615446,11,-0.0155705077410411,1.04014104022647,0.00790232374983679,"Otros países","",FALSE
"WDI (PIB per cápita)","wdi_PAN_6","Panama (1986-1989)","PAN","Panama",1986,1989,-0.190980572223957,3,FALSE,5,1994,101.122328690895,5,"5 años después",0.190980572223957,1.01122328690895,8,0.0013960702412239,1.24993696342837,0.0456290062133242,"Otros países","",FALSE
"WDI (PIB per cápita)","wdi_PHL_2","Philippines (1982-1985)","PHL","Philippines",1982,1985,-0.18990900525366,3,FALSE,5,1990,89.7761130483047,5,"5 años después",0.18990900525366,0.897761130483047,8,-0.0133909388135884,1.10822257784036,0.0207641261734073,"Otros países","",FALSE
"WDI (PIB per cápita)","wdi_SDN_8","Sudan (1977-1980)","SDN","Sudan",1977,1980,-0.189862533018711,3,FALSE,5,1985,72.4764826958744,5,"5 años después",0.189862533018711,0.724764826958744,8,-0.039439688211799,0.894619563343172,-0.0220251685508135,"Otros países","",FALSE
"WDI (PIB per cápita)","wdi_VEN_80","Venezuela (2001-2003)","VEN","Venezuela",2001,2003,-0.188975855520166,2,TRUE,5,2008,120.02958997818,5,"5 años después",0.188975855520166,1.2002958997818,7,0.0264242481526602,1.47997554444156,0.0815607239408322,"Venezuela","",FALSE
"WDI (PIB per cápita)","wdi_EST_5","Estonia (2007-2009)","EST","Estonia",2007,2009,-0.186315237628808,2,FALSE,5,2014,99.2602407002692,5,"5 años después",0.186315237628808,0.992602407002692,7,-0.00106016489689398,1.21988570132505,0.0405520955306526,"Otros países","",FALSE
"WDI (PIB per cápita)","wdi_DMA_1","Dominica (1978-1979)","DMA","Dominica",1978,1979,-0.1862224909723,1,FALSE,5,1984,115.212640354011,5,"5 años después",0.1862224909723,1.15212640354011,6,0.0238822675635415,1.41577567671619,0.0720101302507175,"Otros países","",FALSE
"WDI (PIB per cápita)","wdi_MLI_9","Mali (1981-1984)","MLI","Mali",1981,1984,-0.184971009563738,3,FALSE,5,1989,95.1106787310988,5,"5 años después",0.184971009563738,0.951106787310988,8,-0.00624652548812243,1.16696068295913,0.0313622821582593,"Otros países","",FALSE
"WDI (PIB per cápita)","wdi_CYP_8","Cyprus (2008-2014)","CYP","Cyprus",2008,2014,-0.184910452910263,6,FALSE,5,2019,102.615488332524,5,"5 años después",0.184910452910263,1.02615488332524,11,0.00234991070067392,1.25894742116263,0.0471322093443589,"Otros países","",FALSE
"WDI (PIB per cápita)","wdi_CHL_8","Chile (1981-1983)","CHL","Chile",1981,1983,-0.183000658944998,2,FALSE,5,1988,98.2970779286808,5,"5 años después",0.183000658944998,0.982970779286808,7,-0.00245069004862908,1.20314757906351,0.0376807979928995,"Otros países","",FALSE
"WDI (PIB per cápita)","wdi_ETH_10","Ethiopia (1983-1985)","ETH","Ethiopia",1983,1985,-0.182278593287662,2,FALSE,5,1990,87.8959134117732,5,"5 años después",0.182278593287662,0.878959134117732,7,-0.0182621701243794,1.07488825277499,0.01454815009392,"Otros países","",FALSE
"WDI (PIB per cápita)","wdi_GNB_4","Guinea-Bissau (1978-1980)","GNB","Guinea-Bissau",1978,1980,-0.181641923077685,2,FALSE,5,1985,102.203879016504,5,"5 años después",0.181641923077685,1.02203879016504,7,0.00311906078089241,1.24888947636313,0.0454536933409748,"Otros países","",FALSE
"WDI (PIB per cápita)","wdi_LVA_3","Latvia (2007-2010)","LVA","Latvia",2007,2010,-0.180262837325821,3,FALSE,5,2015,103.99635228174,5,"5 años después",0.180262837325821,1.0399635228174,8,0.00491022060623258,1.26865484471241,0.0487420856920047,"Otros países","",FALSE
"WDI (PIB per cápita)","wdi_OMN_18","Oman (2009-2014)","OMN","Oman",2009,2014,-0.179366298752236,5,FALSE,5,2019,79.2735436213525,5,"5 años después",0.179366298752236,0.792735436213525,10,-0.0229589131168156,0.966003997895991,-0.00689359067188133,"Otros países","",FALSE
"WDI (PIB per cápita)","wdi_TCD_12","Chad (1992-1993)","TCD","Chad",1992,1993,-0.176741907151847,1,FALSE,5,1998,88.5298485034418,5,"5 años después",0.176741907151847,0.885298485034418,6,-0.020100310231366,1.07535958981178,0.0146371100885212,"Otros países","",FALSE
"WDI (PIB per cápita)","wdi_SLE_16","Sierra Leone (1991-1992)","SLE","Sierra Leone",1991,1992,-0.174597698249032,1,FALSE,5,1997,70.8072667829058,5,"5 años después",0.174597698249032,0.708072667829058,6,-0.0559109255209282,0.857851578953666,-0.0301994390298604,"Otros países","",FALSE
"WDI (PIB per cápita)","wdi_HRV_1","Croatia (1991-1993)","HRV","Croatia",1991,1993,-0.172356882769868,2,FALSE,5,1998,109.371368171682,5,"5 años después",0.172356882769868,1.09371368171682,7,0.0128792251820953,1.32147982499649,0.0573337800944471,"Otros países","",FALSE
"WDI (PIB per cápita)","wdi_HUN_4","Hungary (1989-1993)","HUN","Hungary",1989,1993,-0.170704825746459,4,FALSE,5,1998,93.5744332544897,5,"5 años después",0.170704825746459,0.935744332544897,9,-0.00735206137406785,1.1283610005173,0.0244472794208259,"Otros países","",FALSE
"WDI (PIB per cápita)","wdi_ZMB_15","Zambia (1981-1987)","ZMB","Zambia",1981,1987,-0.169747257404589,6,FALSE,5,1992,75.0917012504736,5,"5 años después",0.169747257404589,0.750917012504736,11,-0.0257056665053621,0.904443880736042,-0.0198866043038444,"Otros países","",FALSE
"WDI (PIB per cápita)","wdi_SAU_10","Saudi Arabia (1991-1999)","SAU","Saudi Arabia",1991,1999,-0.16932694232846,8,FALSE,5,2004,80.5674418813887,5,"5 años después",0.16932694232846,0.805674418813887,13,-0.0164838273425038,0.969905561969559,-0.00609267810609093,"Otros países","",FALSE
"WDI (PIB per cápita)","wdi_OMN_6","Oman (1972-1973)","OMN","Oman",1972,1973,-0.166997263585133,1,FALSE,5,1978,108.554383722124,5,"5 años después",0.166997263585133,1.08554383722124,6,0.0137741841723618,1.30316959328762,0.0543873518852087,"Otros países","",FALSE
"WDI (PIB per cápita)","wdi_MDG_9","Madagascar (1990-1996)","MDG","Madagascar",1990,1996,-0.165092292003228,6,FALSE,5,2001,88.8344271515631,5,"5 años después",0.165092292003228,0.888344271515631,11,-0.0107055485897545,1.06400295865883,0.0124849283646578,"Otros países","",FALSE
"WDI (PIB per cápita)","wdi_SYR_18","Syrian Arab Republic (1988-1989)","SYR","Syrian Arab Republic",1988,1989,-0.164606695006472,1,FALSE,5,1994,102.830968767741,5,"5 años después",0.164606695006472,1.02830968767741,6,0.00466356979528793,1.23092881105311,0.0424292462372222,"Otros países","",FALSE
"WDI (PIB per cápita)","wdi_LSO_8","Lesotho (1974-1975)","LSO","Lesotho",1974,1975,-0.164511267325274,1,FALSE,5,1980,115.459404619487,5,"5 años después",0.164511267325274,1.15459404619487,6,0.0242474363680858,1.38193850023394,0.0668361986684314,"Otros países","",FALSE
"WDI (PIB per cápita)","wdi_TZA_6","Tanzania (1975-1983)","TZA","Tanzania",1975,1983,-0.163890932745869,8,FALSE,5,1988,89.4361104885396,5,"5 años después",0.163890932745869,0.894361104885396,13,-0.00855135544269525,1.06967038142831,0.0135612398969143,"Otros países","",FALSE
"WDI (PIB per cápita)","wdi_JOR_10","Jordan (2012-2016)","JOR","Jordan",2012,2016,-0.15913049504033,4,FALSE,5,2021,82.8294367533698,5,"5 años después",0.15913049504033,0.828294367533698,9,-0.020714301716192,0.985045078514799,-0.00300903851498913,"Otros países","",FALSE
"WDI (PIB per cápita)","wdi_YEM_4","Yemen, Rep. (2010-2012)","YEM","Yemen, Rep.",2010,2012,-0.159044931118573,2,FALSE,5,2017,46.832040312784,5,"5 años después",0.159044931118573,0.46832040312784,7,-0.102706078865978,0.55689111161523,-0.110483399925105,"Otros países","",FALSE
"WDI (PIB per cápita)","wdi_BWA_8","Botswana (2008-2009)","BWA","Botswana",2008,2009,-0.158997149078875,1,FALSE,5,2014,106.30833662875,5,"5 años después",0.158997149078875,1.0630833662875,6,0.0102477390475635,1.26406630503468,0.0479823563075481,"Otros países","",FALSE
"WDI (PIB per cápita)","wdi_SLE_28","Sierra Leone (2013-2015)","SLE","Sierra Leone",2013,2015,-0.158912292998631,2,FALSE,5,2020,88.0916952942903,5,"5 años después",0.158912292998631,0.880916952942903,7,-0.0179500749216648,1.04735445020773,0.00929642853044732,"Otros países","",FALSE
"WDI (PIB per cápita)","wdi_CRI_4","Costa Rica (1979-1982)","CRI","Costa Rica",1979,1982,-0.158723576173982,3,FALSE,5,1987,90.8619176616485,5,"5 años después",0.158723576173982,0.908619176616485,8,-0.0119071940772781,1.08004830622045,0.0155203625889708,"Otros países","",FALSE
"WDI (PIB per cápita)","wdi_GNQ_7","Equatorial Guinea (2008-2010)","GNQ","Equatorial Guinea",2008,2010,-0.158164836909316,2,FALSE,5,2015,69.5038409541642,5,"5 años después",0.158164836909316,0.695038409541642,7,-0.0506424045956519,0.825622924789578,-0.0375983726962454,"Otros países","",FALSE
"WDI (PIB per cápita)","wdi_TCD_4","Chad (1969-1973)","TCD","Chad",1969,1973,-0.154764450694266,4,FALSE,5,1978,91.5673523953125,5,"5 años después",0.154764450694266,0.915673523953125,9,-0.0097406267350465,1.08333531961031,0.0161377373561387,"Otros países","",FALSE
"WDI (PIB per cápita)","wdi_GNQ_5","Equatorial Guinea (1987-1991)","GNQ","Equatorial Guinea",1987,1991,-0.153679366067332,4,FALSE,5,1996,239.777304355675,5,"5 años después",0.153679366067332,2.39777304355675,9,0.102048980273757,2.83317332393849,0.231557316929252,"Otros países","",FALSE
"WDI (PIB per cápita)","wdi_SDN_10","Sudan (1982-1985)","SDN","Sudan",1982,1985,-0.153673361132595,3,FALSE,5,1990,96.6927941414396,5,"5 años después",0.153673361132595,0.966927941414396,8,-0.00419508892406129,1.14249971229594,0.0270018357095729,"Otros países","",FALSE
"WDI (PIB per cápita)","wdi_URY_15","Uruguay (1998-2002)","URY","Uruguay",1998,2002,-0.153490347766664,4,FALSE,5,2007,106.262725351975,5,"5 años después",0.153490347766664,1.06262725351975,9,0.0067722042188596,1.25530435561631,0.0465254811405402,"Otros países","",FALSE
"WDI (PIB per cápita)","wdi_NER_4","Niger (1965-1969)","NER","Niger",1965,1969,-0.153237155397015,4,FALSE,5,1974,69.0125084731039,5,"5 años después",0.153237155397015,0.690125084731039,9,-0.0403716043177359,0.815015785269383,-0.0400840587002307,"Otros países","",FALSE
"WDI (PIB per cápita)","wdi_STP_6","Sao Tome and Principe (1979-1981)","STP","Sao Tome and Principe",1979,1981,-0.151307628383258,2,FALSE,5,1986,73.634685675216,5,"5 años después",0.151307628383258,0.73634685675216,7,-0.0427799721404776,0.86762516240064,-0.0279996356040405,"Otros países","",FALSE
"WDI (PIB per cápita)","wdi_IDN_9","Indonesia (1997-1999)","IDN","Indonesia",1997,1999,-0.150985066116873,2,FALSE,5,2004,99.2249413139826,5,"5 años después",0.150985066116873,0.992249413139826,7,-0.00111092229172138,1.16870666644412,0.0316707183910969,"Otros países","",FALSE
"WDI (PIB per cápita)","wdi_ZMB_13","Zambia (1976-1980)","ZMB","Zambia",1976,1980,-0.150019411997716,4,FALSE,5,1985,74.5123821311055,5,"5 años después",0.150019411997716,0.745123821311055,9,-0.0321609054352857,0.876636280673568,-0.0259889405976733,"Otros países","",FALSE
"WDI (PIB per cápita)","wdi_LBR_9","Liberia (1979-1995)","LBR","Liberia",1979,1995,-0.927950876615831,16,FALSE,10,2005,17.9933258702274,10,"10 años después",0.927950876615831,0.179933258702274,26,-0.0638392251954809,2.49736915941172,0.0958428400779323,"Otros países","",FALSE
"WDI (PIB per cápita)","wdi_GEO_4","Georgia (1988-1994)","GEO","Georgia",1988,1994,-0.784252454171453,6,FALSE,10,2004,46.9930044767036,10,"10 años después",0.784252454171453,0.469930044767036,16,-0.04610169787977,2.17814781142626,0.0809577879153622,"Otros países","",FALSE
"WDI (PIB per cápita)","wdi_TJK_3","Tajikistan (1988-1996)","TJK","Tajikistan",1988,1996,-0.75190036866998,8,FALSE,10,2006,43.5366302875122,10,"10 años después",0.75190036866998,0.435366302875122,18,-0.0451473044786403,1.75480431204673,0.057847025660213,"Otros países","",FALSE
"WDI (PIB per cápita)","wdi_COD_14","Congo, Dem. Rep. (1986-2002)","COD","Congo, Dem. Rep.",1986,2002,-0.676390455932523,16,FALSE,10,2012,44.1217023914313,10,"10 años después",0.676390455932523,0.441217023914313,26,-0.0309799140054078,1.36342401515301,0.0314854207443329,"Otros países","",FALSE
"WDI (PIB per cápita)","wdi_IRQ_16","Iraq (1990-1991)","IRQ","Iraq",1990,1991,-0.644235820475039,1,FALSE,10,2001,116.716335007138,10,"10 años después",0.644235820475039,1.16716335007138,11,0.014151591517344,3.28072194235476,0.126151818159447,"Otros países","Iraq (1990-1991)",TRUE
"WDI (PIB per cápita)","wdi_UKR_2","Ukraine (1989-1998)","UKR","Ukraine",1989,1998,-0.605083330497868,9,FALSE,10,2008,77.3124477546332,10,"10 años después",0.605083330497868,0.773124477546332,19,-0.0134516133110418,1.95769015909357,0.0694842562860654,"Otros países","",FALSE
"WDI (PIB per cápita)","wdi_AZE_1","Azerbaijan (1991-1995)","AZE","Azerbaijan",1991,1995,-0.601133004151926,4,FALSE,10,2005,95.2163892507619,10,"10 años después",0.601133004151926,0.952163892507619,14,-0.00349517069323235,2.38717141909202,0.0909085878358247,"Otros países","",FALSE
"WDI (PIB per cápita)","wdi_SAU_6","Saudi Arabia (1979-1987)","SAU","Saudi Arabia",1979,1987,-0.557089581311511,8,FALSE,10,1997,40.1989951305118,10,"10 años después",0.557089581311511,0.401989951305118,18,-0.0493690374497625,0.907610059152501,-0.00964720850691536,"Otros países","",FALSE
"WDI (PIB per cápita)","wdi_MDA_1","Moldova (1991-1996)","MDA","Moldova",1991,1996,-0.545561891782624,5,FALSE,10,2006,64.2856392871513,10,"10 años después",0.545561891782624,0.642856392871513,15,-0.0290260068226201,1.41461814325662,0.0352945370834827,"Otros países","",FALSE
"WDI (PIB per cápita)","wdi_IRN_4","Iran, Islamic Rep. (1976-1981)","IRN","Iran, Islamic Rep.",1976,1981,-0.542672491853306,5,FALSE,10,1991,47.6231840023816,10,"10 años después",0.542672491853306,0.476231840023816,15,-0.0482536311514786,1.04133652916207,0.00405871559535131,"Otros países","",FALSE
"WDI (PIB per cápita)","wdi_ZWE_23","Zimbabwe (2001-2008)","ZWE","Zimbabwe",2001,2008,-0.524866709567101,7,FALSE,10,2018,87.1016741841595,10,"10 años después",0.524866709567101,0.871016741841595,17,-0.00809027734846934,1.83320503820728,0.0624808330763826,"Otros países","",FALSE
"WDI (PIB per cápita)","wdi_ARE_6","United Arab Emirates (1980-1988)","ARE","United Arab Emirates",1980,1988,-0.517824013492657,8,FALSE,10,1998,48.9913832780539,10,"10 años después",0.517824013492657,0.489913832780539,18,-0.0388649216690713,1.01604776365834,0.00159330391463119,"Otros países","",FALSE
"WDI (PIB per cápita)","wdi_KGZ_2","Kyrgyz Republic (1990-1995)","KGZ","Kyrgyz Republic",1990,1995,-0.511996838926655,5,FALSE,10,2005,68.1951439647766,10,"10 años después",0.511996838926655,0.681951439647766,15,-0.0251969110534113,1.39743242266677,0.0340298631931226,"Otros países","",FALSE
"WDI (PIB per cápita)","wdi_KWT_3","Kuwait (1979-1982)","KWT","Kuwait",1979,1982,-0.506269473606368,3,FALSE,10,1992,57.7505382240786,10,"10 años después",0.506269473606368,0.577505382240786,13,-0.0413542381012817,1.16967728622954,0.0157962510119181,"Otros países","",FALSE
"WDI (PIB per cápita)","wdi_LBY_24","Libya (2010-2011)","LBY","Libya",2010,2011,-0.491278565212286,1,FALSE,10,2021,59.8683157626193,10,"10 años después",0.491278565212286,0.598683157626193,11,-0.0455675743892857,1.17683886836028,0.0164164855297271,"Otros países","",FALSE
"WDI (PIB per cápita)","wdi_TZA_2","Tanzania (1968-1970)","TZA","Tanzania",1968,1970,-0.483369539888332,2,FALSE,10,1980,50.6566547087051,10,"10 años después",0.483369539888332,0.506566547087051,12,-0.0550988544219967,0.980520093564669,-0.00196528034007282,"Otros países","",FALSE
"WDI (PIB per cápita)","wdi_RWA_18","Rwanda (1992-1994)","RWA","Rwanda",1992,1994,-0.482857683153878,2,FALSE,10,2004,114.794525284424,10,"10 años después",0.482857683153878,1.14794525284424,12,0.0115641544066813,2.21978595726835,0.0830066166523005,"Otros países","",FALSE
"WDI (PIB per cápita)","wdi_KWT_1","Kuwait (1971-1977)","KWT","Kuwait",1971,1977,-0.477721465660515,6,FALSE,10,1987,28.8122984199939,10,"10 años después",0.477721465660515,0.288122984199939,16,-0.0748255746914842,0.551665376338552,-0.057746904746656,"Otros países","",FALSE
"WDI (PIB per cápita)","wdi_IRQ_20","Iraq (2000-2003)","IRQ","Iraq",2000,2003,-0.46077440798226,3,FALSE,10,2013,107.957443343376,10,"10 años después",0.46077440798226,1.07957443343376,13,0.00590714186179553,2.0020830787984,0.0718850396797024,"Otros países","",FALSE
"WDI (PIB per cápita)","wdi_ARM_1","Armenia (1991-1993)","ARM","Armenia",1991,1993,-0.444524562697591,2,FALSE,10,2003,123.325793640339,10,"10 años después",0.444524562697591,1.23325793640339,12,0.017625137847783,2.22018446466784,0.0830260577739428,"Otros países","",FALSE
"WDI (PIB per cápita)","wdi_HTI_12","Haiti (1980-1994)","HTI","Haiti",1980,1994,-0.437379153279232,14,FALSE,10,2004,59.9537973029278,10,"10 años después",0.437379153279232,0.599537973029278,24,-0.0210909077795843,1.06561634984498,0.00637557440169711,"Otros países","",FALSE
"WDI (PIB per cápita)","wdi_TKM_3","Turkmenistan (1990-1995)","TKM","Turkmenistan",1990,1995,-0.433041568689599,5,FALSE,10,2005,75.023075799344,10,"10 años después",0.433041568689599,0.75023075799344,15,-0.0189759423934007,1.32325531566652,0.028405438685295,"Otros países","",FALSE
"WDI (PIB per cápita)","wdi_CMR_12","Cameroon (1986-1994)","CMR","Cameroon",1986,1994,-0.424365813553514,8,FALSE,10,2004,69.0053115350972,10,"10 años después",0.424365813553514,0.690053115350972,18,-0.0203994304881379,1.19877021135735,0.0182949599854216,"Otros países","",FALSE
"WDI (PIB per cápita)","wdi_AGO_5","Angola (1988-1994)","AGO","Angola",1988,1994,-0.419969309366908,6,FALSE,10,2004,87.1398574247924,10,"10 años después",0.419969309366908,0.871398574247924,16,-0.00856658350251105,1.50233183919425,0.0415415195278217,"Otros países","",FALSE
"WDI (PIB per cápita)","wdi_KHM_9","Cambodia (1992-1994)","KHM","Cambodia",1992,1994,-0.404080881412024,2,FALSE,10,2004,89.95558277963,10,"10 años después",0.404080881412024,0.8995558277963,12,-0.00878238771834994,1.50952671216152,0.0420392562898386,"Otros países","",FALSE
"WDI (PIB per cápita)","wdi_RUS_1","Russian Federation (1990-1996)","RUS","Russian Federation",1990,1996,-0.402910807826704,6,FALSE,10,2006,101.27878033939,10,"10 años después",0.402910807826704,1.0127878033939,16,0.000794486054025212,1.69620856761372,0.0542604760869403,"Otros países","",FALSE
"WDI (PIB per cápita)","wdi_ALB_6","Albania (1989-1992)","ALB","Albania",1989,1992,-0.399308253489314,3,FALSE,10,2002,121.227234822826,10,"10 años después",0.399308253489314,1.21227234822826,13,0.014917601720932,2.018127192974,0.0727409353302098,"Otros países","",FALSE
"WDI (PIB per cápita)","wdi_LTU_1","Lithuania (1991-1994)","LTU","Lithuania",1991,1994,-0.397134463626588,3,FALSE,10,2004,112.806249839749,10,"10 años después",0.397134463626588,1.12806249839749,13,0.00931244408632592,1.87116766565136,0.0646608157947974,"Otros países","",FALSE
"WDI (PIB per cápita)","wdi_GAB_2","Gabon (1976-1980)","GAB","Gabon",1976,1980,-0.380558602189237,4,FALSE,10,1990,56.3567797582289,10,"10 años después",0.380558602189237,0.563567797582289,14,-0.0401343710053133,0.909800022365403,-0.00940850634309986,"Otros países","",FALSE
"WDI (PIB per cápita)","wdi_NIC_14","Nicaragua (1983-1993)","NIC","Nicaragua",1983,1993,-0.368799802417541,10,FALSE,10,2003,80.2316399049356,10,"10 años después",0.368799802417541,0.802316399049356,20,-0.010952194995429,1.27109655878164,0.024278022387433,"Otros países","",FALSE
"WDI (PIB per cápita)","wdi_CAF_29","Central African Republic (2012-2013)","CAF","Central African Republic",2012,2013,-0.368245466038613,1,FALSE,10,2023,71.7801272166116,10,"10 años después",0.368245466038613,0.717801272166116,11,-0.0296923065047011,1.13620280279617,0.0128510569274454,"Otros países","",FALSE
"WDI (PIB per cápita)","wdi_CUB_8","Cuba (1988-1993)","CUB","Cuba",1988,1993,-0.367963306680326,5,FALSE,10,2003,85.5514987352006,10,"10 años después",0.367963306680326,0.855514987352006,15,-0.0103495158136652,1.3535843668483,0.0307385829031557,"Otros países","",FALSE
"WDI (PIB per cápita)","wdi_NGA_8","Nigeria (1980-1984)","NGA","Nigeria",1980,1984,-0.36258303598831,4,FALSE,10,1994,65.8298070481019,10,"10 años después",0.36258303598831,0.658298070481019,14,-0.0294225777944989,1.03275894374996,0.00322858141690596,"Otros países","",FALSE
"WDI (PIB per cápita)","wdi_NIC_10","Nicaragua (1977-1979)","NIC","Nicaragua",1977,1979,-0.359245987843394,2,FALSE,10,1989,45.5245687213125,10,"10 años después",0.359245987843394,0.455245687213125,12,-0.0634726029699945,0.710484333419763,-0.0336032725872556,"Otros países","",FALSE
"WDI (PIB per cápita)","wdi_SLV_2","El Salvador (1978-1986)","SLV","El Salvador",1978,1986,-0.34969059547654,8,FALSE,10,1996,78.5467335594113,10,"10 años después",0.34969059547654,0.785467335594113,18,-0.0133257710740955,1.20783634702268,0.0190624741159318,"Otros países","",FALSE
"WDI (PIB per cápita)","wdi_QAT_7","Qatar (1978-1985)","QAT","Qatar",1978,1985,-0.34959648855942,7,FALSE,10,1995,63.6492341953636,10,"10 años después",0.34959648855942,0.636492341953636,17,-0.0262254441210996,0.978611478501811,-0.00215972150637667,"Otros países","",FALSE
"WDI (PIB per cápita)","wdi_MOZ_1","Mozambique (1981-1986)","MOZ","Mozambique",1981,1986,-0.344070302736099,5,FALSE,10,1996,87.7720512686861,10,"10 años después",0.344070302736099,0.877720512686861,15,-0.00865744386977763,1.3381319924195,0.0295558139020808,"Otros países","",FALSE
"WDI (PIB per cápita)","wdi_TTO_6","Trinidad and Tobago (1982-1989)","TTO","Trinidad and Tobago",1982,1989,-0.340843450765157,7,FALSE,10,1999,103.071840555207,10,"10 años después",0.340843450765157,1.03071840555207,17,0.00178135179796213,1.56369288410854,0.045719354094808,"Otros países","",FALSE
"WDI (PIB per cápita)","wdi_BLR_1","Belarus (1991-1995)","BLR","Belarus",1991,1995,-0.339126390725369,4,FALSE,10,2005,135.925246901383,10,"10 años después",0.339126390725369,1.35925246901383,14,0.022166016107017,2.0567510185582,0.074776524980118,"Otros países","",FALSE
"WDI (PIB per cápita)","wdi_LBY_10","Libya (1979-1984)","LBY","Libya",1979,1984,-0.336150917643974,5,FALSE,10,1994,56.1835289371185,10,"10 años después",0.336150917643974,0.561835289371185,15,-0.0377071307550604,0.846329842585923,-0.0165461938095884,"Otros países","",FALSE
"WDI (PIB per cápita)","wdi_LVA_1","Latvia (1991-1993)","LVA","Latvia",1991,1993,-0.333046243040737,2,FALSE,10,2003,121.732292476689,10,"10 años después",0.333046243040737,1.21732292476689,12,0.0165228608924213,1.82519839203971,0.0620158728657378,"Otros países","",FALSE
"WDI (PIB per cápita)","wdi_IRN_6","Iran, Islamic Rep. (1983-1988)","IRN","Iran, Islamic Rep.",1983,1988,-0.331277566008101,5,FALSE,10,1998,87.4395385810353,10,"10 años después",0.331277566008101,0.874395385810352,15,-0.00890825883953228,1.30756101689411,0.027179152486299,"Otros países","",FALSE
"WDI (PIB per cápita)","wdi_PSE_3","West Bank and Gaza (1999-2002)","PSE","West Bank and Gaza",1999,2002,-0.32782077123067,3,FALSE,10,2012,118.480305217644,10,"10 años después",0.32782077123067,1.18480305217644,13,0.0131297994555271,1.76262966998497,0.0583178169950924,"Otros países","",FALSE
"WDI (PIB per cápita)","wdi_NER_10","Niger (1979-1984)","NER","Niger",1979,1984,-0.314308891321158,5,FALSE,10,1994,63.8732748891658,10,"10 años después",0.314308891321158,0.638732748891658,15,-0.0294424799850815,0.931516743920362,-0.00706900757785023,"Otros países","",FALSE
"WDI (PIB per cápita)","wdi_JAM_2","Jamaica (1972-1980)","JAM","Jamaica",1972,1980,-0.311308834985616,8,FALSE,10,1990,80.8221058663916,10,"10 años después",0.311308834985616,0.808221058663916,18,-0.0117591845292434,1.1735609511515,0.0161330217024911,"Otros países","",FALSE
"WDI (PIB per cápita)","wdi_LBR_13","Liberia (2002-2003)","LBR","Liberia",2002,2003,-0.306993530292511,1,FALSE,10,2013,94.0070629224655,10,"10 años después",0.306993530292511,0.940070629224655,11,-0.00560245367225931,1.35651061038644,0.0309611964288314,"Otros países","",FALSE
"WDI (PIB per cápita)","wdi_CIV_9","Cote d'Ivoire (1978-1984)","CIV","Cote d'Ivoire",1978,1984,-0.303441267670946,6,FALSE,10,1994,52.3142545700421,10,"10 años después",0.303441267670946,0.523142545700421,16,-0.0396849114510873,0.75103867257713,-0.0282238635838646,"Otros países","",FALSE
"WDI (PIB per cápita)","wdi_COD_10","Congo, Dem. Rep. (1974-1983)","COD","Congo, Dem. Rep.",1974,1983,-0.302566486646005,9,FALSE,10,1993,37.6043194011648,10,"10 años después",0.302566486646005,0.376043194011648,19,-0.0501739176352104,0.539181422761342,-0.0599012136059919,"Otros países","",FALSE
"WDI (PIB per cápita)","wdi_JOR_4","Jordan (1986-1991)","JOR","Jordan",1986,1991,-0.302015113676662,5,FALSE,10,2001,81.5924816228323,10,"10 años después",0.302015113676662,0.815924816228323,15,-0.0134706520069943,1.16897203967587,0.0157349878532218,"Otros países","",FALSE
"WDI (PIB per cápita)","wdi_TCD_6","Chad (1977-1980)","TCD","Chad",1977,1980,-0.295286891547152,3,FALSE,10,1990,88.4522334282889,10,"10 años después",0.295286891547152,0.884522334282889,13,-0.0093946317101834,1.25515237856835,0.0229858942269026,"Otros países","",FALSE
"WDI (PIB per cápita)","wdi_PER_10","Peru (1987-1990)","PER","Peru",1987,1990,-0.294570318191694,3,FALSE,10,2000,85.6409649511062,10,"10 años después",0.294570318191694,0.856409649511062,13,-0.011852769336508,1.21402553875495,0.0195834616188846,"Otros países","",FALSE
"WDI (PIB per cápita)","wdi_KAZ_1","Kazakhstan (1991-1995)","KAZ","Kazakhstan",1991,1995,-0.287493817037481,4,FALSE,10,2005,138.232173650696,10,"10 años después",0.287493817037481,1.38232173650696,14,0.0233955160415278,1.94008384707544,0.0685185102680017,"Otros países","",FALSE
"WDI (PIB per cápita)","wdi_BDI_16","Burundi (1991-1997)","BDI","Burundi",1991,1997,-0.28650508640599,6,FALSE,10,2007,66.2493781627174,10,"10 años después",0.28650508640599,0.662493781627174,16,-0.0254057093256221,0.928519277439647,-0.007388979914983,"Otros países","",FALSE
"WDI (PIB per cápita)","wdi_LBY_12","Libya (1985-1987)","LBY","Libya",1985,1987,-0.28614950550311,2,FALSE,10,1997,80.7491904212933,10,"10 años después",0.28614950550311,0.807491904212933,12,-0.0176607096750996,1.13117790130837,0.0124022256081942,"Otros países","",FALSE
"WDI (PIB per cápita)","wdi_KWT_9","Kuwait (1989-1991)","KWT","Kuwait",1989,1991,-0.285907070936286,2,FALSE,10,2001,147.386665947044,10,"10 años después",0.285907070936286,1.47386665947044,12,0.0328522094785912,2.06397038744369,0.0751531860026327,"Otros países","",FALSE
"WDI (PIB per cápita)","wdi_ETH_12","Ethiopia (1987-1992)","ETH","Ethiopia",1987,1992,-0.285609333755594,5,FALSE,10,2002,87.9614745498503,10,"10 años después",0.285609333755594,0.879614745498503,15,-0.0085149577381044,1.23127972839103,0.0210233470934593,"Otros países","",FALSE
"WDI (PIB per cápita)","wdi_COG_8","Congo, Rep. (1984-1994)","COG","Congo, Rep.",1984,1994,-0.284822019292559,10,FALSE,10,2004,71.1407421260544,10,"10 años después",0.284822019292559,0.711407421260544,20,-0.0168813846004885,0.99472780266086,-0.000528474749430075,"Otros países","",FALSE
"WDI (PIB per cápita)","wdi_UZB_2","Uzbekistan (1989-1996)","UZB","Uzbekistan",1989,1996,-0.283076693629837,7,FALSE,10,2006,103.864583106416,10,"10 años después",0.283076693629837,1.03864583106416,17,0.00223294692028353,1.44875445090899,0.0377660964988251,"Otros países","",FALSE
"WDI (PIB per cápita)","wdi_GHA_10","Ghana (1978-1983)","GHA","Ghana",1978,1983,-0.275227346724788,5,FALSE,10,1993,94.2419728076732,10,"10 años después",0.275227346724788,0.942419728076732,15,-0.00394583016880579,1.300297029445,0.026607084705693,"Otros países","",FALSE
"WDI (PIB per cápita)","wdi_BOL_2","Bolivia (1977-1986)","BOL","Bolivia",1977,1986,-0.268862856802168,9,FALSE,10,1996,87.2455449869847,10,"10 años después",0.268862856802168,0.872455449869847,19,-0.00715552312022072,1.19328563455813,0.0178281108210521,"Otros países","",FALSE
"WDI (PIB per cápita)","wdi_GRC_13","Greece (2007-2013)","GRC","Greece",2007,2013,-0.263990065478214,6,FALSE,10,2023,87.808183229388,10,"10 años después",0.263990065478214,0.87808183229388,16,-0.00809304148333734,1.19302986428356,0.0178062924666693,"Otros países","",FALSE
"WDI (PIB per cápita)","wdi_GAB_6","Gabon (1984-1987)","GAB","Gabon",1984,1987,-0.261101141459161,3,FALSE,10,1997,93.0434379460594,10,"10 años después",0.261101141459161,0.930434379460594,13,-0.00553108744992337,1.25921750819591,0.0233167322890839,"Otros países","",FALSE
"WDI (PIB per cápita)","wdi_TGO_12","Togo (1989-1993)","TGO","Togo",1989,1993,-0.254630485447047,4,FALSE,10,2003,96.7651803691645,10,"10 años después",0.254630485447047,0.967651803691644,14,-0.00234602686346086,1.29821757503996,0.0264427899004844,"Otros países","",FALSE
"WDI (PIB per cápita)","wdi_NER_6","Niger (1971-1973)","NER","Niger",1971,1973,-0.254186713971129,2,FALSE,10,1983,74.7160358033339,10,"10 años después",0.254186713971129,0.747160358033339,12,-0.0239970017779116,1.00180617861025,0.000180471226082446,"Otros países","",FALSE
"WDI (PIB per cápita)","wdi_NGA_2","Nigeria (1965-1968)","NGA","Nigeria",1965,1968,-0.253209646996592,3,FALSE,10,1978,127.641824944002,10,"10 años después",0.253209646996592,1.27641824944002,13,0.0189510192408349,1.70920559472492,0.0550655205731405,"Otros países","",FALSE
"WDI (PIB per cápita)","wdi_ARE_16","United Arab Emirates (2006-2010)","ARE","United Arab Emirates",2006,2010,-0.252536311997521,4,FALSE,10,2020,70.4193735304177,10,"10 años después",0.252536311997521,0.704193735304177,14,-0.0247389754437651,0.942110963525283,-0.00594547685055891,"Otros países","",FALSE
"WDI (PIB per cápita)","wdi_CIV_11","Cote d'Ivoire (1985-1994)","CIV","Cote d'Ivoire",1985,1994,-0.252269671151677,9,FALSE,10,2004,67.9057367633182,10,"10 años después",0.252269671151677,0.679057367633182,19,-0.0201649473272397,0.908158117217322,-0.00958742254515366,"Otros países","",FALSE
"WDI (PIB per cápita)","wdi_GAB_10","Gabon (1998-2006)","GAB","Gabon",1998,2006,-0.248632193708472,8,FALSE,10,2016,78.1230365071281,10,"10 años después",0.248632193708472,0.781230365071281,18,-0.0136222114273095,1.03974426177127,0.00390508312177396,"Otros países","",FALSE
"WDI (PIB per cápita)","wdi_VEN_70","Venezuela (1977-1985)","VEN","Venezuela",1977,1985,-0.246708124123997,8,TRUE,10,1995,79.5620943387625,10,"10 años después",0.246708124123997,0.795620943387625,18,-0.0126214730559827,1.05619212003634,0.0054819814288416,"Venezuela","",FALSE
"WDI (PIB per cápita)","wdi_MDG_7","Madagascar (1979-1987)","MDG","Madagascar",1979,1987,-0.24300200583002,8,FALSE,10,1997,64.5193090763293,10,"10 años después",0.24300200583002,0.645193090763293,18,-0.024050814400195,0.852304888166478,-0.0158540764366925,"Otros países","",FALSE
"WDI (PIB per cápita)","wdi_GNB_12","Guinea-Bissau (1997-1998)","GNB","Guinea-Bissau",1997,1998,-0.238778523409397,1,FALSE,10,2008,92.1913392108675,10,"10 años después",0.238778523409397,0.921913392108675,11,-0.00736402396216618,1.21109745384193,0.0193372829318128,"Otros países","",FALSE
"WDI (PIB per cápita)","wdi_MNG_2","Mongolia (1989-1993)","MNG","Mongolia",1989,1993,-0.23794563277286,4,FALSE,10,2003,95.4216165544347,10,"10 años después",0.23794563277286,0.954216165544347,14,-0.00334190654218769,1.25216284635494,0.0227419770608654,"Otros países","",FALSE
"WDI (PIB per cápita)","wdi_EST_1","Estonia (1991-1993)","EST","Estonia",1991,1993,-0.223526680310649,2,FALSE,10,2003,143.843323641825,10,"10 años después",0.223526680310649,1.43843323641825,12,0.0307598076096931,1.85252113619787,0.0635950738213593,"Otros países","",FALSE
"WDI (PIB per cápita)","wdi_MDG_5","Madagascar (1971-1978)","MDG","Madagascar",1971,1978,-0.222731643161847,7,FALSE,10,1988,63.0002754187006,10,"10 años después",0.222731643161847,0.630002754187006,17,-0.0268122926201514,0.810534416645742,-0.0207870551835232,"Otros países","",FALSE
"WDI (PIB per cápita)","wdi_BGR_2","Bulgaria (1988-1993)","BGR","Bulgaria",1988,1993,-0.22069053637546,5,FALSE,10,2003,92.4624751540927,10,"10 años después",0.22069053637546,0.924624751540927,15,-0.00521086262574633,1.18646673073946,0.0172449826985615,"Otros países","",FALSE
"WDI (PIB per cápita)","wdi_BHR_4","Bahrain (1977-1982)","BHR","Bahrain",1977,1982,-0.220006556632658,5,FALSE,10,1992,92.4407151416688,10,"10 años después",0.220006556632658,0.924407151416688,15,-0.00522647184209701,1.18514733588771,0.0171318046494155,"Otros países","",FALSE
"WDI (PIB per cápita)","wdi_ARG_17","Argentina (1998-2002)","ARG","Argentina",1998,2002,-0.219121951925802,4,FALSE,10,2012,121.203563049386,10,"10 años después",0.219121951925802,1.21203563049386,14,0.0138305756934041,1.55214458068451,0.0449444828100649,"Otros países","",FALSE
"WDI (PIB per cápita)","wdi_BGD_8","Bangladesh (1970-1972)","BGD","Bangladesh",1970,1972,-0.216187796626027,2,FALSE,10,1982,88.3264955582323,10,"10 años después",0.216187796626027,0.883264955582323,12,-0.0102908547575394,1.12688339347136,0.0120172096864533,"Otros países","",FALSE
"WDI (PIB per cápita)","wdi_CHL_6","Chile (1971-1975)","CHL","Chile",1971,1975,-0.214471221187694,4,FALSE,10,1985,95.4022204662178,10,"10 años después",0.214471221187694,0.954022204662178,14,-0.00335637847483616,1.21449682098806,0.019623034728,"Otros países","",FALSE
"WDI (PIB per cápita)","wdi_KHM_3","Cambodia (1978-1982)","KHM","Cambodia",1978,1982,-0.211373566596198,4,FALSE,10,1992,103.203146747632,10,"10 años después",0.211373566596198,1.03203146747632,14,0.00225462058134007,1.30864427536617,0.0272642181850471,"Otros países","",FALSE
"WDI (PIB per cápita)","wdi_URY_9","Uruguay (1981-1984)","URY","Uruguay",1981,1984,-0.210010644658055,3,FALSE,10,1994,112.888798639328,10,"10 años después",0.210010644658055,1.12888798639328,13,0.00936923949650459,1.42899138926326,0.0363416705790489,"Otros países","",FALSE
"WDI (PIB per cápita)","wdi_KWT_17","Kuwait (2006-2010)","KWT","Kuwait",2006,2010,-0.208310516228402,4,FALSE,10,2020,62.0875019931648,10,"10 años después",0.208310516228402,0.620875019931648,14,-0.0334716775989894,0.78424057999837,-0.024010981672673,"Otros países","",FALSE
"WDI (PIB per cápita)","wdi_GHA_8","Ghana (1974-1977)","GHA","Ghana",1974,1977,-0.208177363184428,3,FALSE,10,1987,69.3176764388636,10,"10 años después",0.208177363184428,0.693176764388636,13,-0.0277963874648086,0.875419231731421,-0.0132171151198476,"Otros países","",FALSE
"WDI (PIB per cápita)","wdi_CIV_13","Cote d'Ivoire (1998-2003)","CIV","Cote d'Ivoire",1998,2003,-0.202847948176945,5,FALSE,10,2013,90.262467736042,10,"10 años después",0.202847948176945,0.90262467736042,15,-0.00680662604116988,1.1323118033707,0.0125036638939324,"Otros países","",FALSE
"WDI (PIB per cápita)","wdi_IRQ_12","Iraq (1982-1985)","IRQ","Iraq",1982,1985,-0.201953825324455,3,FALSE,10,1995,69.2228227409503,10,"10 años después",0.201953825324455,0.692228227409503,13,-0.027898787142047,0.867403728475908,-0.0141243765817322,"Otros países","",FALSE
"WDI (PIB per cápita)","wdi_MMR_8","Myanmar (1985-1988)","MMR","Myanmar",1985,1988,-0.201177630440163,3,FALSE,10,1998,117.437818472603,10,"10 años después",0.201177630440163,1.17437818472603,13,0.012441280055596,1.47013682825774,0.0392876719779962,"Otros países","",FALSE
"WDI (PIB per cápita)","wdi_TGO_8","Togo (1980-1983)","TGO","Togo",1980,1983,-0.200882767457536,3,FALSE,10,1993,62.4075777390615,10,"10 años después",0.200882767457536,0.624075777390615,13,-0.0356181568907845,0.780956475441108,-0.0244204613915812,"Otros países","",FALSE
"WDI (PIB per cápita)","wdi_CAF_17","Central African Republic (1988-1993)","CAF","Central African Republic",1988,1993,-0.19924273532225,5,FALSE,10,2003,75.876890876122,10,"10 años después",0.19924273532225,0.75876890876122,15,-0.01823555070146,0.947564189837943,-0.00537158096522117,"Otros países","",FALSE
"WDI (PIB per cápita)","wdi_ZWE_11","Zimbabwe (1974-1978)","ZWE","Zimbabwe",1974,1978,-0.193862250254076,4,FALSE,10,1988,88.9385706366279,10,"10 años después",0.193862250254076,0.889385706366279,14,-0.00833820500743609,1.1032676569812,0.00987608716910637,"Otros países","",FALSE
"WDI (PIB per cápita)","wdi_NER_14","Niger (1988-1997)","NER","Niger",1988,1997,-0.191967766500572,9,FALSE,10,2007,83.155389844044,10,"10 años después",0.191967766500572,0.831553898440439,19,-0.00966140277824845,1.0291098101856,0.0028735373760036,"Otros países","",FALSE
"WDI (PIB per cápita)","wdi_GTM_4","Guatemala (1980-1986)","GTM","Guatemala",1980,1986,-0.191018583948737,6,FALSE,10,1996,90.2942438264363,10,"10 años después",0.191018583948737,0.902942438264363,16,-0.00636071400268545,1.11614731852771,0.0110488790596268,"Otros países","",FALSE
"WDI (PIB per cápita)","wdi_PAN_6","Panama (1986-1989)","PAN","Panama",1986,1989,-0.190980572223957,3,FALSE,10,1999,118.958913631205,10,"10 años después",0.190980572223957,1.18958913631205,13,0.013444029376624,1.47040861500962,0.0393068838716846,"Otros países","",FALSE
"WDI (PIB per cápita)","wdi_PHL_2","Philippines (1982-1985)","PHL","Philippines",1982,1985,-0.18990900525366,3,FALSE,10,1995,89.235217122311,10,"10 años después",0.18990900525366,0.89235217122311,13,-0.00872284205443552,1.1015456004452,0.00971834789185189,"Otros países","",FALSE
"WDI (PIB per cápita)","wdi_SDN_8","Sudan (1977-1980)","SDN","Sudan",1977,1980,-0.189862533018711,3,FALSE,10,1990,82.8043606282578,10,"10 años después",0.189862533018711,0.828043606282578,13,-0.0144097453184978,1.02210259373389,0.00218857864978417,"Otros países","",FALSE
"WDI (PIB per cápita)","wdi_VEN_80","Venezuela (2001-2003)","VEN","Venezuela",2001,2003,-0.188975855520166,2,TRUE,10,2013,113.572855409056,10,"10 años después",0.188975855520166,1.13572855409056,12,0.0106626403082211,1.40036343162013,0.0342465387178321,"Venezuela","",FALSE
"WDI (PIB per cápita)","wdi_EST_5","Estonia (2007-2009)","EST","Estonia",2007,2009,-0.186315237628808,2,FALSE,10,2019,117.307922298582,10,"10 años después",0.186315237628808,1.17307922298582,12,0.0133915497530501,1.44168758865202,0.0372587711954568,"Otros países","",FALSE
"WDI (PIB per cápita)","wdi_DMA_1","Dominica (1978-1979)","DMA","Dominica",1978,1979,-0.1862224909723,1,FALSE,10,1989,147.011747912619,10,"10 años después",0.1862224909723,1.47011747912619,11,0.0356519373505551,1.8065349101165,0.0609248838406629,"Otros países","",FALSE
"WDI (PIB per cápita)","wdi_MLI_9","Mali (1981-1984)","MLI","Mali",1981,1984,-0.184971009563738,3,FALSE,10,1994,95.8598970334155,10,"10 años después",0.184971009563738,0.958598970334155,13,-0.0032472137749634,1.17615321857575,0.0163572515475296,"Otros países","",FALSE
"WDI (PIB per cápita)","wdi_CYP_8","Cyprus (2008-2014)","CYP","Cyprus",2008,2014,-0.184910452910263,6,FALSE,10,2024,118.827450452361,10,"10 años después",0.184910452910263,1.18827450452361,16,0.0108397197969703,1.45784534811705,0.0384154605446334,"Otros países","",FALSE
"WDI (PIB per cápita)","wdi_CHL_8","Chile (1981-1983)","CHL","Chile",1981,1983,-0.183000658944998,2,FALSE,10,1993,132.790052023773,10,"10 años después",0.183000658944998,1.32790052023773,12,0.023914740136816,1.62533854497727,0.0497705462893252,"Otros países","",FALSE
"WDI (PIB per cápita)","wdi_ETH_10","Ethiopia (1983-1985)","ETH","Ethiopia",1983,1985,-0.182278593287662,2,FALSE,10,1995,76.4274754953121,10,"10 años después",0.182278593287662,0.764274754953121,12,-0.0221532585364514,0.934639534540131,-0.00673664126469997,"Otros países","",FALSE
"WDI (PIB per cápita)","wdi_GNB_4","Guinea-Bissau (1978-1980)","GNB","Guinea-Bissau",1978,1980,-0.181641923077685,2,FALSE,10,1990,113.266698882712,10,"10 años después",0.181641923077685,1.13266698882712,12,0.0104353237264234,1.38407259703095,0.0330370243077032,"Otros países","",FALSE
"WDI (PIB per cápita)","wdi_LVA_3","Latvia (2007-2010)","LVA","Latvia",2007,2010,-0.180262837325821,3,FALSE,10,2020,116.320702094171,10,"10 años después",0.180262837325821,1.16320702094171,13,0.0116971803709658,1.41899998427185,0.0356147779249709,"Otros países","",FALSE
"WDI (PIB per cápita)","wdi_OMN_18","Oman (2009-2014)","OMN","Oman",2009,2014,-0.179366298752236,5,FALSE,10,2024,76.0206004491791,10,"10 años después",0.179366298752236,0.760206004491791,15,-0.0181116970946567,0.926364592796892,-0.0076195621408357,"Otros países","",FALSE
"WDI (PIB per cápita)","wdi_TCD_12","Chad (1992-1993)","TCD","Chad",1992,1993,-0.176741907151847,1,FALSE,10,2003,101.343767777891,10,"10 años después",0.176741907151847,1.01343767777891,11,0.00121420864071098,1.2310084608738,0.0210008503427213,"Otros países","",FALSE
"WDI (PIB per cápita)","wdi_SLE_16","Sierra Leone (1991-1992)","SLE","Sierra Leone",1991,1992,-0.174597698249032,1,FALSE,10,2002,76.3906945002225,10,"10 años después",0.174597698249032,0.763906945002225,11,-0.0241853938825123,0.925496504409681,-0.00771259650680856,"Otros países","",FALSE
"WDI (PIB per cápita)","wdi_HRV_1","Croatia (1991-1993)","HRV","Croatia",1991,1993,-0.172356882769868,2,FALSE,10,2003,135.406270532124,10,"10 años después",0.172356882769868,1.35406270532124,12,0.0255808384133986,1.63604659681443,0.0504601139977205,"Otros países","",FALSE
"WDI (PIB per cápita)","wdi_HUN_4","Hungary (1989-1993)","HUN","Hungary",1989,1993,-0.170704825746459,4,FALSE,10,2003,115.630665720523,10,"10 años después",0.170704825746459,1.15630665720523,14,0.0104276363127687,1.39432459406994,0.0337996690056226,"Otros países","",FALSE
"WDI (PIB per cápita)","wdi_ZMB_15","Zambia (1981-1987)","ZMB","Zambia",1981,1987,-0.169747257404589,6,FALSE,10,1997,73.6007675287149,10,"10 años después",0.169747257404589,0.736007675287149,16,-0.0189748383308219,0.886486292097455,-0.0119766635785495,"Otros países","",FALSE
"WDI (PIB per cápita)","wdi_SAU_10","Saudi Arabia (1991-1999)","SAU","Saudi Arabia",1991,1999,-0.16932694232846,8,FALSE,10,2009,76.9464526530029,10,"10 años después",0.16932694232846,0.769464526530029,18,-0.0144534440519188,0.926314534248788,-0.00762492486004029,"Otros países","",FALSE
"WDI (PIB per cápita)","wdi_OMN_6","Oman (1972-1973)","OMN","Oman",1972,1973,-0.166997263585133,1,FALSE,10,1983,139.424658692501,10,"10 años después",0.166997263585133,1.39424658692501,11,0.030675092465942,1.67375991215307,0.0528568237013638,"Otros países","",FALSE
"WDI (PIB per cápita)","wdi_MDG_9","Madagascar (1990-1996)","MDG","Madagascar",1990,1996,-0.165092292003228,6,FALSE,10,2006,85.7027389379196,10,"10 años después",0.165092292003228,0.857027389379196,16,-0.00959649450170785,1.0264935647025,0.00261829058057983,"Otros países","",FALSE
"WDI (PIB per cápita)","wdi_SYR_18","Syrian Arab Republic (1988-1989)","SYR","Syrian Arab Republic",1988,1989,-0.164606695006472,1,FALSE,10,1999,114.469332240647,10,"10 años después",0.164606695006472,1.14469332240647,11,0.0123609325930907,1.37024478836988,0.0320002818317693,"Otros países","",FALSE
"WDI (PIB per cápita)","wdi_LSO_8","Lesotho (1974-1975)","LSO","Lesotho",1974,1975,-0.164511267325274,1,FALSE,10,1985,116.134434580479,10,"10 años después",0.164511267325274,1.16134434580479,11,0.013690896592728,1.39001796240492,0.0334799160093764,"Otros países","",FALSE
"WDI (PIB per cápita)","wdi_TZA_6","Tanzania (1975-1983)","TZA","Tanzania",1975,1983,-0.163890932745869,8,FALSE,10,1993,90.2704815424226,10,"10 años después",0.163890932745869,0.902704815424226,18,-0.00567051007715791,1.07964959450661,0.00769309485190339,"Otros países","",FALSE
"WDI (PIB per cápita)","wdi_BWA_8","Botswana (2008-2009)","BWA","Botswana",2008,2009,-0.158997149078875,1,FALSE,10,2019,112.878145982967,10,"10 años después",0.158997149078875,1.12878145982967,11,0.0110734707828457,1.34218505751003,0.0298672316110844,"Otros países","",FALSE
"WDI (PIB per cápita)","wdi_CRI_4","Costa Rica (1979-1982)","CRI","Costa Rica",1979,1982,-0.158723576173982,3,FALSE,10,1992,101.148248941322,10,"10 años después",0.158723576173982,1.01148248941322,13,0.000878621605969521,1.20231883453137,0.0185959968701184,"Otros países","",FALSE
"WDI (PIB per cápita)","wdi_GNQ_7","Equatorial Guinea (2008-2010)","GNQ","Equatorial Guinea",2008,2010,-0.158164836909316,2,FALSE,10,2020,42.7286356126643,10,"10 años después",0.158164836909316,0.427286356126643,12,-0.0684062087524984,0.507565346353458,-0.0655647860973989,"Otros países","",FALSE
"WDI (PIB per cápita)","wdi_TCD_4","Chad (1969-1973)","TCD","Chad",1969,1973,-0.154764450694266,4,FALSE,10,1983,73.7298250575051,10,"10 años después",0.154764450694266,0.737298250575051,14,-0.0215335407759573,0.872299149249767,-0.0135693798457716,"Otros países","",FALSE
"WDI (PIB per cápita)","wdi_GNQ_5","Equatorial Guinea (1987-1991)","GNQ","Equatorial Guinea",1987,1991,-0.153679366067332,4,FALSE,10,2001,1425.14289119571,10,"10 años después",0.153679366067332,14.2514289119571,14,0.208978166810325,16.8392785671948,0.326271227863206,"Otros países","",FALSE
"WDI (PIB per cápita)","wdi_SDN_10","Sudan (1982-1985)","SDN","Sudan",1982,1985,-0.153673361132595,3,FALSE,10,1995,111.016511870359,10,"10 años después",0.153673361132595,1.11016511870359,13,0.00807153598796617,1.31174545112897,0.0275073961676717,"Otros países","",FALSE
"WDI (PIB per cápita)","wdi_URY_15","Uruguay (1998-2002)","URY","Uruguay",1998,2002,-0.153490347766664,4,FALSE,10,2012,137.672746273715,10,"10 años después",0.153490347766664,1.37672746273715,14,0.0230991233853246,1.62635766657232,0.0498363505545403,"Otros países","",FALSE
"WDI (PIB per cápita)","wdi_NER_4","Niger (1965-1969)","NER","Niger",1965,1969,-0.153237155397015,4,FALSE,10,1979,76.8937677634009,10,"10 años después",0.153237155397015,0.768937677634009,14,-0.0185925120002488,0.908090951953064,-0.00959474765024537,"Otros países","",FALSE
"WDI (PIB per cápita)","wdi_STP_6","Sao Tome and Principe (1979-1981)","STP","Sao Tome and Principe",1979,1981,-0.151307628383258,2,FALSE,10,1991,65.839661687811,10,"10 años después",0.151307628383258,0.65839661687811,12,-0.0342294324287826,0.775777700963516,-0.0250693383474043,"Otros países","",FALSE
"WDI (PIB per cápita)","wdi_IDN_9","Indonesia (1997-1999)","IDN","Indonesia",1997,1999,-0.150985066116873,2,FALSE,10,2009,122.306116478884,10,"10 años después",0.150985066116873,1.22306116478884,12,0.0169213095125338,1.44056496061259,0.0371779725516408,"Otros países","",FALSE
"WDI (PIB per cápita)","wdi_ZMB_13","Zambia (1976-1980)","ZMB","Zambia",1976,1980,-0.150019411997716,4,FALSE,10,1990,70.2567010953528,10,"10 años después",0.150019411997716,0.702567010953528,14,-0.0249000700045799,0.826568301524129,-0.0188670195273348,"Otros países","",FALSE
"WDI (PIB per cápita)","wdi_LBR_9","Liberia (1979-1995)","LBR","Liberia",1979,1995,-0.927950876615831,16,FALSE,15,2010,20.7312714276664,15,"15 años después",0.927950876615831,0.207312714276664,31,-0.0494922211994145,2.87738010594888,0.0730002317658878,"Otros países","",FALSE
"WDI (PIB per cápita)","wdi_GEO_4","Georgia (1988-1994)","GEO","Georgia",1988,1994,-0.784252454171453,6,FALSE,15,2009,64.4563102541811,15,"15 años después",0.784252454171453,0.644563102541811,21,-0.0206962851226625,2.98758022978412,0.0756920818170448,"Otros países","",FALSE
"WDI (PIB per cápita)","wdi_TJK_3","Tajikistan (1988-1996)","TJK","Tajikistan",1988,1996,-0.75190036866998,8,FALSE,15,2011,54.2808932641063,15,"15 años después",0.75190036866998,0.542808932641063,23,-0.0262153767813071,2.18786674422351,0.0535813098633702,"Otros países","",FALSE
"WDI (PIB per cápita)","wdi_COD_14","Congo, Dem. Rep. (1986-2002)","COD","Congo, Dem. Rep.",1986,2002,-0.676390455932523,16,FALSE,15,2017,48.595064284776,15,"15 años después",0.676390455932523,0.48595064284776,31,-0.0230101097875439,1.50165732672715,0.0274752972675469,"Otros países","",FALSE
"WDI (PIB per cápita)","wdi_IRQ_16","Iraq (1990-1991)","IRQ","Iraq",1990,1991,-0.644235820475039,1,FALSE,15,2006,98.4519898634573,15,"15 años después",0.644235820475039,0.984519898634573,16,-0.000974597844966896,2.76733846546655,0.0702144700634086,"Otros países","Iraq (1990-1991)",TRUE
"WDI (PIB per cápita)","wdi_UKR_2","Ukraine (1989-1998)","UKR","Ukraine",1989,1998,-0.605083330497868,9,FALSE,15,2013,73.239281710696,15,"15 años después",0.605083330497868,0.73239281710696,24,-0.0128927617405472,1.85455027266963,0.0420356422952144,"Otros países","",FALSE
"WDI (PIB per cápita)","wdi_AZE_1","Azerbaijan (1991-1995)","AZE","Azerbaijan",1991,1995,-0.601133004151926,4,FALSE,15,2010,188.70148820475,15,"15 años después",0.601133004151926,1.8870148820475,19,0.0339856006888843,4.73093763507637,0.109165829252839,"Otros países","",FALSE
"WDI (PIB per cápita)","wdi_SAU_6","Saudi Arabia (1979-1987)","SAU","Saudi Arabia",1979,1987,-0.557089581311511,8,FALSE,15,2002,34.3929356250047,15,"15 años después",0.557089581311511,0.343929356250047,23,-0.0453449176172694,0.776521259690534,-0.0167207146325422,"Otros países","",FALSE
"WDI (PIB per cápita)","wdi_MDA_1","Moldova (1991-1996)","MDA","Moldova",1991,1996,-0.545561891782624,5,FALSE,15,2011,76.5796942743657,15,"15 años después",0.545561891782624,0.765796942743657,20,-0.0132533028145652,1.68515124259197,0.0354026185786551,"Otros países","",FALSE
"WDI (PIB per cápita)","wdi_IRN_4","Iran, Islamic Rep. (1976-1981)","IRN","Iran, Islamic Rep.",1976,1981,-0.542672491853306,5,FALSE,15,1996,49.5010647183439,15,"15 años después",0.542672491853306,0.495010647183439,20,-0.034547910054887,1.08239858387145,0.00529258916429964,"Otros países","",FALSE
"WDI (PIB per cápita)","wdi_ZWE_23","Zimbabwe (2001-2008)","ZWE","Zimbabwe",2001,2008,-0.524866709567101,7,FALSE,15,2023,83.9259620771033,15,"15 años después",0.524866709567101,0.839259620771033,22,-0.00793359700924223,1.7663666968197,0.0386567739756556,"Otros países","",FALSE
"WDI (PIB per cápita)","wdi_ARE_6","United Arab Emirates (1980-1988)","ARE","United Arab Emirates",1980,1988,-0.517824013492657,8,FALSE,15,2003,45.7997109826406,15,"15 años después",0.517824013492657,0.457997109826406,23,-0.0333819477432218,0.949854664360046,-0.0034238778481579,"Otros países","",FALSE
"WDI (PIB per cápita)","wdi_KGZ_2","Kyrgyz Republic (1990-1995)","KGZ","Kyrgyz Republic",1990,1995,-0.511996838926655,5,FALSE,15,2010,79.9989300618564,15,"15 años después",0.511996838926655,0.799989300618564,20,-0.0110958283910452,1.63931171851227,0.0335006867826766,"Otros países","",FALSE
"WDI (PIB per cápita)","wdi_KWT_3","Kuwait (1979-1982)","KWT","Kuwait",1979,1982,-0.506269473606368,3,FALSE,15,1997,82.9573171011107,15,"15 años después",0.506269473606368,0.829573171011107,18,-0.0103265315674561,1.68021446247324,0.0352001221559806,"Otros países","",FALSE
"WDI (PIB per cápita)","wdi_TZA_2","Tanzania (1968-1970)","TZA","Tanzania",1968,1970,-0.483369539888332,2,FALSE,15,1985,45.0003958857279,15,"15 años después",0.483369539888332,0.450003958857279,17,-0.0458844787984435,0.871036444037798,-0.00916252993682443,"Otros países","",FALSE
"WDI (PIB per cápita)","wdi_RWA_18","Rwanda (1992-1994)","RWA","Rwanda",1992,1994,-0.482857683153878,2,FALSE,15,2009,152.791594698364,15,"15 años después",0.482857683153878,1.52791594698364,17,0.0252490610392215,2.95453668595887,0.0748947931074651,"Otros países","",FALSE
"WDI (PIB per cápita)","wdi_KWT_1","Kuwait (1971-1977)","KWT","Kuwait",1971,1977,-0.477721465660515,6,FALSE,15,1992,32.59320950566,15,"15 años después",0.477721465660515,0.3259320950566,21,-0.0519841955984384,0.624057995163059,-0.0309452155579834,"Otros países","",FALSE
"WDI (PIB per cápita)","wdi_IRQ_20","Iraq (2000-2003)","IRQ","Iraq",2000,2003,-0.46077440798226,3,FALSE,15,2018,113.809233476198,15,"15 años después",0.46077440798226,1.13809233476198,18,0.00721218734486007,2.11060519309428,0.0510590923362997,"Otros países","",FALSE
"WDI (PIB per cápita)","wdi_ARM_1","Armenia (1991-1993)","ARM","Armenia",1991,1993,-0.444524562697591,2,FALSE,15,2008,220.161934395073,15,"15 años después",0.444524562697591,2.20161934395073,17,0.0475175499122567,3.96348640480413,0.0961546357059802,"Otros países","",FALSE
"WDI (PIB per cápita)","wdi_HTI_12","Haiti (1980-1994)","HTI","Haiti",1980,1994,-0.437379153279232,14,FALSE,15,2009,65.8235502188469,15,"15 años después",0.437379153279232,0.658235502188469,29,-0.0143169547988778,1.16994509895072,0.0105187251300185,"Otros países","",FALSE
"WDI (PIB per cápita)","wdi_TKM_3","Turkmenistan (1990-1995)","TKM","Turkmenistan",1990,1995,-0.433041568689599,5,FALSE,15,2010,111.568166405918,15,"15 años después",0.433041568689599,1.11568166405918,20,0.0054882845552946,1.96783679798274,0.0461627969540253,"Otros países","",FALSE
"WDI (PIB per cápita)","wdi_CMR_12","Cameroon (1986-1994)","CMR","Cameroon",1986,1994,-0.424365813553514,8,FALSE,15,2009,70.044742661808,15,"15 años después",0.424365813553514,0.70044742661808,23,-0.015360628017331,1.21682735860789,0.0131690883199436,"Otros países","",FALSE
"WDI (PIB per cápita)","wdi_AGO_5","Angola (1988-1994)","AGO","Angola",1988,1994,-0.419969309366908,6,FALSE,15,2009,117.88571294802,15,"15 años después",0.419969309366908,1.1788571294802,21,0.00786627473537838,2.03240474774448,0.0484169010261468,"Otros países","",FALSE
"WDI (PIB per cápita)","wdi_KHM_9","Cambodia (1992-1994)","KHM","Cambodia",1992,1994,-0.404080881412024,2,FALSE,15,2009,129.540498648492,15,"15 años después",0.404080881412024,1.29540498648492,17,0.0153413938252185,2.1737932985845,0.0531281374010892,"Otros países","",FALSE
"WDI (PIB per cápita)","wdi_RUS_1","Russian Federation (1990-1996)","RUS","Russian Federation",1990,1996,-0.402910807826704,6,FALSE,15,2011,116.195912921351,15,"15 años después",0.402910807826704,1.16195912921351,21,0.00717358323189554,1.94603946017544,0.0453862322904697,"Otros países","",FALSE
"WDI (PIB per cápita)","wdi_ALB_6","Albania (1989-1992)","ALB","Albania",1989,1992,-0.399308253489314,3,FALSE,15,2007,163.909192365288,15,"15 años después",0.399308253489314,1.63909192365288,18,0.0278326424772013,2.72867395494291,0.069211061370438,"Otros países","",FALSE
"WDI (PIB per cápita)","wdi_LTU_1","Lithuania (1991-1994)","LTU","Lithuania",1991,1994,-0.397134463626588,3,FALSE,15,2009,135.247826533139,15,"15 años después",0.397134463626588,1.35247826533139,18,0.0169158498062798,2.2434161247089,0.0553438633585857,"Otros países","",FALSE
"WDI (PIB per cápita)","wdi_GAB_2","Gabon (1976-1980)","GAB","Gabon",1976,1980,-0.380558602189237,4,FALSE,15,1995,57.4406861076148,15,"15 años después",0.380558602189237,0.574406861076148,19,-0.028758237588392,0.927298148148031,-0.0050193698652593,"Otros países","",FALSE
"WDI (PIB per cápita)","wdi_NIC_14","Nicaragua (1983-1993)","NIC","Nicaragua",1983,1993,-0.368799802417541,10,FALSE,15,2008,93.2033144565924,15,"15 años después",0.368799802417541,0.932033144565924,25,-0.00281151634786003,1.4766046464112,0.0263235209644102,"Otros países","",FALSE
"WDI (PIB per cápita)","wdi_CUB_8","Cuba (1988-1993)","CUB","Cuba",1988,1993,-0.367963306680326,5,FALSE,15,2008,125.015625694771,15,"15 años después",0.367963306680326,1.25015625694771,20,0.0112259710261182,1.9779805036025,0.0465214487934531,"Otros países","",FALSE
"WDI (PIB per cápita)","wdi_NGA_8","Nigeria (1980-1984)","NGA","Nigeria",1980,1984,-0.36258303598831,4,FALSE,15,1999,63.8586906542018,15,"15 años después",0.36258303598831,0.638586906542018,19,-0.0233287098413675,1.00183544304024,0.00012225818445244,"Otros países","",FALSE
"WDI (PIB per cápita)","wdi_NIC_10","Nicaragua (1977-1979)","NIC","Nicaragua",1977,1979,-0.359245987843394,2,FALSE,15,1994,41.9460197237833,15,"15 años después",0.359245987843394,0.419460197237833,17,-0.0498211950988329,0.654635303532541,-0.027849967938918,"Otros países","",FALSE
"WDI (PIB per cápita)","wdi_SLV_2","El Salvador (1978-1986)","SLV","El Salvador",1978,1986,-0.34969059547654,8,FALSE,15,2001,84.3081764508468,15,"15 años después",0.34969059547654,0.843081764508468,23,-0.00739389200942198,1.2964317579357,0.0174583589174326,"Otros países","",FALSE
"WDI (PIB per cápita)","wdi_QAT_7","Qatar (1978-1985)","QAT","Qatar",1978,1985,-0.34959648855942,7,FALSE,15,2000,86.2951633480148,15,"15 años después",0.34959648855942,0.862951633480148,22,-0.00667745306967782,1.32679424126846,0.0190298485881739,"Otros países","",FALSE
"WDI (PIB per cápita)","wdi_MOZ_1","Mozambique (1981-1986)","MOZ","Mozambique",1981,1986,-0.344070302736099,5,FALSE,15,2001,122.53620277744,15,"15 años después",0.344070302736099,1.2253620277744,20,0.010213623253879,1.86813012566101,0.0425425958520169,"Otros países","",FALSE
"WDI (PIB per cápita)","wdi_TTO_6","Trinidad and Tobago (1982-1989)","TTO","Trinidad and Tobago",1982,1989,-0.340843450765157,7,FALSE,15,2004,149.560787098822,15,"15 años después",0.340843450765157,1.49560787098822,22,0.0184653567656625,2.26897217773887,0.0561411026110354,"Otros países","",FALSE
"WDI (PIB per cápita)","wdi_BLR_1","Belarus (1991-1995)","BLR","Belarus",1991,1995,-0.339126390725369,4,FALSE,15,2010,196.860395670613,15,"15 años después",0.339126390725369,1.96860395670613,19,0.0362916972613072,2.97879039059655,0.0754808034308143,"Otros países","",FALSE
"WDI (PIB per cápita)","wdi_LBY_10","Libya (1979-1984)","LBY","Libya",1979,1984,-0.336150917643974,5,FALSE,15,1999,53.0096774631468,15,"15 años después",0.336150917643974,0.530096774631468,20,-0.0312365211628193,0.798520008117108,-0.014887748741128,"Otros países","",FALSE
"WDI (PIB per cápita)","wdi_LVA_1","Latvia (1991-1993)","LVA","Latvia",1991,1993,-0.333046243040737,2,FALSE,15,2008,186.828844063313,15,"15 años después",0.333046243040737,1.86828844063313,17,0.037450274199583,2.80122635360947,0.0710832151304717,"Otros países","",FALSE
"WDI (PIB per cápita)","wdi_IRN_6","Iran, Islamic Rep. (1983-1988)","IRN","Iran, Islamic Rep.",1983,1988,-0.331277566008101,5,FALSE,15,2003,106.484137168293,15,"15 años después",0.331277566008101,1.06484137168293,20,0.00314623109276324,1.59235180032234,0.0315000852826433,"Otros países","",FALSE
"WDI (PIB per cápita)","wdi_PSE_3","West Bank and Gaza (1999-2002)","PSE","West Bank and Gaza",1999,2002,-0.32782077123067,3,FALSE,15,2017,126.715728747899,15,"15 años después",0.32782077123067,1.26715728747899,18,0.013241121594384,1.88514793859218,0.0431730591500081,"Otros países","",FALSE
"WDI (PIB per cápita)","wdi_NER_10","Niger (1979-1984)","NER","Niger",1979,1984,-0.314308891321158,5,FALSE,15,1999,61.6957827655187,15,"15 años después",0.314308891321158,0.616957827655187,20,-0.0238585066702399,0.899760577097044,-0.007017036585522,"Otros países","",FALSE
"WDI (PIB per cápita)","wdi_JAM_2","Jamaica (1972-1980)","JAM","Jamaica",1972,1980,-0.311308834985616,8,FALSE,15,1995,93.3659829318864,15,"15 años después",0.311308834985616,0.933659829318864,23,-0.00298003414096681,1.35570176698777,0.0204951479056741,"Otros países","",FALSE
"WDI (PIB per cápita)","wdi_LBR_13","Liberia (2002-2003)","LBR","Liberia",2002,2003,-0.306993530292511,1,FALSE,15,2018,87.3031502848241,15,"15 años después",0.306993530292511,0.873031502848241,16,-0.00845056888008444,1.25977395740149,0.0155146081001389,"Otros países","",FALSE
"WDI (PIB per cápita)","wdi_CIV_9","Cote d'Ivoire (1978-1984)","CIV","Cote d'Ivoire",1978,1984,-0.303441267670946,6,FALSE,15,1999,57.9482983066088,15,"15 años después",0.303441267670946,0.579482983066088,21,-0.0256472321496946,0.831922645099137,-0.0121927794183389,"Otros países","",FALSE
"WDI (PIB per cápita)","wdi_COD_10","Congo, Dem. Rep. (1974-1983)","COD","Congo, Dem. Rep.",1974,1983,-0.302566486646005,9,FALSE,15,1998,28.7471837451208,15,"15 años después",0.302566486646005,0.287471837451208,24,-0.0506169557953995,0.412185293575499,-0.0573738155694576,"Otros países","",FALSE
"WDI (PIB per cápita)","wdi_JOR_4","Jordan (1986-1991)","JOR","Jordan",1986,1991,-0.302015113676662,5,FALSE,15,2006,97.6176293577056,15,"15 años después",0.302015113676662,0.976176293577056,20,-0.00120487756222143,1.39856365475061,0.0226149773897624,"Otros países","",FALSE
"WDI (PIB per cápita)","wdi_TCD_6","Chad (1977-1980)","TCD","Chad",1977,1980,-0.295286891547152,3,FALSE,15,1995,82.2382257891447,15,"15 años después",0.295286891547152,0.822382257891447,18,-0.0108050876657326,1.16697454329597,0.0103474712389988,"Otros países","",FALSE
"WDI (PIB per cápita)","wdi_PER_10","Peru (1987-1990)","PER","Peru",1987,1990,-0.294570318191694,3,FALSE,15,2005,99.9443482739862,15,"15 años después",0.294570318191694,0.999443482739862,18,-3.09257536416085e-05,1.41678683008897,0.023497927081775,"Otros países","",FALSE
"WDI (PIB per cápita)","wdi_KAZ_1","Kazakhstan (1991-1995)","KAZ","Kazakhstan",1991,1995,-0.287493817037481,4,FALSE,15,2010,177.279732979037,15,"15 años después",0.287493817037481,1.77279732979037,19,0.0305933135990906,2.48811501174528,0.0626527328244717,"Otros países","",FALSE
"WDI (PIB per cápita)","wdi_BDI_16","Burundi (1991-1997)","BDI","Burundi",1991,1997,-0.28650508640599,6,FALSE,15,2012,66.7361749089967,15,"15 años después",0.28650508640599,0.667361749089967,21,-0.0190739842242031,0.935341985450658,-0.00444628963767668,"Otros países","",FALSE
"WDI (PIB per cápita)","wdi_LBY_12","Libya (1985-1987)","LBY","Libya",1985,1987,-0.28614950550311,2,FALSE,15,2002,72.7745161977816,15,"15 años después",0.28614950550311,0.727745161977816,17,-0.0185207172129566,1.01946439427869,0.0012859852196152,"Otros países","",FALSE
"WDI (PIB per cápita)","wdi_KWT_9","Kuwait (1989-1991)","KWT","Kuwait",1989,1991,-0.285907070936286,2,FALSE,15,2006,198.315614058615,15,"15 años después",0.285907070936286,1.98315614058615,17,0.0410979297772602,2.77716815259097,0.0704674803214589,"Otros países","",FALSE
"WDI (PIB per cápita)","wdi_ETH_12","Ethiopia (1987-1992)","ETH","Ethiopia",1987,1992,-0.285609333755594,5,FALSE,15,2007,116.380899058779,15,"15 años después",0.285609333755594,1.16380899058779,20,0.00761375023085753,1.62909321968889,0.0330699503118856,"Otros países","",FALSE
"WDI (PIB per cápita)","wdi_COG_8","Congo, Rep. (1984-1994)","COG","Congo, Rep.",1984,1994,-0.284822019292559,10,FALSE,15,2009,76.4077235123162,15,"15 años después",0.284822019292559,0.764077235123162,25,-0.0107057373498871,1.06837354579534,0.00441889741783386,"Otros países","",FALSE
"WDI (PIB per cápita)","wdi_UZB_2","Uzbekistan (1989-1996)","UZB","Uzbekistan",1989,1996,-0.283076693629837,7,FALSE,15,2011,143.552292462633,15,"15 años después",0.283076693629837,1.43552292462633,22,0.0165689118105083,2.00233820252615,0.0473757045126044,"Otros países","",FALSE
"WDI (PIB per cápita)","wdi_GHA_10","Ghana (1978-1983)","GHA","Ghana",1978,1983,-0.275227346724788,5,FALSE,15,1998,102.673910000879,15,"15 años después",0.275227346724788,1.02673910000879,20,0.00132026367098925,1.41663609322041,0.0234906671548405,"Otros países","",FALSE
"WDI (PIB per cápita)","wdi_BOL_2","Bolivia (1977-1986)","BOL","Bolivia",1977,1986,-0.268862856802168,9,FALSE,15,2001,92.2650174602045,15,"15 años después",0.268862856802168,0.922650174602045,24,-0.00334876057771549,1.26193858865736,0.0156308434474652,"Otros países","",FALSE
"WDI (PIB per cápita)","wdi_GAB_6","Gabon (1984-1987)","GAB","Gabon",1984,1987,-0.261101141459161,3,FALSE,15,2002,76.9800953776533,15,"15 años después",0.261101141459161,0.769800953776533,18,-0.0144295099273734,1.04182182023764,0.00273512904943685,"Otros países","",FALSE
"WDI (PIB per cápita)","wdi_TGO_12","Togo (1989-1993)","TGO","Togo",1989,1993,-0.254630485447047,4,FALSE,15,2008,84.0438993849811,15,"15 años después",0.254630485447047,0.840438993849811,19,-0.00910727065015149,1.12754677705578,0.00803506114848385,"Otros países","",FALSE
"WDI (PIB per cápita)","wdi_NER_6","Niger (1971-1973)","NER","Niger",1971,1973,-0.254186713971129,2,FALSE,15,1988,65.5542295850214,15,"15 años después",0.254186713971129,0.655542295850215,17,-0.0245347404754795,0.878963016790288,-0.0085639490949897,"Otros países","",FALSE
"WDI (PIB per cápita)","wdi_NGA_2","Nigeria (1965-1968)","NGA","Nigeria",1965,1968,-0.253209646996592,3,FALSE,15,1983,88.2601674735542,15,"15 años después",0.253209646996592,0.882601674735542,18,-0.00691383783266486,1.18186003767447,0.0112015730490864,"Otros países","",FALSE
"WDI (PIB per cápita)","wdi_CIV_11","Cote d'Ivoire (1985-1994)","CIV","Cote d'Ivoire",1985,1994,-0.252269671151677,9,FALSE,15,2009,68.9371810333539,15,"15 años después",0.252269671151677,0.689371810333539,24,-0.0153794477410218,0.921952452290293,-0.00540279392142651,"Otros países","",FALSE
"WDI (PIB per cápita)","wdi_GAB_10","Gabon (1998-2006)","GAB","Gabon",1998,2006,-0.248632193708472,8,FALSE,15,2021,72.3987186440242,15,"15 años después",0.248632193708472,0.723987186440242,23,-0.013944539125967,0.963558965899236,-0.00247171316164019,"Otros países","",FALSE
"WDI (PIB per cápita)","wdi_VEN_70","Venezuela (1977-1985)","VEN","Venezuela",1977,1985,-0.246708124123997,8,TRUE,15,2000,78.8769448006663,15,"15 años después",0.246708124123997,0.788769448006663,23,-0.0102635409689363,1.04709671412479,0.00307279807732486,"Venezuela","",FALSE
"WDI (PIB per cápita)","wdi_MDG_7","Madagascar (1979-1987)","MDG","Madagascar",1979,1987,-0.24300200583002,8,FALSE,15,2002,58.1429112164926,15,"15 años después",0.24300200583002,0.581429112164926,23,-0.0233010310306281,0.768072196548474,-0.0174376103007692,"Otros países","",FALSE
"WDI (PIB per cápita)","wdi_GNB_12","Guinea-Bissau (1997-1998)","GNB","Guinea-Bissau",1997,1998,-0.238778523409397,1,FALSE,15,2013,95.9968498954822,15,"15 años después",0.238778523409397,0.959968498954822,16,-0.00255016832240906,1.26108961514641,0.0155852778649586,"Otros países","",FALSE
"WDI (PIB per cápita)","wdi_MNG_2","Mongolia (1989-1993)","MNG","Mongolia",1989,1993,-0.23794563277286,4,FALSE,15,2008,138.469994149469,15,"15 años después",0.23794563277286,1.38469994149469,19,0.0172782808711522,1.81706188041826,0.0406179537716567,"Otros países","",FALSE
"WDI (PIB per cápita)","wdi_EST_1","Estonia (1991-1993)","EST","Estonia",1991,1993,-0.223526680310649,2,FALSE,15,2008,193.222180968458,15,"15 años después",0.223526680310649,1.93222180968458,17,0.039505714584708,2.48845872831486,0.0626625187549379,"Otros países","",FALSE
"WDI (PIB per cápita)","wdi_MDG_5","Madagascar (1971-1978)","MDG","Madagascar",1971,1978,-0.222731643161847,7,FALSE,15,1993,56.3840360759141,15,"15 años después",0.222731643161847,0.563840360759141,22,-0.0257084938984483,0.725412730106222,-0.0211735910975854,"Otros países","",FALSE
"WDI (PIB per cápita)","wdi_BGR_2","Bulgaria (1988-1993)","BGR","Bulgaria",1988,1993,-0.22069053637546,5,FALSE,15,2008,132.268158069443,15,"15 años después",0.22069053637546,1.32268158069443,20,0.0140812790603773,1.69724819527108,0.0358964793026619,"Otros países","",FALSE
"WDI (PIB per cápita)","wdi_BHR_4","Bahrain (1977-1982)","BHR","Bahrain",1977,1982,-0.220006556632658,5,FALSE,15,1997,101.77760267584,15,"15 años después",0.220006556632658,1.0177760267584,20,0.000881382234965811,1.30485202845362,0.0178975858185721,"Otros países","",FALSE
"WDI (PIB per cápita)","wdi_ARG_17","Argentina (1998-2002)","ARG","Argentina",1998,2002,-0.219121951925802,4,FALSE,15,2017,119.138809227091,15,"15 años después",0.219121951925802,1.19138809227091,19,0.00925939972863277,1.52570314303124,0.0285640384283508,"Otros países","",FALSE
"WDI (PIB per cápita)","wdi_BGD_8","Bangladesh (1970-1972)","BGD","Bangladesh",1970,1972,-0.216187796626027,2,FALSE,15,1987,94.9976467398513,15,"15 años después",0.216187796626027,0.949976467398513,17,-0.00301415803307348,1.21199499485881,0.0129003512957226,"Otros países","",FALSE
"WDI (PIB per cápita)","wdi_CHL_6","Chile (1971-1975)","CHL","Chile",1971,1975,-0.214471221187694,4,FALSE,15,1990,121.522750949748,15,"15 años después",0.214471221187694,1.21522750949748,19,0.0103123521787336,1.54701844448635,0.0295158394583503,"Otros países","",FALSE
"WDI (PIB per cápita)","wdi_KHM_3","Cambodia (1978-1982)","KHM","Cambodia",1978,1982,-0.211373566596198,4,FALSE,15,1997,59.4430029181144,15,"15 años después",0.211373566596198,0.594430029181144,19,-0.0270050968459689,0.753753620222335,-0.0186695067054491,"Otros países","",FALSE
"WDI (PIB per cápita)","wdi_URY_9","Uruguay (1981-1984)","URY","Uruguay",1981,1984,-0.210010644658055,3,FALSE,15,1999,127.961208822918,15,"15 años después",0.210010644658055,1.27961208822918,18,0.0137918518360154,1.61978396237415,0.0326753399942703,"Otros países","",FALSE
"WDI (PIB per cápita)","wdi_GHA_8","Ghana (1974-1977)","GHA","Ghana",1974,1977,-0.208177363184428,3,FALSE,15,1992,76.7659752776852,15,"15 años después",0.208177363184428,0.767659752776852,18,-0.0145820083225662,0.969484474280889,-0.00206392175023884,"Otros países","",FALSE
"WDI (PIB per cápita)","wdi_CIV_13","Cote d'Ivoire (1998-2003)","CIV","Cote d'Ivoire",1998,2003,-0.202847948176945,5,FALSE,15,2018,111.330324715887,15,"15 años después",0.202847948176945,1.11330324715887,20,0.00538100057865987,1.39660086756697,0.0225192367193037,"Otros países","",FALSE
"WDI (PIB per cápita)","wdi_IRQ_12","Iraq (1982-1985)","IRQ","Iraq",1982,1985,-0.201953825324455,3,FALSE,15,2000,147.29117579144,15,"15 años después",0.201953825324455,1.4729117579144,18,0.021746483312491,1.84564728790691,0.0417013986147681,"Otros países","",FALSE
"WDI (PIB per cápita)","wdi_MMR_8","Myanmar (1985-1988)","MMR","Myanmar",1985,1988,-0.201177630440163,3,FALSE,15,2003,199.583233930673,15,"15 años después",0.201177630440163,1.99583233930673,18,0.0391387941511367,2.49846826448596,0.0629469476669771,"Otros países","",FALSE
"WDI (PIB per cápita)","wdi_TGO_8","Togo (1980-1983)","TGO","Togo",1980,1983,-0.200882767457536,3,FALSE,15,1998,81.4670903164642,15,"15 años después",0.200882767457536,0.814670903164642,18,-0.0113226907158104,1.01946356553055,0.00128593095489715,"Otros países","",FALSE
"WDI (PIB per cápita)","wdi_CAF_17","Central African Republic (1988-1993)","CAF","Central African Republic",1988,1993,-0.19924273532225,5,FALSE,15,2008,81.6955663799996,15,"15 años después",0.19924273532225,0.816955663799996,20,-0.0100576032362749,1.02022885066021,0.00133602271909061,"Otros países","",FALSE
"WDI (PIB per cápita)","wdi_ZWE_11","Zimbabwe (1974-1978)","ZWE","Zimbabwe",1974,1978,-0.193862250254076,4,FALSE,15,1993,85.7036372985852,15,"15 años después",0.193862250254076,0.857036372985852,19,-0.00808685659514607,1.0631388658526,0.00409005665285878,"Otros países","",FALSE
"WDI (PIB per cápita)","wdi_NER_14","Niger (1988-1997)","NER","Niger",1988,1997,-0.191967766500572,9,FALSE,15,2012,93.1414474681628,15,"15 años después",0.191967766500572,0.931414474681628,24,-0.00295607666643416,1.152694702101,0.00951851029272111,"Otros países","",FALSE
"WDI (PIB per cápita)","wdi_GTM_4","Guatemala (1980-1986)","GTM","Guatemala",1980,1986,-0.191018583948737,6,FALSE,15,2001,96.3243162226377,15,"15 años después",0.191018583948737,0.963243162226377,21,-0.00178171534067717,1.19068639045886,0.0117032830459045,"Otros países","",FALSE
"WDI (PIB per cápita)","wdi_PAN_6","Panama (1986-1989)","PAN","Panama",1986,1989,-0.190980572223957,3,FALSE,15,2004,132.416243697322,15,"15 años después",0.190980572223957,1.32416243697322,18,0.0157211943356352,1.63674986225396,0.033392933711885,"Otros países","",FALSE
"WDI (PIB per cápita)","wdi_PHL_2","Philippines (1982-1985)","PHL","Philippines",1982,1985,-0.18990900525366,3,FALSE,15,2000,94.4792411169491,15,"15 años después",0.18990900525366,0.944792411169491,18,-0.00315003078384812,1.16627936527714,0.0103073351629015,"Otros países","",FALSE
"WDI (PIB per cápita)","wdi_SDN_8","Sudan (1977-1980)","SDN","Sudan",1977,1980,-0.189862533018711,3,FALSE,15,1995,95.0706964901404,15,"15 años después",0.189862533018711,0.950706964901404,18,-0.00280436027947584,1.17351314270639,0.0107238888067072,"Otros países","",FALSE
"WDI (PIB per cápita)","wdi_VEN_80","Venezuela (2001-2003)","VEN","Venezuela",2001,2003,-0.188975855520166,2,TRUE,15,2018,60.1960998688375,15,"15 años después",0.188975855520166,0.601960998688375,17,-0.0294153186771609,0.742223277550454,-0.0196774980807902,"Venezuela","",FALSE
"WDI (PIB per cápita)","wdi_EST_5","Estonia (2007-2009)","EST","Estonia",2007,2009,-0.186315237628808,2,FALSE,15,2024,114.447963462448,15,"15 años después",0.186315237628808,1.14447963462448,17,0.00796983054257572,1.40653934736261,0.0230027293258668,"Otros países","",FALSE
"WDI (PIB per cápita)","wdi_DMA_1","Dominica (1978-1979)","DMA","Dominica",1978,1979,-0.1862224909723,1,FALSE,15,1994,165.366735940021,15,"15 años después",0.1862224909723,1.65366735940021,16,0.0319365849427069,2.03208781399723,0.0484060008718494,"Otros países","",FALSE
"WDI (PIB per cápita)","wdi_MLI_9","Mali (1981-1984)","MLI","Mali",1981,1984,-0.184971009563738,3,FALSE,15,1999,106.013880066599,15,"15 años después",0.184971009563738,1.06013880066599,18,0.00324970463254615,1.30073753584953,0.017683292937964,"Otros países","",FALSE
"WDI (PIB per cápita)","wdi_CHL_8","Chile (1981-1983)","CHL","Chile",1981,1983,-0.183000658944998,2,FALSE,15,1998,170.308977256474,15,"15 años después",0.183000658944998,1.70308977256474,17,0.0318158818047398,2.08456688638881,0.0501896221147089,"Otros países","",FALSE
"WDI (PIB per cápita)","wdi_ETH_10","Ethiopia (1983-1985)","ETH","Ethiopia",1983,1985,-0.182278593287662,2,FALSE,15,2000,81.4544943860886,15,"15 años después",0.182278593287662,0.814544943860886,17,-0.0119937111731749,0.996115470592578,-0.000259439258980532,"Otros países","",FALSE
"WDI (PIB per cápita)","wdi_GNB_4","Guinea-Bissau (1978-1980)","GNB","Guinea-Bissau",1978,1980,-0.181641923077685,2,FALSE,15,1995,115.099953921909,15,"15 años después",0.181641923077685,1.15099953921909,17,0.00830670665971756,1.40647422158742,0.0229995714435782,"Otros países","",FALSE
"WDI (PIB per cápita)","wdi_TCD_12","Chad (1992-1993)","TCD","Chad",1992,1993,-0.176741907151847,1,FALSE,15,2008,140.335220876103,15,"15 años después",0.176741907151847,1.40335220876103,16,0.02140485457615,1.7046321450737,0.0361963184424983,"Otros países","",FALSE
"WDI (PIB per cápita)","wdi_SLE_16","Sierra Leone (1991-1992)","SLE","Sierra Leone",1991,1992,-0.174597698249032,1,FALSE,15,2007,86.9408620991428,15,"15 años después",0.174597698249032,0.869408620991428,16,-0.00870823948778399,1.0533149945755,0.00346882439869534,"Otros países","",FALSE
"WDI (PIB per cápita)","wdi_HRV_1","Croatia (1991-1993)","HRV","Croatia",1991,1993,-0.172356882769868,2,FALSE,15,2008,165.3854116192,15,"15 años después",0.172356882769868,1.653854116192,17,0.030036883990727,1.99826964275006,0.0472336919853129,"Otros países","",FALSE
"WDI (PIB per cápita)","wdi_HUN_4","Hungary (1989-1993)","HUN","Hungary",1989,1993,-0.170704825746459,4,FALSE,15,2008,134.530790005663,15,"15 años después",0.170704825746459,1.34530790005663,19,0.0157342317798843,1.62223046970888,0.0327792496850707,"Otros países","",FALSE
"WDI (PIB per cápita)","wdi_ZMB_15","Zambia (1981-1987)","ZMB","Zambia",1981,1987,-0.169747257404589,6,FALSE,15,2002,76.1123921248034,15,"15 años después",0.169747257404589,0.761123921248034,21,-0.0129139422491981,0.91673761759428,-0.00577883651438038,"Otros países","",FALSE
"WDI (PIB per cápita)","wdi_SAU_10","Saudi Arabia (1991-1999)","SAU","Saudi Arabia",1991,1999,-0.16932694232846,8,FALSE,15,2014,87.5182615381302,15,"15 años después",0.16932694232846,0.875182615381302,23,-0.0057798715131383,1.05358252238796,0.00348581355558109,"Otros países","",FALSE
"WDI (PIB per cápita)","wdi_OMN_6","Oman (1972-1973)","OMN","Oman",1972,1973,-0.166997263585133,1,FALSE,15,1988,143.999259619467,15,"15 años después",0.166997263585133,1.43999259619467,16,0.0230515464663319,1.72867690974487,0.0371643695847448,"Otros países","",FALSE
"WDI (PIB per cápita)","wdi_MDG_9","Madagascar (1990-1996)","MDG","Madagascar",1990,1996,-0.165092292003228,6,FALSE,15,2011,82.0288583842782,15,"15 años después",0.165092292003228,0.820288583842782,21,-0.00938893511232419,0.982490131527152,-0.00117697212677659,"Otros países","",FALSE
"WDI (PIB per cápita)","wdi_SYR_18","Syrian Arab Republic (1988-1989)","SYR","Syrian Arab Republic",1988,1989,-0.164606695006472,1,FALSE,15,2004,122.779733408501,15,"15 años después",0.164606695006472,1.22779733408501,16,0.012908971760011,1.46972369391268,0.0260039821579123,"Otros países","",FALSE
"WDI (PIB per cápita)","wdi_LSO_8","Lesotho (1974-1975)","LSO","Lesotho",1974,1975,-0.164511267325274,1,FALSE,15,1990,133.930673474898,15,"15 años después",0.164511267325274,1.33930673474898,16,0.0184272314749856,1.60302189888467,0.0319594451804912,"Otros países","",FALSE
"WDI (PIB per cápita)","wdi_TZA_6","Tanzania (1975-1983)","TZA","Tanzania",1975,1983,-0.163890932745869,8,FALSE,15,1998,93.1771304248003,15,"15 años después",0.163890932745869,0.931771304248003,23,-0.00306780100505188,1.11441358638537,0.00724802973557059,"Otros países","",FALSE
"WDI (PIB per cápita)","wdi_BWA_8","Botswana (2008-2009)","BWA","Botswana",2008,2009,-0.158997149078875,1,FALSE,15,2024,112.644325918164,15,"15 años después",0.158997149078875,1.12644325918164,16,0.00746932669357814,1.33940480457098,0.0196726957752968,"Otros países","",FALSE
"WDI (PIB per cápita)","wdi_CRI_4","Costa Rica (1979-1982)","CRI","Costa Rica",1979,1982,-0.158723576173982,3,FALSE,15,1997,111.846496427207,15,"15 años después",0.158723576173982,1.11846496427207,18,0.00623922659142662,1.32948568698197,0.0191675273370973,"Otros países","",FALSE
"WDI (PIB per cápita)","wdi_TCD_4","Chad (1969-1973)","TCD","Chad",1969,1973,-0.154764450694266,4,FALSE,15,1988,87.694910713269,15,"15 años después",0.154764450694266,0.87694910713269,19,-0.00688703382120026,1.03752037861281,0.00245859172303597,"Otros países","",FALSE
"WDI (PIB per cápita)","wdi_GNQ_5","Equatorial Guinea (1987-1991)","GNQ","Equatorial Guinea",1987,1991,-0.153679366067332,4,FALSE,15,2006,2548.99440903916,15,"15 años después",0.153679366067332,25.4899440903916,19,0.185821758472552,30.1185426283953,0.254841664755858,"Otros países","",FALSE
"WDI (PIB per cápita)","wdi_SDN_10","Sudan (1982-1985)","SDN","Sudan",1982,1985,-0.153673361132595,3,FALSE,15,2000,140.541715582959,15,"15 años después",0.153673361132595,1.40541715582959,18,0.0190873315014657,1.66060843566307,0.0343904032667259,"Otros países","",FALSE
"WDI (PIB per cápita)","wdi_URY_15","Uruguay (1998-2002)","URY","Uruguay",1998,2002,-0.153490347766664,4,FALSE,15,2017,152.021414920387,15,"15 años después",0.153490347766664,1.52021414920387,19,0.0222895826940888,1.79586156542115,0.0398040956423316,"Otros países","",FALSE
"WDI (PIB per cápita)","wdi_NER_4","Niger (1965-1969)","NER","Niger",1965,1969,-0.153237155397015,4,FALSE,15,1984,52.7253728681798,15,"15 años después",0.153237155397015,0.527253728681798,19,-0.0331269486208241,0.622669891625922,-0.0310890640115522,"Otros países","",FALSE
"WDI (PIB per cápita)","wdi_STP_6","Sao Tome and Principe (1979-1981)","STP","Sao Tome and Principe",1979,1981,-0.151307628383258,2,FALSE,15,1996,65.0893822074395,15,"15 años después",0.151307628383258,0.650893822074395,17,-0.0249429903170559,0.766937283570083,-0.0175344668620682,"Otros países","",FALSE
"WDI (PIB per cápita)","wdi_IDN_9","Indonesia (1997-1999)","IDN","Indonesia",1997,1999,-0.150985066116873,2,FALSE,15,2014,152.303658665546,15,"15 años después",0.150985066116873,1.52303658665546,17,0.0250561765041506,1.79388668664468,0.0397278261552356,"Otros países","",FALSE
"WDI (PIB per cápita)","wdi_ZMB_13","Zambia (1976-1980)","ZMB","Zambia",1976,1980,-0.150019411997716,4,FALSE,15,1995,61.4162104639379,15,"15 años después",0.150019411997716,0.614162104639379,19,-0.0253313420759599,0.722560154088753,-0.0214306689934828,"Otros países","",FALSE
"WDI (PIB per cápita)","wdi_GEO_4","Georgia (1988-1994)","GEO","Georgia",1988,1994,-0.784252454171453,6,FALSE,20,2014,88.4125248758963,20,"20 años después",0.784252454171453,0.884125248758963,26,-0.00472558918933519,4.09796202021028,0.073070847642313,"Otros países","",FALSE
"WDI (PIB per cápita)","wdi_TJK_3","Tajikistan (1988-1996)","TJK","Tajikistan",1988,1996,-0.75190036866998,8,FALSE,20,2016,66.8882084413064,20,"20 años después",0.75190036866998,0.668882084413064,28,-0.0142597629811894,2.6960220812393,0.0508389752521872,"Otros países","",FALSE
"WDI (PIB per cápita)","wdi_IRQ_16","Iraq (1990-1991)","IRQ","Iraq",1990,1991,-0.644235820475039,1,FALSE,20,2011,114.275522580706,20,"20 años después",0.644235820475039,1.14275522580706,21,0.00637462298472746,3.21211434870408,0.0600822185607615,"Otros países","Iraq (1990-1991)",TRUE
"WDI (PIB per cápita)","wdi_UKR_2","Ukraine (1989-1998)","UKR","Ukraine",1989,1998,-0.605083330497868,9,FALSE,20,2018,69.5132318144741,20,"20 años después",0.605083330497868,0.695132318144741,29,-0.0124614656946653,1.76019999110468,0.0286747997719321,"Otros países","",FALSE
"WDI (PIB per cápita)","wdi_AZE_1","Azerbaijan (1991-1995)","AZE","Azerbaijan",1991,1995,-0.601133004151926,4,FALSE,20,2015,195.836148400785,20,"20 años después",0.601133004151926,1.95836148400785,24,0.0284003184715753,4.90981080007377,0.0828124431929731,"Otros países","",FALSE
"WDI (PIB per cápita)","wdi_SAU_6","Saudi Arabia (1979-1987)","SAU","Saudi Arabia",1979,1987,-0.557089581311511,8,FALSE,20,2007,36.4047039524866,20,"20 años después",0.557089581311511,0.364047039524866,28,-0.0354448732680953,0.821942822214147,-0.00975631758141637,"Otros países","",FALSE
"WDI (PIB per cápita)","wdi_MDA_1","Moldova (1991-1996)","MDA","Moldova",1991,1996,-0.545561891782624,5,FALSE,20,2016,92.7695322635214,20,"20 años después",0.545561891782624,0.927695322635214,25,-0.0029975749230382,2.04141181353448,0.0363263270067056,"Otros países","",FALSE
"WDI (PIB per cápita)","wdi_IRN_4","Iran, Islamic Rep. (1976-1981)","IRN","Iran, Islamic Rep.",1976,1981,-0.542672491853306,5,FALSE,20,2001,52.7786509970337,20,"20 años después",0.542672491853306,0.527786509970337,25,-0.0252385811748739,1.15406683518596,0.00719033130685331,"Otros países","",FALSE
"WDI (PIB per cápita)","wdi_ARE_6","United Arab Emirates (1980-1988)","ARE","United Arab Emirates",1980,1988,-0.517824013492657,8,FALSE,20,2008,40.9339576070913,20,"20 años después",0.517824013492657,0.409339576070913,28,-0.0313969155474614,0.848942269058186,-0.00815477265050657,"Otros países","",FALSE
"WDI (PIB per cápita)","wdi_KGZ_2","Kyrgyz Republic (1990-1995)","KGZ","Kyrgyz Republic",1990,1995,-0.511996838926655,5,FALSE,20,2015,91.8718393429841,20,"20 años después",0.511996838926655,0.918718393429841,25,-0.00338528219760192,1.88260746387207,0.0321385255539484,"Otros países","",FALSE
"WDI (PIB per cápita)","wdi_KWT_3","Kuwait (1979-1982)","KWT","Kuwait",1979,1982,-0.506269473606368,3,FALSE,20,2002,79.2155663337221,20,"20 años después",0.506269473606368,0.792155663337221,23,-0.01007918121853,1.60442917946229,0.0239200036139084,"Otros países","",FALSE
"WDI (PIB per cápita)","wdi_TZA_2","Tanzania (1968-1970)","TZA","Tanzania",1968,1970,-0.483369539888332,2,FALSE,20,1990,51.0917319384247,20,"20 años después",0.483369539888332,0.510917319384247,22,-0.0300637065732677,0.988941533323092,-0.000555848762326727,"Otros países","",FALSE
"WDI (PIB per cápita)","wdi_RWA_18","Rwanda (1992-1994)","RWA","Rwanda",1992,1994,-0.482857683153878,2,FALSE,20,2014,189.307282229908,20,"20 años después",0.482857683153878,1.89307282229908,22,0.0294340156596782,3.66064187870816,0.0670330274870135,"Otros países","",FALSE
"WDI (PIB per cápita)","wdi_KWT_1","Kuwait (1971-1977)","KWT","Kuwait",1971,1977,-0.477721465660515,6,FALSE,20,1997,46.8193942333966,20,"20 años después",0.477721465660515,0.468193942333965,26,-0.0287655717173572,0.896444926510489,-0.00545101000825798,"Otros países","",FALSE
"WDI (PIB per cápita)","wdi_IRQ_20","Iraq (2000-2003)","IRQ","Iraq",2000,2003,-0.46077440798226,3,FALSE,20,2023,103.937585789425,20,"20 años después",0.46077440798226,1.03937585789425,23,0.00168055822563162,1.92753436276084,0.0333563354585609,"Otros países","",FALSE
"WDI (PIB per cápita)","wdi_ARM_1","Armenia (1991-1993)","ARM","Armenia",1991,1993,-0.444524562697591,2,FALSE,20,2013,228.920306291385,20,"20 años después",0.444524562697591,2.28920306291385,22,0.038363197691043,4.12115983747374,0.0733737568974135,"Otros países","",FALSE
"WDI (PIB per cápita)","wdi_HTI_12","Haiti (1980-1994)","HTI","Haiti",1980,1994,-0.437379153279232,14,FALSE,20,2014,65.7709906111171,20,"20 años después",0.437379153279232,0.657709906111171,34,-0.0122476534390287,1.169010906625,0.00783846175981173,"Otros países","",FALSE
"WDI (PIB per cápita)","wdi_TKM_3","Turkmenistan (1990-1995)","TKM","Turkmenistan",1990,1995,-0.433041568689599,5,FALSE,20,2015,164.757221163716,20,"20 años después",0.433041568689599,1.64757221163716,25,0.0201728897615356,2.90598414389774,0.0547867411872514,"Otros países","",FALSE
"WDI (PIB per cápita)","wdi_CMR_12","Cameroon (1986-1994)","CMR","Cameroon",1986,1994,-0.424365813553514,8,FALSE,20,2014,74.9780867410387,20,"20 años después",0.424365813553514,0.749780867410387,28,-0.0102320884751547,1.30253012254006,0.0133031408115862,"Otros países","",FALSE
"WDI (PIB per cápita)","wdi_AGO_5","Angola (1988-1994)","AGO","Angola",1988,1994,-0.419969309366908,6,FALSE,20,2014,126.386397896956,20,"20 años después",0.419969309366908,1.26386397896956,26,0.00904736212406365,2.17896052636469,0.0397105914924365,"Otros países","",FALSE
"WDI (PIB per cápita)","wdi_KHM_9","Cambodia (1992-1994)","KHM","Cambodia",1992,1994,-0.404080881412024,2,FALSE,20,2014,169.805039226626,20,"20 años después",0.404080881412024,1.69805039226626,22,0.0243592626255014,2.8494645318475,0.0537513955024596,"Otros países","",FALSE
"WDI (PIB per cápita)","wdi_RUS_1","Russian Federation (1990-1996)","RUS","Russian Federation",1990,1996,-0.402910807826704,6,FALSE,20,2016,118.087736635981,20,"20 años después",0.402910807826704,1.18087736635981,26,0.00641501528817701,1.97772356599126,0.0346853009780816,"Otros países","",FALSE
"WDI (PIB per cápita)","wdi_ALB_6","Albania (1989-1992)","ALB","Albania",1989,1992,-0.399308253489314,3,FALSE,20,2012,199.054887581145,20,"20 años después",0.399308253489314,1.99054887581145,23,0.030383319358287,3.3137609886838,0.0617348165780598,"Otros países","",FALSE
"WDI (PIB per cápita)","wdi_LTU_1","Lithuania (1991-1994)","LTU","Lithuania",1991,1994,-0.397134463626588,3,FALSE,20,2014,175.26646108431,20,"20 años después",0.397134463626588,1.7526646108431,23,0.0246973209800907,2.90722309552873,0.0548092217843714,"Otros países","",FALSE
"WDI (PIB per cápita)","wdi_GAB_2","Gabon (1976-1980)","GAB","Gabon",1976,1980,-0.380558602189237,4,FALSE,20,2000,51.2423074984355,20,"20 años después",0.380558602189237,0.512423074984355,24,-0.0274740579360099,0.827234144820425,-0.00943854953520418,"Otros países","",FALSE
"WDI (PIB per cápita)","wdi_NIC_14","Nicaragua (1983-1993)","NIC","Nicaragua",1983,1993,-0.368799802417541,10,FALSE,20,2013,104.194506094074,20,"20 años después",0.368799802417541,1.04194506094074,30,0.00137057896322967,1.65073627183811,0.0253777391352916,"Otros países","",FALSE
"WDI (PIB per cápita)","wdi_CUB_8","Cuba (1988-1993)","CUB","Cuba",1988,1993,-0.367963306680326,5,FALSE,20,2013,141.224251064264,20,"20 años después",0.367963306680326,1.41224251064264,25,0.0139029139390281,2.23443120560779,0.0410182649676738,"Otros países","",FALSE
"WDI (PIB per cápita)","wdi_NGA_8","Nigeria (1980-1984)","NGA","Nigeria",1980,1984,-0.36258303598831,4,FALSE,20,2004,83.8058907185718,20,"20 años después",0.36258303598831,0.838058907185718,24,-0.00733409356054626,1.31477345992058,0.0137772625378119,"Otros países","",FALSE
"WDI (PIB per cápita)","wdi_NIC_10","Nicaragua (1977-1979)","NIC","Nicaragua",1977,1979,-0.359245987843394,2,FALSE,20,1999,50.0713892290083,20,"20 años después",0.359245987843394,0.500713892290083,22,-0.0309526824992062,0.781444802202352,-0.0122548285241407,"Otros países","",FALSE
"WDI (PIB per cápita)","wdi_SLV_2","El Salvador (1978-1986)","SLV","El Salvador",1978,1986,-0.34969059547654,8,FALSE,20,2006,93.4718325262812,20,"20 años después",0.34969059547654,0.934718325262813,28,-0.00240816896475538,1.43734400696199,0.0183053749577522,"Otros países","",FALSE
"WDI (PIB per cápita)","wdi_QAT_7","Qatar (1978-1985)","QAT","Qatar",1978,1985,-0.34959648855942,7,FALSE,20,2005,99.8130295749127,20,"20 años después",0.34959648855942,0.998130295749127,27,-6.93107212204058e-05,1.53463239080362,0.0216454802341575,"Otros países","",FALSE
"WDI (PIB per cápita)","wdi_MOZ_1","Mozambique (1981-1986)","MOZ","Mozambique",1981,1986,-0.344070302736099,5,FALSE,20,2006,162.459137763292,20,"20 años después",0.344070302736099,1.62459137763292,25,0.0195998566950901,2.47677667958872,0.0463918357266999,"Otros países","",FALSE
"WDI (PIB per cápita)","wdi_TTO_6","Trinidad and Tobago (1982-1989)","TTO","Trinidad and Tobago",1982,1989,-0.340843450765157,7,FALSE,20,2009,191.226229657001,20,"20 años después",0.340843450765157,1.91226229657001,27,0.0243012053813696,2.90107456080014,0.0546975678940522,"Otros países","",FALSE
"WDI (PIB per cápita)","wdi_BLR_1","Belarus (1991-1995)","BLR","Belarus",1991,1995,-0.339126390725369,4,FALSE,20,2015,209.162626352087,20,"20 años después",0.339126390725369,2.09162626352087,24,0.0312251674516335,3.16494142626851,0.0592983208154116,"Otros países","",FALSE
"WDI (PIB per cápita)","wdi_LBY_10","Libya (1979-1984)","LBY","Libya",1979,1984,-0.336150917643974,5,FALSE,20,2004,57.4223423333752,20,"20 años después",0.336150917643974,0.574223423333752,25,-0.0219450933610235,0.86499091223537,-0.00722558295273557,"Otros países","",FALSE
"WDI (PIB per cápita)","wdi_LVA_1","Latvia (1991-1993)","LVA","Latvia",1991,1993,-0.333046243040737,2,FALSE,20,2013,184.54095432654,20,"20 años después",0.333046243040737,1.8454095432654,22,0.0282414940102067,2.7669227798924,0.0522037661779795,"Otros países","",FALSE
"WDI (PIB per cápita)","wdi_IRN_6","Iran, Islamic Rep. (1983-1988)","IRN","Iran, Islamic Rep.",1983,1988,-0.331277566008101,5,FALSE,20,2008,118.864212788238,20,"20 años después",0.331277566008101,1.18864212788238,25,0.00693640968364773,1.77748205752102,0.0291774484122311,"Otros países","",FALSE
"WDI (PIB per cápita)","wdi_PSE_3","West Bank and Gaza (1999-2002)","PSE","West Bank and Gaza",1999,2002,-0.32782077123067,3,FALSE,20,2022,113.432309867185,20,"20 años después",0.32782077123067,1.13432309867185,23,0.00549487147713101,1.68753072115699,0.0265085815343937,"Otros países","",FALSE
"WDI (PIB per cápita)","wdi_NER_10","Niger (1979-1984)","NER","Niger",1979,1984,-0.314308891321158,5,FALSE,20,2004,58.9481208633492,20,"20 años después",0.314308891321158,0.589481208633492,25,-0.0209186035358317,0.859689153282558,-0.00753072118734888,"Otros países","",FALSE
"WDI (PIB per cápita)","wdi_JAM_2","Jamaica (1972-1980)","JAM","Jamaica",1972,1980,-0.311308834985616,8,FALSE,20,2000,87.9969117530284,20,"20 años después",0.311308834985616,0.879969117530284,28,-0.00455631926235522,1.27774126086241,0.0123300903924242,"Otros países","",FALSE
"WDI (PIB per cápita)","wdi_LBR_13","Liberia (2002-2003)","LBR","Liberia",2002,2003,-0.306993530292511,1,FALSE,20,2023,85.6582071062232,20,"20 años después",0.306993530292511,0.856582071062232,21,-0.00734456939788053,1.23603762519531,0.0106518714956763,"Otros países","",FALSE
"WDI (PIB per cápita)","wdi_CIV_9","Cote d'Ivoire (1978-1984)","CIV","Cote d'Ivoire",1978,1984,-0.303441267670946,6,FALSE,20,2004,47.5096149339572,20,"20 años después",0.303441267670946,0.475096149339572,26,-0.0282187403656061,0.682061866845044,-0.018949895276996,"Otros países","",FALSE
"WDI (PIB per cápita)","wdi_COD_10","Congo, Dem. Rep. (1974-1983)","COD","Congo, Dem. Rep.",1974,1983,-0.302566486646005,9,FALSE,20,2003,23.296065537896,20,"20 años después",0.302566486646005,0.23296065537896,29,-0.0489964066575481,0.334025610926896,-0.0533509828043126,"Otros países","",FALSE
"WDI (PIB per cápita)","wdi_JOR_4","Jordan (1986-1991)","JOR","Jordan",1986,1991,-0.302015113676662,5,FALSE,20,2011,107.398441872826,20,"20 años después",0.302015113676662,1.07398441872826,25,0.0028590989808257,1.53869294274481,0.0217804715079495,"Otros países","",FALSE
"WDI (PIB per cápita)","wdi_TCD_6","Chad (1977-1980)","TCD","Chad",1977,1980,-0.295286891547152,3,FALSE,20,2000,77.8746759500483,20,"20 años después",0.295286891547152,0.778746759500483,23,-0.0108136884265928,1.10505502190838,0.00500725095500609,"Otros países","",FALSE
"WDI (PIB per cápita)","wdi_PER_10","Peru (1987-1990)","PER","Peru",1987,1990,-0.294570318191694,3,FALSE,20,2010,134.663333373249,20,"20 años después",0.294570318191694,1.34663333373249,23,0.0130235401776473,1.90895473845177,0.0328560114968419,"Otros países","",FALSE
"WDI (PIB per cápita)","wdi_KAZ_1","Kazakhstan (1991-1995)","KAZ","Kazakhstan",1991,1995,-0.287493817037481,4,FALSE,20,2015,207.653857726125,20,"20 años después",0.287493817037481,2.07653857726125,24,0.0309141488152638,2.91441481760515,0.0549395350624873,"Otros países","",FALSE
"WDI (PIB per cápita)","wdi_BDI_16","Burundi (1991-1997)","BDI","Burundi",1991,1997,-0.28650508640599,6,FALSE,20,2017,68.1807890170696,20,"20 años después",0.28650508640599,0.681807890170696,26,-0.0146230806821536,0.955588998856768,-0.00226879118811463,"Otros países","",FALSE
"WDI (PIB per cápita)","wdi_LBY_12","Libya (1985-1987)","LBY","Libya",1985,1987,-0.28614950550311,2,FALSE,20,2007,98.1242548052741,20,"20 años después",0.28614950550311,0.981242548052741,22,-0.000860338980354314,1.37457710769579,0.0160345010322742,"Otros países","",FALSE
"WDI (PIB per cápita)","wdi_KWT_9","Kuwait (1989-1991)","KWT","Kuwait",1989,1991,-0.285907070936286,2,FALSE,20,2011,161.713520536017,20,"20 años después",0.285907070936286,1.61713520536017,22,0.0220884241455002,2.26460050161886,0.0417165883835549,"Otros países","",FALSE
"WDI (PIB per cápita)","wdi_ETH_12","Ethiopia (1987-1992)","ETH","Ethiopia",1987,1992,-0.285609333755594,5,FALSE,20,2012,165.44820237142,20,"20 años después",0.285609333755594,1.6544820237142,25,0.0203436877634235,2.31593454658627,0.0428847432670798,"Otros países","",FALSE
"WDI (PIB per cápita)","wdi_COG_8","Congo, Rep. (1984-1994)","COG","Congo, Rep.",1984,1994,-0.284822019292559,10,FALSE,20,2014,85.9915487792517,20,"20 años después",0.284822019292559,0.859915487792517,30,-0.00501807267974785,1.20237970266073,0.00925772400186875,"Otros países","",FALSE
"WDI (PIB per cápita)","wdi_UZB_2","Uzbekistan (1989-1996)","UZB","Uzbekistan",1989,1996,-0.283076693629837,7,FALSE,20,2016,184.491890869607,20,"20 años después",0.283076693629837,1.84491890869607,27,0.0229420004398457,2.57338392029272,0.0483956954869589,"Otros países","",FALSE
"WDI (PIB per cápita)","wdi_GHA_10","Ghana (1978-1983)","GHA","Ghana",1978,1983,-0.275227346724788,5,FALSE,20,2003,111.520821248756,20,"20 años después",0.275227346724788,1.11520821248756,25,0.0043711708233849,1.5387007324959,0.0217807301494295,"Otros países","",FALSE
"WDI (PIB per cápita)","wdi_BOL_2","Bolivia (1977-1986)","BOL","Bolivia",1977,1986,-0.268862856802168,9,FALSE,20,2006,101.775429220654,20,"20 años después",0.268862856802168,1.01775429220654,29,0.000607029883308297,1.39201557693418,0.0166751412871982,"Otros países","",FALSE
"WDI (PIB per cápita)","wdi_GAB_6","Gabon (1984-1987)","GAB","Gabon",1984,1987,-0.261101141459161,3,FALSE,20,2007,72.4687355555045,20,"20 años después",0.261101141459161,0.724687355555045,23,-0.0139030967368895,0.980766646447582,-0.000970564739824709,"Otros países","",FALSE
"WDI (PIB per cápita)","wdi_TGO_12","Togo (1989-1993)","TGO","Togo",1989,1993,-0.254630485447047,4,FALSE,20,2013,97.6315800856274,20,"20 años después",0.254630485447047,0.976315800856274,24,-0.00099821721831872,1.30984133613492,0.0135867732107939,"Otros países","",FALSE
"WDI (PIB per cápita)","wdi_NER_6","Niger (1971-1973)","NER","Niger",1971,1973,-0.254186713971129,2,FALSE,20,1993,56.9861994041622,20,"20 años después",0.254186713971129,0.569861994041622,22,-0.0252379280256422,0.764081311927127,-0.013363952065761,"Otros países","",FALSE
"WDI (PIB per cápita)","wdi_NGA_2","Nigeria (1965-1968)","NGA","Nigeria",1965,1968,-0.253209646996592,3,FALSE,20,1988,89.5579344029423,20,"20 años después",0.253209646996592,0.895579344029423,23,-0.00478349890297236,1.1992379660873,0.00912570397375068,"Otros países","",FALSE
"WDI (PIB per cápita)","wdi_CIV_11","Cote d'Ivoire (1985-1994)","CIV","Cote d'Ivoire",1985,1994,-0.252269671151677,9,FALSE,20,2014,81.500839023395,20,"20 años después",0.252269671151677,0.81500839023395,29,-0.00702886635944622,1.08997637087859,0.00431709280770831,"Otros países","",FALSE
"WDI (PIB per cápita)","wdi_VEN_70","Venezuela (1977-1985)","VEN","Venezuela",1977,1985,-0.246708124123997,8,TRUE,20,2005,81.8440639018368,20,"20 años después",0.246708124123997,0.818440639018368,28,-0.00712997486220623,1.08648541850608,0.00415601738701632,"Venezuela","",FALSE
"WDI (PIB per cápita)","wdi_MDG_7","Madagascar (1979-1987)","MDG","Madagascar",1979,1987,-0.24300200583002,8,FALSE,20,2007,67.7334233891018,20,"20 años después",0.24300200583002,0.677334233891018,28,-0.0138175923834721,0.894763578117125,-0.00554436069046393,"Otros países","",FALSE
"WDI (PIB per cápita)","wdi_GNB_12","Guinea-Bissau (1997-1998)","GNB","Guinea-Bissau",1997,1998,-0.238778523409397,1,FALSE,20,2018,103.923930791548,20,"20 años después",0.238778523409397,1.03923930791548,21,0.00183449066233488,1.36522594261276,0.015687778226344,"Otros países","",FALSE
"WDI (PIB per cápita)","wdi_MNG_2","Mongolia (1989-1993)","MNG","Mongolia",1989,1993,-0.23794563277286,4,FALSE,20,2013,195.013860817328,20,"20 años después",0.23794563277286,1.95013860817328,24,0.0282200344931742,2.55905443501253,0.0481030292784241,"Otros países","",FALSE
"WDI (PIB per cápita)","wdi_EST_1","Estonia (1991-1993)","EST","Estonia",1991,1993,-0.223526680310649,2,FALSE,20,2013,194.617712074911,20,"20 años después",0.223526680310649,1.94617712074911,22,0.03072937396986,2.50643141418913,0.0470147291110889,"Otros países","",FALSE
"WDI (PIB per cápita)","wdi_MDG_5","Madagascar (1971-1978)","MDG","Madagascar",1971,1978,-0.222731643161847,7,FALSE,20,1998,53.7465322272114,20,"20 años después",0.222731643161847,0.537465322272114,27,-0.0227335723408112,0.691479741254959,-0.0182769837464307,"Otros países","",FALSE
"WDI (PIB per cápita)","wdi_BGR_2","Bulgaria (1988-1993)","BGR","Bulgaria",1988,1993,-0.22069053637546,5,FALSE,20,2013,138.979311954651,20,"20 años después",0.22069053637546,1.38979311954651,25,0.013253252053383,1.78336486905039,0.0293474911785703,"Otros países","",FALSE
"WDI (PIB per cápita)","wdi_BHR_4","Bahrain (1977-1982)","BHR","Bahrain",1977,1982,-0.220006556632658,5,FALSE,20,2002,102.86758361536,20,"20 años después",0.220006556632658,1.0286758361536,25,0.00113153487053208,1.3188262605294,0.0139332830777001,"Otros países","",FALSE
"WDI (PIB per cápita)","wdi_ARG_17","Argentina (1998-2002)","ARG","Argentina",1998,2002,-0.219121951925802,4,FALSE,20,2022,116.994947414955,20,"20 años después",0.219121951925802,1.16994947414955,24,0.00656145612596393,1.49824864078953,0.0204205463407814,"Otros países","",FALSE
"WDI (PIB per cápita)","wdi_BGD_8","Bangladesh (1970-1972)","BGD","Bangladesh",1970,1972,-0.216187796626027,2,FALSE,20,1992,104.381028660903,20,"20 años después",0.216187796626027,1.04381028660903,22,0.00195088938331489,1.33170966478434,0.0144262471768242,"Otros países","",FALSE
"WDI (PIB per cápita)","wdi_CHL_6","Chile (1971-1975)","CHL","Chile",1971,1975,-0.214471221187694,4,FALSE,20,1995,165.40877760636,20,"20 años después",0.214471221187694,1.6540877760636,24,0.021190124657015,2.10569977915326,0.0379342008609693,"Otros países","",FALSE
"WDI (PIB per cápita)","wdi_KHM_3","Cambodia (1978-1982)","KHM","Cambodia",1978,1982,-0.211373566596198,4,FALSE,20,2002,79.2367087770783,20,"20 años después",0.211373566596198,0.792367087770783,24,-0.00965023885569416,1.00474325258264,0.000236629932745647,"Otros países","",FALSE
"WDI (PIB per cápita)","wdi_URY_9","Uruguay (1981-1984)","URY","Uruguay",1981,1984,-0.210010644658055,3,FALSE,20,2004,116.804771739853,20,"20 años después",0.210010644658055,1.16804771739853,23,0.00677649802061087,1.47856133693466,0.0197458986278236,"Otros países","",FALSE
"WDI (PIB per cápita)","wdi_GHA_8","Ghana (1974-1977)","GHA","Ghana",1974,1977,-0.208177363184428,3,FALSE,20,1997,83.722713571483,20,"20 años después",0.208177363184428,0.83722713571483,23,-0.0076945863867498,1.0573417540598,0.00279178876375097,"Otros países","",FALSE
"WDI (PIB per cápita)","wdi_CIV_13","Cote d'Ivoire (1998-2003)","CIV","Cote d'Ivoire",1998,2003,-0.202847948176945,5,FALSE,20,2023,128.033187749474,20,"20 años después",0.202847948176945,1.28033187749474,25,0.00993378868279771,1.60613257479131,0.023974330149823,"Otros países","",FALSE
"WDI (PIB per cápita)","wdi_IRQ_12","Iraq (1982-1985)","IRQ","Iraq",1982,1985,-0.201953825324455,3,FALSE,20,2005,116.86715818252,20,"20 años después",0.201953825324455,1.1686715818252,23,0.00679987153178785,1.46441599359879,0.0192558744370428,"Otros países","",FALSE
"WDI (PIB per cápita)","wdi_MMR_8","Myanmar (1985-1988)","MMR","Myanmar",1985,1988,-0.201177630440163,3,FALSE,20,2008,346.601901866504,20,"20 años después",0.201177630440163,3.46601901866504,23,0.0555308002809702,4.33891081514764,0.0761406487169787,"Otros países","",FALSE
"WDI (PIB per cápita)","wdi_TGO_8","Togo (1980-1983)","TGO","Togo",1980,1983,-0.200882767457536,3,FALSE,20,2003,81.0186142365221,20,"20 años después",0.200882767457536,0.810186142365221,23,-0.00911004337675791,1.01385142175891,0.000688054979699038,"Otros países","",FALSE
"WDI (PIB per cápita)","wdi_CAF_17","Central African Republic (1988-1993)","CAF","Central African Republic",1988,1993,-0.19924273532225,5,FALSE,20,2013,63.4643006144743,20,"20 años después",0.19924273532225,0.634643006144743,25,-0.0180233072002263,0.792553541678006,-0.0115574542801888,"Otros países","",FALSE
"WDI (PIB per cápita)","wdi_ZWE_11","Zimbabwe (1974-1978)","ZWE","Zimbabwe",1974,1978,-0.193862250254076,4,FALSE,20,1998,102.400197996177,20,"20 años después",0.193862250254076,1.02400197996177,24,0.000988757672717222,1.27025682680722,0.0120327735714352,"Otros países","",FALSE
"WDI (PIB per cápita)","wdi_NER_14","Niger (1988-1997)","NER","Niger",1988,1997,-0.191967766500572,9,FALSE,20,2017,100.895226243515,20,"20 años después",0.191967766500572,1.00895226243515,29,0.000307372349658941,1.24865348262851,0.0111651581164836,"Otros países","",FALSE
"WDI (PIB per cápita)","wdi_GTM_4","Guatemala (1980-1986)","GTM","Guatemala",1980,1986,-0.191018583948737,6,FALSE,20,2006,103.076518578013,20,"20 años después",0.191018583948737,1.03076518578013,26,0.00116611882091822,1.27415187213005,0.0121877100931116,"Otros países","",FALSE
"WDI (PIB per cápita)","wdi_PAN_6","Panama (1986-1989)","PAN","Panama",1986,1989,-0.190980572223957,3,FALSE,20,2009,182.028191757984,20,"20 años después",0.190980572223957,1.82028191757984,23,0.0263851886871169,2.24998542072556,0.0413794066011259,"Otros países","",FALSE
"WDI (PIB per cápita)","wdi_PHL_2","Philippines (1982-1985)","PHL","Philippines",1982,1985,-0.18990900525366,3,FALSE,20,2005,107.361859815312,20,"20 años después",0.18990900525366,1.07361859815312,23,0.00309324424827717,1.32530617562203,0.0141817963438455,"Otros países","",FALSE
"WDI (PIB per cápita)","wdi_SDN_8","Sudan (1977-1980)","SDN","Sudan",1977,1980,-0.189862533018711,3,FALSE,20,2000,120.355058551958,20,"20 años después",0.189862533018711,1.20355058551958,23,0.00808801133300774,1.48561279359688,0.0199885147031438,"Otros países","",FALSE
"WDI (PIB per cápita)","wdi_VEN_80","Venezuela (2001-2003)","VEN","Venezuela",2001,2003,-0.188975855520166,2,TRUE,20,2023,32.4522560358855,20,"20 años después",0.188975855520166,0.324522560358855,22,-0.0498681889482162,0.400139209871482,-0.0447642768037773,"Venezuela","",FALSE
"WDI (PIB per cápita)","wdi_DMA_1","Dominica (1978-1979)","DMA","Dominica",1978,1979,-0.1862224909723,1,FALSE,20,1999,188.589356325559,20,"20 años después",0.1862224909723,1.88589356325559,21,0.0306705470968207,2.31745599053094,0.0429189885303041,"Otros países","",FALSE
"WDI (PIB per cápita)","wdi_MLI_9","Mali (1981-1984)","MLI","Mali",1981,1984,-0.184971009563738,3,FALSE,20,2004,119.88485934532,20,"20 años después",0.184971009563738,1.1988485934532,23,0.00791645730120782,1.47092754677535,0.019482004217916,"Otros países","",FALSE
"WDI (PIB per cápita)","wdi_CHL_8","Chile (1981-1983)","CHL","Chile",1981,1983,-0.183000658944998,2,FALSE,20,2003,187.639673795962,20,"20 años después",0.183000658944998,1.87639673795962,22,0.0290200777759499,2.29669308611265,0.042449794714509,"Otros países","",FALSE
"WDI (PIB per cápita)","wdi_ETH_10","Ethiopia (1983-1985)","ETH","Ethiopia",1983,1985,-0.182278593287662,2,FALSE,20,2005,95.7138095861879,20,"20 años después",0.182278593287662,0.957138095861879,22,-0.00198927318380027,1.17049411695123,0.00790235920756466,"Otros países","",FALSE
"WDI (PIB per cápita)","wdi_GNB_4","Guinea-Bissau (1978-1980)","GNB","Guinea-Bissau",1978,1980,-0.181641923077685,2,FALSE,20,2000,113.6496500392,20,"20 años después",0.181641923077685,1.136496500392,22,0.00583286735593602,1.38875210307222,0.0165558325217665,"Otros países","",FALSE
"WDI (PIB per cápita)","wdi_TCD_12","Chad (1992-1993)","TCD","Chad",1992,1993,-0.176741907151847,1,FALSE,20,2013,154.50984795144,20,"20 años después",0.176741907151847,1.5450984795144,21,0.0209345767210778,1.87680934197557,0.0319793517093763,"Otros países","",FALSE
"WDI (PIB per cápita)","wdi_SLE_16","Sierra Leone (1991-1992)","SLE","Sierra Leone",1991,1992,-0.174597698249032,1,FALSE,20,2012,102.119133632066,20,"20 años después",0.174597698249032,1.02119133632066,21,0.000999066474134169,1.23720437192185,0.0106995499139504,"Otros países","",FALSE
"WDI (PIB per cápita)","wdi_HRV_1","Croatia (1991-1993)","HRV","Croatia",1991,1993,-0.172356882769868,2,FALSE,20,2013,150.948498960141,20,"20 años después",0.172356882769868,1.50948498960141,22,0.0188930075079521,1.82383561003104,0.0305030572168905,"Otros países","",FALSE
"WDI (PIB per cápita)","wdi_HUN_4","Hungary (1989-1993)","HUN","Hungary",1989,1993,-0.170704825746459,4,FALSE,20,2013,132.2737220829,20,"20 años después",0.170704825746459,1.322737220829,24,0.0117224777020157,1.5950137681913,0.0236187249999174,"Otros países","",FALSE
"WDI (PIB per cápita)","wdi_ZMB_15","Zambia (1981-1987)","ZMB","Zambia",1981,1987,-0.169747257404589,6,FALSE,20,2007,92.5647224566668,20,"20 años después",0.169747257404589,0.925647224566668,26,-0.00296720772369019,1.11489812327876,0.00545296516098825,"Otros países","",FALSE
"WDI (PIB per cápita)","wdi_SAU_10","Saudi Arabia (1991-1999)","SAU","Saudi Arabia",1991,1999,-0.16932694232846,8,FALSE,20,2019,93.1307843366787,20,"20 años después",0.16932694232846,0.931307843366787,28,-0.00253839415568524,1.12114848888603,0.00573405695002438,"Otros países","",FALSE
"WDI (PIB per cápita)","wdi_OMN_6","Oman (1972-1973)","OMN","Oman",1972,1973,-0.166997263585133,1,FALSE,20,1993,154.006176726661,20,"20 años después",0.166997263585133,1.54006176726661,21,0.0207758519715175,1.84880757282363,0.0312039919472962,"Otros países","",FALSE
"WDI (PIB per cápita)","wdi_MDG_9","Madagascar (1990-1996)","MDG","Madagascar",1990,1996,-0.165092292003228,6,FALSE,20,2016,83.7745970378819,20,"20 años después",0.165092292003228,0.837745970378819,26,-0.00678611433194254,1.00339949236887,0.000169700755387137,"Otros países","",FALSE
"WDI (PIB per cápita)","wdi_SYR_18","Syrian Arab Republic (1988-1989)","SYR","Syrian Arab Republic",1988,1989,-0.164606695006472,1,FALSE,20,2009,133.655234289215,20,"20 años después",0.164606695006472,1.33655234289215,21,0.0139098261619297,1.59990789356697,0.0237755396749491,"Otros países","",FALSE
"WDI (PIB per cápita)","wdi_LSO_8","Lesotho (1974-1975)","LSO","Lesotho",1974,1975,-0.164511267325274,1,FALSE,20,1995,161.010035618973,20,"20 años después",0.164511267325274,1.61010035618973,21,0.0229399508699777,1.92713593040946,0.033345654377253,"Otros países","",FALSE
"WDI (PIB per cápita)","wdi_TZA_6","Tanzania (1975-1983)","TZA","Tanzania",1975,1983,-0.163890932745869,8,FALSE,20,2003,108.207201543735,20,"20 años después",0.163890932745869,1.08207201543735,28,0.00282103364469233,1.29417567374432,0.0129771794826181,"Otros países","",FALSE
"WDI (PIB per cápita)","wdi_CRI_4","Costa Rica (1979-1982)","CRI","Costa Rica",1979,1982,-0.158723576173982,3,FALSE,20,2002,126.108620009622,20,"20 años después",0.158723576173982,1.26108620009622,23,0.0101368336847674,1.49901526345047,0.020446646396064,"Otros países","",FALSE
"WDI (PIB per cápita)","wdi_TCD_4","Chad (1969-1973)","TCD","Chad",1969,1973,-0.154764450694266,4,FALSE,20,1993,73.8989041151165,20,"20 años después",0.154764450694266,0.738989041151165,24,-0.0125239224932759,0.874299527224288,-0.00669410665050774,"Otros países","",FALSE
"WDI (PIB per cápita)","wdi_GNQ_5","Equatorial Guinea (1987-1991)","GNQ","Equatorial Guinea",1987,1991,-0.153679366067332,4,FALSE,20,2011,2714.18913852556,20,"20 años después",0.153679366067332,27.1418913852556,24,0.147453260937307,32.0704592290668,0.189337901107225,"Otros países","",FALSE
"WDI (PIB per cápita)","wdi_SDN_10","Sudan (1982-1985)","SDN","Sudan",1982,1985,-0.153673361132595,3,FALSE,20,2005,163.198734147959,20,"20 años después",0.153673361132595,1.63198734147959,23,0.0215239561759377,1.92831853155845,0.0333773511473943,"Otros países","",FALSE
"WDI (PIB per cápita)","wdi_URY_15","Uruguay (1998-2002)","URY","Uruguay",1998,2002,-0.153490347766664,4,FALSE,20,2022,157.345151471838,20,"20 años después",0.153490347766664,1.57345151471838,24,0.0190657922293684,1.85875200662764,0.0314806197290876,"Otros países","",FALSE
"WDI (PIB per cápita)","wdi_NER_4","Niger (1965-1969)","NER","Niger",1965,1969,-0.153237155397015,4,FALSE,20,1989,56.0966932491437,20,"20 años después",0.153237155397015,0.560966932491437,24,-0.0237994397571979,0.662484113547109,-0.0203774504690489,"Otros países","",FALSE
"WDI (PIB per cápita)","wdi_STP_6","Sao Tome and Principe (1979-1981)","STP","Sao Tome and Principe",1979,1981,-0.151307628383258,2,FALSE,20,2001,66.9034487522022,20,"20 años después",0.151307628383258,0.669034487522022,22,-0.0181032079323965,0.788312125685216,-0.01182261556563,"Otros países","",FALSE
"WDI (PIB per cápita)","wdi_IDN_9","Indonesia (1997-1999)","IDN","Indonesia",1997,1999,-0.150985066116873,2,FALSE,20,2019,184.975796862913,20,"20 años después",0.150985066116873,1.84975796862913,22,0.0283515018815073,2.17871075620415,0.0397046321641492,"Otros países","",FALSE
"WDI (PIB per cápita)","wdi_ZMB_13","Zambia (1976-1980)","ZMB","Zambia",1976,1980,-0.150019411997716,4,FALSE,20,2000,64.3309024218043,20,"20 años después",0.150019411997716,0.643309024218043,24,-0.0182125299812982,0.756851430842694,-0.0138328498443913,"Otros países","",FALSE
"WDI (PIB per cápita)","wdi_GEO_4","Georgia (1988-1994)","GEO","Georgia",1988,1994,-0.784252454171453,6,FALSE,25,2019,111.082093112414,25,"25 años después",0.784252454171453,1.11082093112414,31,0.00339605420045119,5.14870714685629,0.0677459372287437,"Otros países","",FALSE
"WDI (PIB per cápita)","wdi_TJK_3","Tajikistan (1988-1996)","TJK","Tajikistan",1988,1996,-0.75190036866998,8,FALSE,25,2021,84.1051540478221,25,"25 años después",0.75190036866998,0.841051540478221,33,-0.00523179159338871,3.38997497081913,0.0500448751823011,"Otros países","",FALSE
"WDI (PIB per cápita)","wdi_IRQ_16","Iraq (1990-1991)","IRQ","Iraq",1990,1991,-0.644235820475039,1,FALSE,25,2016,139.878532131938,25,"25 años después",0.644235820475039,1.39878532131938,26,0.0129915210484162,3.93177672689568,0.0562909378679797,"Otros países","Iraq (1990-1991)",TRUE
"WDI (PIB per cápita)","wdi_UKR_2","Ukraine (1989-1998)","UKR","Ukraine",1989,1998,-0.605083330497868,9,FALSE,25,2023,65.1652172073822,25,"25 años después",0.605083330497868,0.651652172073822,34,-0.0125164313633545,1.65010044497578,0.0202354627330517,"Otros países","",FALSE
"WDI (PIB per cápita)","wdi_AZE_1","Azerbaijan (1991-1995)","AZE","Azerbaijan",1991,1995,-0.601133004151926,4,FALSE,25,2020,181.131858767243,25,"25 años después",0.601133004151926,1.81131858767243,29,0.0206959085897496,4.54115935017685,0.0623965939267448,"Otros países","",FALSE
"WDI (PIB per cápita)","wdi_SAU_6","Saudi Arabia (1979-1987)","SAU","Saudi Arabia",1979,1987,-0.557089581311511,8,FALSE,25,2012,40.6060358334665,25,"25 años después",0.557089581311511,0.406060358334665,33,-0.0269411455870748,0.91680019525632,-0.00346859926466492,"Otros países","",FALSE
"WDI (PIB per cápita)","wdi_MDA_1","Moldova (1991-1996)","MDA","Moldova",1991,1996,-0.545561891782624,5,FALSE,25,2021,117.538598241168,25,"25 años después",0.545561891782624,1.17538598241168,30,0.00540108653746008,2.58645998466627,0.0387432880268481,"Otros países","",FALSE
"WDI (PIB per cápita)","wdi_IRN_4","Iran, Islamic Rep. (1976-1981)","IRN","Iran, Islamic Rep.",1976,1981,-0.542672491853306,5,FALSE,25,2006,64.3857538783213,25,"25 años después",0.542672491853306,0.643857538783213,30,-0.014568759836682,1.40786969363034,0.0137771504185242,"Otros países","",FALSE
"WDI (PIB per cápita)","wdi_ARE_6","United Arab Emirates (1980-1988)","ARE","United Arab Emirates",1980,1988,-0.517824013492657,8,FALSE,25,2013,37.8503614077217,25,"25 años después",0.517824013492657,0.378503614077217,33,-0.0290111489265915,0.784990594033768,-0.00963660914636577,"Otros países","",FALSE
"WDI (PIB per cápita)","wdi_KGZ_2","Kyrgyz Republic (1990-1995)","KGZ","Kyrgyz Republic",1990,1995,-0.511996838926655,5,FALSE,25,2020,90.8478543245885,25,"25 años después",0.511996838926655,0.908478543245885,30,-0.00319435413331393,1.86162430023551,0.0251695109496159,"Otros países","",FALSE
"WDI (PIB per cápita)","wdi_KWT_3","Kuwait (1979-1982)","KWT","Kuwait",1979,1982,-0.506269473606368,3,FALSE,25,2007,106.078936657199,25,"25 años después",0.506269473606368,1.06078936657199,28,0.0021098410328142,2.14851889819401,0.0310638660077076,"Otros países","",FALSE
"WDI (PIB per cápita)","wdi_TZA_2","Tanzania (1968-1970)","TZA","Tanzania",1968,1970,-0.483369539888332,2,FALSE,25,1995,48.0062590244759,25,"25 años después",0.483369539888332,0.480062590244759,27,-0.0268131831400613,0.929218517508617,-0.0029321468296174,"Otros países","",FALSE
"WDI (PIB per cápita)","wdi_RWA_18","Rwanda (1992-1994)","RWA","Rwanda",1992,1994,-0.482857683153878,2,FALSE,25,2019,239.752627495571,25,"25 años después",0.482857683153878,2.39752627495571,27,0.0329167264668977,4.63610537535861,0.0632762956132322,"Otros países","",FALSE
"WDI (PIB per cápita)","wdi_KWT_1","Kuwait (1971-1977)","KWT","Kuwait",1971,1977,-0.477721465660515,6,FALSE,25,2002,44.7076274788382,25,"25 años después",0.477721465660515,0.447076274788382,31,-0.0256342988733285,0.856011199759129,-0.00619957559751239,"Otros países","",FALSE
"WDI (PIB per cápita)","wdi_ARM_1","Armenia (1991-1993)","ARM","Armenia",1991,1993,-0.444524562697591,2,FALSE,25,2018,282.292902444546,25,"25 años después",0.444524562697591,2.82292902444546,27,0.0391843341765725,5.08200513447477,0.0671891569079017,"Otros países","",FALSE
"WDI (PIB per cápita)","wdi_TKM_3","Turkmenistan (1990-1995)","TKM","Turkmenistan",1990,1995,-0.433041568689599,5,FALSE,25,2020,199.245240067226,25,"25 años después",0.433041568689599,1.99245240067226,30,0.0232449230020861,3.51428304199859,0.0515585756265711,"Otros países","",FALSE
"WDI (PIB per cápita)","wdi_CMR_12","Cameroon (1986-1994)","CMR","Cameroon",1986,1994,-0.424365813553514,8,FALSE,25,2019,79.78004993558,25,"25 años después",0.424365813553514,0.7978004993558,33,-0.00682197888476277,1.38595051881959,0.0131410424235374,"Otros países","",FALSE
"WDI (PIB per cápita)","wdi_AGO_5","Angola (1988-1994)","AGO","Angola",1988,1994,-0.419969309366908,6,FALSE,25,2019,104.027663536848,25,"25 años después",0.419969309366908,1.04027663536848,31,0.00127457523726204,1.79348550372918,0.0236415713978495,"Otros países","",FALSE
"WDI (PIB per cápita)","wdi_KHM_9","Cambodia (1992-1994)","KHM","Cambodia",1992,1994,-0.404080881412024,2,FALSE,25,2019,232.854735789718,25,"25 años después",0.404080881412024,2.32854735789718,27,0.0318005226350146,3.90748892805226,0.0560291594220557,"Otros países","",FALSE
"WDI (PIB per cápita)","wdi_RUS_1","Russian Federation (1990-1996)","RUS","Russian Federation",1990,1996,-0.402910807826704,6,FALSE,25,2021,130.343255376254,25,"25 años después",0.402910807826704,1.30343255376254,31,0.00858506828086392,2.18297797188103,0.0317202961592804,"Otros países","",FALSE
"WDI (PIB per cápita)","wdi_ALB_6","Albania (1989-1992)","ALB","Albania",1989,1992,-0.399308253489314,3,FALSE,25,2017,245.304980787287,25,"25 años después",0.399308253489314,2.45304980787287,28,0.0325666273858178,4.0837081949639,0.0578940830418875,"Otros países","",FALSE
"WDI (PIB per cápita)","wdi_LTU_1","Lithuania (1991-1994)","LTU","Lithuania",1991,1994,-0.397134463626588,3,FALSE,25,2019,222.14458240108,25,"25 años después",0.397134463626588,2.2214458240108,28,0.0289158262494393,3.68481143801004,0.0535535401306897,"Otros países","",FALSE
"WDI (PIB per cápita)","wdi_GAB_2","Gabon (1976-1980)","GAB","Gabon",1976,1980,-0.380558602189237,4,FALSE,25,2005,48.0995772906609,25,"25 años después",0.380558602189237,0.480995772906609,29,-0.0249220091694816,0.776499237226555,-0.0100673661140825,"Otros países","",FALSE
"WDI (PIB per cápita)","wdi_NIC_14","Nicaragua (1983-1993)","NIC","Nicaragua",1983,1993,-0.368799802417541,10,FALSE,25,2018,113.097169973587,25,"25 años después",0.368799802417541,1.13097169973587,35,0.00352268080662688,1.7917796985292,0.0236026097050783,"Otros países","",FALSE
"WDI (PIB per cápita)","wdi_CUB_8","Cuba (1988-1993)","CUB","Cuba",1988,1993,-0.367963306680326,5,FALSE,25,2018,156.9280322507,25,"25 años después",0.367963306680326,1.569280322507,30,0.0151339464154003,2.48289433049307,0.0370467372844678,"Otros países","",FALSE
"WDI (PIB per cápita)","wdi_NGA_8","Nigeria (1980-1984)","NGA","Nigeria",1980,1984,-0.36258303598831,4,FALSE,25,2009,101.248795459829,25,"25 años después",0.36258303598831,1.01248795459829,29,0.000428044110081904,1.5884232955239,0.0186820413269551,"Otros países","",FALSE
"WDI (PIB per cápita)","wdi_NIC_10","Nicaragua (1977-1979)","NIC","Nicaragua",1977,1979,-0.359245987843394,2,FALSE,25,2004,54.8502300170234,25,"25 años después",0.359245987843394,0.548502300170234,27,-0.0219975500755384,0.856026321745723,-0.00619887335860392,"Otros países","",FALSE
"WDI (PIB per cápita)","wdi_SLV_2","El Salvador (1978-1986)","SLV","El Salvador",1978,1986,-0.34969059547654,8,FALSE,25,2011,99.4645219963208,25,"25 años después",0.34969059547654,0.994645219963208,33,-0.000162688833167834,1.52949536489031,0.0171427938731616,"Otros países","",FALSE
"WDI (PIB per cápita)","wdi_QAT_7","Qatar (1978-1985)","QAT","Qatar",1978,1985,-0.34959648855942,7,FALSE,25,2010,119.500978694912,25,"25 años después",0.34959648855942,1.19500978694912,32,0.00558285057660668,1.83733600131139,0.0246311230690255,"Otros países","",FALSE
"WDI (PIB per cápita)","wdi_MOZ_1","Mozambique (1981-1986)","MOZ","Mozambique",1981,1986,-0.344070302736099,5,FALSE,25,2011,198.906220444994,25,"25 años después",0.344070302736099,1.98906220444994,30,0.0231868395205184,3.03243200109246,0.0453738760223237,"Otros países","",FALSE
"WDI (PIB per cápita)","wdi_TTO_6","Trinidad and Tobago (1982-1989)","TTO","Trinidad and Tobago",1982,1989,-0.340843450765157,7,FALSE,25,2014,219.376646997356,25,"25 años después",0.340843450765157,2.19376646997356,32,0.0248544703576696,3.32814180867976,0.0492719737093419,"Otros países","",FALSE
"WDI (PIB per cápita)","wdi_BLR_1","Belarus (1991-1995)","BLR","Belarus",1991,1995,-0.339126390725369,4,FALSE,25,2020,219.150356195058,25,"25 años después",0.339126390725369,2.19150356195058,29,0.0274240568081365,3.31607062408794,0.0491194794978231,"Otros países","",FALSE
"WDI (PIB per cápita)","wdi_LBY_10","Libya (1979-1984)","LBY","Libya",1979,1984,-0.336150917643974,5,FALSE,25,2009,62.5024796587124,25,"25 años después",0.336150917643974,0.625024796587124,30,-0.0155434000171762,0.941516397625928,-0.00240763756197448,"Otros países","",FALSE
"WDI (PIB per cápita)","wdi_LVA_1","Latvia (1991-1993)","LVA","Latvia",1991,1993,-0.333046243040737,2,FALSE,25,2018,225.868247215446,25,"25 años después",0.333046243040737,2.25868247215446,27,0.0306370423282989,3.38656533318309,0.0500026093580141,"Otros países","",FALSE
"WDI (PIB per cápita)","wdi_IRN_6","Iran, Islamic Rep. (1983-1988)","IRN","Iran, Islamic Rep.",1983,1988,-0.331277566008101,5,FALSE,25,2013,116.05620906362,25,"25 años después",0.331277566008101,1.1605620906362,30,0.0049758201020591,1.73549148591934,0.022296560209577,"Otros países","",FALSE
"WDI (PIB per cápita)","wdi_NER_10","Niger (1979-1984)","NER","Niger",1979,1984,-0.314308891321158,5,FALSE,25,2009,63.1815080924006,25,"25 años después",0.314308891321158,0.631815080924007,30,-0.0151887534464792,0.921428137140875,-0.00326786843957172,"Otros países","",FALSE
"WDI (PIB per cápita)","wdi_JAM_2","Jamaica (1972-1980)","JAM","Jamaica",1972,1980,-0.311308834985616,8,FALSE,25,2005,93.5560033117104,25,"25 años después",0.311308834985616,0.935560033117104,33,-0.00201644796200917,1.35846091926788,0.0123294843287098,"Otros países","",FALSE
"WDI (PIB per cápita)","wdi_CIV_9","Cote d'Ivoire (1978-1984)","CIV","Cote d'Ivoire",1978,1984,-0.303441267670946,6,FALSE,25,2009,48.2312552905891,25,"25 años después",0.303441267670946,0.482312552905891,31,-0.0232469131064504,0.692421945947332,-0.0145948380237572,"Otros países","",FALSE
"WDI (PIB per cápita)","wdi_COD_10","Congo, Dem. Rep. (1974-1983)","COD","Congo, Dem. Rep.",1974,1983,-0.302566486646005,9,FALSE,25,2008,27.7913374934301,25,"25 años después",0.302566486646005,0.277913374934301,34,-0.036959845760462,0.398480098264566,-0.036134877851938,"Otros países","",FALSE
"WDI (PIB per cápita)","wdi_JOR_4","Jordan (1986-1991)","JOR","Jordan",1986,1991,-0.302015113676662,5,FALSE,25,2016,91.2010619275498,25,"25 años después",0.302015113676662,0.912010619275498,30,-0.00306541349736988,1.30663376406264,0.0107555973785596,"Otros países","",FALSE
"WDI (PIB per cápita)","wdi_TCD_6","Chad (1977-1980)","TCD","Chad",1977,1980,-0.295286891547152,3,FALSE,25,2005,139.850254226236,25,"25 años después",0.295286891547152,1.39850254226236,28,0.0120506759861634,1.9844991181343,0.0277939014419901,"Otros países","",FALSE
"WDI (PIB per cápita)","wdi_PER_10","Peru (1987-1990)","PER","Peru",1987,1990,-0.294570318191694,3,FALSE,25,2015,162.39970710982,25,"25 años después",0.294570318191694,1.6239970710982,28,0.0174683331621648,2.30213884243604,0.0339160103569334,"Otros países","",FALSE
"WDI (PIB per cápita)","wdi_KAZ_1","Kazakhstan (1991-1995)","KAZ","Kazakhstan",1991,1995,-0.287493817037481,4,FALSE,25,2020,215.167133542662,25,"25 años después",0.287493817037481,2.15167133542662,29,0.0267744002488717,3.01986338768348,0.0452002185676146,"Otros países","",FALSE
"WDI (PIB per cápita)","wdi_BDI_16","Burundi (1991-1997)","BDI","Burundi",1991,1997,-0.28650508640599,6,FALSE,25,2022,68.6657732627186,25,"25 años después",0.28650508640599,0.686657732627186,31,-0.0120532007238893,0.962386303734612,-0.00153239850804898,"Otros países","",FALSE
"WDI (PIB per cápita)","wdi_LBY_12","Libya (1985-1987)","LBY","Libya",1985,1987,-0.28614950550311,2,FALSE,25,2012,90.1550697743239,25,"25 años después",0.28614950550311,0.901550697743239,27,-0.00383112395874707,1.26294049621502,0.00938144158872678,"Otros países","",FALSE
"WDI (PIB per cápita)","wdi_KWT_9","Kuwait (1989-1991)","KWT","Kuwait",1989,1991,-0.285907070936286,2,FALSE,25,2016,141.992322152851,25,"25 años después",0.285907070936286,1.41992322152851,27,0.0130699638955982,1.98842918580675,0.027875241157741,"Otros países","",FALSE
"WDI (PIB per cápita)","wdi_ETH_12","Ethiopia (1987-1992)","ETH","Ethiopia",1987,1992,-0.285609333755594,5,FALSE,25,2017,233.238346186075,25,"25 años después",0.285609333755594,2.33238346186075,30,0.0286319234039303,3.26485713219384,0.0484665206883972,"Otros países","",FALSE
"WDI (PIB per cápita)","wdi_COG_8","Congo, Rep. (1984-1994)","COG","Congo, Rep.",1984,1994,-0.284822019292559,10,FALSE,25,2019,65.1501669366547,25,"25 años después",0.284822019292559,0.651501669366547,35,-0.0121675217149323,0.910964385008182,-0.00372311104635148,"Otros países","",FALSE
"WDI (PIB per cápita)","wdi_UZB_2","Uzbekistan (1989-1996)","UZB","Uzbekistan",1989,1996,-0.283076693629837,7,FALSE,25,2021,217.617351987151,25,"25 años después",0.283076693629837,2.17617351987151,32,0.0245966286766772,3.03543419572959,0.0454152543666864,"Otros países","",FALSE
"WDI (PIB per cápita)","wdi_GHA_10","Ghana (1978-1983)","GHA","Ghana",1978,1983,-0.275227346724788,5,FALSE,25,2008,132.727501156436,25,"25 años después",0.275227346724788,1.32727501156436,30,0.00948227380112709,1.83129841553274,0.0244962304423533,"Otros países","",FALSE
"WDI (PIB per cápita)","wdi_BOL_2","Bolivia (1977-1986)","BOL","Bolivia",1977,1986,-0.268862856802168,9,FALSE,25,2011,117.677624096043,25,"25 años después",0.268862856802168,1.17677624096043,34,0.00479908775105287,1.60951505734405,0.0192196822104134,"Otros países","",FALSE
"WDI (PIB per cápita)","wdi_GAB_6","Gabon (1984-1987)","GAB","Gabon",1984,1987,-0.261101141459161,3,FALSE,25,2012,71.3626429401333,25,"25 años después",0.261101141459161,0.713626429401333,28,-0.0119775364046336,0.965797173933367,-0.00139108880522387,"Otros países","",FALSE
"WDI (PIB per cápita)","wdi_TGO_12","Togo (1989-1993)","TGO","Togo",1989,1993,-0.254630485447047,4,FALSE,25,2018,108.990698581334,25,"25 años después",0.254630485447047,1.08990698581334,29,0.00297311297637215,1.46223713813547,0.0153147896268715,"Otros países","",FALSE
"WDI (PIB per cápita)","wdi_NER_6","Niger (1971-1973)","NER","Niger",1971,1973,-0.254186713971129,2,FALSE,25,1998,56.3139412129995,25,"25 años después",0.254186713971129,0.563139412129995,27,-0.0210431429856226,0.755067551998793,-0.0111750128634026,"Otros países","",FALSE
"WDI (PIB per cápita)","wdi_NGA_2","Nigeria (1965-1968)","NGA","Nigeria",1965,1968,-0.253209646996592,3,FALSE,25,1993,91.8727515696871,25,"25 años después",0.253209646996592,0.918727515696871,28,-0.00302276868823759,1.23023484703836,0.00832264559481644,"Otros países","",FALSE
"WDI (PIB per cápita)","wdi_CIV_11","Cote d'Ivoire (1985-1994)","CIV","Cote d'Ivoire",1985,1994,-0.252269671151677,9,FALSE,25,2019,97.8971513345932,25,"25 años después",0.252269671151677,0.978971513345932,34,-0.000624885106777162,1.30925746298639,0.0108367024529941,"Otros países","",FALSE
"WDI (PIB per cápita)","wdi_VEN_70","Venezuela (1977-1985)","VEN","Venezuela",1977,1985,-0.246708124123997,8,TRUE,25,2010,88.700398435436,25,"25 años después",0.246708124123997,0.88700398435436,33,-0.00362691602773468,1.17750371769623,0.006557273562525,"Venezuela","",FALSE
"WDI (PIB per cápita)","wdi_MDG_7","Madagascar (1979-1987)","MDG","Madagascar",1979,1987,-0.24300200583002,8,FALSE,25,2012,63.2810132883954,25,"25 años después",0.24300200583002,0.632810132883954,33,-0.0137705145264549,0.835946908390169,-0.00714198095235974,"Otros países","",FALSE
"WDI (PIB per cápita)","wdi_GNB_12","Guinea-Bissau (1997-1998)","GNB","Guinea-Bissau",1997,1998,-0.238778523409397,1,FALSE,25,2023,117.947196812475,25,"25 años después",0.238778523409397,1.17947196812475,26,0.00636892101397346,1.54944652035755,0.0176702145195993,"Otros países","",FALSE
"WDI (PIB per cápita)","wdi_MNG_2","Mongolia (1989-1993)","MNG","Mongolia",1989,1993,-0.23794563277286,4,FALSE,25,2018,224.836246310171,25,"25 años después",0.23794563277286,2.24836246310171,29,0.028331931435134,2.95039640187713,0.0442277128085597,"Otros países","",FALSE
"WDI (PIB per cápita)","wdi_EST_1","Estonia (1991-1993)","EST","Estonia",1991,1993,-0.223526680310649,2,FALSE,25,2018,230.564670276008,25,"25 años después",0.223526680310649,2.30564670276008,27,0.0314228985240712,2.96938303518595,0.0444956819879585,"Otros países","",FALSE
"WDI (PIB per cápita)","wdi_MDG_5","Madagascar (1971-1978)","MDG","Madagascar",1971,1978,-0.222731643161847,7,FALSE,25,2003,51.344485868442,25,"25 años después",0.222731643161847,0.51344485868442,32,-0.0206161651028323,0.660576047085025,-0.0164489352438079,"Otros países","",FALSE
"WDI (PIB per cápita)","wdi_BGR_2","Bulgaria (1988-1993)","BGR","Bulgaria",1988,1993,-0.22069053637546,5,FALSE,25,2018,167.656831117306,25,"25 años después",0.22069053637546,1.67656831117306,30,0.0173741729572974,2.15135115051137,0.0311181990057716,"Otros países","",FALSE
"WDI (PIB per cápita)","wdi_BHR_4","Bahrain (1977-1982)","BHR","Bahrain",1977,1982,-0.220006556632658,5,FALSE,25,2007,98.4522894861997,25,"25 años después",0.220006556632658,0.984522894861997,30,-0.000519802384370105,1.26221944970675,0.00935838395478683,"Otros países","",FALSE
"WDI (PIB per cápita)","wdi_BGD_8","Bangladesh (1970-1972)","BGD","Bangladesh",1970,1972,-0.216187796626027,2,FALSE,25,1997,118.840751744317,25,"25 años después",0.216187796626027,1.18840751744317,27,0.00641359775763317,1.51618909775529,0.0167873507523915,"Otros países","",FALSE
"WDI (PIB per cápita)","wdi_CHL_6","Chile (1971-1975)","CHL","Chile",1971,1975,-0.214471221187694,4,FALSE,25,2000,194.44774666979,25,"25 años después",0.214471221187694,1.9444774666979,29,0.0231957349983261,2.47537393809796,0.0369209105915738,"Otros países","",FALSE
"WDI (PIB per cápita)","wdi_KHM_3","Cambodia (1978-1982)","KHM","Cambodia",1978,1982,-0.211373566596198,4,FALSE,25,2007,123.27629858906,25,"25 años después",0.211373566596198,1.2327629858906,29,0.00724188898042422,1.56317735961481,0.0180294232978704,"Otros países","",FALSE
"WDI (PIB per cápita)","wdi_URY_9","Uruguay (1981-1984)","URY","Uruguay",1981,1984,-0.210010644658055,3,FALSE,25,2009,154.265644809623,25,"25 años después",0.210010644658055,1.54265644809623,28,0.015602826016891,1.95275599305828,0.0271311945195076,"Otros países","",FALSE
"WDI (PIB per cápita)","wdi_GHA_8","Ghana (1974-1977)","GHA","Ghana",1974,1977,-0.208177363184428,3,FALSE,25,2002,90.7473626238852,25,"25 años después",0.208177363184428,0.907473626238852,28,-0.003461522756527,1.14605668497732,0.00546797833676083,"Otros países","",FALSE
"WDI (PIB per cápita)","wdi_IRQ_12","Iraq (1982-1985)","IRQ","Iraq",1982,1985,-0.201953825324455,3,FALSE,25,2010,137.02518567003,25,"25 años después",0.201953825324455,1.3702518567003,28,0.011313322738113,1.71700823859897,0.0218588137332012,"Otros países","",FALSE
"WDI (PIB per cápita)","wdi_MMR_8","Myanmar (1985-1988)","MMR","Myanmar",1985,1988,-0.201177630440163,3,FALSE,25,2013,496.990714193994,25,"25 años después",0.201177630440163,4.96990714193994,28,0.058935678704948,6.22154227438376,0.0758603996322211,"Otros países","",FALSE
"WDI (PIB per cápita)","wdi_TGO_8","Togo (1980-1983)","TGO","Togo",1980,1983,-0.200882767457536,3,FALSE,25,2008,70.3674631435367,25,"25 años después",0.200882767457536,0.703674631435367,28,-0.0124729597327772,0.880564956904461,-0.00507474300269928,"Otros países","",FALSE
"WDI (PIB per cápita)","wdi_CAF_17","Central African Republic (1988-1993)","CAF","Central African Republic",1988,1993,-0.19924273532225,5,FALSE,25,2018,71.6642417283925,25,"25 años después",0.19924273532225,0.716642417283925,30,-0.0110444994714207,0.894955873515959,-0.00442939577266543,"Otros países","",FALSE
"WDI (PIB per cápita)","wdi_ZWE_11","Zimbabwe (1974-1978)","ZWE","Zimbabwe",1974,1978,-0.193862250254076,4,FALSE,25,2003,71.587060053142,25,"25 años después",0.193862250254076,0.71587060053142,29,-0.0114598933245643,0.888025155448986,-0.00473894393087371,"Otros países","",FALSE
"WDI (PIB per cápita)","wdi_NER_14","Niger (1988-1997)","NER","Niger",1988,1997,-0.191967766500572,9,FALSE,25,2022,114.006108040996,25,"25 años después",0.191967766500572,1.14006108040996,34,0.00386278965852083,1.41091039830501,0.0138646416319177,"Otros países","",FALSE
"WDI (PIB per cápita)","wdi_GTM_4","Guatemala (1980-1986)","GTM","Guatemala",1980,1986,-0.191018583948737,6,FALSE,25,2011,110.171813756479,25,"25 años después",0.191018583948737,1.10171813756479,31,0.00312975537571236,1.36185840083003,0.0124306355236472,"Otros países","",FALSE
"WDI (PIB per cápita)","wdi_PAN_6","Panama (1986-1989)","PAN","Panama",1986,1989,-0.190980572223957,3,FALSE,25,2014,241.323695768178,25,"25 años después",0.190980572223957,2.41323695768178,28,0.0319633758768438,2.98291595334818,0.0446856776118802,"Otros países","",FALSE
"WDI (PIB per cápita)","wdi_PHL_2","Philippines (1982-1985)","PHL","Philippines",1982,1985,-0.18990900525366,3,FALSE,25,2010,125.024707796344,25,"25 años después",0.18990900525366,1.25024707796344,28,0.00800836801784732,1.54334153332358,0.0175095211672687,"Otros países","",FALSE
"WDI (PIB per cápita)","wdi_SDN_8","Sudan (1977-1980)","SDN","Sudan",1977,1980,-0.189862533018711,3,FALSE,25,2005,139.75774468463,25,"25 años después",0.189862533018711,1.3975774468463,28,0.0120267590224088,1.72511148268936,0.0220512804023454,"Otros países","",FALSE
"WDI (PIB per cápita)","wdi_DMA_1","Dominica (1978-1979)","DMA","Dominica",1978,1979,-0.1862224909723,1,FALSE,25,2004,206.542721456027,25,"25 años después",0.1862224909723,2.06542721456027,26,0.0282903618684334,2.53807360322361,0.0379589271842429,"Otros países","",FALSE
"WDI (PIB per cápita)","wdi_MLI_9","Mali (1981-1984)","MLI","Mali",1981,1984,-0.184971009563738,3,FALSE,25,2009,120.331887663311,25,"25 años después",0.184971009563738,1.20331887663311,28,0.00663201900439425,1.47641236171121,0.0157066758495317,"Otros países","",FALSE
"WDI (PIB per cápita)","wdi_CHL_8","Chile (1981-1983)","CHL","Chile",1981,1983,-0.183000658944998,2,FALSE,25,2008,233.370253508141,25,"25 años después",0.183000658944998,2.33370253508141,27,0.0318850365045609,2.85643135533973,0.042876669095784,"Otros países","",FALSE
"WDI (PIB per cápita)","wdi_ETH_10","Ethiopia (1983-1985)","ETH","Ethiopia",1983,1985,-0.182278593287662,2,FALSE,25,2010,138.847625431295,25,"25 años después",0.182278593287662,1.38847625431295,27,0.0122299942319757,1.69798203020677,0.0214034574093434,"Otros países","",FALSE
"WDI (PIB per cápita)","wdi_GNB_4","Guinea-Bissau (1978-1980)","GNB","Guinea-Bissau",1978,1980,-0.181641923077685,2,FALSE,25,2005,118.594594037962,25,"25 años después",0.181641923077685,1.18594594037962,27,0.0063363129245595,1.44917729026362,0.0149504975069745,"Otros países","",FALSE
"WDI (PIB per cápita)","wdi_TCD_12","Chad (1992-1993)","TCD","Chad",1992,1993,-0.176741907151847,1,FALSE,25,2018,137.692316923359,25,"25 años después",0.176741907151847,1.37692316923359,26,0.0123779583651413,1.67252916332711,0.0207865708365589,"Otros países","",FALSE
"WDI (PIB per cápita)","wdi_SLE_16","Sierra Leone (1991-1992)","SLE","Sierra Leone",1991,1992,-0.174597698249032,1,FALSE,25,2017,100.674909862395,25,"25 años después",0.174597698249032,1.00674909862395,26,0.000258742137838386,1.21970716157234,0.0079760726705167,"Otros países","",FALSE
"WDI (PIB per cápita)","wdi_HRV_1","Croatia (1991-1993)","HRV","Croatia",1991,1993,-0.172356882769868,2,FALSE,25,2018,179.290958186743,25,"25 años después",0.172356882769868,1.79290958186743,27,0.0218591813896145,2.16628344336113,0.0314035246887359,"Otros países","",FALSE
"WDI (PIB per cápita)","wdi_HUN_4","Hungary (1989-1993)","HUN","Hungary",1989,1993,-0.170704825746459,4,FALSE,25,2018,163.896597462414,25,"25 años después",0.170704825746459,1.63896597462414,29,0.0171826957266337,1.97633608093692,0.0276244575808349,"Otros países","",FALSE
"WDI (PIB per cápita)","wdi_ZMB_15","Zambia (1981-1987)","ZMB","Zambia",1981,1987,-0.169747257404589,6,FALSE,25,2012,115.014448511004,25,"25 años después",0.169747257404589,1.15014448511004,31,0.0045226990483056,1.38529441229502,0.0131218532957018,"Otros países","",FALSE
"WDI (PIB per cápita)","wdi_SAU_10","Saudi Arabia (1991-1999)","SAU","Saudi Arabia",1991,1999,-0.16932694232846,8,FALSE,25,2024,93.3464039611043,25,"25 años después",0.16932694232846,0.933464039611043,33,-0.00208427453909721,1.12374421078208,0.00467755195501729,"Otros países","",FALSE
"WDI (PIB per cápita)","wdi_OMN_6","Oman (1972-1973)","OMN","Oman",1972,1973,-0.166997263585133,1,FALSE,25,1998,166.832031065216,25,"25 años después",0.166997263585133,1.66832031065216,26,0.0198803142815367,2.00277890782495,0.0281709292525043,"Otros países","",FALSE
"WDI (PIB per cápita)","wdi_MDG_9","Madagascar (1990-1996)","MDG","Madagascar",1990,1996,-0.165092292003228,6,FALSE,25,2021,80.1429955730298,25,"25 años después",0.165092292003228,0.801429955730298,31,-0.00711513773438721,0.959902451557432,-0.00163560544286778,"Otros países","",FALSE
"WDI (PIB per cápita)","wdi_SYR_18","Syrian Arab Republic (1988-1989)","SYR","Syrian Arab Republic",1988,1989,-0.164606695006472,1,FALSE,25,2014,76.322945129076,25,"25 años después",0.164606695006472,0.76322945129076,26,-0.0103383636944508,0.913616911613474,-0.00360723540958929,"Otros países","",FALSE
"WDI (PIB per cápita)","wdi_LSO_8","Lesotho (1974-1975)","LSO","Lesotho",1974,1975,-0.164511267325274,1,FALSE,25,2000,181.960489134426,25,"25 años después",0.164511267325274,1.81960489134426,26,0.0232909165989181,2.17789279517749,0.0316240541385451,"Otros países","",FALSE
"WDI (PIB per cápita)","wdi_TZA_6","Tanzania (1975-1983)","TZA","Tanzania",1975,1983,-0.163890932745869,8,FALSE,25,2008,130.975690553372,25,"25 años después",0.163890932745869,1.30975690553372,33,0.00821053983005182,1.56649049368056,0.0181156436179331,"Otros países","",FALSE
"WDI (PIB per cápita)","wdi_CRI_4","Costa Rica (1979-1982)","CRI","Costa Rica",1979,1982,-0.158723576173982,3,FALSE,25,2007,154.361543430876,25,"25 años después",0.158723576173982,1.54361543430876,28,0.0156253673127691,1.83484927259532,0.0245756158258954,"Otros países","",FALSE
"WDI (PIB per cápita)","wdi_TCD_4","Chad (1969-1973)","TCD","Chad",1969,1973,-0.154764450694266,4,FALSE,25,1998,79.4678952167718,25,"25 años después",0.154764450694266,0.794678952167718,29,-0.00789340901922264,0.940186380968544,-0.00246404507472486,"Otros países","",FALSE
"WDI (PIB per cápita)","wdi_GNQ_5","Equatorial Guinea (1987-1991)","GNQ","Equatorial Guinea",1987,1991,-0.153679366067332,4,FALSE,25,2016,1931.20708678801,25,"25 años después",0.153679366067332,19.3120708678801,29,0.107487736178118,22.8188585904388,0.133265732079029,"Otros países","",FALSE
"WDI (PIB per cápita)","wdi_SDN_10","Sudan (1982-1985)","SDN","Sudan",1982,1985,-0.153673361132595,3,FALSE,25,2010,165.852260130083,25,"25 años después",0.153673361132595,1.65852260130083,28,0.0182330577544487,1.95967198139993,0.0272764575044224,"Otros países","",FALSE
"WDI (PIB per cápita)","wdi_NER_4","Niger (1965-1969)","NER","Niger",1965,1969,-0.153237155397015,4,FALSE,25,1994,49.1145676561538,25,"25 años después",0.153237155397015,0.491145676561538,29,-0.0242196229782661,0.580027429984623,-0.0215515687157284,"Otros países","",FALSE
"WDI (PIB per cápita)","wdi_STP_6","Sao Tome and Principe (1979-1981)","STP","Sao Tome and Principe",1979,1981,-0.151307628383258,2,FALSE,25,2006,79.5265306095616,25,"25 años después",0.151307628383258,0.795265306095616,27,-0.00844853482154828,0.937047783969887,-0.00259746079689638,"Otros países","",FALSE
"WDI (PIB per cápita)","wdi_IDN_9","Indonesia (1997-1999)","IDN","Indonesia",1997,1999,-0.150985066116873,2,FALSE,25,2024,209.807629966343,25,"25 años después",0.150985066116873,2.09807629966343,27,0.0278253069009882,2.47118892251693,0.036850730396226,"Otros países","",FALSE
"WDI (PIB per cápita)","wdi_ZMB_13","Zambia (1976-1980)","ZMB","Zambia",1976,1980,-0.150019411997716,4,FALSE,25,2005,74.2941560480248,25,"25 años después",0.150019411997716,0.742941560480248,29,-0.0101938213538872,0.874068856356342,-0.00536937801757953,"Otros países","",FALSE
"WDI (PIB per cápita)","wdi_IRQ_16","Iraq (1990-1991)","IRQ","Iraq",1990,1991,-0.644235820475039,1,FALSE,30,2021,118.599366197508,30,"30 años después",0.644235820475039,1.18599366197508,31,0.00551777867445424,3.33365113811822,0.0409519226026753,"Otros países","Iraq (1990-1991)",TRUE
"WDI (PIB per cápita)","wdi_IRN_4","Iran, Islamic Rep. (1976-1981)","IRN","Iran, Islamic Rep.",1976,1981,-0.542672491853306,5,FALSE,30,2011,71.7012462067799,30,"30 años después",0.542672491853306,0.717012462067799,35,-0.00945960398726997,1.56783147590109,0.0151026915344776,"Otros países","",FALSE
"WDI (PIB per cápita)","wdi_KWT_3","Kuwait (1979-1982)","KWT","Kuwait",1979,1982,-0.506269473606368,3,FALSE,30,2012,86.6363029310898,30,"30 años después",0.506269473606368,0.866363029310898,33,-0.00433757318966854,1.7547285067405,0.0189205727494595,"Otros países","",FALSE
"WDI (PIB per cápita)","wdi_TZA_2","Tanzania (1968-1970)","TZA","Tanzania",1968,1970,-0.483369539888332,2,FALSE,30,2000,52.3940004110573,30,"30 años después",0.483369539888332,0.523940004110573,32,-0.0199966760495901,1.01414849600104,0.000468421015117348,"Otros países","",FALSE
"WDI (PIB per cápita)","wdi_RWA_18","Rwanda (1992-1994)","RWA","Rwanda",1992,1994,-0.482857683153878,2,FALSE,30,2024,293.427363510753,30,"30 años después",0.482857683153878,2.93427363510753,32,0.0342115749446783,5.67401571970107,0.0595700757075774,"Otros países","",FALSE
"WDI (PIB per cápita)","wdi_ARM_1","Armenia (1991-1993)","ARM","Armenia",1991,1993,-0.444524562697591,2,FALSE,30,2023,364.25101027963,30,"30 años después",0.444524562697591,3.6425101027963,32,0.041223050478939,6.55746385562187,0.0646933222465569,"Otros países","",FALSE
"WDI (PIB per cápita)","wdi_KHM_9","Cambodia (1992-1994)","KHM","Cambodia",1992,1994,-0.404080881412024,2,FALSE,30,2024,253.075250714247,30,"30 años después",0.404080881412024,2.53075250714247,32,0.0294412163476199,4.24680536032987,0.0493863527203309,"Otros países","",FALSE
"WDI (PIB per cápita)","wdi_ALB_6","Albania (1989-1992)","ALB","Albania",1989,1992,-0.399308253489314,3,FALSE,30,2022,309.658464188624,30,"30 años después",0.399308253489314,3.09658464188624,33,0.034844846125591,5.15503111183691,0.0561875479684266,"Otros países","",FALSE
"WDI (PIB per cápita)","wdi_LTU_1","Lithuania (1991-1994)","LTU","Lithuania",1991,1994,-0.397134463626588,3,FALSE,30,2024,243.310856628317,30,"30 años después",0.397134463626588,2.43310856628317,33,0.0273108223286813,4.03590588528204,0.0476061380414063,"Otros países","",FALSE
"WDI (PIB per cápita)","wdi_GAB_2","Gabon (1976-1980)","GAB","Gabon",1976,1980,-0.380558602189237,4,FALSE,30,2010,43.7233356724139,30,"30 años después",0.380558602189237,0.437233356724139,34,-0.0240383698815403,0.705851043003284,-0.0115445460734185,"Otros países","",FALSE
"WDI (PIB per cápita)","wdi_CUB_8","Cuba (1988-1993)","CUB","Cuba",1988,1993,-0.367963306680326,5,FALSE,30,2023,143.651652121847,30,"30 años después",0.367963306680326,1.43651652121847,35,0.0104029122223301,2.27283722037307,0.0277455643772053,"Otros países","",FALSE
"WDI (PIB per cápita)","wdi_NGA_8","Nigeria (1980-1984)","NGA","Nigeria",1980,1984,-0.36258303598831,4,FALSE,30,2014,118.655131717914,30,"30 años después",0.36258303598831,1.18655131717914,34,0.0050435894349381,1.86149943313617,0.020928741258661,"Otros países","",FALSE
"WDI (PIB per cápita)","wdi_NIC_10","Nicaragua (1977-1979)","NIC","Nicaragua",1977,1979,-0.359245987843394,2,FALSE,30,2009,58.3701660491986,30,"30 años después",0.359245987843394,0.583701660491986,32,-0.016683183328515,0.910960601756363,-0.00310369454781212,"Otros países","",FALSE
"WDI (PIB per cápita)","wdi_MOZ_1","Mozambique (1981-1986)","MOZ","Mozambique",1981,1986,-0.344070302736099,5,FALSE,30,2016,239.821619237509,30,"30 años después",0.344070302736099,2.39821619237509,35,0.0253070705968954,3.65620919799613,0.0441615606628729,"Otros países","",FALSE
"WDI (PIB per cápita)","wdi_LBY_10","Libya (1979-1984)","LBY","Libya",1979,1984,-0.336150917643974,5,FALSE,30,2014,38.0732512409914,30,"30 años después",0.336150917643974,0.380732512409914,35,-0.0272131006268239,0.573522691420586,-0.0183612655967194,"Otros países","",FALSE
"WDI (PIB per cápita)","wdi_LVA_1","Latvia (1991-1993)","LVA","Latvia",1991,1993,-0.333046243040737,2,FALSE,30,2023,242.439529968253,30,"30 años después",0.333046243040737,2.42439529968253,32,0.0280609360974309,3.63502757782742,0.0439593548746229,"Otros países","",FALSE
"WDI (PIB per cápita)","wdi_IRN_6","Iran, Islamic Rep. (1983-1988)","IRN","Iran, Islamic Rep.",1983,1988,-0.331277566008101,5,FALSE,30,2018,121.018826193111,30,"30 años después",0.331277566008101,1.21018826193111,35,0.00546562334156886,1.80970190383319,0.0199688333158432,"Otros países","",FALSE
"WDI (PIB per cápita)","wdi_NER_10","Niger (1979-1984)","NER","Niger",1979,1984,-0.314308891321158,5,FALSE,30,2014,72.336078637486,30,"30 años después",0.314308891321158,0.72336078637486,35,-0.00921010102654696,1.05493680349538,0.00178428538729825,"Otros países","",FALSE
"WDI (PIB per cápita)","wdi_JOR_4","Jordan (1986-1991)","JOR","Jordan",1986,1991,-0.302015113676662,5,FALSE,30,2021,89.8371572070563,30,"30 años después",0.302015113676662,0.898371572070563,35,-0.00305736012362978,1.28709315871117,0.00844836471073185,"Otros países","",FALSE
"WDI (PIB per cápita)","wdi_TCD_6","Chad (1977-1980)","TCD","Chad",1977,1980,-0.295286891547152,3,FALSE,30,2010,140.449226734284,30,"30 años después",0.295286891547152,1.40449226734284,33,0.0103463652315086,1.99299864086012,0.0232542726766938,"Otros países","",FALSE
"WDI (PIB per cápita)","wdi_PER_10","Peru (1987-1990)","PER","Peru",1987,1990,-0.294570318191694,3,FALSE,30,2020,151.978717822059,30,"30 años después",0.294570318191694,1.51978717822059,33,0.0127647312741683,2.15441342689856,0.0259140279606223,"Otros países","",FALSE
"WDI (PIB per cápita)","wdi_LBY_12","Libya (1985-1987)","LBY","Libya",1985,1987,-0.28614950550311,2,FALSE,30,2017,67.517243549768,30,"30 años después",0.28614950550311,0.67517243549768,32,-0.0121995731689901,0.945817703710537,-0.00185512481514638,"Otros países","",FALSE
"WDI (PIB per cápita)","wdi_KWT_9","Kuwait (1989-1991)","KWT","Kuwait",1989,1991,-0.285907070936286,2,FALSE,30,2021,126.31921187711,30,"30 años después",0.285907070936286,1.2631921187711,32,0.00732803033550833,1.76894640369474,0.0191946982077571,"Otros países","",FALSE
"WDI (PIB per cápita)","wdi_ETH_12","Ethiopia (1987-1992)","ETH","Ethiopia",1987,1992,-0.285609333755594,5,FALSE,30,2022,278.647739278054,30,"30 años después",0.285609333755594,2.78647739278054,35,0.0297122327924784,3.90049523943141,0.0464150849385612,"Otros países","",FALSE
"WDI (PIB per cápita)","wdi_GHA_10","Ghana (1978-1983)","GHA","Ghana",1978,1983,-0.275227346724788,5,FALSE,30,2013,177.841115707532,30,"30 años después",0.275227346724788,1.77841115707532,35,0.0165851852319896,2.45375035749316,0.030372705795801,"Otros países","",FALSE
"WDI (PIB per cápita)","wdi_GAB_6","Gabon (1984-1987)","GAB","Gabon",1984,1987,-0.261101141459161,3,FALSE,30,2017,71.749002842541,30,"30 años después",0.261101141459161,0.71749002842541,33,-0.010010054327274,0.971026034391626,-0.000979586528633059,"Otros países","",FALSE
"WDI (PIB per cápita)","wdi_TGO_12","Togo (1989-1993)","TGO","Togo",1989,1993,-0.254630485447047,4,FALSE,30,2023,123.056722739869,30,"30 años después",0.254630485447047,1.23056722739869,34,0.00612086888554964,1.65094923171998,0.0168521017483707,"Otros países","",FALSE
"WDI (PIB per cápita)","wdi_NER_6","Niger (1971-1973)","NER","Niger",1971,1973,-0.254186713971129,2,FALSE,30,2003,53.5776253669792,30,"30 años después",0.254186713971129,0.535776253669792,32,-0.0193122890612831,0.718378532142496,-0.0109647324399703,"Otros países","",FALSE
"WDI (PIB per cápita)","wdi_NGA_2","Nigeria (1965-1968)","NGA","Nigeria",1965,1968,-0.253209646996592,3,FALSE,30,1998,86.9914571449997,30,"30 años después",0.253209646996592,0.869914571449997,33,-0.00421413387289471,1.16487119571298,0.00509997815009133,"Otros países","",FALSE
"WDI (PIB per cápita)","wdi_MNG_2","Mongolia (1989-1993)","MNG","Mongolia",1989,1993,-0.23794563277286,4,FALSE,30,2023,239.489831411286,30,"30 años después",0.23794563277286,2.39489831411286,34,0.0260192341477374,3.14268694873713,0.0389070755332901,"Otros países","",FALSE
"WDI (PIB per cápita)","wdi_EST_1","Estonia (1991-1993)","EST","Estonia",1991,1993,-0.223526680310649,2,FALSE,30,2023,233.019486762522,30,"30 años después",0.223526680310649,2.33019486762522,32,0.0267885274280839,3.00099798478263,0.0373106977740918,"Otros países","",FALSE
"WDI (PIB per cápita)","wdi_BGR_2","Bulgaria (1988-1993)","BGR","Bulgaria",1988,1993,-0.22069053637546,5,FALSE,30,2023,200.247362886475,30,"30 años después",0.22069053637546,2.00247362886475,35,0.0200376321487354,2.56954871246053,0.0319576982734182,"Otros países","",FALSE
"WDI (PIB per cápita)","wdi_BHR_4","Bahrain (1977-1982)","BHR","Bahrain",1977,1982,-0.220006556632658,5,FALSE,30,2012,101.785043858462,30,"30 años después",0.220006556632658,1.01785043858462,35,0.000505641805855328,1.30494742903275,0.0089115655151415,"Otros países","",FALSE
"WDI (PIB per cápita)","wdi_BGD_8","Bangladesh (1970-1972)","BGD","Bangladesh",1970,1972,-0.216187796626027,2,FALSE,30,2002,137.602933151388,30,"30 años después",0.216187796626027,1.37602933151388,32,0.0100249810331396,1.75555997417579,0.0189366627087313,"Otros países","",FALSE
"WDI (PIB per cápita)","wdi_CHL_6","Chile (1971-1975)","CHL","Chile",1971,1975,-0.214471221187694,4,FALSE,30,2005,232.09686069911,30,"30 años después",0.214471221187694,2.3209686069911,34,0.0250734340370398,2.95465763902416,0.0367727459092331,"Otros países","",FALSE
"WDI (PIB per cápita)","wdi_KHM_3","Cambodia (1978-1982)","KHM","Cambodia",1978,1982,-0.211373566596198,4,FALSE,30,2012,154.988476472929,30,"30 años después",0.211373566596198,1.54988476472929,34,0.0129710680536914,1.96529649410787,0.0227769595920511,"Otros países","",FALSE
"WDI (PIB per cápita)","wdi_URY_9","Uruguay (1981-1984)","URY","Uruguay",1981,1984,-0.210010644658055,3,FALSE,30,2014,192.915361398595,30,"30 años después",0.210010644658055,1.92915361398595,33,0.0201111138473771,2.44199950409575,0.0302078442520222,"Otros países","",FALSE
"WDI (PIB per cápita)","wdi_GHA_8","Ghana (1974-1977)","GHA","Ghana",1974,1977,-0.208177363184428,3,FALSE,30,2007,103.926732860352,30,"30 años después",0.208177363184428,1.03926732860352,33,0.0011678320871138,1.31250014874932,0.00910566759801523,"Otros países","",FALSE
"WDI (PIB per cápita)","wdi_IRQ_12","Iraq (1982-1985)","IRQ","Iraq",1982,1985,-0.201953825324455,3,FALSE,30,2015,156.728531262986,30,"30 años después",0.201953825324455,1.56728531262986,33,0.0137096427933905,1.96390304516785,0.0227527787435389,"Otros países","",FALSE
"WDI (PIB per cápita)","wdi_MMR_8","Myanmar (1985-1988)","MMR","Myanmar",1985,1988,-0.201177630440163,3,FALSE,30,2018,660.381587376887,30,"30 años después",0.201177630440163,6.60381587376887,33,0.0588690915022281,8.26693909111193,0.0729467236205217,"Otros países","",FALSE
"WDI (PIB per cápita)","wdi_TGO_8","Togo (1980-1983)","TGO","Togo",1980,1983,-0.200882767457536,3,FALSE,30,2013,81.7440250106761,30,"30 años después",0.200882767457536,0.817440250106761,33,-0.00608978970822172,1.022929073255,0.000755957340474511,"Otros países","",FALSE
"WDI (PIB per cápita)","wdi_CAF_17","Central African Republic (1988-1993)","CAF","Central African Republic",1988,1993,-0.19924273532225,5,FALSE,30,2023,72.1083162356644,30,"30 años después",0.19924273532225,0.721083162356644,35,-0.00929937105146961,0.900501555420581,-0.0034873512523339,"Otros países","",FALSE
"WDI (PIB per cápita)","wdi_ZWE_11","Zimbabwe (1974-1978)","ZWE","Zimbabwe",1974,1978,-0.193862250254076,4,FALSE,30,2008,45.956296504526,30,"30 años después",0.193862250254076,0.45956296504526,34,-0.0226075695349383,0.57007994625001,-0.018558257279068,"Otros países","",FALSE
"WDI (PIB per cápita)","wdi_PAN_6","Panama (1986-1989)","PAN","Panama",1986,1989,-0.190980572223957,3,FALSE,30,2019,276.622675194008,30,"30 años después",0.190980572223957,2.76622675194008,33,0.0313131104362256,3.41923402203617,0.0418318436577543,"Otros países","",FALSE
"WDI (PIB per cápita)","wdi_PHL_2","Philippines (1982-1985)","PHL","Philippines",1982,1985,-0.18990900525366,3,FALSE,30,2015,153.300559722268,30,"30 años después",0.18990900525366,1.53300559722268,33,0.0130305383350742,1.89238691352531,0.0214889301055252,"Otros países","",FALSE
"WDI (PIB per cápita)","wdi_SDN_8","Sudan (1977-1980)","SDN","Sudan",1977,1980,-0.189862533018711,3,FALSE,30,2010,142.030132449522,30,"30 años después",0.189862533018711,1.42030132449522,33,0.0106891202161077,1.75316089229585,0.018890217346927,"Otros países","",FALSE
"WDI (PIB per cápita)","wdi_DMA_1","Dominica (1978-1979)","DMA","Dominica",1978,1979,-0.1862224909723,1,FALSE,30,2009,242.044354936943,30,"30 años después",0.1862224909723,2.42044354936943,31,0.0289249735597192,2.97433084905649,0.0370021158827738,"Otros países","",FALSE
"WDI (PIB per cápita)","wdi_MLI_9","Mali (1981-1984)","MLI","Mali",1981,1984,-0.184971009563738,3,FALSE,30,2014,121.902731045898,30,"30 años después",0.184971009563738,1.21902731045898,33,0.00601965953174188,1.49568582806665,0.0135099405318542,"Otros países","",FALSE
"WDI (PIB per cápita)","wdi_CHL_8","Chile (1981-1983)","CHL","Chile",1981,1983,-0.183000658944998,2,FALSE,30,2013,270.908132499798,30,"30 años después",0.183000658944998,2.70908132499798,32,0.0316340995262123,3.31589168909207,0.0407665952667884,"Otros países","",FALSE
"WDI (PIB per cápita)","wdi_ETH_10","Ethiopia (1983-1985)","ETH","Ethiopia",1983,1985,-0.182278593287662,2,FALSE,30,2015,196.773994351927,30,"30 años después",0.182278593287662,1.96773994351927,32,0.021377980129242,2.4063696111743,0.0297032365561172,"Otros países","",FALSE
"WDI (PIB per cápita)","wdi_GNB_4","Guinea-Bissau (1978-1980)","GNB","Guinea-Bissau",1978,1980,-0.181641923077685,2,FALSE,30,2010,124.557028736243,30,"30 años después",0.181641923077685,1.24557028736243,32,0.00688589598211231,1.52203579641662,0.0141001078129022,"Otros países","",FALSE
"WDI (PIB per cápita)","wdi_TCD_12","Chad (1992-1993)","TCD","Chad",1992,1993,-0.176741907151847,1,FALSE,30,2023,131.257992433238,30,"30 años después",0.176741907151847,1.31257992433238,31,0.00881262415771422,1.59437233078556,0.0156708578476477,"Otros países","",FALSE
"WDI (PIB per cápita)","wdi_SLE_16","Sierra Leone (1991-1992)","SLE","Sierra Leone",1991,1992,-0.174597698249032,1,FALSE,30,2022,107.304092520952,30,"30 años después",0.174597698249032,1.07304092520952,31,0.0022766716851268,1.30002172629423,0.00878439085091332,"Otros países","",FALSE
"WDI (PIB per cápita)","wdi_HRV_1","Croatia (1991-1993)","HRV","Croatia",1991,1993,-0.172356882769868,2,FALSE,30,2023,219.63709561803,30,"30 años después",0.172356882769868,2.1963709561803,32,0.0248924712912417,2.65376574812931,0.0330676280470774,"Otros países","",FALSE
"WDI (PIB per cápita)","wdi_HUN_4","Hungary (1989-1993)","HUN","Hungary",1989,1993,-0.170704825746459,4,FALSE,30,2023,184.660472265097,30,"30 años después",0.170704825746459,1.84660472265097,34,0.0182033643572808,2.22671586665523,0.0270434726677418,"Otros países","",FALSE
"WDI (PIB per cápita)","wdi_OMN_6","Oman (1972-1973)","OMN","Oman",1972,1973,-0.166997263585133,1,FALSE,30,2003,169.598865922428,30,"30 años después",0.166997263585133,1.69598865922428,31,0.0171868571727736,2.03599410312095,0.0239825376672678,"Otros países","",FALSE
"WDI (PIB per cápita)","wdi_SYR_18","Syrian Arab Republic (1988-1989)","SYR","Syrian Arab Republic",1988,1989,-0.164606695006472,1,FALSE,30,2019,69.4672245657309,30,"30 años después",0.164606695006472,0.694672245657309,31,-0.0116833148695099,0.831551128677876,-0.00612988487481181,"Otros países","",FALSE
"WDI (PIB per cápita)","wdi_LSO_8","Lesotho (1974-1975)","LSO","Lesotho",1974,1975,-0.164511267325274,1,FALSE,30,2005,214.249075336885,30,"30 años después",0.164511267325274,2.14249075336885,31,0.0248842167656687,2.56435624991602,0.0318881187114608,"Otros países","",FALSE
"WDI (PIB per cápita)","wdi_CRI_4","Costa Rica (1979-1982)","CRI","Costa Rica",1979,1982,-0.158723576173982,3,FALSE,30,2012,173.649931090958,30,"30 años después",0.158723576173982,1.73649931090958,33,0.0168639879093815,2.06412453948513,0.0244510138086755,"Otros países","",FALSE
"WDI (PIB per cápita)","wdi_TCD_4","Chad (1969-1973)","TCD","Chad",1969,1973,-0.154764450694266,4,FALSE,30,2003,90.9701762150101,30,"30 años después",0.154764450694266,0.909701762150101,34,-0.00277961402544846,1.07627011535106,0.00245305271602025,"Otros países","",FALSE
"WDI (PIB per cápita)","wdi_GNQ_5","Equatorial Guinea (1987-1991)","GNQ","Equatorial Guinea",1987,1991,-0.153679366067332,4,FALSE,30,2021,1329.47063684312,30,"30 años después",0.153679366067332,13.2947063684312,34,0.0790693947906573,15.708829296355,0.096153716524553,"Otros países","",FALSE
"WDI (PIB per cápita)","wdi_SDN_10","Sudan (1982-1985)","SDN","Sudan",1982,1985,-0.153673361132595,3,FALSE,30,2015,163.468800591685,30,"30 años después",0.153673361132595,1.63468800591685,33,0.015003929342577,1.93150957425193,0.0221859223398135,"Otros países","",FALSE
"WDI (PIB per cápita)","wdi_NER_4","Niger (1965-1969)","NER","Niger",1965,1969,-0.153237155397015,4,FALSE,30,1999,47.4402119195303,30,"30 años después",0.153237155397015,0.474402119195303,34,-0.0216935866057034,0.560253821030293,-0.0191268927621144,"Otros países","",FALSE
"WDI (PIB per cápita)","wdi_STP_6","Sao Tome and Principe (1979-1981)","STP","Sao Tome and Principe",1979,1981,-0.151307628383258,2,FALSE,30,2011,83.5042902210483,30,"30 años después",0.151307628383258,0.835042902210482,32,-0.00561766705009781,0.983917058921765,-0.000540309819920037,"Otros países","",FALSE
"WDI (PIB per cápita)","wdi_ZMB_13","Zambia (1976-1980)","ZMB","Zambia",1976,1980,-0.150019411997716,4,FALSE,30,2010,94.6323749379148,30,"30 años después",0.150019411997716,0.946323749379148,34,-0.00162134709699358,1.11334748432702,0.00358545337200589,"Otros países","",FALSE
