"country_code","country","maddison_country","region","series_id","series_label","episode_id","episode_label","phase","start_year","end_year","start_date","end_date","duration_years","average_growth","cumulative_growth","start_index_value","end_index_value","episode_index_end_100"
"AFG","Afghanistan","Afghanistan","South and South East Asia","wdi_real_gdp_per_capita_growth","WDI real GDP per capita growth",1,"2001-2003","expansion",2001,2003,"2001-01-01","2003-01-01",2,0.121829309529784,0.248823832633767,89.8805158940674,112.244930337929,124.882383263377
"AFG","Afghanistan","Afghanistan","South and South East Asia","wdi_real_gdp_per_capita_growth","WDI real GDP per capita growth",2,"2003-2004","contraction",2003,2004,"2003-01-01","2004-01-01",1,-0.0214821228495553,-0.0214821228495552,112.244930337929,109.83367095517,97.8517877150445
"AFG","Afghanistan","Afghanistan","South and South East Asia","wdi_real_gdp_per_capita_growth","WDI real GDP per capita growth",3,"2004-2010","expansion",2004,2010,"2004-01-01","2010-01-01",6,0.0833072860997926,0.603104774152149,109.83367095517,176.07488227089,160.310477415215
"AFG","Afghanistan","Afghanistan","South and South East Asia","wdi_real_gdp_per_capita_growth","WDI real GDP per capita growth",4,"2010-2011","contraction",2010,2011,"2010-01-01","2011-01-01",1,-0.0321329500579925,-0.0321329500579925,176.07488227089,170.417076872412,96.7867049942007
"AFG","Afghanistan","Afghanistan","South and South East Asia","wdi_real_gdp_per_capita_growth","WDI real GDP per capita growth",5,"2011-2013","expansion",2011,2013,"2011-01-01","2013-01-01",2,0.0516571862685845,0.105013355570033,170.417076872412,188.313145961221,110.501335557003
"AFG","Afghanistan","Afghanistan","South and South East Asia","wdi_real_gdp_per_capita_growth","WDI real GDP per capita growth",6,"2013-2018","contraction",2013,2018,"2013-01-01","2018-01-01",5,-0.00962895094303658,-0.0473277647635482,188.313145961221,179.400705687284,95.2672235236452
"AFG","Afghanistan","Afghanistan","South and South East Asia","wdi_real_gdp_per_capita_growth","WDI real GDP per capita growth",7,"2018-2019","expansion",2018,2019,"2018-01-01","2019-01-01",1,0.00856294729087764,0.0085629472908777,179.400705687284,180.936904474031,100.856294729088
"AFG","Afghanistan","Afghanistan","South and South East Asia","wdi_real_gdp_per_capita_growth","WDI real GDP per capita growth",8,"2019-2022","contraction",2019,2022,"2019-01-01","2022-01-01",3,-0.118478884756772,-0.32301188628423,180.936904474031,122.492133661445,67.698811371577
"AFG","Afghanistan","Afghanistan","South and South East Asia","wdi_real_gdp_per_capita_growth","WDI real GDP per capita growth",9,"2022-2023","expansion",2022,2023,"2022-01-01","2023-01-01",1,0.0010609280092082,0.00106092800920821,122.492133661445,122.622088996954,100.106092800921
"AGO","Angola","Angola","Sub Saharan Africa","wdi_real_gdp_per_capita_growth","WDI real GDP per capita growth",1,"1981-1982","contraction",1981,1982,"1981-01-01","1982-01-01",1,-0.0361121699593038,-0.0361121699593039,92.1804623292259,88.8516258066657,96.3887830040696
"AGO","Angola","Angola","Sub Saharan Africa","wdi_real_gdp_per_capita_growth","WDI real GDP per capita growth",2,"1982-1984","expansion",1982,1984,"1982-01-01","1984-01-01",2,0.0127121620667644,0.025509834101141,88.8516258066657,91.1182160406103,102.550983410114
"AGO","Angola","Angola","Sub Saharan Africa","wdi_real_gdp_per_capita_growth","WDI real GDP per capita growth",3,"1984-1986","contraction",1984,1986,"1984-01-01","1986-01-01",2,-0.00497510642625322,-0.00993218426154796,91.1182160406103,90.2132131293115,99.0067815738452
"AGO","Angola","Angola","Sub Saharan Africa","wdi_real_gdp_per_capita_growth","WDI real GDP per capita growth",4,"1986-1988","expansion",1986,1988,"1986-01-01","1988-01-01",2,0.0155346614334047,0.0312057473711558,90.2132131293115,93.028383867765,103.120574737116
"AGO","Angola","Angola","Sub Saharan Africa","wdi_real_gdp_per_capita_growth","WDI real GDP per capita growth",5,"1988-1994","contraction",1988,1994,"1988-01-01","1994-01-01",6,-0.0824508292343601,-0.419969309366908,93.028383867765,53.9593177433001,58.0030690633092
"AGO","Angola","Angola","Sub Saharan Africa","wdi_real_gdp_per_capita_growth","WDI real GDP per capita growth",6,"1994-1998","expansion",1994,1998,"1994-01-01","1998-01-01",4,0.0648240726596289,0.281728341747808,53.9593177433001,69.1611868529631,128.172834174781
"AGO","Angola","Angola","Sub Saharan Africa","wdi_real_gdp_per_capita_growth","WDI real GDP per capita growth",7,"1998-2000","contraction",1998,2000,"1998-01-01","2000-01-01",2,-0.00716863544090558,-0.0143030157855925,69.1611868529631,68.1719733056549,98.5696984214407
"AGO","Angola","Angola","Sub Saharan Africa","wdi_real_gdp_per_capita_growth","WDI real GDP per capita growth",8,"2000-2002","expansion",2000,2002,"2000-01-01","2002-01-01",2,0.053134935155101,0.107028117354328,68.1719733056549,75.4682912648886,110.702811735433
"AGO","Angola","Angola","Sub Saharan Africa","wdi_real_gdp_per_capita_growth","WDI real GDP per capita growth",9,"2002-2003","contraction",2002,2003,"2002-01-01","2003-01-01",1,-0.000654379872422197,-0.000654379872422117,75.4682912648886,75.4189063340788,99.9345620127578
"AGO","Angola","Angola","Sub Saharan Africa","wdi_real_gdp_per_capita_growth","WDI real GDP per capita growth",10,"2003-2008","expansion",2003,2008,"2003-01-01","2008-01-01",5,0.0817590059329489,0.480897510639979,75.4189063340788,111.687670645327,148.089751063998
"AGO","Angola","Angola","Sub Saharan Africa","wdi_real_gdp_per_capita_growth","WDI real GDP per capita growth",11,"2008-2009","contraction",2008,2009,"2008-01-01","2009-01-01",1,-0.0180906009330889,-0.0180906009330889,111.687670645327,109.667173566536,98.1909399066911
"AGO","Angola","Angola","Sub Saharan Africa","wdi_real_gdp_per_capita_growth","WDI real GDP per capita growth",12,"2009-2010","expansion",2009,2010,"2009-01-01","2010-01-01",1,0.0131579076620976,0.0131579076620976,109.667173566536,111.110164109888,101.31579076621
"AGO","Angola","Angola","Sub Saharan Africa","wdi_real_gdp_per_capita_growth","WDI real GDP per capita growth",13,"2010-2011","contraction",2010,2011,"2010-01-01","2011-01-01",1,-0.00356512141669299,-0.00356512141669285,111.110164109888,110.714042884207,99.6434878583307
"AGO","Angola","Angola","Sub Saharan Africa","wdi_real_gdp_per_capita_growth","WDI real GDP per capita growth",14,"2011-2014","expansion",2011,2014,"2011-01-01","2014-01-01",3,0.020377117111315,0.0619720888992352,110.714042884207,117.575223392221,106.197208889924
"AGO","Angola","Angola","Sub Saharan Africa","wdi_real_gdp_per_capita_growth","WDI real GDP per capita growth",15,"2014-2021","contraction",2014,2021,"2014-01-01","2021-01-01",7,-0.0390015465699594,-0.243940022602507,117.575223392221,88.893920740428,75.6059977397493
"AGO","Angola","Angola","Sub Saharan Africa","wdi_real_gdp_per_capita_growth","WDI real GDP per capita growth",16,"2021-2022","expansion",2021,2022,"2021-01-01","2022-01-01",1,0.00991406795873331,0.00991406795873329,88.893920740428,89.7752211117668,100.991406795873
"AGO","Angola","Angola","Sub Saharan Africa","wdi_real_gdp_per_capita_growth","WDI real GDP per capita growth",17,"2022-2023","contraction",2022,2023,"2022-01-01","2023-01-01",1,-0.0180870334166293,-0.0180870334166294,89.7752211117668,88.151453687533,98.1912966583371
"AGO","Angola","Angola","Sub Saharan Africa","wdi_real_gdp_per_capita_growth","WDI real GDP per capita growth",18,"2023-2024","expansion",2023,2024,"2023-01-01","2024-01-01",1,0.0129293270746824,0.0129293270746824,88.151453687533,89.2911926643679,101.292932707468
"ALB","Albania","Albania","Eastern Europe","wdi_real_gdp_per_capita_growth","WDI real GDP per capita growth",1,"1981-1982","expansion",1981,1982,"1981-01-01","1982-01-01",1,0.0079584007109321,0.00795840071093212,103.648648547231,104.473526025516,100.795840071093
"ALB","Albania","Albania","Eastern Europe","wdi_real_gdp_per_capita_growth","WDI real GDP per capita growth",2,"1982-1985","contraction",1982,1985,"1982-01-01","1985-01-01",3,-0.015382982409757,-0.0456879553595518,104.473526025516,99.7003442322075,95.4312044640448
"ALB","Albania","Albania","Eastern Europe","wdi_real_gdp_per_capita_growth","WDI real GDP per capita growth",3,"1985-1986","expansion",1985,1986,"1985-01-01","1986-01-01",1,0.0361465554406625,0.0361465554406626,99.7003442322075,103.30416825245,103.614655544066
"ALB","Albania","Albania","Eastern Europe","wdi_real_gdp_per_capita_growth","WDI real GDP per capita growth",4,"1986-1988","contraction",1986,1988,"1986-01-01","1988-01-01",2,-0.0300600935697892,-0.0592231578049162,103.30416825245,97.1861691941296,94.0776842195084
"ALB","Albania","Albania","Eastern Europe","wdi_real_gdp_per_capita_growth","WDI real GDP per capita growth",5,"1988-1989","expansion",1988,1989,"1988-01-01","1989-01-01",1,0.0692361728508746,0.0692361728508746,97.1861691941296,103.914967603169,106.923617285087
"ALB","Albania","Albania","Eastern Europe","wdi_real_gdp_per_capita_growth","WDI real GDP per capita growth",6,"1989-1992","contraction",1989,1992,"1989-01-01","1992-01-01",3,-0.151257591136028,-0.399308253489314,103.914967603169,62.4208633781488,60.0691746510686
"ALB","Albania","Albania","Eastern Europe","wdi_real_gdp_per_capita_growth","WDI real GDP per capita growth",7,"1992-1996","expansion",1992,1996,"1992-01-01","1996-01-01",4,0.103074301941022,0.479277655555383,62.4208633781488,92.3377884357708,147.927765555538
"ALB","Albania","Albania","Eastern Europe","wdi_real_gdp_per_capita_growth","WDI real GDP per capita growth",8,"1996-1997","contraction",1996,1997,"1996-01-01","1997-01-01",1,-0.111576605254893,-0.111576605254893,92.3377884357708,82.035051465363,88.8423394745107
"ALB","Albania","Albania","Eastern Europe","wdi_real_gdp_per_capita_growth","WDI real GDP per capita growth",9,"1997-2019","expansion",1997,2019,"1997-01-01","2019-01-01",22,0.0573742587833602,2.39089196175904,82.035051465363,278.171996596389,339.089196175904
"ALB","Albania","Albania","Eastern Europe","wdi_real_gdp_per_capita_growth","WDI real GDP per capita growth",10,"2019-2020","contraction",2019,2020,"2019-01-01","2020-01-01",1,-0.0181016536329729,-0.018101653632973,278.171996596389,273.136623463609,98.1898346367027
"ALB","Albania","Albania","Eastern Europe","wdi_real_gdp_per_capita_growth","WDI real GDP per capita growth",11,"2020-2024","expansion",2020,2024,"2020-01-01","2024-01-01",4,0.071045080347286,0.314944289111963,273.136623463609,359.159443170797,131.494428911196
"ARE","United Arab Emirates","United Arab Emirates","Middle East and North Africa","wdi_real_gdp_per_capita_growth","WDI real GDP per capita growth",1,"1971-1974","expansion",1971,1974,"1971-01-01","1974-01-01",3,0.263365702315001,0.926617755128914,116.839431749011,225.104923706817,192.661775512891
"ARE","United Arab Emirates","United Arab Emirates","Middle East and North Africa","wdi_real_gdp_per_capita_growth","WDI real GDP per capita growth",2,"1974-1975","contraction",1974,1975,"1974-01-01","1975-01-01",1,-0.0429424918770388,-0.0429424918770389,225.104923706817,215.438357349055,95.7057508122961
"ARE","United Arab Emirates","United Arab Emirates","Middle East and North Africa","wdi_real_gdp_per_capita_growth","WDI real GDP per capita growth",3,"1975-1977","expansion",1975,1977,"1975-01-01","1977-01-01",2,0.0401014958452767,0.0816428024522811,215.438357349055,233.027348598748,108.164280245228
"ARE","United Arab Emirates","United Arab Emirates","Middle East and North Africa","wdi_real_gdp_per_capita_growth","WDI real GDP per capita growth",4,"1977-1978","contraction",1977,1978,"1977-01-01","1978-01-01",1,-0.136362351739875,-0.136362351739875,233.027348598748,201.251191324115,86.3637648260125
"ARE","United Arab Emirates","United Arab Emirates","Middle East and North Africa","wdi_real_gdp_per_capita_growth","WDI real GDP per capita growth",5,"1978-1980","expansion",1978,1980,"1978-01-01","1980-01-01",2,0.0926526510912125,0.193504291702708,201.251191324115,240.194160555614,119.350429170271
"ARE","United Arab Emirates","United Arab Emirates","Middle East and North Africa","wdi_real_gdp_per_capita_growth","WDI real GDP per capita growth",6,"1980-1988","contraction",1980,1988,"1980-01-01","1988-01-01",8,-0.0853919116763654,-0.517824013492657,240.194160555614,115.815856319206,48.2175986507343
"ARE","United Arab Emirates","United Arab Emirates","Middle East and North Africa","wdi_real_gdp_per_capita_growth","WDI real GDP per capita growth",7,"1988-1990","expansion",1988,1990,"1988-01-01","1990-01-01",2,0.0856405439841782,0.177710217259,115.815856319206,136.39751730773,117.7710217259
"ARE","United Arab Emirates","United Arab Emirates","Middle East and North Africa","wdi_real_gdp_per_capita_growth","WDI real GDP per capita growth",8,"1990-1993","contraction",1990,1993,"1990-01-01","1993-01-01",3,-0.0338604862154325,-0.0983543348832576,136.39751730773,122.9822302132,90.1645665116742
"ARE","United Arab Emirates","United Arab Emirates","Middle East and North Africa","wdi_real_gdp_per_capita_growth","WDI real GDP per capita growth",9,"1993-1995","expansion",1993,1995,"1993-01-01","1995-01-01",2,0.0202353370954101,0.0408801428673149,122.9822302132,128.009761354457,104.088014286731
"ARE","United Arab Emirates","United Arab Emirates","Middle East and North Africa","wdi_real_gdp_per_capita_growth","WDI real GDP per capita growth",10,"1995-1999","contraction",1995,1999,"1995-01-01","1999-01-01",4,-0.0308952270044856,-0.119397076874439,128.009761354457,112.72577003734,88.0602923125561
"ARE","United Arab Emirates","United Arab Emirates","Middle East and North Africa","wdi_real_gdp_per_capita_growth","WDI real GDP per capita growth",11,"1999-2000","expansion",1999,2000,"1999-01-01","2000-01-01",1,0.0363193280286305,0.0363193280286305,112.72577003734,116.819894256606,103.631932802863
"ARE","United Arab Emirates","United Arab Emirates","Middle East and North Africa","wdi_real_gdp_per_capita_growth","WDI real GDP per capita growth",12,"2000-2002","contraction",2000,2002,"2000-01-01","2002-01-01",2,-0.0423454185283186,-0.082937397056257,116.819894256606,107.131156302576,91.7062602943743
"ARE","United Arab Emirates","United Arab Emirates","Middle East and North Africa","wdi_real_gdp_per_capita_growth","WDI real GDP per capita growth",13,"2002-2004","expansion",2002,2004,"2002-01-01","2004-01-01",2,0.0320053700226713,0.0650085639654343,107.131156302576,114.095598929763,106.500856396543
"ARE","United Arab Emirates","United Arab Emirates","Middle East and North Africa","wdi_real_gdp_per_capita_growth","WDI real GDP per capita growth",14,"2004-2005","contraction",2004,2005,"2004-01-01","2005-01-01",1,-0.00445687772577529,-0.0044568777257753,114.095598929763,113.587088796284,99.5543122274225
"ARE","United Arab Emirates","United Arab Emirates","Middle East and North Africa","wdi_real_gdp_per_capita_growth","WDI real GDP per capita growth",15,"2005-2006","expansion",2005,2006,"2005-01-01","2006-01-01",1,0.0228744303095432,0.0228744303095432,113.587088796284,116.185328743019,102.287443030954
"ARE","United Arab Emirates","United Arab Emirates","Middle East and North Africa","wdi_real_gdp_per_capita_growth","WDI real GDP per capita growth",16,"2006-2010","contraction",2006,2010,"2006-01-01","2010-01-01",4,-0.0694445125882041,-0.252536311997521,116.185328743019,86.8443143140372,74.7463688002479
"ARE","United Arab Emirates","United Arab Emirates","Middle East and North Africa","wdi_real_gdp_per_capita_growth","WDI real GDP per capita growth",17,"2010-2013","expansion",2010,2013,"2010-01-01","2013-01-01",3,0.0154522917488979,0.0468659758402661,86.8443143140372,90.9143578505433,104.686597584027
"ARE","United Arab Emirates","United Arab Emirates","Middle East and North Africa","wdi_real_gdp_per_capita_growth","WDI real GDP per capita growth",18,"2013-2014","contraction",2013,2014,"2013-01-01","2014-01-01",1,-0.00124078023674471,-0.00124078023674479,90.9143578505433,90.801553112086,99.8759219763255
"ARE","United Arab Emirates","United Arab Emirates","Middle East and North Africa","wdi_real_gdp_per_capita_growth","WDI real GDP per capita growth",19,"2014-2016","expansion",2014,2016,"2014-01-01","2016-01-01",2,0.0102478875980305,0.0205805491443172,90.801553112086,92.6702989382896,102.058054914432
"ARE","United Arab Emirates","United Arab Emirates","Middle East and North Africa","wdi_real_gdp_per_capita_growth","WDI real GDP per capita growth",20,"2016-2017","contraction",2016,2017,"2016-01-01","2017-01-01",1,-0.0415218113866617,-0.0415218113866616,92.6702989382896,88.8224602646284,95.8478188613338
"ARE","United Arab Emirates","United Arab Emirates","Middle East and North Africa","wdi_real_gdp_per_capita_growth","WDI real GDP per capita growth",21,"2017-2019","expansion",2017,2019,"2017-01-01","2019-01-01",2,0.00202412665395421,0.00405234601701943,88.8224602646284,89.1823996077037,100.405234601702
"ARE","United Arab Emirates","United Arab Emirates","Middle East and North Africa","wdi_real_gdp_per_capita_growth","WDI real GDP per capita growth",22,"2019-2020","contraction",2019,2020,"2019-01-01","2020-01-01",1,-0.08258825738052,-0.0825882573805199,89.1823996077037,81.8169806350903,91.741174261948
"ARE","United Arab Emirates","United Arab Emirates","Middle East and North Africa","wdi_real_gdp_per_capita_growth","WDI real GDP per capita growth",23,"2020-2023","expansion",2020,2023,"2020-01-01","2023-01-01",3,0.0168886383966175,0.0513587334085652,81.8169806350903,86.0189971318216,105.135873340857
"ARE","United Arab Emirates","United Arab Emirates","Middle East and North Africa","wdi_real_gdp_per_capita_growth","WDI real GDP per capita growth",24,"2023-2024","contraction",2023,2024,"2023-01-01","2024-01-01",1,-0.00766018786578641,-0.00766018786578648,86.0189971318216,85.3600754537653,99.2339812134213
"ARG","Argentina","Argentina","Latin America","wdi_real_gdp_per_capita_growth","WDI real GDP per capita growth",1,"1961-1963","contraction",1961,1963,"1961-01-01","1963-01-01",2,-0.0466642757591783,-0.0916285136169463,103.697198142471,94.1955780104342,90.8371486383054
"ARG","Argentina","Argentina","Latin America","wdi_real_gdp_per_capita_growth","WDI real GDP per capita growth",2,"1963-1965","expansion",1963,1965,"1963-01-01","1965-01-01",2,0.0861225904066198,0.179656463806517,94.1955780104342,111.118422462,117.965646380652
"ARG","Argentina","Argentina","Latin America","wdi_real_gdp_per_capita_growth","WDI real GDP per capita growth",3,"1965-1966","contraction",1965,1966,"1965-01-01","1966-01-01",1,-0.0216954271817043,-0.0216954271817044,111.118422462,108.70766081893,97.8304572818296
"ARG","Argentina","Argentina","Latin America","wdi_real_gdp_per_capita_growth","WDI real GDP per capita growth",4,"1966-1974","expansion",1966,1974,"1966-01-01","1974-01-01",8,0.0291685406181548,0.256083130585036,108.70766081893,136.545858920017,125.608313058504
"ARG","Argentina","Argentina","Latin America","wdi_real_gdp_per_capita_growth","WDI real GDP per capita growth",5,"1974-1976","contraction",1974,1976,"1974-01-01","1976-01-01",2,-0.025815797671187,-0.0510569879250315,136.545858920017,129.574238649925,94.8943012074969
"ARG","Argentina","Argentina","Latin America","wdi_real_gdp_per_capita_growth","WDI real GDP per capita growth",6,"1976-1977","expansion",1976,1977,"1976-01-01","1977-01-01",1,0.0525406554729264,0.0525406554729264,129.574238649925,136.382154080997,105.254065547293
"ARG","Argentina","Argentina","Latin America","wdi_real_gdp_per_capita_growth","WDI real GDP per capita growth",7,"1977-1978","contraction",1977,1978,"1977-01-01","1978-01-01",1,-0.060207877961285,-0.0602078779612849,136.382154080997,128.170873991991,93.9792122038715
"ARG","Argentina","Argentina","Latin America","wdi_real_gdp_per_capita_growth","WDI real GDP per capita growth",8,"1978-1979","expansion",1978,1979,"1978-01-01","1979-01-01",1,0.0847665216535873,0.0847665216535873,128.170873991991,139.035473157593,108.476652165359
"ARG","Argentina","Argentina","Latin America","wdi_real_gdp_per_capita_growth","WDI real GDP per capita growth",9,"1979-1982","contraction",1979,1982,"1979-01-01","1982-01-01",3,-0.0303251943794573,-0.0893492388872025,139.035473157593,126.61275945264,91.0650761112798
"ARG","Argentina","Argentina","Latin America","wdi_real_gdp_per_capita_growth","WDI real GDP per capita growth",10,"1982-1983","expansion",1982,1983,"1982-01-01","1983-01-01",1,0.0269083801550656,0.0269083801550656,126.61275945264,130.019703716473,102.690838015507
"ARG","Argentina","Argentina","Latin America","wdi_real_gdp_per_capita_growth","WDI real GDP per capita growth",11,"1983-1985","contraction",1983,1985,"1983-01-01","1985-01-01",2,-0.0335110376397159,-0.0669995221813157,130.019703716473,121.308445693313,93.3000477818684
"ARG","Argentina","Argentina","Latin America","wdi_real_gdp_per_capita_growth","WDI real GDP per capita growth",12,"1985-1987","expansion",1985,1987,"1985-01-01","1987-01-01",2,0.0282259696053386,0.0569622045131104,121.308445693313,128.218442186063,105.696220451311
"ARG","Argentina","Argentina","Latin America","wdi_real_gdp_per_capita_growth","WDI real GDP per capita growth",13,"1987-1990","contraction",1987,1990,"1987-01-01","1990-01-01",3,-0.0503006215529398,-0.144379867781909,128.218442186063,109.706280456037,85.5620132218091
"ARG","Argentina","Argentina","Latin America","wdi_real_gdp_per_capita_growth","WDI real GDP per capita growth",14,"1990-1994","expansion",1990,1994,"1990-01-01","1994-01-01",4,0.0630197130350053,0.276620196202385,109.706280456037,140.05325328042,127.662019620238
"ARG","Argentina","Argentina","Latin America","wdi_real_gdp_per_capita_growth","WDI real GDP per capita growth",15,"1994-1995","contraction",1994,1995,"1994-01-01","1995-01-01",1,-0.0410993598659498,-0.0410993598659499,140.05325328042,134.297154223451,95.890064013405
"ARG","Argentina","Argentina","Latin America","wdi_real_gdp_per_capita_growth","WDI real GDP per capita growth",16,"1995-1998","expansion",1995,1998,"1995-01-01","1998-01-01",3,0.0455013732854141,0.142347404018253,134.297154223451,153.414005494198,114.234740401825
"ARG","Argentina","Argentina","Latin America","wdi_real_gdp_per_capita_growth","WDI real GDP per capita growth",17,"1998-2002","contraction",1998,2002,"1998-01-01","2002-01-01",4,-0.0592371519866951,-0.219121951925802,153.414005494198,119.797629157554,78.0878048074198
"ARG","Argentina","Argentina","Latin America","wdi_real_gdp_per_capita_growth","WDI real GDP per capita growth",18,"2002-2008","expansion",2002,2008,"2002-01-01","2008-01-01",6,0.0687831987093462,0.48928112644157,119.797629157554,178.412348096791,148.928112644157
"ARG","Argentina","Argentina","Latin America","wdi_real_gdp_per_capita_growth","WDI real GDP per capita growth",19,"2008-2009","contraction",2008,2009,"2008-01-01","2009-01-01",1,-0.069103121153056,-0.0691031211530559,178.412348096791,166.083497991057,93.0896878846944
"ARG","Argentina","Argentina","Latin America","wdi_real_gdp_per_capita_growth","WDI real GDP per capita growth",20,"2009-2011","expansion",2009,2011,"2009-01-01","2011-01-01",2,0.0692473462851716,0.142872313802274,166.083497991057,189.812231633415,114.287231380227
"ARG","Argentina","Argentina","Latin America","wdi_real_gdp_per_capita_growth","WDI real GDP per capita growth",21,"2011-2012","contraction",2011,2012,"2011-01-01","2012-01-01",1,-0.020383253093713,-0.020383253093713,189.812231633415,185.943240875749,97.9616746906287
"ARG","Argentina","Argentina","Latin America","wdi_real_gdp_per_capita_growth","WDI real GDP per capita growth",22,"2012-2013","expansion",2012,2013,"2012-01-01","2013-01-01",1,0.0139351266056681,0.0139351266056682,185.943240875749,188.534383478821,101.393512660567
"ARG","Argentina","Argentina","Latin America","wdi_real_gdp_per_capita_growth","WDI real GDP per capita growth",23,"2013-2014","contraction",2013,2014,"2013-01-01","2014-01-01",1,-0.0351326421042003,-0.0351326421042002,188.534383478821,181.910672459723,96.48673578958
"ARG","Argentina","Argentina","Latin America","wdi_real_gdp_per_capita_growth","WDI real GDP per capita growth",24,"2014-2015","expansion",2014,2015,"2014-01-01","2015-01-01",1,0.0166091253843923,0.0166091253843923,181.910672459723,184.932049627366,101.660912538439
"ARG","Argentina","Argentina","Latin America","wdi_real_gdp_per_capita_growth","WDI real GDP per capita growth",25,"2015-2016","contraction",2015,2016,"2015-01-01","2016-01-01",1,-0.0302450095578762,-0.0302450095578762,184.932049627366,179.338778018828,96.9754990442124
"ARG","Argentina","Argentina","Latin America","wdi_real_gdp_per_capita_growth","WDI real GDP per capita growth",26,"2016-2017","expansion",2016,2017,"2016-01-01","2017-01-01",1,0.0191639608148853,0.0191639608148853,179.338778018828,182.775619333371,101.916396081489
"ARG","Argentina","Argentina","Latin America","wdi_real_gdp_per_capita_growth","WDI real GDP per capita growth",27,"2017-2020","contraction",2017,2020,"2017-01-01","2020-01-01",3,-0.054822379206219,-0.157325785017369,182.775619333371,154.020301539712,84.2674214982631
"ARG","Argentina","Argentina","Latin America","wdi_real_gdp_per_capita_growth","WDI real GDP per capita growth",28,"2020-2022","expansion",2020,2022,"2020-01-01","2022-01-01",2,0.0797301989471429,0.165344005048802,154.020301539712,179.486635055113,116.53440050488
"ARG","Argentina","Argentina","Latin America","wdi_real_gdp_per_capita_growth","WDI real GDP per capita growth",29,"2022-2024","contraction",2022,2024,"2022-01-01","2024-01-01",2,-0.0191028087034435,-0.0378458418380585,179.486635055113,172.693812252771,96.2154158161942
"ARM","Armenia","Armenia","Eastern Europe","wdi_real_gdp_per_capita_growth","WDI real GDP per capita growth",1,"1991-1993","contraction",1991,1993,"1991-01-01","1993-01-01",2,-0.233917485685173,-0.444524562697591,86.7888500098463,48.2090744121926,55.5475437302409
"ARM","Armenia","Armenia","Eastern Europe","wdi_real_gdp_per_capita_growth","WDI real GDP per capita growth",2,"1993-2008","expansion",1993,2008,"1993-01-01","2008-01-01",15,0.0967866914699737,2.96348640480413,48.2090744121926,191.076011020916,396.348640480413
"ARM","Armenia","Armenia","Eastern Europe","wdi_real_gdp_per_capita_growth","WDI real GDP per capita growth",3,"2008-2009","contraction",2008,2009,"2008-01-01","2009-01-01",1,-0.135088421403002,-0.135088421403002,191.076011020916,165.263854324118,86.4911578596998
"ARM","Armenia","Armenia","Eastern Europe","wdi_real_gdp_per_capita_growth","WDI real GDP per capita growth",4,"2009-2019","expansion",2009,2019,"2009-01-01","2019-01-01",10,0.0482822313593266,0.598637975864623,165.263854324118,264.197073560293,159.863797586462
"ARM","Armenia","Armenia","Eastern Europe","wdi_real_gdp_per_capita_growth","WDI real GDP per capita growth",5,"2019-2020","contraction",2019,2020,"2019-01-01","2020-01-01",1,-0.0716866452731679,-0.0716866452731679,264.197073560293,245.257671665768,92.8313354726832
"ARM","Armenia","Armenia","Eastern Europe","wdi_real_gdp_per_capita_growth","WDI real GDP per capita growth",6,"2020-2024","expansion",2020,2024,"2020-01-01","2024-01-01",4,0.0751824943979816,0.333878316253009,245.257671665768,327.143890129667,133.387831625301
"AUS","Australia","Australia","Western Offshoots","wdi_real_gdp_per_capita_growth","WDI real GDP per capita growth",1,"1961-1962","contraction",1961,1962,"1961-01-01","1962-01-01",1,-0.0114543513600115,-0.0114543513600115,100.461907273704,99.3111812894939,98.8545648639988
"AUS","Australia","Australia","Western Offshoots","wdi_real_gdp_per_capita_growth","WDI real GDP per capita growth",2,"1962-1977","expansion",1962,1977,"1962-01-01","1977-01-01",15,0.0269673123763119,0.487131338774492,99.3111812894939,147.688769986321,148.713133877449
"AUS","Australia","Australia","Western Offshoots","wdi_real_gdp_per_capita_growth","WDI real GDP per capita growth",3,"1977-1978","contraction",1977,1978,"1977-01-01","1978-01-01",1,-0.00271138184658298,-0.00271138184658293,147.688769986321,147.288329336436,99.7288618153417
"AUS","Australia","Australia","Western Offshoots","wdi_real_gdp_per_capita_growth","WDI real GDP per capita growth",4,"1978-1982","expansion",1978,1982,"1978-01-01","1982-01-01",4,0.0200325122155804,0.0825088271377332,147.288329336436,159.440916641062,108.250882713773
"AUS","Australia","Australia","Western Offshoots","wdi_real_gdp_per_capita_growth","WDI real GDP per capita growth",5,"1982-1983","contraction",1982,1983,"1982-01-01","1983-01-01",1,-0.035547506280931,-0.035547506280931,159.440916641062,153.773189655326,96.4452493719069
"AUS","Australia","Australia","Western Offshoots","wdi_real_gdp_per_capita_growth","WDI real GDP per capita growth",6,"1983-1990","expansion",1983,1990,"1983-01-01","1990-01-01",7,0.0270314794539157,0.204860678260036,153.773189655326,185.275269586326,120.486067826004
"AUS","Australia","Australia","Western Offshoots","wdi_real_gdp_per_capita_growth","WDI real GDP per capita growth",7,"1990-1992","contraction",1990,1992,"1990-01-01","1992-01-01",2,-0.011657009909469,-0.0232012307838148,185.275269586326,180.97665529812,97.6798769216185
"AUS","Australia","Australia","Western Offshoots","wdi_real_gdp_per_capita_growth","WDI real GDP per capita growth",8,"1992-2008","expansion",1992,2008,"1992-01-01","2008-01-01",16,0.0248900572011693,0.481199120074524,180.97665529812,268.062462581605,148.119912007452
"AUS","Australia","Australia","Western Offshoots","wdi_real_gdp_per_capita_growth","WDI real GDP per capita growth",9,"2008-2009","contraction",2008,2009,"2008-01-01","2009-01-01",1,-0.00124768741461196,-0.0012476874146119,268.062462581605,267.728004420713,99.8752312585388
"AUS","Australia","Australia","Western Offshoots","wdi_real_gdp_per_capita_growth","WDI real GDP per capita growth",10,"2009-2019","expansion",2009,2019,"2009-01-01","2019-01-01",10,0.0102843396050433,0.107630835473189,267.728004420713,296.543793216083,110.763083547319
"AUS","Australia","Australia","Western Offshoots","wdi_real_gdp_per_capita_growth","WDI real GDP per capita growth",11,"2019-2020","contraction",2019,2020,"2019-01-01","2020-01-01",1,-0.0135774770320791,-0.013577477032079,296.543793216083,292.517476674686,98.6422522967921
"AUS","Australia","Australia","Western Offshoots","wdi_real_gdp_per_capita_growth","WDI real GDP per capita growth",12,"2020-2023","expansion",2020,2023,"2020-01-01","2023-01-01",3,0.0195778939438277,0.0598055667956432,292.517476674686,310.011650164847,105.980556679564
"AUS","Australia","Australia","Western Offshoots","wdi_real_gdp_per_capita_growth","WDI real GDP per capita growth",13,"2023-2024","contraction",2023,2024,"2023-01-01","2024-01-01",1,-0.0062779626326919,-0.00627796263269198,310.011650164847,308.065408609413,99.3722037367308
"AUT","Austria","Austria","Western Europe","wdi_real_gdp_per_capita_growth","WDI real GDP per capita growth",1,"1961-1974","expansion",1961,1974,"1961-01-01","1974-01-01",13,0.0429027299383386,0.724546579516195,104.960717183492,181.009645802357,172.454657951619
"AUT","Austria","Austria","Western Europe","wdi_real_gdp_per_capita_growth","WDI real GDP per capita growth",2,"1974-1975","contraction",1974,1975,"1974-01-01","1975-01-01",1,-0.000990304305082361,-0.000990304305082512,181.009645802357,180.830391170858,99.9009695694917
"AUT","Austria","Austria","Western Europe","wdi_real_gdp_per_capita_growth","WDI real GDP per capita growth",3,"1975-1977","expansion",1975,1977,"1975-01-01","1977-01-01",2,0.049015087876632,0.100430746342391,180.830391170858,198.991322317534,110.043074634239
"AUT","Austria","Austria","Western Europe","wdi_real_gdp_per_capita_growth","WDI real GDP per capita growth",4,"1977-1978","contraction",1977,1978,"1977-01-01","1978-01-01",1,-0.00129830444595243,-0.00129830444595258,198.991322317534,198.732970999063,99.8701695554047
"AUT","Austria","Austria","Western Europe","wdi_real_gdp_per_capita_growth","WDI real GDP per capita growth",5,"1978-1980","expansion",1978,1980,"1978-01-01","1980-01-01",2,0.0363391283265756,0.0736368249048924,198.732970999063,213.36703598735,107.363682490489
"AUT","Austria","Austria","Western Europe","wdi_real_gdp_per_capita_growth","WDI real GDP per capita growth",6,"1980-1981","contraction",1980,1981,"1980-01-01","1981-01-01",1,-0.00398620558135931,-0.0039862055813592,213.36703598735,212.516511117619,99.6013794418641
"AUT","Austria","Austria","Western Europe","wdi_real_gdp_per_capita_growth","WDI real GDP per capita growth",7,"1981-1992","expansion",1981,1992,"1981-01-01","1992-01-01",11,0.0223898276185509,0.275051237164574,212.516511117619,270.969440418419,127.505123716457
"AUT","Austria","Austria","Western Europe","wdi_real_gdp_per_capita_growth","WDI real GDP per capita growth",8,"1992-1993","contraction",1992,1993,"1992-01-01","1993-01-01",1,-0.00298753799856229,-0.00298753799856222,270.969440418419,270.15990891872,99.7012462001438
"AUT","Austria","Austria","Western Europe","wdi_real_gdp_per_capita_growth","WDI real GDP per capita growth",9,"1993-2008","expansion",1993,2008,"1993-01-01","2008-01-01",15,0.0213113493700614,0.371218217755424,270.15990891872,370.448188816495,137.121821775542
"AUT","Austria","Austria","Western Europe","wdi_real_gdp_per_capita_growth","WDI real GDP per capita growth",10,"2008-2009","contraction",2008,2009,"2008-01-01","2009-01-01",1,-0.0383849307623562,-0.0383849307623563,370.448188816495,356.228560737733,96.1615069237644
"AUT","Austria","Austria","Western Europe","wdi_real_gdp_per_capita_growth","WDI real GDP per capita growth",11,"2009-2012","expansion",2009,2012,"2009-01-01","2012-01-01",3,0.014387084638499,0.0436364430350631,356.228560737733,371.773108035828,104.363644303506
"AUT","Austria","Austria","Western Europe","wdi_real_gdp_per_capita_growth","WDI real GDP per capita growth",12,"2012-2014","contraction",2012,2014,"2012-01-01","2014-01-01",2,-0.00432743670961202,-0.00865248149385955,371.773108035828,368.556348098633,99.134751850614
"AUT","Austria","Austria","Western Europe","wdi_real_gdp_per_capita_growth","WDI real GDP per capita growth",13,"2014-2019","expansion",2014,2019,"2014-01-01","2019-01-01",5,0.0120944199820952,0.0618567460140163,368.556348098633,391.354044514824,106.185674601402
"AUT","Austria","Austria","Western Europe","wdi_real_gdp_per_capita_growth","WDI real GDP per capita growth",14,"2019-2020","contraction",2019,2020,"2019-01-01","2020-01-01",1,-0.0670639361073974,-0.0670639361073975,391.354044514824,365.10830187811,93.2936063892602
"AUT","Austria","Austria","Western Europe","wdi_real_gdp_per_capita_growth","WDI real GDP per capita growth",15,"2020-2022","expansion",2020,2022,"2020-01-01","2022-01-01",2,0.0439773167760494,0.0898881586059452,365.10830187811,397.927214825677,108.988815860595
"AUT","Austria","Austria","Western Europe","wdi_real_gdp_per_capita_growth","WDI real GDP per capita growth",16,"2022-2024","contraction",2022,2024,"2022-01-01","2024-01-01",2,-0.0146123319292831,-0.0290202552827669,397.927214825677,386.379265467475,97.0979744717233
"AZE","Azerbaijan","Azerbaijan","Eastern Europe","wdi_real_gdp_per_capita_growth","WDI real GDP per capita growth",1,"1991-1995","contraction",1991,1995,"1991-01-01","1995-01-01",4,-0.204017635769613,-0.601133004151926,97.9876168964725,39.0840263818079,39.8866995848074
"AZE","Azerbaijan","Azerbaijan","Eastern Europe","wdi_real_gdp_per_capita_growth","WDI real GDP per capita growth",2,"1995-2010","expansion",1995,2010,"1995-01-01","2010-01-01",15,0.112469395570421,3.73093763507636,39.0840263818079,184.904091340013,473.093763507636
"AZE","Azerbaijan","Azerbaijan","Eastern Europe","wdi_real_gdp_per_capita_growth","WDI real GDP per capita growth",3,"2010-2011","contraction",2010,2011,"2010-01-01","2011-01-01",1,-0.0284718268648209,-0.0284718268648209,184.904091340013,179.639534064783,97.1528173135179
"AZE","Azerbaijan","Azerbaijan","Eastern Europe","wdi_real_gdp_per_capita_growth","WDI real GDP per capita growth",4,"2011-2014","expansion",2011,2014,"2011-01-01","2014-01-01",3,0.0228650682350092,0.0697963823917054,179.639534064783,192.177723677036,106.979638239171
"AZE","Azerbaijan","Azerbaijan","Eastern Europe","wdi_real_gdp_per_capita_growth","WDI real GDP per capita growth",5,"2014-2017","contraction",2014,2017,"2014-01-01","2017-01-01",3,-0.0170418270034769,-0.0507116003151799,192.177723677036,182.432083764445,94.928839968482
"AZE","Azerbaijan","Azerbaijan","Eastern Europe","wdi_real_gdp_per_capita_growth","WDI real GDP per capita growth",6,"2017-2019","expansion",2017,2019,"2017-01-01","2019-01-01",2,0.0112035690378196,0.0225081087321162,182.432083764445,186.538284942042,102.250810873212
"AZE","Azerbaijan","Azerbaijan","Eastern Europe","wdi_real_gdp_per_capita_growth","WDI real GDP per capita growth",7,"2019-2020","contraction",2019,2020,"2019-01-01","2020-01-01",1,-0.0485235140794201,-0.0485235140794201,186.538284942042,177.486791846306,95.147648592058
"AZE","Azerbaijan","Azerbaijan","Eastern Europe","wdi_real_gdp_per_capita_growth","WDI real GDP per capita growth",8,"2020-2024","expansion",2020,2024,"2020-01-01","2024-01-01",4,0.0365759568946083,0.154033114415512,177.486791846306,204.82563516201,115.403311441551
"BDI","Burundi","Burundi","Sub Saharan Africa","wdi_real_gdp_per_capita_growth","WDI real GDP per capita growth",1,"1961-1967","expansion",1961,1967,"1961-01-01","1967-01-01",6,0.0430125508351347,0.28343121325902,84.0980347590153,107.934042783462,128.343121325902
"BDI","Burundi","Burundi","Sub Saharan Africa","wdi_real_gdp_per_capita_growth","WDI real GDP per capita growth",2,"1967-1969","contraction",1967,1969,"1967-01-01","1969-01-01",2,-0.0311231745018759,-0.0612992105894056,107.934042783462,101.317771165113,93.8700789410594
"BDI","Burundi","Burundi","Sub Saharan Africa","wdi_real_gdp_per_capita_growth","WDI real GDP per capita growth",3,"1969-1971","expansion",1969,1971,"1969-01-01","1971-01-01",2,0.0949950970130098,0.190513791868909,101.317771165113,120.620203933485,119.051379186891
"BDI","Burundi","Burundi","Sub Saharan Africa","wdi_real_gdp_per_capita_growth","WDI real GDP per capita growth",4,"1971-1972","contraction",1971,1972,"1971-01-01","1972-01-01",1,-0.0639979892230961,-0.0639979892230961,120.620203933485,112.900753422062,93.6002010776904
"BDI","Burundi","Burundi","Sub Saharan Africa","wdi_real_gdp_per_capita_growth","WDI real GDP per capita growth",5,"1972-1973","expansion",1972,1973,"1972-01-01","1973-01-01",1,0.0704106910814075,0.0704106910814075,112.900753422062,120.850173494121,107.041069108141
"BDI","Burundi","Burundi","Sub Saharan Africa","wdi_real_gdp_per_capita_growth","WDI real GDP per capita growth",6,"1973-1975","contraction",1973,1975,"1973-01-01","1975-01-01",2,-0.0247571176200024,-0.0489512204882722,120.850173494121,114.934410005364,95.1048779511728
"BDI","Burundi","Burundi","Sub Saharan Africa","wdi_real_gdp_per_capita_growth","WDI real GDP per capita growth",7,"1975-1977","expansion",1975,1977,"1975-01-01","1977-01-01",2,0.0709791342288756,0.146757119006472,114.934410005364,131.80185289246,114.675711900647
"BDI","Burundi","Burundi","Sub Saharan Africa","wdi_real_gdp_per_capita_growth","WDI real GDP per capita growth",8,"1977-1980","contraction",1977,1980,"1977-01-01","1980-01-01",3,-0.0258396015674655,-0.0757651834776346,131.80185289246,121.815861325371,92.4234816522365
"BDI","Burundi","Burundi","Sub Saharan Africa","wdi_real_gdp_per_capita_growth","WDI real GDP per capita growth",9,"1980-1981","expansion",1980,1981,"1980-01-01","1981-01-01",1,0.0768491382091901,0.07684913820919,121.815861325371,131.177305288436,107.684913820919
"BDI","Burundi","Burundi","Sub Saharan Africa","wdi_real_gdp_per_capita_growth","WDI real GDP per capita growth",10,"1981-1982","contraction",1981,1982,"1981-01-01","1982-01-01",1,-0.0349220029296362,-0.0349220029296363,131.177305288436,126.596331048851,96.5077997070364
"BDI","Burundi","Burundi","Sub Saharan Africa","wdi_real_gdp_per_capita_growth","WDI real GDP per capita growth",11,"1982-1983","expansion",1982,1983,"1982-01-01","1983-01-01",1,0.00973082536740648,0.00973082536740644,126.596331048851,127.828217838442,100.973082536741
"BDI","Burundi","Burundi","Sub Saharan Africa","wdi_real_gdp_per_capita_growth","WDI real GDP per capita growth",12,"1983-1984","contraction",1983,1984,"1983-01-01","1984-01-01",1,-0.0224212742745944,-0.0224212742745943,127.828217838442,124.962146306254,97.7578725725406
"BDI","Burundi","Burundi","Sub Saharan Africa","wdi_real_gdp_per_capita_growth","WDI real GDP per capita growth",13,"1984-1988","expansion",1984,1988,"1984-01-01","1988-01-01",4,0.0414454556328161,0.174327664281152,124.962146306254,146.746505395383,117.432766428115
"BDI","Burundi","Burundi","Sub Saharan Africa","wdi_real_gdp_per_capita_growth","WDI real GDP per capita growth",14,"1988-1989","contraction",1988,1989,"1988-01-01","1989-01-01",1,-0.00620899444131396,-0.00620899444131395,146.746505395383,145.8353571591,99.3791005558686
"BDI","Burundi","Burundi","Sub Saharan Africa","wdi_real_gdp_per_capita_growth","WDI real GDP per capita growth",15,"1989-1991","expansion",1989,1991,"1989-01-01","1991-01-01",2,0.0210486458611385,0.0424853074386526,145.8353571591,152.03121714343,104.248530743865
"BDI","Burundi","Burundi","Sub Saharan Africa","wdi_real_gdp_per_capita_growth","WDI real GDP per capita growth",16,"1991-1997","contraction",1991,1997,"1991-01-01","1997-01-01",6,-0.0537748002754,-0.28650508640599,152.03121714343,108.473500139344,71.349491359401
"BDI","Burundi","Burundi","Sub Saharan Africa","wdi_real_gdp_per_capita_growth","WDI real GDP per capita growth",17,"1997-1998","expansion",1997,1998,"1997-01-01","1998-01-01",1,0.0276802982431101,0.0276802982431099,108.473500139344,111.476078974675,102.768029824311
"BDI","Burundi","Burundi","Sub Saharan Africa","wdi_real_gdp_per_capita_growth","WDI real GDP per capita growth",18,"1998-2001","contraction",1998,2001,"1998-01-01","2001-01-01",3,-0.0223962267275737,-0.0659286889772085,111.476078974675,104.126607235555,93.4071311022792
"BDI","Burundi","Burundi","Sub Saharan Africa","wdi_real_gdp_per_capita_growth","WDI real GDP per capita growth",19,"2001-2002","expansion",2001,2002,"2001-01-01","2002-01-01",1,0.0154204707066606,0.0154204707066607,104.126607235555,105.732288532215,101.542047070666
"BDI","Burundi","Burundi","Sub Saharan Africa","wdi_real_gdp_per_capita_growth","WDI real GDP per capita growth",20,"2002-2003","contraction",2002,2003,"2002-01-01","2003-01-01",1,-0.042953882781394,-0.0429538827813942,105.732288532215,101.190676204394,95.7046117218606
"BDI","Burundi","Burundi","Sub Saharan Africa","wdi_real_gdp_per_capita_growth","WDI real GDP per capita growth",21,"2003-2004","expansion",2003,2004,"2003-01-01","2004-01-01",1,0.00997721140754805,0.00997721140754826,101.190676204394,102.200276973358,100.997721140755
"BDI","Burundi","Burundi","Sub Saharan Africa","wdi_real_gdp_per_capita_growth","WDI real GDP per capita growth",22,"2004-2005","contraction",2004,2005,"2004-01-01","2005-01-01",1,-0.0277894802793541,-0.0277894802793541,102.200276973358,99.3601843918619,97.2210519720646
"BDI","Burundi","Burundi","Sub Saharan Africa","wdi_real_gdp_per_capita_growth","WDI real GDP per capita growth",23,"2005-2006","expansion",2005,2006,"2005-01-01","2006-01-01",1,0.0168473642542624,0.0168473642542624,99.3601843918619,101.034141610682,101.684736425426
"BDI","Burundi","Burundi","Sub Saharan Africa","wdi_real_gdp_per_capita_growth","WDI real GDP per capita growth",24,"2006-2007","contraction",2006,2007,"2006-01-01","2007-01-01",1,-0.00311187520314832,-0.00311187520314837,101.034141610682,100.719735970733,99.6888124796852
"BDI","Burundi","Burundi","Sub Saharan Africa","wdi_real_gdp_per_capita_growth","WDI real GDP per capita growth",25,"2007-2008","expansion",2007,2008,"2007-01-01","2008-01-01",1,0.00668760370648471,0.00668760370648491,100.719735970733,101.393309650327,100.668760370648
"BDI","Burundi","Burundi","Sub Saharan Africa","wdi_real_gdp_per_capita_growth","WDI real GDP per capita growth",26,"2008-2009","contraction",2008,2009,"2008-01-01","2009-01-01",1,-0.0133995105464051,-0.013399510546405,101.393309650327,100.034688928332,98.6600489453595
"BDI","Burundi","Burundi","Sub Saharan Africa","wdi_real_gdp_per_capita_growth","WDI real GDP per capita growth",27,"2009-2014","expansion",2009,2014,"2009-01-01","2014-01-01",5,0.00681273112209846,0.0345024633202258,100.034688928332,103.486132113832,103.450246332023
"BDI","Burundi","Burundi","Sub Saharan Africa","wdi_real_gdp_per_capita_growth","WDI real GDP per capita growth",28,"2014-2015","contraction",2014,2015,"2014-01-01","2015-01-01",1,-0.0263843207790325,-0.0263843207790324,103.486132113832,100.75572080796,97.3615679220968
"BDI","Burundi","Burundi","Sub Saharan Africa","wdi_real_gdp_per_capita_growth","WDI real GDP per capita growth",29,"2015-2019","expansion",2015,2019,"2015-01-01","2019-01-01",4,0.0153815893482327,0.0629255416950698,100.75572080796,107.095829118678,106.292554169507
"BDI","Burundi","Burundi","Sub Saharan Africa","wdi_real_gdp_per_capita_growth","WDI real GDP per capita growth",30,"2019-2020","contraction",2019,2020,"2019-01-01","2020-01-01",1,-0.0256910007625271,-0.0256910007625271,107.095829118678,104.344430091126,97.4308999237473
"BDI","Burundi","Burundi","Sub Saharan Africa","wdi_real_gdp_per_capita_growth","WDI real GDP per capita growth",31,"2020-2021","expansion",2020,2021,"2020-01-01","2021-01-01",1,0.00462596741612089,0.00462596741612087,104.344430091126,104.827124024781,100.462596741612
"BDI","Burundi","Burundi","Sub Saharan Africa","wdi_real_gdp_per_capita_growth","WDI real GDP per capita growth",32,"2021-2022","contraction",2021,2022,"2021-01-01","2022-01-01",1,-0.00413741363752337,-0.00413741363752351,104.827124024781,104.393410852259,99.5862586362476
"BDI","Burundi","Burundi","Sub Saharan Africa","wdi_real_gdp_per_capita_growth","WDI real GDP per capita growth",33,"2022-2024","expansion",2022,2024,"2022-01-01","2024-01-01",2,0.00966475222285744,0.0193988955058189,104.393410852259,106.418527720878,101.939889550582
"BEL","Belgium","Belgium","Western Europe","wdi_real_gdp_per_capita_growth","WDI real GDP per capita growth",1,"1961-1974","expansion",1961,1974,"1961-01-01","1974-01-01",13,0.0446315593774157,0.762300015626103,104.630257134107,184.389903782401,176.23000156261
"BEL","Belgium","Belgium","Western Europe","wdi_real_gdp_per_capita_growth","WDI real GDP per capita growth",2,"1974-1975","contraction",1974,1975,"1974-01-01","1975-01-01",1,-0.0224882996195586,-0.0224882996195586,184.389903782401,180.243288379321,97.7511700380441
"BEL","Belgium","Belgium","Western Europe","wdi_real_gdp_per_capita_growth","WDI real GDP per capita growth",3,"1975-1980","expansion",1975,1980,"1975-01-01","1980-01-01",5,0.0305804891931326,0.161740151261441,180.243288379321,209.395865105652,116.174015126144
"BEL","Belgium","Belgium","Western Europe","wdi_real_gdp_per_capita_growth","WDI real GDP per capita growth",4,"1980-1981","contraction",1980,1981,"1980-01-01","1981-01-01",1,-0.00276653761516926,-0.00276653761516921,209.395865105652,208.816563568376,99.7233462384831
"BEL","Belgium","Belgium","Western Europe","wdi_real_gdp_per_capita_growth","WDI real GDP per capita growth",5,"1981-1992","expansion",1981,1992,"1981-01-01","1992-01-01",11,0.0199341176113316,0.241667171517608,208.816563568376,259.280671851972,124.166717151761
"BEL","Belgium","Belgium","Western Europe","wdi_real_gdp_per_capita_growth","WDI real GDP per capita growth",6,"1992-1993","contraction",1992,1993,"1992-01-01","1993-01-01",1,-0.0134799947777529,-0.013479994777753,259.280671851972,255.785569749435,98.6520005222247
"BEL","Belgium","Belgium","Western Europe","wdi_real_gdp_per_capita_growth","WDI real GDP per capita growth",7,"1993-2007","expansion",1993,2007,"1993-01-01","2007-01-01",14,0.0218307768120398,0.352139053104765,255.785569749435,345.857658078864,135.213905310476
"BEL","Belgium","Belgium","Western Europe","wdi_real_gdp_per_capita_growth","WDI real GDP per capita growth",8,"2007-2009","contraction",2007,2009,"2007-01-01","2009-01-01",2,-0.0151800542706697,-0.0302676263990229,345.857658078864,335.389367696892,96.9732373600977
"BEL","Belgium","Belgium","Western Europe","wdi_real_gdp_per_capita_growth","WDI real GDP per capita growth",9,"2009-2011","expansion",2009,2011,"2009-01-01","2011-01-01",2,0.0119490017212426,0.0240069930636129,335.389367696892,343.441057920801,102.400699306361
"BEL","Belgium","Belgium","Western Europe","wdi_real_gdp_per_capita_growth","WDI real GDP per capita growth",10,"2011-2013","contraction",2011,2013,"2011-01-01","2013-01-01",2,-0.00284974088404631,-0.00569277211340413,343.441057920801,341.485926243671,99.4307227886596
"BEL","Belgium","Belgium","Western Europe","wdi_real_gdp_per_capita_growth","WDI real GDP per capita growth",11,"2013-2019","expansion",2013,2019,"2013-01-01","2019-01-01",6,0.0121257100357803,0.0749478092463902,341.485926243671,367.079548304109,107.494780924639
"BEL","Belgium","Belgium","Western Europe","wdi_real_gdp_per_capita_growth","WDI real GDP per capita growth",12,"2019-2020","contraction",2019,2020,"2019-01-01","2020-01-01",1,-0.0520244011003201,-0.05202440110032,367.079548304109,347.982454647411,94.797559889968
"BEL","Belgium","Belgium","Western Europe","wdi_real_gdp_per_capita_growth","WDI real GDP per capita growth",13,"2020-2024","expansion",2020,2024,"2020-01-01","2024-01-01",4,0.0254761240586284,0.104899212815508,347.982454647411,384.485540213533,110.489921281551
"BEN","Benin","Benin","Sub Saharan Africa","wdi_real_gdp_per_capita_growth","WDI real GDP per capita growth",1,"1961-1962","contraction",1961,1962,"1961-01-01","1962-01-01",1,-0.0511105170438546,-0.0511105170438546,101.451144083575,96.2659236547732,94.8889482956145
"BEN","Benin","Benin","Sub Saharan Africa","wdi_real_gdp_per_capita_growth","WDI real GDP per capita growth",2,"1962-1966","expansion",1962,1966,"1962-01-01","1966-01-01",4,0.0304910106746573,0.127391220303403,96.2659236547732,108.529357142789,112.73912203034
"BEN","Benin","Benin","Sub Saharan Africa","wdi_real_gdp_per_capita_growth","WDI real GDP per capita growth",3,"1966-1967","contraction",1966,1967,"1966-01-01","1967-01-01",1,-0.00986093720140261,-0.00986093720140269,108.529357142789,107.459155967495,99.0139062798597
"BEN","Benin","Benin","Sub Saharan Africa","wdi_real_gdp_per_capita_growth","WDI real GDP per capita growth",4,"1967-1969","expansion",1967,1969,"1967-01-01","1969-01-01",2,0.0117852148949493,0.0236847349496394,107.459155967495,110.004297594497,102.368473494964
"BEN","Benin","Benin","Sub Saharan Africa","wdi_real_gdp_per_capita_growth","WDI real GDP per capita growth",5,"1969-1971","contraction",1969,1971,"1969-01-01","1971-01-01",2,-0.0190792848977638,-0.0381111759670369,110.004297594497,105.811904451743,96.1888824032963
"BEN","Benin","Benin","Sub Saharan Africa","wdi_real_gdp_per_capita_growth","WDI real GDP per capita growth",6,"1971-1974","expansion",1971,1974,"1971-01-01","1974-01-01",3,0.0207540621989609,0.0632739585609736,105.811904451743,112.50704250928,106.327395856097
"BEN","Benin","Benin","Sub Saharan Africa","wdi_real_gdp_per_capita_growth","WDI real GDP per capita growth",7,"1974-1976","contraction",1974,1976,"1974-01-01","1976-01-01",2,-0.0438731931660788,-0.0866015375835021,112.50704250928,102.763759639004,91.3398462416498
"BEN","Benin","Benin","Sub Saharan Africa","wdi_real_gdp_per_capita_growth","WDI real GDP per capita growth",8,"1976-1977","expansion",1976,1977,"1976-01-01","1977-01-01",1,0.0234673007253691,0.0234673007253692,102.763759639004,105.175347690122,102.346730072537
"BEN","Benin","Benin","Sub Saharan Africa","wdi_real_gdp_per_capita_growth","WDI real GDP per capita growth",9,"1977-1978","contraction",1977,1978,"1977-01-01","1978-01-01",1,-0.0133472073423174,-0.0133472073423174,105.175347690122,103.771550517202,98.6652792657683
"BEN","Benin","Benin","Sub Saharan Africa","wdi_real_gdp_per_capita_growth","WDI real GDP per capita growth",10,"1978-1981","expansion",1978,1981,"1978-01-01","1981-01-01",3,0.048313378365118,0.151728390622891,103.771550517202,119.516640869619,115.172839062289
"BEN","Benin","Benin","Sub Saharan Africa","wdi_real_gdp_per_capita_growth","WDI real GDP per capita growth",11,"1981-1983","contraction",1981,1983,"1981-01-01","1983-01-01",2,-0.0387895045067055,-0.0771013273799669,119.516640869619,110.301749214577,92.2898672620033
"BEN","Benin","Benin","Sub Saharan Africa","wdi_real_gdp_per_capita_growth","WDI real GDP per capita growth",12,"1983-1985","expansion",1983,1985,"1983-01-01","1985-01-01",2,0.0461027189258504,0.0943264666182571,110.301749214577,120.706123479801,109.432646661826
"BEN","Benin","Benin","Sub Saharan Africa","wdi_real_gdp_per_capita_growth","WDI real GDP per capita growth",13,"1985-1987","contraction",1985,1987,"1985-01-01","1987-01-01",2,-0.0262809236338453,-0.0521938946441044,120.706123479801,114.406000787998,94.7806105355896
"BEN","Benin","Benin","Sub Saharan Africa","wdi_real_gdp_per_capita_growth","WDI real GDP per capita growth",14,"1987-1988","expansion",1987,1988,"1987-01-01","1988-01-01",1,0.0030652753344971,0.00306527533449708,114.406000787998,114.756686680332,100.30652753345
"BEN","Benin","Benin","Sub Saharan Africa","wdi_real_gdp_per_capita_growth","WDI real GDP per capita growth",15,"1988-1989","contraction",1988,1989,"1988-01-01","1989-01-01",1,-0.0578117364233306,-0.0578117364233307,114.756686680332,108.122403357154,94.2188263576669
"BEN","Benin","Benin","Sub Saharan Africa","wdi_real_gdp_per_capita_growth","WDI real GDP per capita growth",16,"1989-1991","expansion",1989,1991,"1989-01-01","1991-01-01",2,0.0336915943656969,0.0679850416066181,108.122403357154,115.473109447997,106.798504160662
"BEN","Benin","Benin","Sub Saharan Africa","wdi_real_gdp_per_capita_growth","WDI real GDP per capita growth",17,"1991-1992","contraction",1991,1992,"1991-01-01","1992-01-01",1,-0.00174577693605642,-0.00174577693605615,115.473109447997,115.271519156788,99.8254223063944
"BEN","Benin","Benin","Sub Saharan Africa","wdi_real_gdp_per_capita_growth","WDI real GDP per capita growth",18,"1992-1993","expansion",1992,1993,"1992-01-01","1993-01-01",1,0.0124312443544126,0.0124312443544126,115.271519156788,116.704487578531,101.243124435441
"BEN","Benin","Benin","Sub Saharan Africa","wdi_real_gdp_per_capita_growth","WDI real GDP per capita growth",19,"1993-1994","contraction",1993,1994,"1993-01-01","1994-01-01",1,-0.0172472268031545,-0.0172472268031545,116.704487578531,114.691658812318,98.2752773196845
"BEN","Benin","Benin","Sub Saharan Africa","wdi_real_gdp_per_capita_growth","WDI real GDP per capita growth",20,"1994-2004","expansion",1994,2004,"1994-01-01","2004-01-01",10,0.0189950432595534,0.206502149357953,114.691658812318,138.375732870491,120.650214935795
"BEN","Benin","Benin","Sub Saharan Africa","wdi_real_gdp_per_capita_growth","WDI real GDP per capita growth",21,"2004-2005","contraction",2004,2005,"2004-01-01","2005-01-01",1,-0.0151043339492205,-0.0151043339492205,138.375732870491,136.285659590746,98.489566605078
"BEN","Benin","Benin","Sub Saharan Africa","wdi_real_gdp_per_capita_growth","WDI real GDP per capita growth",22,"2005-2008","expansion",2005,2008,"2005-01-01","2008-01-01",3,0.0180891203271801,0.055137223645259,136.285659590746,143.800072483243,105.513722364526
"BEN","Benin","Benin","Sub Saharan Africa","wdi_real_gdp_per_capita_growth","WDI real GDP per capita growth",23,"2008-2011","contraction",2008,2011,"2008-01-01","2011-01-01",3,-0.00549703659167056,-0.0164195419466852,143.800072483243,141.438941161168,98.3580458053315
"BEN","Benin","Benin","Sub Saharan Africa","wdi_real_gdp_per_capita_growth","WDI real GDP per capita growth",24,"2011-2014","expansion",2011,2014,"2011-01-01","2014-01-01",3,0.030279725759282,0.0934731693617901,141.438941161168,154.659687262678,109.347316936179
"BEN","Benin","Benin","Sub Saharan Africa","wdi_real_gdp_per_capita_growth","WDI real GDP per capita growth",25,"2014-2015","contraction",2014,2015,"2014-01-01","2015-01-01",1,-0.0118432043750336,-0.0118432043750337,154.659687262678,152.828020977848,98.8156795624966
"BEN","Benin","Benin","Sub Saharan Africa","wdi_real_gdp_per_capita_growth","WDI real GDP per capita growth",26,"2015-2024","expansion",2015,2024,"2015-01-01","2024-01-01",9,0.0315646744965465,0.321586381913729,152.828020977848,201.975431299149,132.158638191373
"BFA","Burkina Faso","Burkina Faso","Sub Saharan Africa","wdi_real_gdp_per_capita_growth","WDI real GDP per capita growth",1,"1961-1962","expansion",1961,1962,"1961-01-01","1962-01-01",1,0.0458749878804011,0.045874987880401,102.550232653443,107.254723333552,104.58749878804
"BFA","Burkina Faso","Burkina Faso","Sub Saharan Africa","wdi_real_gdp_per_capita_growth","WDI real GDP per capita growth",2,"1962-1963","contraction",1962,1963,"1962-01-01","1963-01-01",1,-0.0273014695828537,-0.0273014695828537,107.254723333552,104.326511766843,97.2698530417146
"BFA","Burkina Faso","Burkina Faso","Sub Saharan Africa","wdi_real_gdp_per_capita_growth","WDI real GDP per capita growth",3,"1963-1965","expansion",1963,1965,"1963-01-01","1965-01-01",2,0.014193831954968,0.0285404160796896,104.326511766843,107.304033820812,102.854041607969
"BFA","Burkina Faso","Burkina Faso","Sub Saharan Africa","wdi_real_gdp_per_capita_growth","WDI real GDP per capita growth",4,"1965-1966","contraction",1965,1966,"1965-01-01","1966-01-01",1,-0.0109580812913819,-0.0109580812913819,107.304033820812,106.12818749531,98.9041918708618
"BFA","Burkina Faso","Burkina Faso","Sub Saharan Africa","wdi_real_gdp_per_capita_growth","WDI real GDP per capita growth",5,"1966-1969","expansion",1966,1969,"1966-01-01","1969-01-01",3,0.0286957601259203,0.0872431914917766,106.12818749531,115.387149279638,108.724319149178
"BFA","Burkina Faso","Burkina Faso","Sub Saharan Africa","wdi_real_gdp_per_capita_growth","WDI real GDP per capita growth",6,"1969-1971","contraction",1969,1971,"1969-01-01","1971-01-01",2,-0.00969313547680586,-0.0193341643648141,115.387149279638,113.156235169879,98.0665835635186
"BFA","Burkina Faso","Burkina Faso","Sub Saharan Africa","wdi_real_gdp_per_capita_growth","WDI real GDP per capita growth",7,"1971-1972","expansion",1971,1972,"1971-01-01","1972-01-01",1,0.00563182490208192,0.00563182490208192,113.156235169879,113.793511272934,100.563182490208
"BFA","Burkina Faso","Burkina Faso","Sub Saharan Africa","wdi_real_gdp_per_capita_growth","WDI real GDP per capita growth",8,"1972-1973","contraction",1972,1973,"1972-01-01","1973-01-01",1,-0.0132950738728137,-0.0132950738728138,113.793511272934,112.280618134314,98.6704926127186
"BFA","Burkina Faso","Burkina Faso","Sub Saharan Africa","wdi_real_gdp_per_capita_growth","WDI real GDP per capita growth",9,"1973-1976","expansion",1973,1976,"1973-01-01","1976-01-01",3,0.0447816206048619,0.13946063502351,112.280618134314,127.939344440157,113.946063502351
"BFA","Burkina Faso","Burkina Faso","Sub Saharan Africa","wdi_real_gdp_per_capita_growth","WDI real GDP per capita growth",10,"1976-1977","contraction",1976,1977,"1976-01-01","1977-01-01",1,-0.0194188225017315,-0.0194188225017314,127.939344440157,125.454913019486,98.0581177498269
"BFA","Burkina Faso","Burkina Faso","Sub Saharan Africa","wdi_real_gdp_per_capita_growth","WDI real GDP per capita growth",11,"1977-1979","expansion",1977,1979,"1977-01-01","1979-01-01",2,0.0152356820697127,0.030677568813682,125.454913019486,129.303564746656,103.067756881368
"BFA","Burkina Faso","Burkina Faso","Sub Saharan Africa","wdi_real_gdp_per_capita_growth","WDI real GDP per capita growth",12,"1979-1980","contraction",1979,1980,"1979-01-01","1980-01-01",1,-0.0187246341521055,-0.0187246341521052,129.303564746656,126.882402802211,98.1275365847895
"BFA","Burkina Faso","Burkina Faso","Sub Saharan Africa","wdi_real_gdp_per_capita_growth","WDI real GDP per capita growth",13,"1980-1982","expansion",1980,1982,"1980-01-01","1982-01-01",2,0.0401226209744587,0.0811967474319018,126.882402802211,137.184841216095,108.11967474319
"BFA","Burkina Faso","Burkina Faso","Sub Saharan Africa","wdi_real_gdp_per_capita_growth","WDI real GDP per capita growth",14,"1982-1984","contraction",1982,1984,"1982-01-01","1984-01-01",2,-0.0351511807389115,-0.0691787039074583,137.184841216095,127.694571705016,93.0821296092542
"BFA","Burkina Faso","Burkina Faso","Sub Saharan Africa","wdi_real_gdp_per_capita_growth","WDI real GDP per capita growth",15,"1984-1986","expansion",1984,1986,"1984-01-01","1986-01-01",2,0.0519059216434967,0.106500386578399,127.694571705016,141.294092955563,110.65003865784
"BFA","Burkina Faso","Burkina Faso","Sub Saharan Africa","wdi_real_gdp_per_capita_growth","WDI real GDP per capita growth",16,"1986-1987","contraction",1986,1987,"1986-01-01","1987-01-01",1,-0.0292901265412704,-0.0292901265412704,141.294092955563,137.15557109336,97.070987345873
"BFA","Burkina Faso","Burkina Faso","Sub Saharan Africa","wdi_real_gdp_per_capita_growth","WDI real GDP per capita growth",17,"1987-1988","expansion",1987,1988,"1987-01-01","1988-01-01",1,0.0299068268379408,0.0299068268379408,137.15557109336,141.257459007908,102.990682683794
"BFA","Burkina Faso","Burkina Faso","Sub Saharan Africa","wdi_real_gdp_per_capita_growth","WDI real GDP per capita growth",18,"1988-1990","contraction",1988,1990,"1988-01-01","1990-01-01",2,-0.0185689568908021,-0.0369702015014485,141.257459007908,136.035142284803,96.3029798498551
"BFA","Burkina Faso","Burkina Faso","Sub Saharan Africa","wdi_real_gdp_per_capita_growth","WDI real GDP per capita growth",19,"1990-1991","expansion",1990,1991,"1990-01-01","1991-01-01",1,0.0633847249922952,0.0633847249922952,136.035142284803,144.657692367813,106.33847249923
"BFA","Burkina Faso","Burkina Faso","Sub Saharan Africa","wdi_real_gdp_per_capita_growth","WDI real GDP per capita growth",20,"1991-1992","contraction",1991,1992,"1991-01-01","1992-01-01",1,-0.0220972690363685,-0.0220972690363685,144.657692367813,141.461152421382,97.7902730963632
"BFA","Burkina Faso","Burkina Faso","Sub Saharan Africa","wdi_real_gdp_per_capita_growth","WDI real GDP per capita growth",21,"1992-1993","expansion",1992,1993,"1992-01-01","1993-01-01",1,0.00920491455019118,0.00920491455019112,141.461152421382,142.763290241592,100.920491455019
"BFA","Burkina Faso","Burkina Faso","Sub Saharan Africa","wdi_real_gdp_per_capita_growth","WDI real GDP per capita growth",22,"1993-1994","contraction",1993,1994,"1993-01-01","1994-01-01",1,-0.0120776072545993,-0.0120776072545993,142.763290241592,141.03905129168,98.7922392745401
"BFA","Burkina Faso","Burkina Faso","Sub Saharan Africa","wdi_real_gdp_per_capita_growth","WDI real GDP per capita growth",23,"1994-1999","expansion",1994,1999,"1994-01-01","1999-01-01",5,0.0470749851245874,0.257668317305615,141.03905129168,177.380346312387,125.766831730562
"BFA","Burkina Faso","Burkina Faso","Sub Saharan Africa","wdi_real_gdp_per_capita_growth","WDI real GDP per capita growth",24,"1999-2000","contraction",1999,2000,"1999-01-01","2000-01-01",1,-0.0110710660159205,-0.0110710660159203,177.380346312387,175.416556788436,98.892893398408
"BFA","Burkina Faso","Burkina Faso","Sub Saharan Africa","wdi_real_gdp_per_capita_growth","WDI real GDP per capita growth",25,"2000-2008","expansion",2000,2008,"2000-01-01","2008-01-01",8,0.0279328314848092,0.245526729052616,175.416556788436,218.486010198373,124.552672905262
"BFA","Burkina Faso","Burkina Faso","Sub Saharan Africa","wdi_real_gdp_per_capita_growth","WDI real GDP per capita growth",26,"2008-2009","contraction",2008,2009,"2008-01-01","2009-01-01",1,-2.27773519867469e-06,-2.27773519856367e-06,218.486010198373,218.485512545097,99.9997722264801
"BFA","Burkina Faso","Burkina Faso","Sub Saharan Africa","wdi_real_gdp_per_capita_growth","WDI real GDP per capita growth",27,"2009-2019","expansion",2009,2019,"2009-01-01","2019-01-01",10,0.030079847755704,0.344070858860868,218.485512545097,293.660010495146,134.407085886087
"BFA","Burkina Faso","Burkina Faso","Sub Saharan Africa","wdi_real_gdp_per_capita_growth","WDI real GDP per capita growth",28,"2019-2020","contraction",2019,2020,"2019-01-01","2020-01-01",1,-0.00443420002406739,-0.00443420002406725,293.660010495146,292.35786326954,99.5565799975933
"BFA","Burkina Faso","Burkina Faso","Sub Saharan Africa","wdi_real_gdp_per_capita_growth","WDI real GDP per capita growth",29,"2020-2021","expansion",2020,2021,"2020-01-01","2021-01-01",1,0.0443100540861892,0.0443100540861892,292.35786326954,305.312256003537,104.431005408619
"BFA","Burkina Faso","Burkina Faso","Sub Saharan Africa","wdi_real_gdp_per_capita_growth","WDI real GDP per capita growth",30,"2021-2022","contraction",2021,2022,"2021-01-01","2022-01-01",1,-0.00693015914774818,-0.0069301591477483,305.312256003537,303.196393479674,99.3069840852252
"BFA","Burkina Faso","Burkina Faso","Sub Saharan Africa","wdi_real_gdp_per_capita_growth","WDI real GDP per capita growth",31,"2022-2024","expansion",2022,2024,"2022-01-01","2024-01-01",2,0.0158051821126612,0.0317806466846933,303.196393479674,312.832170936925,103.178064668469
"BGD","Bangladesh","Bangladesh","South and South East Asia","wdi_real_gdp_per_capita_growth","WDI real GDP per capita growth",1,"1961-1962","expansion",1961,1962,"1961-01-01","1962-01-01",1,0.0243477384125657,0.0243477384125657,103.110419719056,105.620925245985,102.434773841257
"BGD","Bangladesh","Bangladesh","South and South East Asia","wdi_real_gdp_per_capita_growth","WDI real GDP per capita growth",2,"1962-1963","contraction",1962,1963,"1962-01-01","1963-01-01",1,-0.0331559302385679,-0.0331559302385679,105.620925245985,102.118965216796,96.6844069761432
"BGD","Bangladesh","Bangladesh","South and South East Asia","wdi_real_gdp_per_capita_growth","WDI real GDP per capita growth",3,"1963-1964","expansion",1963,1964,"1963-01-01","1964-01-01",1,0.0776033319575897,0.0776033319575895,102.118965216796,110.043737173681,107.760333195759
"BGD","Bangladesh","Bangladesh","South and South East Asia","wdi_real_gdp_per_capita_growth","WDI real GDP per capita growth",4,"1964-1967","contraction",1964,1967,"1964-01-01","1967-01-01",3,-0.0213702919580188,-0.0632660188891944,110.043737173681,103.081708019013,93.6733981110806
"BGD","Bangladesh","Bangladesh","South and South East Asia","wdi_real_gdp_per_capita_growth","WDI real GDP per capita growth",5,"1967-1968","expansion",1967,1968,"1967-01-01","1968-01-01",1,0.06313411168743,0.06313411168743,103.081708019013,109.589680086017,106.313411168743
"BGD","Bangladesh","Bangladesh","South and South East Asia","wdi_real_gdp_per_capita_growth","WDI real GDP per capita growth",6,"1968-1969","contraction",1968,1969,"1968-01-01","1969-01-01",1,-0.0161576476400852,-0.0161576476400852,109.589680086017,107.818968650197,98.3842352359915
"BGD","Bangladesh","Bangladesh","South and South East Asia","wdi_real_gdp_per_capita_growth","WDI real GDP per capita growth",7,"1969-1970","expansion",1969,1970,"1969-01-01","1970-01-01",1,0.0292079667006378,0.0292079667006377,107.818968650197,110.968141496229,102.920796670064
"BGD","Bangladesh","Bangladesh","South and South East Asia","wdi_real_gdp_per_capita_growth","WDI real GDP per capita growth",8,"1970-1972","contraction",1970,1972,"1970-01-01","1972-01-01",2,-0.113649987472799,-0.216187796626027,110.968141496229,86.9781834904742,78.3812203373973
"BGD","Bangladesh","Bangladesh","South and South East Asia","wdi_real_gdp_per_capita_growth","WDI real GDP per capita growth",9,"1972-1974","expansion",1972,1974,"1972-01-01","1974-01-01",2,0.0347103162108964,0.0696880578435362,86.9781834904742,93.039524172684,106.968805784354
"BGD","Bangladesh","Bangladesh","South and South East Asia","wdi_real_gdp_per_capita_growth","WDI real GDP per capita growth",10,"1974-1975","contraction",1974,1975,"1974-01-01","1975-01-01",1,-0.0657057421501683,-0.0657057421501686,93.039524172684,86.9262931876193,93.4294257849831
"BGD","Bangladesh","Bangladesh","South and South East Asia","wdi_real_gdp_per_capita_growth","WDI real GDP per capita growth",11,"1975-1979","expansion",1975,1979,"1975-01-01","1979-01-01",4,0.0249081017479332,0.102901072628772,86.9262931876193,95.8711019962684,110.290107262877
"BGD","Bangladesh","Bangladesh","South and South East Asia","wdi_real_gdp_per_capita_growth","WDI real GDP per capita growth",12,"1979-1980","contraction",1979,1980,"1979-01-01","1980-01-01",1,-0.0156496896529997,-0.0156496896529998,95.8711019962684,94.3707490033357,98.4350310347
"BGD","Bangladesh","Bangladesh","South and South East Asia","wdi_real_gdp_per_capita_growth","WDI real GDP per capita growth",13,"1980-1981","expansion",1980,1981,"1980-01-01","1981-01-01",1,0.0451854466481316,0.0451854466481316,94.3707490033357,98.6349334475702,104.518544664813
"BGD","Bangladesh","Bangladesh","South and South East Asia","wdi_real_gdp_per_capita_growth","WDI real GDP per capita growth",14,"1981-1982","contraction",1981,1982,"1981-01-01","1982-01-01",1,-0.00629252594549101,-0.0062925259454909,98.6349334475702,98.0142705697196,99.3707474054509
"BGD","Bangladesh","Bangladesh","South and South East Asia","wdi_real_gdp_per_capita_growth","WDI real GDP per capita growth",15,"1982-2024","expansion",1982,2024,"1982-01-01","2024-01-01",42,0.0372190669927517,3.61251573564396,98.0142705697196,452.092365320497,461.251573564396
"BGR","Bulgaria","Bulgaria","Eastern Europe","wdi_real_gdp_per_capita_growth","WDI real GDP per capita growth",1,"1981-1988","expansion",1981,1988,"1981-01-01","1988-01-01",7,0.0457121720236833,0.364021840654802,104.551144229451,142.610044194422,136.40218406548
"BGR","Bulgaria","Bulgaria","Eastern Europe","wdi_real_gdp_per_capita_growth","WDI real GDP per capita growth",2,"1988-1993","contraction",1988,1993,"1988-01-01","1993-01-01",5,-0.0482228893568448,-0.22069053637546,142.610044194422,111.137357048627,77.930946362454
"BGR","Bulgaria","Bulgaria","Eastern Europe","wdi_real_gdp_per_capita_growth","WDI real GDP per capita growth",3,"1993-1996","expansion",1993,1996,"1993-01-01","1996-01-01",3,0.037567309248673,0.116644279024707,111.137357048627,124.100893934275,111.664427902471
"BGR","Bulgaria","Bulgaria","Eastern Europe","wdi_real_gdp_per_capita_growth","WDI real GDP per capita growth",4,"1996-1997","contraction",1996,1997,"1996-01-01","1997-01-01",1,-0.135909226994504,-0.135909226994504,124.100893934275,107.234437370341,86.4090773005496
"BGR","Bulgaria","Bulgaria","Eastern Europe","wdi_real_gdp_per_capita_growth","WDI real GDP per capita growth",5,"1997-1998","expansion",1997,1998,"1997-01-01","1998-01-01",1,0.044840245421659,0.044840245421659,107.234437370341,112.04285585968,104.484024542166
"BGR","Bulgaria","Bulgaria","Eastern Europe","wdi_real_gdp_per_capita_growth","WDI real GDP per capita growth",6,"1998-1999","contraction",1998,1999,"1998-01-01","1999-01-01",1,-0.078810728954104,-0.0788107289541039,112.04285585968,103.212676715279,92.1189271045896
"BGR","Bulgaria","Bulgaria","Eastern Europe","wdi_real_gdp_per_capita_growth","WDI real GDP per capita growth",7,"1999-2008","expansion",1999,2008,"1999-01-01","2008-01-01",9,0.0693376276069868,0.827563092839118,103.212676715279,188.62767867798,182.756309283912
"BGR","Bulgaria","Bulgaria","Eastern Europe","wdi_real_gdp_per_capita_growth","WDI real GDP per capita growth",8,"2008-2009","contraction",2008,2009,"2008-01-01","2009-01-01",1,-0.0272241480587978,-0.0272241480587979,188.62767867798,183.492450825663,97.2775851941202
"BGR","Bulgaria","Bulgaria","Eastern Europe","wdi_real_gdp_per_capita_growth","WDI real GDP per capita growth",9,"2009-2019","expansion",2009,2019,"2009-01-01","2019-01-01",10,0.0321943055796415,0.371682430761739,183.492450825663,251.693370974975,137.168243076174
"BGR","Bulgaria","Bulgaria","Eastern Europe","wdi_real_gdp_per_capita_growth","WDI real GDP per capita growth",10,"2019-2020","contraction",2019,2020,"2019-01-01","2020-01-01",1,-0.0215683103882644,-0.0215683103882643,251.693370974975,246.264770227118,97.8431689611736
"BGR","Bulgaria","Bulgaria","Eastern Europe","wdi_real_gdp_per_capita_growth","WDI real GDP per capita growth",11,"2020-2024","expansion",2020,2024,"2020-01-01","2024-01-01",4,0.0468850989755151,0.199857625917093,246.264770227118,295.482662551728,119.985762591709
"BHR","Bahrain","Bahrain","Middle East and North Africa","wdi_real_gdp_per_capita_growth","WDI real GDP per capita growth",1,"1971-1974","expansion",1971,1974,"1971-01-01","1974-01-01",3,0.0560791680971144,0.177158260676859,98.9984101892456,116.536796348147,117.715826067686
"BHR","Bahrain","Bahrain","Middle East and North Africa","wdi_real_gdp_per_capita_growth","WDI real GDP per capita growth",2,"1974-1975","contraction",1974,1975,"1974-01-01","1975-01-01",1,-0.134068775816101,-0.134068775816101,116.536796348147,100.91285072422,86.5931224183899
"BHR","Bahrain","Bahrain","Middle East and North Africa","wdi_real_gdp_per_capita_growth","WDI real GDP per capita growth",3,"1975-1977","expansion",1975,1977,"1975-01-01","1977-01-01",2,0.158424943184426,0.335175652809379,100.91285072422,134.736381342566,133.517565280938
"BHR","Bahrain","Bahrain","Middle East and North Africa","wdi_real_gdp_per_capita_growth","WDI real GDP per capita growth",4,"1977-1982","contraction",1977,1982,"1977-01-01","1982-01-01",5,-0.0475221975146811,-0.220006556632658,134.736381342566,105.093494030243,77.9993443367342
"BHR","Bahrain","Bahrain","Middle East and North Africa","wdi_real_gdp_per_capita_growth","WDI real GDP per capita growth",5,"1982-1984","expansion",1982,1984,"1982-01-01","1984-01-01",2,0.020413264591598,0.0411953833904337,105.093494030243,109.42286080866,104.119538339043
"BHR","Bahrain","Bahrain","Middle East and North Africa","wdi_real_gdp_per_capita_growth","WDI real GDP per capita growth",6,"1984-1986","contraction",1984,1986,"1984-01-01","1986-01-01",2,-0.0527563833941694,-0.103540299055995,109.42286080866,98.0931850769685,89.6459700944005
"BHR","Bahrain","Bahrain","Middle East and North Africa","wdi_real_gdp_per_capita_growth","WDI real GDP per capita growth",7,"1986-1988","expansion",1986,1988,"1986-01-01","1988-01-01",2,0.0482018495508165,0.0984623855661688,98.0931850769685,107.751674087431,109.846238556617
"BHR","Bahrain","Bahrain","Middle East and North Africa","wdi_real_gdp_per_capita_growth","WDI real GDP per capita growth",8,"1988-1989","contraction",1988,1989,"1988-01-01","1989-01-01",1,-0.0314702885262435,-0.0314702885262433,107.751674087431,104.360697814713,96.8529711473757
"BHR","Bahrain","Bahrain","Middle East and North Africa","wdi_real_gdp_per_capita_growth","WDI real GDP per capita growth",9,"1989-1993","expansion",1989,1993,"1989-01-01","1993-01-01",4,0.0714518557134183,0.312092825373726,104.360697814713,136.930922853681,131.209282537373
"BHR","Bahrain","Bahrain","Middle East and North Africa","wdi_real_gdp_per_capita_growth","WDI real GDP per capita growth",10,"1993-1994","contraction",1993,1994,"1993-01-01","1994-01-01",1,-0.0284120790487738,-0.028412079048774,136.930922853681,133.040430649341,97.1587920951226
"BHR","Bahrain","Bahrain","Middle East and North Africa","wdi_real_gdp_per_capita_growth","WDI real GDP per capita growth",11,"1994-2000","expansion",1994,2000,"1994-01-01","2000-01-01",6,0.0154328729947977,0.0961003114765278,133.040430649341,145.825657473714,109.610031147653
"BHR","Bahrain","Bahrain","Middle East and North Africa","wdi_real_gdp_per_capita_growth","WDI real GDP per capita growth",12,"2000-2006","contraction",2000,2006,"2000-01-01","2006-01-01",6,-0.0157276112834072,-0.0910325117101167,145.825657473714,132.550781602102,90.8967488289883
"BHR","Bahrain","Bahrain","Middle East and North Africa","wdi_real_gdp_per_capita_growth","WDI real GDP per capita growth",13,"2006-2008","expansion",2006,2008,"2006-01-01","2008-01-01",2,0.0006968069791332,0.00139409593863693,132.550781602102,132.735570108397,100.139409593864
"BHR","Bahrain","Bahrain","Middle East and North Africa","wdi_real_gdp_per_capita_growth","WDI real GDP per capita growth",14,"2008-2009","contraction",2008,2009,"2008-01-01","2009-01-01",1,-0.0397919772562874,-0.0397919772562874,132.735570108397,127.453759321543,96.0208022743713
"BHR","Bahrain","Bahrain","Middle East and North Africa","wdi_real_gdp_per_capita_growth","WDI real GDP per capita growth",15,"2009-2013","expansion",2009,2013,"2009-01-01","2013-01-01",4,0.0226177678394272,0.0929750313818785,127.453759321543,139.303776594202,109.297503138188
"BHR","Bahrain","Bahrain","Middle East and North Africa","wdi_real_gdp_per_capita_growth","WDI real GDP per capita growth",16,"2013-2017","contraction",2013,2017,"2013-01-01","2017-01-01",4,-0.00690078822955271,-0.0273875792166072,139.303776594202,135.488583377556,97.2612420783393
"BHR","Bahrain","Bahrain","Middle East and North Africa","wdi_real_gdp_per_capita_growth","WDI real GDP per capita growth",17,"2017-2019","expansion",2017,2019,"2017-01-01","2019-01-01",2,0.0265061829913413,0.0536613433736668,135.488583377556,142.759082773391,105.366134337367
"BHR","Bahrain","Bahrain","Middle East and North Africa","wdi_real_gdp_per_capita_growth","WDI real GDP per capita growth",18,"2019-2020","contraction",2019,2020,"2019-01-01","2020-01-01",1,-0.0517307400932464,-0.0517307400932465,142.759082773391,135.37404976649,94.8269259906753
"BHR","Bahrain","Bahrain","Middle East and North Africa","wdi_real_gdp_per_capita_growth","WDI real GDP per capita growth",19,"2020-2024","expansion",2020,2024,"2020-01-01","2024-01-01",4,0.0229161833222928,0.094353924362925,135.37404976649,148.14712261886,109.435392436293
"BIH","Bosnia and Herzegovina","Bosnia and Herzegovina","Eastern Europe","wdi_real_gdp_per_capita_growth","WDI real GDP per capita growth",1,"1991-1992","contraction",1991,1992,"1991-01-01","1992-01-01",1,-0.0149369917656698,-0.0149369917656698,90.4549268396734,89.1038023423049,98.506300823433
"BIH","Bosnia and Herzegovina","Bosnia and Herzegovina","Eastern Europe","wdi_real_gdp_per_capita_growth","WDI real GDP per capita growth",2,"1992-2008","expansion",1992,2008,"1992-01-01","2008-01-01",16,0.118735935830728,4.57146314492114,89.1038023423049,496.43855082249,557.146314492114
"BIH","Bosnia and Herzegovina","Bosnia and Herzegovina","Eastern Europe","wdi_real_gdp_per_capita_growth","WDI real GDP per capita growth",3,"2008-2009","contraction",2008,2009,"2008-01-01","2009-01-01",1,-0.0131069341204288,-0.0131069341204288,496.43855082249,489.931763442018,98.6893065879571
"BIH","Bosnia and Herzegovina","Bosnia and Herzegovina","Eastern Europe","wdi_real_gdp_per_capita_growth","WDI real GDP per capita growth",4,"2009-2019","expansion",2009,2019,"2009-01-01","2019-01-01",10,0.0372164129359462,0.439908765664624,489.931763442018,705.457040757689,143.990876566462
"BIH","Bosnia and Herzegovina","Bosnia and Herzegovina","Eastern Europe","wdi_real_gdp_per_capita_growth","WDI real GDP per capita growth",5,"2019-2020","contraction",2019,2020,"2019-01-01","2020-01-01",1,-0.0165750707667169,-0.016575070766717,705.457040757689,693.764040384251,98.3424929233283
"BIH","Bosnia and Herzegovina","Bosnia and Herzegovina","Eastern Europe","wdi_real_gdp_per_capita_growth","WDI real GDP per capita growth",6,"2020-2024","expansion",2020,2024,"2020-01-01","2024-01-01",4,0.0524993724680755,0.225745807808989,693.764040384251,850.378364109622,122.574580780899
"BLR","Belarus","Belarus","Eastern Europe","wdi_real_gdp_per_capita_growth","WDI real GDP per capita growth",1,"1991-1995","contraction",1991,1995,"1991-01-01","1995-01-01",4,-0.0982664535062244,-0.339126390725369,98.7544328067739,65.2641984408817,66.0873609274631
"BLR","Belarus","Belarus","Eastern Europe","wdi_real_gdp_per_capita_growth","WDI real GDP per capita growth",2,"1995-2014","expansion",1995,2014,"1995-01-01","2014-01-01",19,0.0654149779226263,2.29534657005363,65.2641984408817,215.068152479459,329.534657005363
"BLR","Belarus","Belarus","Eastern Europe","wdi_real_gdp_per_capita_growth","WDI real GDP per capita growth",3,"2014-2016","contraction",2014,2016,"2014-01-01","2016-01-01",2,-0.0328458253966159,-0.0646580508684701,215.068152479459,201.162264936254,93.534194913153
"BLR","Belarus","Belarus","Eastern Europe","wdi_real_gdp_per_capita_growth","WDI real GDP per capita growth",4,"2016-2019","expansion",2016,2019,"2016-01-01","2019-01-01",3,0.0255538884467057,0.0785609461994543,201.162264936254,216.965762809272,107.856094619945
"BLR","Belarus","Belarus","Eastern Europe","wdi_real_gdp_per_capita_growth","WDI real GDP per capita growth",5,"2019-2020","contraction",2019,2020,"2019-01-01","2020-01-01",1,-0.00251224685296094,-0.00251224685296092,216.965762809272,216.420691254454,99.7487753147039
"BLR","Belarus","Belarus","Eastern Europe","wdi_real_gdp_per_capita_growth","WDI real GDP per capita growth",6,"2020-2021","expansion",2020,2021,"2020-01-01","2021-01-01",1,0.0329081749370279,0.0329081749370279,216.420691254454,223.542701222248,103.290817493703
"BLR","Belarus","Belarus","Eastern Europe","wdi_real_gdp_per_capita_growth","WDI real GDP per capita growth",7,"2021-2022","contraction",2021,2022,"2021-01-01","2022-01-01",1,-0.0388854008026519,-0.0388854008026521,223.542701222248,214.850153688713,96.1114599197348
"BLR","Belarus","Belarus","Eastern Europe","wdi_real_gdp_per_capita_growth","WDI real GDP per capita growth",8,"2022-2024","expansion",2022,2024,"2022-01-01","2024-01-01",2,0.0461058621135735,0.0943368247615231,214.850153688713,235.118434987232,109.433682476152
"BOL","Bolivia","Bolivia (Plurinational State of)","Latin America","wdi_real_gdp_per_capita_growth","WDI real GDP per capita growth",1,"1961-1977","expansion",1961,1977,"1961-01-01","1977-01-01",16,0.0341564778399568,0.708839814107277,100.024994745917,170.926693427695,170.883981410728
"BOL","Bolivia","Bolivia (Plurinational State of)","Latin America","wdi_real_gdp_per_capita_growth","WDI real GDP per capita growth",2,"1977-1986","contraction",1977,1986,"1977-01-01","1986-01-01",9,-0.0340212522076312,-0.268862856802168,170.926693427695,124.970854328976,73.1137143197832
"BOL","Bolivia","Bolivia (Plurinational State of)","Latin America","wdi_real_gdp_per_capita_growth","WDI real GDP per capita growth",3,"1986-1991","expansion",1986,1991,"1986-01-01","1991-01-01",5,0.0164919346414279,0.0849461909654512,124.970854328976,135.586652385921,108.494619096545
"BOL","Bolivia","Bolivia (Plurinational State of)","Latin America","wdi_real_gdp_per_capita_growth","WDI real GDP per capita growth",4,"1991-1992","contraction",1991,1992,"1991-01-01","1992-01-01",1,-0.00406134714304287,-0.00406134714304285,135.586652385921,135.035987922619,99.5938652856957
"BOL","Bolivia","Bolivia (Plurinational State of)","Latin America","wdi_real_gdp_per_capita_growth","WDI real GDP per capita growth",5,"1992-1998","expansion",1992,1998,"1992-01-01","1998-01-01",6,0.0271952719283535,0.174638368581219,135.035987922619,158.618452553178,117.463836858122
"BOL","Bolivia","Bolivia (Plurinational State of)","Latin America","wdi_real_gdp_per_capita_growth","WDI real GDP per capita growth",6,"1998-1999","contraction",1998,1999,"1998-01-01","1999-01-01",1,-0.0131118057425465,-0.0131118057425467,158.618452553178,156.538678216117,98.6888194257453
"BOL","Bolivia","Bolivia (Plurinational State of)","Latin America","wdi_real_gdp_per_capita_growth","WDI real GDP per capita growth",7,"1999-2000","expansion",1999,2000,"1999-01-01","2000-01-01",1,0.00762647490787714,0.00762647490787738,156.538678216117,157.732516517645,100.762647490788
"BOL","Bolivia","Bolivia (Plurinational State of)","Latin America","wdi_real_gdp_per_capita_growth","WDI real GDP per capita growth",8,"2000-2001","contraction",2000,2001,"2000-01-01","2001-01-01",1,-0.000171004578048155,-0.000171004578048306,157.732516517645,157.705543535213,99.9828995421952
"BOL","Bolivia","Bolivia (Plurinational State of)","Latin America","wdi_real_gdp_per_capita_growth","WDI real GDP per capita growth",9,"2001-2019","expansion",2001,2019,"2001-01-01","2019-01-01",18,0.0262688146784977,0.592667588984095,157.705543535213,251.172507791654,159.266758898409
"BOL","Bolivia","Bolivia (Plurinational State of)","Latin America","wdi_real_gdp_per_capita_growth","WDI real GDP per capita growth",10,"2019-2020","contraction",2019,2020,"2019-01-01","2020-01-01",1,-0.137898619967426,-0.137898619967426,251.172507791654,216.536165593428,86.2101380032574
"BOL","Bolivia","Bolivia (Plurinational State of)","Latin America","wdi_real_gdp_per_capita_growth","WDI real GDP per capita growth",11,"2020-2023","expansion",2020,2023,"2020-01-01","2023-01-01",3,0.0419260864350508,0.12935471366387,216.536165593428,244.546139291638,112.935471366387
"BOL","Bolivia","Bolivia (Plurinational State of)","Latin America","wdi_real_gdp_per_capita_growth","WDI real GDP per capita growth",12,"2023-2024","contraction",2023,2024,"2023-01-01","2024-01-01",1,-0.0247074604396363,-0.0247074604396361,244.546139291638,238.504025229424,97.5292539560364
"BRA","Brazil","Brazil","Latin America","wdi_real_gdp_per_capita_growth","WDI real GDP per capita growth",1,"1961-1962","expansion",1961,1962,"1961-01-01","1962-01-01",1,0.0346591076186584,0.0346591076186582,105.372339416451,109.024450668315,103.465910761866
"BRA","Brazil","Brazil","Latin America","wdi_real_gdp_per_capita_growth","WDI real GDP per capita growth",2,"1962-1963","contraction",1962,1963,"1962-01-01","1963-01-01",1,-0.0232140190832382,-0.0232140190832379,109.024450668315,106.493554989961,97.6785980916762
"BRA","Brazil","Brazil","Latin America","wdi_real_gdp_per_capita_growth","WDI real GDP per capita growth",3,"1963-1964","expansion",1963,1964,"1963-01-01","1964-01-01",1,0.00450644645425385,0.00450644645425369,106.493554989961,106.973462493247,100.450644645425
"BRA","Brazil","Brazil","Latin America","wdi_real_gdp_per_capita_growth","WDI real GDP per capita growth",4,"1964-1965","contraction",1964,1965,"1964-01-01","1965-01-01",1,-0.00445326274798447,-0.00445326274798441,106.973462493247,106.497081557703,99.5546737252016
"BRA","Brazil","Brazil","Latin America","wdi_real_gdp_per_capita_growth","WDI real GDP per capita growth",5,"1965-1980","expansion",1965,1980,"1965-01-01","1980-01-01",15,0.0585149712746182,1.33451800179786,106.497081557703,248.619354035391,233.451800179786
"BRA","Brazil","Brazil","Latin America","wdi_real_gdp_per_capita_growth","WDI real GDP per capita growth",6,"1980-1983","contraction",1980,1983,"1980-01-01","1983-01-01",3,-0.0432339578669219,-0.124811820615488,248.619354035391,217.588719817988,87.5188179384512
"BRA","Brazil","Brazil","Latin America","wdi_real_gdp_per_capita_growth","WDI real GDP per capita growth",7,"1983-1987","expansion",1983,1987,"1983-01-01","1987-01-01",4,0.0387351052388198,0.163574772093534,217.588719817988,253.180745072339,116.357477209353
"BRA","Brazil","Brazil","Latin America","wdi_real_gdp_per_capita_growth","WDI real GDP per capita growth",8,"1987-1988","contraction",1987,1988,"1987-01-01","1988-01-01",1,-0.019510165069396,-0.0195101650693958,253.180745072339,248.241146943585,98.0489834930604
"BRA","Brazil","Brazil","Latin America","wdi_real_gdp_per_capita_growth","WDI real GDP per capita growth",9,"1988-1989","expansion",1988,1989,"1988-01-01","1989-01-01",1,0.0127526278524948,0.0127526278524945,248.241146943585,251.406873908233,101.275262785249
"BRA","Brazil","Brazil","Latin America","wdi_real_gdp_per_capita_growth","WDI real GDP per capita growth",10,"1989-1992","contraction",1989,1992,"1989-01-01","1992-01-01",3,-0.0297275885792411,-0.0873041603258791,251.406873908233,229.45800788152,91.2695839674121
"BRA","Brazil","Brazil","Latin America","wdi_real_gdp_per_capita_growth","WDI real GDP per capita growth",11,"1992-1997","expansion",1992,1997,"1992-01-01","1997-01-01",5,0.025247775372273,0.132386647882053,229.45800788152,259.835184374649,113.238664788205
"BRA","Brazil","Brazil","Latin America","wdi_real_gdp_per_capita_growth","WDI real GDP per capita growth",12,"1997-1999","contraction",1997,1999,"1997-01-01","1999-01-01",2,-0.0106420210355032,-0.0211714199239623,259.835184374649,254.334104575233,97.8828580076038
"BRA","Brazil","Brazil","Latin America","wdi_real_gdp_per_capita_growth","WDI real GDP per capita growth",13,"1999-2002","expansion",1999,2002,"1999-01-01","2002-01-01",3,0.01607088016479,0.0487774584866982,254.334104575233,266.739875802903,104.87774584867
"BRA","Brazil","Brazil","Latin America","wdi_real_gdp_per_capita_growth","WDI real GDP per capita growth",14,"2002-2003","contraction",2002,2003,"2002-01-01","2003-01-01",1,-0.000458328306526994,-0.000458328306527256,266.739875802903,266.617621367343,99.9541671693473
"BRA","Brazil","Brazil","Latin America","wdi_real_gdp_per_capita_growth","WDI real GDP per capita growth",15,"2003-2008","expansion",2003,2008,"2003-01-01","2008-01-01",5,0.0372204185551036,0.20014925569776,266.617621367343,319.980939839923,120.014925569776
"BRA","Brazil","Brazil","Latin America","wdi_real_gdp_per_capita_growth","WDI real GDP per capita growth",16,"2008-2009","contraction",2008,2009,"2008-01-01","2009-01-01",1,-0.0101632362228523,-0.0101632362228522,319.980939839923,316.72889796152,98.9836763777148
"BRA","Brazil","Brazil","Latin America","wdi_real_gdp_per_capita_growth","WDI real GDP per capita growth",17,"2009-2013","expansion",2009,2013,"2009-01-01","2013-01-01",4,0.0325754805927247,0.135899716544528,316.72889796152,359.772265415951,113.589971654453
"BRA","Brazil","Brazil","Latin America","wdi_real_gdp_per_capita_growth","WDI real GDP per capita growth",18,"2013-2016","contraction",2013,2016,"2013-01-01","2016-01-01",3,-0.028732294414734,-0.0842230717062532,359.772265415951,329.471140107902,91.5776928293747
"BRA","Brazil","Brazil","Latin America","wdi_real_gdp_per_capita_growth","WDI real GDP per capita growth",19,"2016-2019","expansion",2016,2019,"2016-01-01","2019-01-01",3,0.00747016123168752,0.0225693952432418,329.471140107902,336.907104490239,102.256939524324
"BRA","Brazil","Brazil","Latin America","wdi_real_gdp_per_capita_growth","WDI real GDP per capita growth",20,"2019-2020","contraction",2019,2020,"2019-01-01","2020-01-01",1,-0.0383550546624957,-0.0383550546624958,336.907104490239,323.985014081333,96.1644945337504
"BRA","Brazil","Brazil","Latin America","wdi_real_gdp_per_capita_growth","WDI real GDP per capita growth",21,"2020-2024","expansion",2020,2024,"2020-01-01","2024-01-01",4,0.0319969499740622,0.134170980495879,323.985014081333,367.454401086597,113.417098049588
"BRB","Barbados","Barbados","Latin America","wdi_real_gdp_per_capita_growth","WDI real GDP per capita growth",1,"1961-1962","expansion",1961,1962,"1961-01-01","1962-01-01",1,0.0809822870233732,0.0809822870233732,106.654892408505,115.292049517977,108.098228702337
"BRB","Barbados","Barbados","Latin America","wdi_real_gdp_per_capita_growth","WDI real GDP per capita growth",2,"1962-1963","contraction",1962,1963,"1962-01-01","1963-01-01",1,-0.0601062700790673,-0.0601062700790672,115.292049517977,108.362274451681,93.9893729920933
"BRB","Barbados","Barbados","Latin America","wdi_real_gdp_per_capita_growth","WDI real GDP per capita growth",3,"1963-1973","expansion",1963,1973,"1963-01-01","1973-01-01",10,0.0559779568437052,0.715512975863682,108.362274451681,185.89688791596,171.551297586368
"BRB","Barbados","Barbados","Latin America","wdi_real_gdp_per_capita_growth","WDI real GDP per capita growth",4,"1973-1975","contraction",1973,1975,"1973-01-01","1975-01-01",2,-0.0343964182268917,-0.067801323058455,185.89688791596,173.292832962808,93.2198676941545
"BRB","Barbados","Barbados","Latin America","wdi_real_gdp_per_capita_growth","WDI real GDP per capita growth",5,"1975-1980","expansion",1975,1980,"1975-01-01","1980-01-01",5,0.0500107321311864,0.275646431007324,173.292832962808,221.060383888155,127.564643100732
"BRB","Barbados","Barbados","Latin America","wdi_real_gdp_per_capita_growth","WDI real GDP per capita growth",6,"1980-1982","contraction",1980,1982,"1980-01-01","1982-01-01",2,-0.0370038817240818,-0.0728666491561429,221.060383888155,204.952454453054,92.7133350843857
"BRB","Barbados","Barbados","Latin America","wdi_real_gdp_per_capita_growth","WDI real GDP per capita growth",7,"1982-1989","expansion",1982,1989,"1982-01-01","1989-01-01",7,0.0256985574326183,0.193461896249062,204.952454453054,244.602944932442,119.346189624906
"BRB","Barbados","Barbados","Latin America","wdi_real_gdp_per_capita_growth","WDI real GDP per capita growth",8,"1989-1992","contraction",1989,1992,"1989-01-01","1992-01-01",3,-0.0456463480014634,-0.130946813770004,244.602944932442,212.572968654779,86.9053186229996
"BRB","Barbados","Barbados","Latin America","wdi_real_gdp_per_capita_growth","WDI real GDP per capita growth",9,"1992-2000","expansion",1992,2000,"1992-01-01","2000-01-01",8,0.02668661194135,0.233228857867104,212.572968654779,262.151119347553,123.32288578671
"BRB","Barbados","Barbados","Latin America","wdi_real_gdp_per_capita_growth","WDI real GDP per capita growth",10,"2000-2001","contraction",2000,2001,"2000-01-01","2001-01-01",1,-0.0250014582126109,-0.0250014582126108,262.151119347553,255.596959091796,97.4998541787389
"BRB","Barbados","Barbados","Latin America","wdi_real_gdp_per_capita_growth","WDI real GDP per capita growth",11,"2001-2008","expansion",2001,2008,"2001-01-01","2008-01-01",7,0.0188406376298497,0.138308648292965,255.596959091796,290.948229011574,113.830864829296
"BRB","Barbados","Barbados","Latin America","wdi_real_gdp_per_capita_growth","WDI real GDP per capita growth",12,"2008-2013","contraction",2008,2013,"2008-01-01","2013-01-01",5,-0.0289516228639699,-0.137230347057254,290.948229011574,251.021302568622,86.2769652942746
"BRB","Barbados","Barbados","Latin America","wdi_real_gdp_per_capita_growth","WDI real GDP per capita growth",13,"2013-2014","expansion",2013,2014,"2013-01-01","2014-01-01",1,0.00505392415183394,0.00505392415183414,251.021302568622,252.289945192299,100.505392415183
"BRB","Barbados","Barbados","Latin America","wdi_real_gdp_per_capita_growth","WDI real GDP per capita growth",14,"2014-2015","contraction",2014,2015,"2014-01-01","2015-01-01",1,-0.0139790250487843,-0.0139790250487845,252.289945192299,248.763177728899,98.6020974951216
"BRB","Barbados","Barbados","Latin America","wdi_real_gdp_per_capita_growth","WDI real GDP per capita growth",15,"2015-2017","expansion",2015,2017,"2015-01-01","2017-01-01",2,0.00889108466183955,0.0178462679128581,248.763177728899,253.202672045503,101.784626791286
"BRB","Barbados","Barbados","Latin America","wdi_real_gdp_per_capita_growth","WDI real GDP per capita growth",16,"2017-2018","contraction",2017,2018,"2017-01-01","2018-01-01",1,-0.0146593817049695,-0.0146593817049695,253.202672045503,249.49087742727,98.534061829503
"BRB","Barbados","Barbados","Latin America","wdi_real_gdp_per_capita_growth","WDI real GDP per capita growth",17,"2018-2019","expansion",2018,2019,"2018-01-01","2019-01-01",1,0.00050927970591033,0.000509279705910304,249.49087742727,249.617938067953,100.050927970591
"BRB","Barbados","Barbados","Latin America","wdi_real_gdp_per_capita_growth","WDI real GDP per capita growth",18,"2019-2021","contraction",2019,2021,"2019-01-01","2021-01-01",2,-0.073848676071407,-0.147326141492682,249.617938067953,212.842690405042,85.2673858507318
"BRB","Barbados","Barbados","Latin America","wdi_real_gdp_per_capita_growth","WDI real GDP per capita growth",19,"2021-2024","expansion",2021,2024,"2021-01-01","2024-01-01",3,0.0749932954377672,0.23497466821375,212.842690405042,262.855330964689,123.497466821375
"BWA","Botswana","Botswana","Sub Saharan Africa","wdi_real_gdp_per_capita_growth","WDI real GDP per capita growth",1,"1961-1992","expansion",1961,1992,"1961-01-01","1992-01-01",31,0.0795815781400205,9.32165478250369,103.97104422565,1073.15322587358,1032.16547825037
"BWA","Botswana","Botswana","Sub Saharan Africa","wdi_real_gdp_per_capita_growth","WDI real GDP per capita growth",2,"1992-1993","contraction",1992,1993,"1992-01-01","1993-01-01",1,-0.00960421541128198,-0.00960421541128187,1073.15322587358,1062.84643112298,99.0395784588718
"BWA","Botswana","Botswana","Sub Saharan Africa","wdi_real_gdp_per_capita_growth","WDI real GDP per capita growth",3,"1993-1997","expansion",1993,1997,"1993-01-01","1997-01-01",4,0.0354730159811037,0.148895552917796,1062.84643112298,1221.09953815174,114.88955529178
"BWA","Botswana","Botswana","Sub Saharan Africa","wdi_real_gdp_per_capita_growth","WDI real GDP per capita growth",4,"1997-1998","contraction",1997,1998,"1997-01-01","1998-01-01",1,-0.0175710977151495,-0.0175710977151494,1221.09953815174,1199.64347884696,98.2428902284851
"BWA","Botswana","Botswana","Sub Saharan Africa","wdi_real_gdp_per_capita_growth","WDI real GDP per capita growth",5,"1998-1999","expansion",1998,1999,"1998-01-01","1999-01-01",1,0.0732308245266344,0.0732308245266342,1199.64347884696,1287.49435994092,107.323082452663
"BWA","Botswana","Botswana","Sub Saharan Africa","wdi_real_gdp_per_capita_growth","WDI real GDP per capita growth",6,"1999-2001","contraction",1999,2001,"1999-01-01","2001-01-01",2,-0.0097745785766808,-0.0195198231181711,1287.49435994092,1262.36269776923,98.0480176881829
"BWA","Botswana","Botswana","Sub Saharan Africa","wdi_real_gdp_per_capita_growth","WDI real GDP per capita growth",7,"2001-2008","expansion",2001,2008,"2001-01-01","2008-01-01",7,0.0311914757296919,0.238668792263399,1262.36269776923,1563.64927824418,123.86687922634
"BWA","Botswana","Botswana","Sub Saharan Africa","wdi_real_gdp_per_capita_growth","WDI real GDP per capita growth",8,"2008-2009","contraction",2008,2009,"2008-01-01","2009-01-01",1,-0.158997149078875,-0.158997149078875,1563.64927824418,1315.03350084411,84.1002850921125
"BWA","Botswana","Botswana","Sub Saharan Africa","wdi_real_gdp_per_capita_growth","WDI real GDP per capita growth",9,"2009-2011","expansion",2009,2011,"2009-01-01","2011-01-01",2,0.0628836014169091,0.129486606607542,1315.03350084411,1485.31272644365,112.948660660754
"BWA","Botswana","Botswana","Sub Saharan Africa","wdi_real_gdp_per_capita_growth","WDI real GDP per capita growth",10,"2011-2012","contraction",2011,2012,"2011-01-01","2012-01-01",1,-0.0183175900387364,-0.0183175900387366,1485.31272644365,1458.10537684134,98.1682409961263
"BWA","Botswana","Botswana","Sub Saharan Africa","wdi_real_gdp_per_capita_growth","WDI real GDP per capita growth",11,"2012-2014","expansion",2012,2014,"2012-01-01","2014-01-01",2,0.0680485043452336,0.140033885623423,1458.10537684134,1662.28953840884,114.003388562342
"BWA","Botswana","Botswana","Sub Saharan Africa","wdi_real_gdp_per_capita_growth","WDI real GDP per capita growth",12,"2014-2015","contraction",2014,2015,"2014-01-01","2015-01-01",1,-0.0619995412245493,-0.0619995412245493,1662.28953840884,1559.22834964512,93.8000458775451
"BWA","Botswana","Botswana","Sub Saharan Africa","wdi_real_gdp_per_capita_growth","WDI real GDP per capita growth",13,"2015-2019","expansion",2015,2019,"2015-01-01","2019-01-01",4,0.0315905310881529,0.131981928984155,1559.22834964512,1765.01831495807,113.198192898415
"BWA","Botswana","Botswana","Sub Saharan Africa","wdi_real_gdp_per_capita_growth","WDI real GDP per capita growth",14,"2019-2020","contraction",2019,2020,"2019-01-01","2020-01-01",1,-0.100332383222742,-0.100332383222742,1765.01831495807,1587.92982098654,89.9667616777258
"BWA","Botswana","Botswana","Sub Saharan Africa","wdi_real_gdp_per_capita_growth","WDI real GDP per capita growth",15,"2020-2023","expansion",2020,2023,"2020-01-01","2023-01-01",3,0.0520407207863641,0.16225829773731,1587.92982098654,1845.58461066612,116.225829773731
"BWA","Botswana","Botswana","Sub Saharan Africa","wdi_real_gdp_per_capita_growth","WDI real GDP per capita growth",16,"2023-2024","contraction",2023,2024,"2023-01-01","2024-01-01",1,-0.0456345490621125,-0.0456345490621126,1845.58461066612,1761.3621892024,95.4365450937887
"CAF","Central African Republic","Central African Republic","Sub Saharan Africa","wdi_real_gdp_per_capita_growth","WDI real GDP per capita growth",1,"1961-1963","contraction",1961,1963,"1961-01-01","1963-01-01",2,-0.0408578964844717,-0.0802579023849321,103.003183764233,94.7363642963458,91.9742097615068
"CAF","Central African Republic","Central African Republic","Sub Saharan Africa","wdi_real_gdp_per_capita_growth","WDI real GDP per capita growth",2,"1963-1964","expansion",1963,1964,"1963-01-01","1964-01-01",1,0.000537927960757401,0.000537927960757356,94.7363642963458,94.7873256356013,100.053792796076
"CAF","Central African Republic","Central African Republic","Sub Saharan Africa","wdi_real_gdp_per_capita_growth","WDI real GDP per capita growth",3,"1964-1966","contraction",1964,1966,"1964-01-01","1966-01-01",2,-0.0128789688966892,-0.0255952435501831,94.7873256356013,92.3612209504875,97.4404756449817
"CAF","Central African Republic","Central African Republic","Sub Saharan Africa","wdi_real_gdp_per_capita_growth","WDI real GDP per capita growth",4,"1966-1967","expansion",1966,1967,"1966-01-01","1967-01-01",1,0.0241472208599004,0.0241472208599005,92.3612209504875,94.591487751669,102.41472208599
"CAF","Central African Republic","Central African Republic","Sub Saharan Africa","wdi_real_gdp_per_capita_growth","WDI real GDP per capita growth",5,"1967-1968","contraction",1967,1968,"1967-01-01","1968-01-01",1,-0.00854278962128973,-0.00854278962128974,94.591487751669,93.7834125718417,99.145721037871
"CAF","Central African Republic","Central African Republic","Sub Saharan Africa","wdi_real_gdp_per_capita_growth","WDI real GDP per capita growth",6,"1968-1970","expansion",1968,1970,"1968-01-01","1970-01-01",2,0.023788744356785,0.0476190978192013,93.7834125718417,98.2492940689188,104.76190978192
"CAF","Central African Republic","Central African Republic","Sub Saharan Africa","wdi_real_gdp_per_capita_growth","WDI real GDP per capita growth",7,"1970-1973","contraction",1970,1973,"1970-01-01","1973-01-01",3,-0.00976089617850864,-0.0290867272023786,98.2492940689188,95.3915436545099,97.0913272797621
"CAF","Central African Republic","Central African Republic","Sub Saharan Africa","wdi_real_gdp_per_capita_growth","WDI real GDP per capita growth",8,"1973-1974","expansion",1973,1974,"1973-01-01","1974-01-01",1,0.0430863076950688,0.0430863076950687,95.3915436545099,99.5016130559157,104.308630769507
"CAF","Central African Republic","Central African Republic","Sub Saharan Africa","wdi_real_gdp_per_capita_growth","WDI real GDP per capita growth",9,"1974-1975","contraction",1974,1975,"1974-01-01","1975-01-01",1,-0.0152933268765479,-0.0152933268765481,99.5016130559157,97.9799023627077,98.4706673123452
"CAF","Central African Republic","Central African Republic","Sub Saharan Africa","wdi_real_gdp_per_capita_growth","WDI real GDP per capita growth",10,"1975-1978","expansion",1975,1978,"1975-01-01","1978-01-01",3,0.0225672520720018,0.068866927970072,97.9799023627077,104.727477241235,106.886692797007
"CAF","Central African Republic","Central African Republic","Sub Saharan Africa","wdi_real_gdp_per_capita_growth","WDI real GDP per capita growth",11,"1978-1981","contraction",1978,1981,"1978-01-01","1981-01-01",3,-0.0389238794488025,-0.112494863261177,104.727477241235,92.9461740092943,88.7505136738823
"CAF","Central African Republic","Central African Republic","Sub Saharan Africa","wdi_real_gdp_per_capita_growth","WDI real GDP per capita growth",12,"1981-1982","expansion",1981,1982,"1981-01-01","1982-01-01",1,0.0647111564181645,0.0647111564181644,92.9461740092943,98.9608284140796,106.471115641816
"CAF","Central African Republic","Central African Republic","Sub Saharan Africa","wdi_real_gdp_per_capita_growth","WDI real GDP per capita growth",13,"1982-1983","contraction",1982,1983,"1982-01-01","1983-01-01",1,-0.0921361481564811,-0.0921361481564811,98.9608284140796,89.8429588656319,90.7863851843519
"CAF","Central African Republic","Central African Republic","Sub Saharan Africa","wdi_real_gdp_per_capita_growth","WDI real GDP per capita growth",14,"1983-1986","expansion",1983,1986,"1983-01-01","1986-01-01",3,0.0435158109874025,0.135190732975591,89.8429588656319,101.988894327373,113.519073297559
"CAF","Central African Republic","Central African Republic","Sub Saharan Africa","wdi_real_gdp_per_capita_growth","WDI real GDP per capita growth",15,"1986-1987","contraction",1986,1987,"1986-01-01","1987-01-01",1,-0.0618183220833238,-0.0618183220833238,101.988894327373,95.684112008921,93.8181677916676
"CAF","Central African Republic","Central African Republic","Sub Saharan Africa","wdi_real_gdp_per_capita_growth","WDI real GDP per capita growth",16,"1987-1988","expansion",1987,1988,"1987-01-01","1988-01-01",1,0.000308390935576313,0.00030839093557633,95.684112008921,95.7136201217432,100.030839093558
"CAF","Central African Republic","Central African Republic","Sub Saharan Africa","wdi_real_gdp_per_capita_growth","WDI real GDP per capita growth",17,"1988-1993","contraction",1988,1993,"1988-01-01","1993-01-01",5,-0.0430146651626056,-0.19924273532225,95.7136201217432,76.6433766410924,80.075726467775
"CAF","Central African Republic","Central African Republic","Sub Saharan Africa","wdi_real_gdp_per_capita_growth","WDI real GDP per capita growth",18,"1993-1995","expansion",1993,1995,"1993-01-01","1995-01-01",2,0.0299583341286378,0.0606400890855434,76.6433766410924,81.2910378284251,106.064008908554
"CAF","Central African Republic","Central African Republic","Sub Saharan Africa","wdi_real_gdp_per_capita_growth","WDI real GDP per capita growth",19,"1995-1996","contraction",1995,1996,"1995-01-01","1996-01-01",1,-0.0645635774727835,-0.0645635774727835,81.2910378284251,76.0425976097466,93.5436422527217
"CAF","Central African Republic","Central African Republic","Sub Saharan Africa","wdi_real_gdp_per_capita_growth","WDI real GDP per capita growth",20,"1996-1999","expansion",1996,1999,"1996-01-01","1999-01-01",3,0.0171603860915452,0.0522985501864552,76.0425976097466,80.0195152171483,105.229855018646
"CAF","Central African Republic","Central African Republic","Sub Saharan Africa","wdi_real_gdp_per_capita_growth","WDI real GDP per capita growth",21,"1999-2000","contraction",1999,2000,"1999-01-01","2000-01-01",1,-0.0513401462675454,-0.0513401462675455,80.0195152171483,75.9113016016419,94.8659853732455
"CAF","Central African Republic","Central African Republic","Sub Saharan Africa","wdi_real_gdp_per_capita_growth","WDI real GDP per capita growth",22,"2000-2002","expansion",2000,2002,"2000-01-01","2002-01-01",2,0.0177381196352068,0.0357751266974047,75.9113016016419,78.6270380342055,103.57751266974
"CAF","Central African Republic","Central African Republic","Sub Saharan Africa","wdi_real_gdp_per_capita_growth","WDI real GDP per capita growth",23,"2002-2003","contraction",2002,2003,"2002-01-01","2003-01-01",1,-0.0763416642788093,-0.0763416642788093,78.6270380342055,72.624519093361,92.3658335721191
"CAF","Central African Republic","Central African Republic","Sub Saharan Africa","wdi_real_gdp_per_capita_growth","WDI real GDP per capita growth",24,"2003-2004","expansion",2003,2004,"2003-01-01","2004-01-01",1,0.0372625182811642,0.0372625182811641,72.624519093361,75.3306915637381,103.726251828116
"CAF","Central African Republic","Central African Republic","Sub Saharan Africa","wdi_real_gdp_per_capita_growth","WDI real GDP per capita growth",25,"2004-2005","contraction",2004,2005,"2004-01-01","2005-01-01",1,-0.0135012540536219,-0.0135012540536218,75.3306915637381,74.3136327589011,98.6498745946378
"CAF","Central African Republic","Central African Republic","Sub Saharan Africa","wdi_real_gdp_per_capita_growth","WDI real GDP per capita growth",26,"2005-2007","expansion",2005,2007,"2005-01-01","2007-01-01",2,0.0262859019917879,0.053262720455947,74.3136327589011,78.2717790066043,105.326272045595
"CAF","Central African Republic","Central African Republic","Sub Saharan Africa","wdi_real_gdp_per_capita_growth","WDI real GDP per capita growth",27,"2007-2008","contraction",2007,2008,"2007-01-01","2008-01-01",1,-0.000996463174017777,-0.000996463174017803,78.2717790066043,78.1937840612594,99.9003536825982
"CAF","Central African Republic","Central African Republic","Sub Saharan Africa","wdi_real_gdp_per_capita_growth","WDI real GDP per capita growth",28,"2008-2012","expansion",2008,2012,"2008-01-01","2012-01-01",4,0.053339233326409,0.229653196241377,78.1937840612594,96.1512364971357,122.965319624138
"CAF","Central African Republic","Central African Republic","Sub Saharan Africa","wdi_real_gdp_per_capita_growth","WDI real GDP per capita growth",29,"2012-2013","contraction",2012,2013,"2012-01-01","2013-01-01",1,-0.368245466038613,-0.368245466038613,96.1512364971357,60.7439796030591,63.1754533961387
"CAF","Central African Republic","Central African Republic","Sub Saharan Africa","wdi_real_gdp_per_capita_growth","WDI real GDP per capita growth",30,"2013-2019","expansion",2013,2019,"2013-01-01","2019-01-01",6,0.0234322028309373,0.148660670462835,60.7439796030591,69.7742203374306,114.866067046284
"CAF","Central African Republic","Central African Republic","Sub Saharan Africa","wdi_real_gdp_per_capita_growth","WDI real GDP per capita growth",31,"2019-2021","contraction",2019,2021,"2019-01-01","2021-01-01",2,-0.00724978685023892,-0.0144470523548389,69.7742203374306,68.7661885231977,98.5552947645161
"CAF","Central African Republic","Central African Republic","Sub Saharan Africa","wdi_real_gdp_per_capita_growth","WDI real GDP per capita growth",32,"2021-2022","expansion",2021,2022,"2021-01-01","2022-01-01",1,0.00730965726740934,0.0073096572674094,68.7661885231977,69.2688457928883,100.730965726741
"CAF","Central African Republic","Central African Republic","Sub Saharan Africa","wdi_real_gdp_per_capita_growth","WDI real GDP per capita growth",33,"2022-2024","contraction",2022,2024,"2022-01-01","2024-01-01",2,-0.0112862437710346,-0.0225037439972963,69.2688457928883,67.710037420177,97.7496256002704
"CAN","Canada","Canada","Western Offshoots","wdi_real_gdp_per_capita_growth","WDI real GDP per capita growth",1,"1961-1981","expansion",1961,1981,"1961-01-01","1981-01-01",20,0.0301755038074511,0.808047735040476,101.121346226011,182.832221008184,180.804773504048
"CAN","Canada","Canada","Western Offshoots","wdi_real_gdp_per_capita_growth","WDI real GDP per capita growth",2,"1981-1982","contraction",1981,1982,"1981-01-01","1982-01-01",1,-0.0431128436550856,-0.0431128436550857,182.832221008184,174.949804048746,95.6887156344914
"CAN","Canada","Canada","Western Offshoots","wdi_real_gdp_per_capita_growth","WDI real GDP per capita growth",3,"1982-1989","expansion",1982,1989,"1982-01-01","1989-01-01",7,0.0252083588192709,0.18955625199519,174.949804048746,208.112633191519,118.955625199519
"CAN","Canada","Canada","Western Offshoots","wdi_real_gdp_per_capita_growth","WDI real GDP per capita growth",4,"1989-1992","contraction",1989,1992,"1989-01-01","1992-01-01",3,-0.0163115027283234,-0.0483715234683372,208.112633191519,198.045908071038,95.1628476531663
"CAN","Canada","Canada","Western Offshoots","wdi_real_gdp_per_capita_growth","WDI real GDP per capita growth",5,"1992-2007","expansion",1992,2007,"1992-01-01","2007-01-01",15,0.0216555409574678,0.377690362546125,198.045908071038,272.845938891165,137.769036254612
"CAN","Canada","Canada","Western Offshoots","wdi_real_gdp_per_capita_growth","WDI real GDP per capita growth",6,"2007-2009","contraction",2007,2009,"2007-01-01","2009-01-01",2,-0.0205671544495841,-0.0410967842742609,272.845938891165,261.632848200447,95.8903215725739
"CAN","Canada","Canada","Western Offshoots","wdi_real_gdp_per_capita_growth","WDI real GDP per capita growth",7,"2009-2014","expansion",2009,2014,"2009-01-01","2014-01-01",5,0.0156967324036893,0.0809091205370394,261.632848200447,282.801331851946,108.090912053704
"CAN","Canada","Canada","Western Offshoots","wdi_real_gdp_per_capita_growth","WDI real GDP per capita growth",8,"2014-2016","contraction",2014,2016,"2014-01-01","2016-01-01",2,-0.00105332763698506,-0.00210555072595364,282.801331851946,282.205879302364,99.7894449274046
"CAN","Canada","Canada","Western Offshoots","wdi_real_gdp_per_capita_growth","WDI real GDP per capita growth",9,"2016-2019","expansion",2016,2019,"2016-01-01","2019-01-01",3,0.0117334955670319,0.035566042675873,282.205879302364,292.242825649014,103.556604267587
"CAN","Canada","Canada","Western Offshoots","wdi_real_gdp_per_capita_growth","WDI real GDP per capita growth",10,"2019-2020","contraction",2019,2020,"2019-01-01","2020-01-01",1,-0.0606240642306676,-0.0606240642306676,292.242825649014,274.525877815917,93.9375935769332
"CAN","Canada","Canada","Western Offshoots","wdi_real_gdp_per_capita_growth","WDI real GDP per capita growth",11,"2020-2022","expansion",2020,2022,"2020-01-01","2022-01-01",2,0.0384585187878259,0.0781652266872073,274.525877815917,295.984255286902,107.816522668721
"CAN","Canada","Canada","Western Offshoots","wdi_real_gdp_per_capita_growth","WDI real GDP per capita growth",12,"2022-2024","contraction",2022,2024,"2022-01-01","2024-01-01",2,-0.0139363302019232,-0.0276784637917794,295.984255286902,287.791865794007,97.2321536208221
"CHE","Switzerland","Switzerland","Western Europe","wdi_real_gdp_per_capita_growth","WDI real GDP per capita growth",1,"1961-1974","expansion",1961,1974,"1961-01-01","1974-01-01",13,0.02613549730749,0.397019560848122,105.990640686613,148.070998306023,139.701956084812
"CHE","Switzerland","Switzerland","Western Europe","wdi_real_gdp_per_capita_growth","WDI real GDP per capita growth",2,"1974-1976","contraction",1974,1976,"1974-01-01","1976-01-01",2,-0.0404055143641291,-0.0802037429535267,148.070998306023,136.195150019015,91.9796257046473
"CHE","Switzerland","Switzerland","Western Europe","wdi_real_gdp_per_capita_growth","WDI real GDP per capita growth",3,"1976-1981","expansion",1976,1981,"1976-01-01","1981-01-01",5,0.0214039173386839,0.11122943341161,136.195150019015,151.344059389039,111.122943341161
"CHE","Switzerland","Switzerland","Western Europe","wdi_real_gdp_per_capita_growth","WDI real GDP per capita growth",4,"1981-1982","contraction",1981,1982,"1981-01-01","1982-01-01",1,-0.018843770974197,-0.018843770974197,151.344059389039,148.492166595607,98.1156229025803
"CHE","Switzerland","Switzerland","Western Europe","wdi_real_gdp_per_capita_growth","WDI real GDP per capita growth",5,"1982-1990","expansion",1982,1990,"1982-01-01","1990-01-01",8,0.0212142879386328,0.182329461349287,148.492166595607,175.566663345572,118.232946134929
"CHE","Switzerland","Switzerland","Western Europe","wdi_real_gdp_per_capita_growth","WDI real GDP per capita growth",6,"1990-1993","contraction",1990,1993,"1990-01-01","1993-01-01",3,-0.0143921045813366,-0.0425952505048046,175.566663345572,168.088357340075,95.7404749495195
"CHE","Switzerland","Switzerland","Western Europe","wdi_real_gdp_per_capita_growth","WDI real GDP per capita growth",7,"1993-1994","expansion",1993,1994,"1993-01-01","1994-01-01",1,0.00465686525977333,0.00465686525977338,168.088357340075,168.871122171944,100.465686525977
"CHE","Switzerland","Switzerland","Western Europe","wdi_real_gdp_per_capita_growth","WDI real GDP per capita growth",8,"1994-1995","contraction",1994,1995,"1994-01-01","1995-01-01",1,-0.00188350817628518,-0.00188350817628502,168.871122171944,168.553052032595,99.8116491823715
"CHE","Switzerland","Switzerland","Western Europe","wdi_real_gdp_per_capita_growth","WDI real GDP per capita growth",9,"1995-2001","expansion",1995,2001,"1995-01-01","2001-01-01",6,0.0170970358552398,0.10666114458978,168.553052032595,186.531113486492,110.666114458978
"CHE","Switzerland","Switzerland","Western Europe","wdi_real_gdp_per_capita_growth","WDI real GDP per capita growth",10,"2001-2003","contraction",2001,2003,"2001-01-01","2003-01-01",2,-0.00798806859135382,-0.0159124034235302,186.531113486492,183.562955157655,98.408759657647
"CHE","Switzerland","Switzerland","Western Europe","wdi_real_gdp_per_capita_growth","WDI real GDP per capita growth",11,"2003-2008","expansion",2003,2008,"2003-01-01","2008-01-01",5,0.0240320841285505,0.125945273234722,183.562955157655,206.681841700759,112.594527323472
"CHE","Switzerland","Switzerland","Western Europe","wdi_real_gdp_per_capita_growth","WDI real GDP per capita growth",12,"2008-2009","contraction",2008,2009,"2008-01-01","2009-01-01",1,-0.0351055875649962,-0.035105587564996,206.681841700759,199.426154208838,96.4894412435004
"CHE","Switzerland","Switzerland","Western Europe","wdi_real_gdp_per_capita_growth","WDI real GDP per capita growth",13,"2009-2019","expansion",2009,2019,"2009-01-01","2019-01-01",10,0.00911283090565904,0.0947174632207612,199.426154208838,218.315293635371,109.471746322076
"CHE","Switzerland","Switzerland","Western Europe","wdi_real_gdp_per_capita_growth","WDI real GDP per capita growth",14,"2019-2020","contraction",2019,2020,"2019-01-01","2020-01-01",1,-0.0285415823647342,-0.0285415823647345,218.315293635371,212.084229700596,97.1458417635265
"CHE","Switzerland","Switzerland","Western Europe","wdi_real_gdp_per_capita_growth","WDI real GDP per capita growth",15,"2020-2022","expansion",2020,2022,"2020-01-01","2022-01-01",2,0.0347352724091872,0.0705129576469896,212.084229700596,227.038916007069,107.051295764699
"CHE","Switzerland","Switzerland","Western Europe","wdi_real_gdp_per_capita_growth","WDI real GDP per capita growth",16,"2022-2024","contraction",2022,2024,"2022-01-01","2024-01-01",2,-0.00296679669612317,-0.00593294816941814,227.038916007069,225.691905885958,99.4067051830582
"CHL","Chile","Chile","Latin America","wdi_real_gdp_per_capita_growth","WDI real GDP per capita growth",1,"1961-1964","expansion",1961,1964,"1961-01-01","1964-01-01",3,0.0195478594916684,0.0595493872432906,103.346400062003,109.500614859495,105.954938724329
"CHL","Chile","Chile","Latin America","wdi_real_gdp_per_capita_growth","WDI real GDP per capita growth",2,"1964-1965","contraction",1964,1965,"1964-01-01","1965-01-01",1,-0.0123260501621641,-0.0123260501621643,109.500614859495,108.15090478795,98.7673949837836
"CHL","Chile","Chile","Latin America","wdi_real_gdp_per_capita_growth","WDI real GDP per capita growth",3,"1965-1969","expansion",1965,1969,"1965-01-01","1969-01-01",4,0.0381038356305985,0.159135523413997,108.15090478795,125.361555629077,115.9135523414
"CHL","Chile","Chile","Latin America","wdi_real_gdp_per_capita_growth","WDI real GDP per capita growth",4,"1969-1970","contraction",1969,1970,"1969-01-01","1970-01-01",1,-0.000104849141995942,-0.000104849141995933,125.361555629077,125.34841157753,99.9895150858004
"CHL","Chile","Chile","Latin America","wdi_real_gdp_per_capita_growth","WDI real GDP per capita growth",5,"1970-1971","expansion",1970,1971,"1970-01-01","1971-01-01",1,0.077719419764128,0.077719419764128,125.34841157753,135.090417393691,107.771941976413
"CHL","Chile","Chile","Latin America","wdi_real_gdp_per_capita_growth","WDI real GDP per capita growth",6,"1971-1975","contraction",1971,1975,"1971-01-01","1975-01-01",4,-0.0571571141337533,-0.214471221187694,135.090417393691,106.117410604511,78.5528778812306
"CHL","Chile","Chile","Latin America","wdi_real_gdp_per_capita_growth","WDI real GDP per capita growth",7,"1975-1981","expansion",1975,1981,"1975-01-01","1981-01-01",6,0.0607821603722347,0.422915637511627,106.117410604511,150.9961229614,142.291563751163
"CHL","Chile","Chile","Latin America","wdi_real_gdp_per_capita_growth","WDI real GDP per capita growth",8,"1981-1983","contraction",1981,1983,"1981-01-01","1983-01-01",2,-0.0955434565955893,-0.183000658944998,150.9961229614,123.363732961324,81.6999341055002
"CHL","Chile","Chile","Latin America","wdi_real_gdp_per_capita_growth","WDI real GDP per capita growth",9,"1983-1998","expansion",1983,1998,"1983-01-01","1998-01-01",15,0.0504371277842008,1.08456688638881,123.363732961324,257.159952712488,208.456688638881
"CHL","Chile","Chile","Latin America","wdi_real_gdp_per_capita_growth","WDI real GDP per capita growth",10,"1998-1999","contraction",1998,1999,"1998-01-01","1999-01-01",1,-0.0152035804686301,-0.0152035804686302,257.159952712488,253.250200678114,98.479641953137
"CHL","Chile","Chile","Latin America","wdi_real_gdp_per_capita_growth","WDI real GDP per capita growth",11,"1999-2008","expansion",1999,2008,"1999-01-01","2008-01-01",9,0.0374566593754758,0.391430427296539,253.250200678114,352.380034942483,139.143042729654
"CHL","Chile","Chile","Latin America","wdi_real_gdp_per_capita_growth","WDI real GDP per capita growth",12,"2008-2009","contraction",2008,2009,"2008-01-01","2009-01-01",1,-0.0211061042692428,-0.0211061042692429,352.380034942483,344.942665182587,97.8893895730757
"CHL","Chile","Chile","Latin America","wdi_real_gdp_per_capita_growth","WDI real GDP per capita growth",13,"2009-2016","expansion",2009,2016,"2009-01-01","2016-01-01",7,0.0283867067859018,0.214879489665903,344.942665182587,419.063769041018,121.48794896659
"CHL","Chile","Chile","Latin America","wdi_real_gdp_per_capita_growth","WDI real GDP per capita growth",14,"2016-2017","contraction",2016,2017,"2016-01-01","2017-01-01",1,-0.00235110167425177,-0.00235110167425157,419.063769041018,418.078507512007,99.7648898325748
"CHL","Chile","Chile","Latin America","wdi_real_gdp_per_capita_growth","WDI real GDP per capita growth",15,"2017-2018","expansion",2017,2018,"2017-01-01","2018-01-01",1,0.0214988195463914,0.0214988195463914,418.078507512007,427.066701901232,102.149881954639
"CHL","Chile","Chile","Latin America","wdi_real_gdp_per_capita_growth","WDI real GDP per capita growth",16,"2018-2020","contraction",2018,2020,"2018-01-01","2020-01-01",2,-0.0397161331793768,-0.0787606145630793,427.066701901232,393.430666000064,92.1239385436921
"CHL","Chile","Chile","Latin America","wdi_real_gdp_per_capita_growth","WDI real GDP per capita growth",17,"2020-2022","expansion",2020,2022,"2020-01-01","2022-01-01",2,0.0623666432722672,0.126518014763721,393.430666000064,443.206732809561,112.651801476372
"CHL","Chile","Chile","Latin America","wdi_real_gdp_per_capita_growth","WDI real GDP per capita growth",18,"2022-2023","contraction",2022,2023,"2022-01-01","2023-01-01",1,-0.000196132258928543,-0.000196132258928561,443.206732809561,443.119805671882,99.9803867741071
"CHL","Chile","Chile","Latin America","wdi_real_gdp_per_capita_growth","WDI real GDP per capita growth",19,"2023-2024","expansion",2023,2024,"2023-01-01","2024-01-01",1,0.0209415451485827,0.0209415451485826,443.119805671882,452.399419088591,102.094154514858
"CHN","China","China","East Asia","wdi_real_gdp_per_capita_growth","WDI real GDP per capita growth",1,"1961-1962","contraction",1961,1962,"1961-01-01","1962-01-01",1,-0.0635150486433241,-0.0635150486433241,73.4723563936309,68.8057561033498,93.6484951356676
"CHN","China","China","East Asia","wdi_real_gdp_per_capita_growth","WDI real GDP per capita growth",2,"1962-1966","expansion",1962,1966,"1962-01-01","1966-01-01",4,0.112243857049184,0.527114984576044,68.8057561033498,105.07430117051,152.711498457604
"CHN","China","China","East Asia","wdi_real_gdp_per_capita_growth","WDI real GDP per capita growth",3,"1966-1968","contraction",1966,1968,"1966-01-01","1968-01-01",2,-0.0736647459979766,-0.141966203347752,105.07430117051,90.1573015639144,85.8033796652248
"CHN","China","China","East Asia","wdi_real_gdp_per_capita_growth","WDI real GDP per capita growth",4,"1968-1975","expansion",1968,1975,"1968-01-01","1975-01-01",7,0.0680582299947154,0.570722239561096,90.1573015639144,141.612078625257,157.07222395611
"CHN","China","China","East Asia","wdi_real_gdp_per_capita_growth","WDI real GDP per capita growth",5,"1975-1976","contraction",1975,1976,"1975-01-01","1976-01-01",1,-0.0308132198489825,-0.0308132198489824,141.612078625257,137.248554513305,96.9186780151018
"CHN","China","China","East Asia","wdi_real_gdp_per_capita_growth","WDI real GDP per capita growth",6,"1976-2024","expansion",1976,2024,"1976-01-01","2024-01-01",48,0.080019768485287,38.6063395253231,137.248554513305,5435.9128494138,3960.63395253231
"CIV","Cote d'Ivoire","Côte d'Ivoire","Sub Saharan Africa","wdi_real_gdp_per_capita_growth","WDI real GDP per capita growth",1,"1961-1962","contraction",1961,1962,"1961-01-01","1962-01-01",1,-0.0252815767861404,-0.0252815767861405,105.99461548116,103.314904470955,97.4718423213859
"CIV","Cote d'Ivoire","Côte d'Ivoire","Sub Saharan Africa","wdi_real_gdp_per_capita_growth","WDI real GDP per capita growth",2,"1962-1964","expansion",1962,1964,"1962-01-01","1964-01-01",2,0.116647189186601,0.246677933139534,103.314904470955,128.800411568359,124.667793313953
"CIV","Cote d'Ivoire","Côte d'Ivoire","Sub Saharan Africa","wdi_real_gdp_per_capita_growth","WDI real GDP per capita growth",3,"1964-1965","contraction",1964,1965,"1964-01-01","1965-01-01",1,-0.0678308326844027,-0.0678308326844026,128.800411568359,120.063772401583,93.2169167315597
"CIV","Cote d'Ivoire","Côte d'Ivoire","Sub Saharan Africa","wdi_real_gdp_per_capita_growth","WDI real GDP per capita growth",4,"1965-1971","expansion",1965,1971,"1965-01-01","1971-01-01",6,0.0537082595469033,0.366537852501975,120.063772401583,164.071689700946,136.653785250198
"CIV","Cote d'Ivoire","Côte d'Ivoire","Sub Saharan Africa","wdi_real_gdp_per_capita_growth","WDI real GDP per capita growth",5,"1971-1972","contraction",1971,1972,"1971-01-01","1972-01-01",1,-0.00328982186808318,-0.00328982186808313,164.071689700946,163.531923068234,99.6710178131917
"CIV","Cote d'Ivoire","Côte d'Ivoire","Sub Saharan Africa","wdi_real_gdp_per_capita_growth","WDI real GDP per capita growth",6,"1972-1973","expansion",1972,1973,"1972-01-01","1973-01-01",1,0.0122493763996148,0.0122493763996148,163.531923068234,165.53508714725,101.224937639961
"CIV","Cote d'Ivoire","Côte d'Ivoire","Sub Saharan Africa","wdi_real_gdp_per_capita_growth","WDI real GDP per capita growth",7,"1973-1974","contraction",1973,1974,"1973-01-01","1974-01-01",1,-0.0033158369310037,-0.00331583693100368,165.53508714725,164.98619979191,99.6684163068996
"CIV","Cote d'Ivoire","Côte d'Ivoire","Sub Saharan Africa","wdi_real_gdp_per_capita_growth","WDI real GDP per capita growth",8,"1974-1978","expansion",1974,1978,"1974-01-01","1978-01-01",4,0.0552195646038987,0.238817717993274,164.98619979191,204.387827526596,123.881771799327
"CIV","Cote d'Ivoire","Côte d'Ivoire","Sub Saharan Africa","wdi_real_gdp_per_capita_growth","WDI real GDP per capita growth",9,"1978-1984","contraction",1978,1984,"1978-01-01","1984-01-01",6,-0.0573220341012484,-0.303441267670946,204.387827526596,142.368126045415,69.6558732329054
"CIV","Cote d'Ivoire","Côte d'Ivoire","Sub Saharan Africa","wdi_real_gdp_per_capita_growth","WDI real GDP per capita growth",10,"1984-1985","expansion",1984,1985,"1984-01-01","1985-01-01",1,0.00442451456249174,0.00442451456249171,142.368126045415,142.998035892338,100.442451456249
"CIV","Cote d'Ivoire","Côte d'Ivoire","Sub Saharan Africa","wdi_real_gdp_per_capita_growth","WDI real GDP per capita growth",11,"1985-1994","contraction",1985,1994,"1985-01-01","1994-01-01",9,-0.0316859071471647,-0.252269671151677,142.998035892338,106.923968402442,74.7730328848323
"CIV","Cote d'Ivoire","Côte d'Ivoire","Sub Saharan Africa","wdi_real_gdp_per_capita_growth","WDI real GDP per capita growth",12,"1994-1998","expansion",1994,1998,"1994-01-01","1998-01-01",4,0.0314598476388809,0.131188777128351,106.923968402442,120.951193062869,113.118877712835
"CIV","Cote d'Ivoire","Côte d'Ivoire","Sub Saharan Africa","wdi_real_gdp_per_capita_growth","WDI real GDP per capita growth",13,"1998-2003","contraction",1998,2003,"1998-01-01","2003-01-01",5,-0.0441690563709001,-0.202847948176945,120.951193062869,96.4164917205125,79.7152051823056
"CIV","Cote d'Ivoire","Côte d'Ivoire","Sub Saharan Africa","wdi_real_gdp_per_capita_growth","WDI real GDP per capita growth",14,"2003-2004","expansion",2003,2004,"2003-01-01","2004-01-01",1,0.00712925866714116,0.0071292586671412,96.4164917205125,97.1038698297663,100.712925866714
"CIV","Cote d'Ivoire","Côte d'Ivoire","Sub Saharan Africa","wdi_real_gdp_per_capita_growth","WDI real GDP per capita growth",15,"2004-2005","contraction",2004,2005,"2004-01-01","2005-01-01",1,-0.0138664840401142,-0.0138664840401141,97.1038698297663,95.7573805685385,98.6133515959886
"CIV","Cote d'Ivoire","Côte d'Ivoire","Sub Saharan Africa","wdi_real_gdp_per_capita_growth","WDI real GDP per capita growth",16,"2005-2006","expansion",2005,2006,"2005-01-01","2006-01-01",1,0.00421959618326611,0.00421959618326606,95.7573805685385,96.1614380461051,100.421959618327
"CIV","Cote d'Ivoire","Côte d'Ivoire","Sub Saharan Africa","wdi_real_gdp_per_capita_growth","WDI real GDP per capita growth",17,"2006-2007","contraction",2006,2007,"2006-01-01","2007-01-01",1,-0.0122415870474471,-0.0122415870474469,96.1614380461051,94.984269431656,98.7758412952553
"CIV","Cote d'Ivoire","Côte d'Ivoire","Sub Saharan Africa","wdi_real_gdp_per_capita_growth","WDI real GDP per capita growth",18,"2007-2010","expansion",2007,2010,"2007-01-01","2010-01-01",3,0.0275716429326323,0.0847469293949277,94.984269431656,103.033894606809,108.474692939493
"CIV","Cote d'Ivoire","Côte d'Ivoire","Sub Saharan Africa","wdi_real_gdp_per_capita_growth","WDI real GDP per capita growth",19,"2010-2011","contraction",2010,2011,"2010-01-01","2011-01-01",1,-0.0740424970030114,-0.0740424970030114,103.033894606809,95.4050077741761,92.5957502996989
"CIV","Cote d'Ivoire","Côte d'Ivoire","Sub Saharan Africa","wdi_real_gdp_per_capita_growth","WDI real GDP per capita growth",20,"2011-2019","expansion",2011,2019,"2011-01-01","2019-01-01",8,0.0492613499765453,0.467333915368232,95.4050077741761,139.991003603018,146.733391536823
"CIV","Cote d'Ivoire","Côte d'Ivoire","Sub Saharan Africa","wdi_real_gdp_per_capita_growth","WDI real GDP per capita growth",21,"2019-2020","contraction",2019,2020,"2019-01-01","2020-01-01",1,-0.0181621061689408,-0.0181621061689407,139.991003603018,137.448472132884,98.1837893831059
"CIV","Cote d'Ivoire","Côte d'Ivoire","Sub Saharan Africa","wdi_real_gdp_per_capita_growth","WDI real GDP per capita growth",22,"2020-2024","expansion",2020,2024,"2020-01-01","2024-01-01",4,0.0390876589367233,0.165731382133017,137.448472132884,160.227997391538,116.573138213302
"CMR","Cameroon","Cameroon","Sub Saharan Africa","wdi_real_gdp_per_capita_growth","WDI real GDP per capita growth",1,"1961-1964","expansion",1961,1964,"1961-01-01","1964-01-01",3,0.0130413640454119,0.0396329639784951,99.6345059274096,103.583316711846,103.96329639785
"CMR","Cameroon","Cameroon","Sub Saharan Africa","wdi_real_gdp_per_capita_growth","WDI real GDP per capita growth",2,"1964-1965","contraction",1964,1965,"1964-01-01","1965-01-01",1,-0.00235078965206341,-0.00235078965206348,103.583316711846,103.339814122793,99.7649210347937
"CMR","Cameroon","Cameroon","Sub Saharan Africa","wdi_real_gdp_per_capita_growth","WDI real GDP per capita growth",3,"1965-1966","expansion",1965,1966,"1965-01-01","1966-01-01",1,0.0223836086930811,0.0223836086930811,103.339814122793,105.652932084534,102.238360869308
"CMR","Cameroon","Cameroon","Sub Saharan Africa","wdi_real_gdp_per_capita_growth","WDI real GDP per capita growth",4,"1966-1967","contraction",1966,1967,"1966-01-01","1967-01-01",1,-0.129990149262665,-0.129990149262665,105.652932084534,91.9190916728268,87.0009850737335
"CMR","Cameroon","Cameroon","Sub Saharan Africa","wdi_real_gdp_per_capita_growth","WDI real GDP per capita growth",5,"1967-1971","expansion",1967,1971,"1967-01-01","1971-01-01",4,0.0180586474147808,0.0738505160549667,91.9190916728268,98.7073640281689,107.385051605497
"CMR","Cameroon","Cameroon","Sub Saharan Africa","wdi_real_gdp_per_capita_growth","WDI real GDP per capita growth",6,"1971-1972","contraction",1971,1972,"1971-01-01","1972-01-01",1,-0.000784165028948109,-0.000784165028948181,98.7073640281689,98.6299611651983,99.9215834971052
"CMR","Cameroon","Cameroon","Sub Saharan Africa","wdi_real_gdp_per_capita_growth","WDI real GDP per capita growth",7,"1972-1975","expansion",1972,1975,"1972-01-01","1975-01-01",3,0.0612828609045775,0.194278527618745,98.6299611651983,117.791644799467,119.427852761874
"CMR","Cameroon","Cameroon","Sub Saharan Africa","wdi_real_gdp_per_capita_growth","WDI real GDP per capita growth",8,"1975-1976","contraction",1975,1976,"1975-01-01","1976-01-01",1,-0.0799324847143026,-0.0799324847143025,117.791644799467,108.376265952061,92.0067515285698
"CMR","Cameroon","Cameroon","Sub Saharan Africa","wdi_real_gdp_per_capita_growth","WDI real GDP per capita growth",9,"1976-1979","expansion",1976,1979,"1976-01-01","1979-01-01",3,0.108902465147853,0.356818683384015,108.376265952061,147.046942479151,135.681868338401
"CMR","Cameroon","Cameroon","Sub Saharan Africa","wdi_real_gdp_per_capita_growth","WDI real GDP per capita growth",10,"1979-1980","contraction",1979,1980,"1979-01-01","1980-01-01",1,-0.0510455591015526,-0.0510455591015528,147.046942479151,139.540849086129,94.8954440898447
"CMR","Cameroon","Cameroon","Sub Saharan Africa","wdi_real_gdp_per_capita_growth","WDI real GDP per capita growth",11,"1980-1986","expansion",1980,1986,"1980-01-01","1986-01-01",6,0.0595906954045463,0.41149374179579,139.540849086129,196.961035209942,141.149374179579
"CMR","Cameroon","Cameroon","Sub Saharan Africa","wdi_real_gdp_per_capita_growth","WDI real GDP per capita growth",12,"1986-1994","contraction",1986,1994,"1986-01-01","1994-01-01",8,-0.0662104694836314,-0.424365813553514,196.961035209942,113.377505264733,57.5634186446486
"CMR","Cameroon","Cameroon","Sub Saharan Africa","wdi_real_gdp_per_capita_growth","WDI real GDP per capita growth",13,"1994-2004","expansion",1994,2004,"1994-01-01","2004-01-01",10,0.0183422289583883,0.198770211357355,113.377505264733,135.913575949373,119.877021135735
"CMR","Cameroon","Cameroon","Sub Saharan Africa","wdi_real_gdp_per_capita_growth","WDI real GDP per capita growth",14,"2004-2005","contraction",2004,2005,"2004-01-01","2005-01-01",1,-0.00550411134631503,-0.00550411134631501,135.913575949373,135.165492493872,99.4495888653685
"CMR","Cameroon","Cameroon","Sub Saharan Africa","wdi_real_gdp_per_capita_growth","WDI real GDP per capita growth",15,"2005-2007","expansion",2005,2007,"2005-01-01","2007-01-01",2,0.0121787175131563,0.024500796958232,135.165492493872,138.477154781224,102.450079695823
"CMR","Cameroon","Cameroon","Sub Saharan Africa","wdi_real_gdp_per_capita_growth","WDI real GDP per capita growth",16,"2007-2009","contraction",2007,2009,"2007-01-01","2009-01-01",2,-0.00186509314445437,-0.00372844549848417,138.477154781224,137.960850256837,99.6271554501516
"CMR","Cameroon","Cameroon","Sub Saharan Africa","wdi_real_gdp_per_capita_growth","WDI real GDP per capita growth",17,"2009-2019","expansion",2009,2019,"2009-01-01","2019-01-01",10,0.013132924305736,0.138986980375906,137.960850256837,157.135612244127,113.898698037591
"CMR","Cameroon","Cameroon","Sub Saharan Africa","wdi_real_gdp_per_capita_growth","WDI real GDP per capita growth",18,"2019-2020","contraction",2019,2020,"2019-01-01","2020-01-01",1,-0.0243476031121681,-0.024347603112168,157.135612244127,153.30973672242,97.5652396887832
"CMR","Cameroon","Cameroon","Sub Saharan Africa","wdi_real_gdp_per_capita_growth","WDI real GDP per capita growth",19,"2020-2024","expansion",2020,2024,"2020-01-01","2024-01-01",4,0.00795944418925885,0.032214165629705,153.30973672242,158.248481973842,103.221416562971
"COD","Congo, Dem. Rep.","D.R. of the Congo","Sub Saharan Africa","wdi_real_gdp_per_capita_growth","WDI real GDP per capita growth",1,"1961-1963","expansion",1961,1963,"1961-01-01","1963-01-01",2,0.10272831862462,0.209907837556879,86.8859353757768,105.123974184613,120.990783755688
"COD","Congo, Dem. Rep.","D.R. of the Congo","Sub Saharan Africa","wdi_real_gdp_per_capita_growth","WDI real GDP per capita growth",2,"1963-1965","contraction",1963,1965,"1963-01-01","1965-01-01",2,-0.0337857550605993,-0.0666982861532832,105.123974184613,98.1123852728772,93.3301713846717
"COD","Congo, Dem. Rep.","D.R. of the Congo","Sub Saharan Africa","wdi_real_gdp_per_capita_growth","WDI real GDP per capita growth",3,"1965-1966","expansion",1965,1966,"1965-01-01","1966-01-01",1,0.0377366630730698,0.0377366630730698,98.1123852728772,101.814819299215,103.773666307307
"COD","Congo, Dem. Rep.","D.R. of the Congo","Sub Saharan Africa","wdi_real_gdp_per_capita_growth","WDI real GDP per capita growth",4,"1966-1967","contraction",1966,1967,"1966-01-01","1967-01-01",1,-0.0383265618856133,-0.0383265618856135,101.814819299215,97.9126073264711,96.1673438114387
"COD","Congo, Dem. Rep.","D.R. of the Congo","Sub Saharan Africa","wdi_real_gdp_per_capita_growth","WDI real GDP per capita growth",5,"1967-1969","expansion",1967,1969,"1967-01-01","1969-01-01",2,0.0376395680995991,0.0760974716363527,97.9126073264711,105.363509185339,107.609747163635
"COD","Congo, Dem. Rep.","D.R. of the Congo","Sub Saharan Africa","wdi_real_gdp_per_capita_growth","WDI real GDP per capita growth",6,"1969-1970","contraction",1969,1970,"1969-01-01","1970-01-01",1,-0.0305376345948986,-0.0305376345948984,105.363509185339,102.1459568422,96.9462365405102
"COD","Congo, Dem. Rep.","D.R. of the Congo","Sub Saharan Africa","wdi_real_gdp_per_capita_growth","WDI real GDP per capita growth",7,"1970-1971","expansion",1970,1971,"1970-01-01","1971-01-01",1,0.0314619844521395,0.0314619844521395,102.1459568422,105.359671348219,103.146198445214
"COD","Congo, Dem. Rep.","D.R. of the Congo","Sub Saharan Africa","wdi_real_gdp_per_capita_growth","WDI real GDP per capita growth",8,"1971-1972","contraction",1971,1972,"1971-01-01","1972-01-01",1,-0.0246721894456714,-0.0246721894456713,105.359671348219,102.760217576782,97.5327810554329
"COD","Congo, Dem. Rep.","D.R. of the Congo","Sub Saharan Africa","wdi_real_gdp_per_capita_growth","WDI real GDP per capita growth",9,"1972-1974","expansion",1972,1974,"1972-01-01","1974-01-01",2,0.0284604876326951,0.0571379832096381,102.760217576782,108.631729163303,105.713798320964
"COD","Congo, Dem. Rep.","D.R. of the Congo","Sub Saharan Africa","wdi_real_gdp_per_capita_growth","WDI real GDP per capita growth",10,"1974-1983","contraction",1974,1983,"1974-01-01","1983-01-01",9,-0.0388040551441438,-0.302566486646005,108.631729163303,75.7634085320818,69.7433513353995
"COD","Congo, Dem. Rep.","D.R. of the Congo","Sub Saharan Africa","wdi_real_gdp_per_capita_growth","WDI real GDP per capita growth",11,"1983-1984","expansion",1983,1984,"1983-01-01","1984-01-01",1,0.0207207086656189,0.0207207086656189,75.7634085320818,77.3332800477893,102.072070866562
"COD","Congo, Dem. Rep.","D.R. of the Congo","Sub Saharan Africa","wdi_real_gdp_per_capita_growth","WDI real GDP per capita growth",12,"1984-1985","contraction",1984,1985,"1984-01-01","1985-01-01",1,-0.0280901413565682,-0.0280901413565682,77.3332800477893,75.1609772796799,97.1909858643432
"COD","Congo, Dem. Rep.","D.R. of the Congo","Sub Saharan Africa","wdi_real_gdp_per_capita_growth","WDI real GDP per capita growth",13,"1985-1986","expansion",1985,1986,"1985-01-01","1986-01-01",1,0.0147046036376909,0.014704603637691,75.1609772796799,76.2661896595991,101.470460363769
"COD","Congo, Dem. Rep.","D.R. of the Congo","Sub Saharan Africa","wdi_real_gdp_per_capita_growth","WDI real GDP per capita growth",14,"1986-2002","contraction",1986,2002,"1986-01-01","2002-01-01",16,-0.0669846417923851,-0.676390455932523,76.2661896595991,24.6804668635066,32.3609544067477
"COD","Congo, Dem. Rep.","D.R. of the Congo","Sub Saharan Africa","wdi_real_gdp_per_capita_growth","WDI real GDP per capita growth",15,"2002-2008","expansion",2002,2008,"2002-01-01","2008-01-01",6,0.0342146463001023,0.223243087081257,24.6804668635066,30.1902104767225,122.324308708126
"COD","Congo, Dem. Rep.","D.R. of the Congo","Sub Saharan Africa","wdi_real_gdp_per_capita_growth","WDI real GDP per capita growth",16,"2008-2009","contraction",2008,2009,"2008-01-01","2009-01-01",1,-0.0249542488145794,-0.0249542488145794,30.1902104767225,29.4368364527218,97.5045751185421
"COD","Congo, Dem. Rep.","D.R. of the Congo","Sub Saharan Africa","wdi_real_gdp_per_capita_growth","WDI real GDP per capita growth",17,"2009-2015","expansion",2009,2015,"2009-01-01","2015-01-01",6,0.0437823730742471,0.29284505609841,29.4368364527218,38.0572684750789,129.284505609841
"COD","Congo, Dem. Rep.","D.R. of the Congo","Sub Saharan Africa","wdi_real_gdp_per_capita_growth","WDI real GDP per capita growth",18,"2015-2016","contraction",2015,2016,"2015-01-01","2016-01-01",1,-0.0309891686152069,-0.030989168615207,38.0572684750789,36.8779053652705,96.9010831384793
"COD","Congo, Dem. Rep.","D.R. of the Congo","Sub Saharan Africa","wdi_real_gdp_per_capita_growth","WDI real GDP per capita growth",19,"2016-2018","expansion",2016,2018,"2016-01-01","2018-01-01",2,0.0153903959693984,0.0309093061674695,36.8779053652705,38.0177758330206,103.090930616747
"COD","Congo, Dem. Rep.","D.R. of the Congo","Sub Saharan Africa","wdi_real_gdp_per_capita_growth","WDI real GDP per capita growth",20,"2018-2020","contraction",2018,2020,"2018-01-01","2020-01-01",2,-0.0250028903444069,-0.0493813000491601,38.0177758330206,36.1404086374085,95.061869995084
"COD","Congo, Dem. Rep.","D.R. of the Congo","Sub Saharan Africa","wdi_real_gdp_per_capita_growth","WDI real GDP per capita growth",21,"2020-2024","expansion",2020,2024,"2020-01-01","2024-01-01",4,0.041689914405851,0.177106631655748,36.1404086374085,42.5411146778422,117.710663165575
"COG","Congo, Rep.","Congo","Sub Saharan Africa","wdi_real_gdp_per_capita_growth","WDI real GDP per capita growth",1,"1961-1962","expansion",1961,1962,"1961-01-01","1962-01-01",1,0.0248184375707561,0.0248184375707559,105.587275555912,108.207786762563,102.481843757076
"COG","Congo, Rep.","Congo","Sub Saharan Africa","wdi_real_gdp_per_capita_growth","WDI real GDP per capita growth",2,"1962-1963","contraction",1962,1963,"1962-01-01","1963-01-01",1,-0.0655502405879515,-0.0655502405879516,108.207786762563,101.114740306787,93.4449759412048
"COG","Congo, Rep.","Congo","Sub Saharan Africa","wdi_real_gdp_per_capita_growth","WDI real GDP per capita growth",3,"1963-1965","expansion",1963,1965,"1963-01-01","1965-01-01",2,0.00933487391366102,0.0187559848989391,101.114740306787,103.011246849041,101.875598489894
"COG","Congo, Rep.","Congo","Sub Saharan Africa","wdi_real_gdp_per_capita_growth","WDI real GDP per capita growth",4,"1965-1967","contraction",1965,1967,"1965-01-01","1967-01-01",2,-0.0111956173977833,-0.0222780267106384,103.011246849041,100.716359540242,97.7721973289362
"COG","Congo, Rep.","Congo","Sub Saharan Africa","wdi_real_gdp_per_capita_growth","WDI real GDP per capita growth",5,"1967-1975","expansion",1967,1975,"1967-01-01","1975-01-01",8,0.0452387704181899,0.424534450539006,100.716359540242,143.473923897947,142.453445053901
"COG","Congo, Rep.","Congo","Sub Saharan Africa","wdi_real_gdp_per_capita_growth","WDI real GDP per capita growth",6,"1975-1977","contraction",1975,1977,"1975-01-01","1977-01-01",2,-0.0631053471773896,-0.124526614271167,143.473923897947,125.607601918737,87.5473385728833
"COG","Congo, Rep.","Congo","Sub Saharan Africa","wdi_real_gdp_per_capita_growth","WDI real GDP per capita growth",7,"1977-1984","expansion",1977,1984,"1977-01-01","1984-01-01",7,0.10044674625309,0.931565722128693,125.607601918737,242.619338305019,193.156572212869
"COG","Congo, Rep.","Congo","Sub Saharan Africa","wdi_real_gdp_per_capita_growth","WDI real GDP per capita growth",8,"1984-1994","contraction",1984,1994,"1984-01-01","1994-01-01",10,-0.0324504173353702,-0.284822019292559,242.619338305019,173.516008449559,71.517798070744
"COG","Congo, Rep.","Congo","Sub Saharan Africa","wdi_real_gdp_per_capita_growth","WDI real GDP per capita growth",9,"1994-1996","expansion",1994,1996,"1994-01-01","1996-01-01",2,0.0126835546628515,0.0255251136131844,173.516008449559,177.94502427894,102.552511361318
"COG","Congo, Rep.","Congo","Sub Saharan Africa","wdi_real_gdp_per_capita_growth","WDI real GDP per capita growth",10,"1996-1997","contraction",1996,1997,"1996-01-01","1997-01-01",1,-0.0272655328399637,-0.0272655328399637,177.94502427894,173.093258375754,97.2734467160036
"COG","Congo, Rep.","Congo","Sub Saharan Africa","wdi_real_gdp_per_capita_growth","WDI real GDP per capita growth",11,"1997-1998","expansion",1997,1998,"1997-01-01","1998-01-01",1,0.0148155360506634,0.0148155360506634,173.093258375754,175.657727785347,101.481553605066
"COG","Congo, Rep.","Congo","Sub Saharan Africa","wdi_real_gdp_per_capita_growth","WDI real GDP per capita growth",12,"1998-1999","contraction",1998,1999,"1998-01-01","1999-01-01",1,-0.0517796321884211,-0.051779632188421,175.657727785347,166.562235249568,94.8220367811579
"COG","Congo, Rep.","Congo","Sub Saharan Africa","wdi_real_gdp_per_capita_growth","WDI real GDP per capita growth",13,"1999-2000","expansion",1999,2000,"1999-01-01","2000-01-01",1,0.0353179165255042,0.035317916525504,166.562235249568,172.444866370414,103.53179165255
"COG","Congo, Rep.","Congo","Sub Saharan Africa","wdi_real_gdp_per_capita_growth","WDI real GDP per capita growth",14,"2000-2001","contraction",2000,2001,"2000-01-01","2001-01-01",1,-0.00041524211389671,-0.000415242113896874,172.444866370414,172.373259999571,99.9584757886103
"COG","Congo, Rep.","Congo","Sub Saharan Africa","wdi_real_gdp_per_capita_growth","WDI real GDP per capita growth",15,"2001-2002","expansion",2001,2002,"2001-01-01","2002-01-01",1,0.021400863574699,0.0214008635746992,172.373259999571,176.062196620748,102.14008635747
"COG","Congo, Rep.","Congo","Sub Saharan Africa","wdi_real_gdp_per_capita_growth","WDI real GDP per capita growth",16,"2002-2004","contraction",2002,2004,"2002-01-01","2004-01-01",2,-0.00982892294426944,-0.0196578190870282,176.062196620748,172.601197811513,98.0342180912972
"COG","Congo, Rep.","Congo","Sub Saharan Africa","wdi_real_gdp_per_capita_growth","WDI real GDP per capita growth",17,"2004-2006","expansion",2004,2006,"2004-01-01","2006-01-01",2,0.0397979218973591,0.0811795724656483,172.601197811513,186.61288925691,108.117957246565
"COG","Congo, Rep.","Congo","Sub Saharan Africa","wdi_real_gdp_per_capita_growth","WDI real GDP per capita growth",18,"2006-2007","contraction",2006,2007,"2006-01-01","2007-01-01",1,-0.0996945133776909,-0.0996945133776908,186.61288925691,168.008608072438,90.0305486622309
"COG","Congo, Rep.","Congo","Sub Saharan Africa","wdi_real_gdp_per_capita_growth","WDI real GDP per capita growth",19,"2007-2010","expansion",2007,2010,"2007-01-01","2010-01-01",3,0.0520057888694369,0.163756235065948,168.008608072438,195.521065189051,116.375623506595
"COG","Congo, Rep.","Congo","Sub Saharan Africa","wdi_real_gdp_per_capita_growth","WDI real GDP per capita growth",20,"2010-2011","contraction",2010,2011,"2010-01-01","2011-01-01",1,-0.0106295910259951,-0.0106295910259953,195.521065189051,193.442756229124,98.9370408974005
"COG","Congo, Rep.","Congo","Sub Saharan Africa","wdi_real_gdp_per_capita_growth","WDI real GDP per capita growth",21,"2011-2012","expansion",2011,2012,"2011-01-01","2012-01-01",1,0.0691517273107118,0.0691517273107121,193.442756229124,206.819656958113,106.915172731071
"COG","Congo, Rep.","Congo","Sub Saharan Africa","wdi_real_gdp_per_capita_growth","WDI real GDP per capita growth",22,"2012-2013","contraction",2012,2013,"2012-01-01","2013-01-01",1,-0.0309694323656935,-0.0309694323656935,206.819656958113,200.414569580053,96.9030567634307
"COG","Congo, Rep.","Congo","Sub Saharan Africa","wdi_real_gdp_per_capita_growth","WDI real GDP per capita growth",23,"2013-2014","expansion",2013,2014,"2013-01-01","2014-01-01",1,0.041002792779107,0.0410027927791068,200.414569580053,208.632126646458,104.100279277911
"COG","Congo, Rep.","Congo","Sub Saharan Africa","wdi_real_gdp_per_capita_growth","WDI real GDP per capita growth",24,"2014-2023","contraction",2014,2023,"2014-01-01","2023-01-01",9,-0.0421874158538436,-0.326114770410381,208.632126646458,140.594108564918,67.3885229589619
"COG","Congo, Rep.","Congo","Sub Saharan Africa","wdi_real_gdp_per_capita_growth","WDI real GDP per capita growth",25,"2023-2024","expansion",2023,2024,"2023-01-01","2024-01-01",1,0.00148777085583603,0.00148777085583607,140.594108564918,140.803280382144,100.148777085584
"COL","Colombia","Colombia","Latin America","wdi_real_gdp_per_capita_growth","WDI real GDP per capita growth",1,"1961-1980","expansion",1961,1980,"1961-01-01","1980-01-01",19,0.0268719928345178,0.651557970611924,101.896464673652,168.287918408946,165.155797061192
"COL","Colombia","Colombia","Latin America","wdi_real_gdp_per_capita_growth","WDI real GDP per capita growth",2,"1980-1983","contraction",1980,1983,"1980-01-01","1983-01-01",3,-0.00732671820346591,-0.0218619951825564,168.287918408946,164.608808747407,97.8138004817444
"COL","Colombia","Colombia","Latin America","wdi_real_gdp_per_capita_growth","WDI real GDP per capita growth",3,"1983-1990","expansion",1983,1990,"1983-01-01","1990-01-01",7,0.0202772121096431,0.150488072623515,164.608808747407,189.380471112658,115.048807262351
"COL","Colombia","Colombia","Latin America","wdi_real_gdp_per_capita_growth","WDI real GDP per capita growth",4,"1990-1991","contraction",1990,1991,"1990-01-01","1991-01-01",1,-0.000271315908869099,-0.000271315908869085,189.380471112658,189.329089178016,99.9728684091131
"COL","Colombia","Colombia","Latin America","wdi_real_gdp_per_capita_growth","WDI real GDP per capita growth",5,"1991-1997","expansion",1991,1997,"1991-01-01","1997-01-01",6,0.0234612368571699,0.14879877857593,189.329089178016,217.501026396598,114.879877857593
"COL","Colombia","Colombia","Latin America","wdi_real_gdp_per_capita_growth","WDI real GDP per capita growth",6,"1997-1999","contraction",1997,1999,"1997-01-01","1999-01-01",2,-0.0353537803255324,-0.0699956801604108,217.501026396598,202.27689411838,93.0004319839589
"COL","Colombia","Colombia","Latin America","wdi_real_gdp_per_capita_growth","WDI real GDP per capita growth",7,"1999-2008","expansion",1999,2008,"1999-01-01","2008-01-01",9,0.0272996495473049,0.272605888514697,202.27689411838,257.418766565515,127.26058885147
"COL","Colombia","Colombia","Latin America","wdi_real_gdp_per_capita_growth","WDI real GDP per capita growth",8,"2008-2009","contraction",2008,2009,"2008-01-01","2009-01-01",1,-0.000317051022677077,-0.000317051022677095,257.418766565515,257.337151682319,99.9682948977323
"COL","Colombia","Colombia","Latin America","wdi_real_gdp_per_capita_growth","WDI real GDP per capita growth",9,"2009-2016","expansion",2009,2016,"2009-01-01","2016-01-01",7,0.0326575181962614,0.251457637766629,257.337151682319,322.046543953947,125.145763776663
"COL","Colombia","Colombia","Latin America","wdi_real_gdp_per_capita_growth","WDI real GDP per capita growth",10,"2016-2017","contraction",2016,2017,"2016-01-01","2017-01-01",1,-0.00101221554133033,-0.00101221554133035,322.046543953947,321.720563437126,99.898778445867
"COL","Colombia","Colombia","Latin America","wdi_real_gdp_per_capita_growth","WDI real GDP per capita growth",11,"2017-2019","expansion",2017,2019,"2017-01-01","2019-01-01",2,0.0102770281354085,0.0206486220846178,321.720563437126,328.363649768389,102.064862208462
"COL","Colombia","Colombia","Latin America","wdi_real_gdp_per_capita_growth","WDI real GDP per capita growth",12,"2019-2020","contraction",2019,2020,"2019-01-01","2020-01-01",1,-0.0850949477621059,-0.085094947762106,328.363649768389,300.421562144374,91.4905052237894
"COL","Colombia","Colombia","Latin America","wdi_real_gdp_per_capita_growth","WDI real GDP per capita growth",13,"2020-2022","expansion",2020,2022,"2020-01-01","2022-01-01",2,0.0789038891047237,0.163743720867852,300.421562144374,349.613706558826,116.374372086785
"COL","Colombia","Colombia","Latin America","wdi_real_gdp_per_capita_growth","WDI real GDP per capita growth",14,"2022-2023","contraction",2022,2023,"2022-01-01","2023-01-01",1,-0.00410230298426796,-0.00410230298426795,349.613706558826,348.179485207069,99.5897697015732
"COL","Colombia","Colombia","Latin America","wdi_real_gdp_per_capita_growth","WDI real GDP per capita growth",15,"2023-2024","expansion",2023,2024,"2023-01-01","2024-01-01",1,0.00512522429942436,0.00512522429942441,348.179485207069,349.963983165213,100.512522429942
"COM","Comoros","Comoros","Sub Saharan Africa","wdi_real_gdp_per_capita_growth","WDI real GDP per capita growth",1,"1981-1984","expansion",1981,1984,"1981-01-01","1984-01-01",3,0.00923721649624895,0.0279347688525531,102.528993721028,105.39311746131,102.793476885255
"COM","Comoros","Comoros","Sub Saharan Africa","wdi_real_gdp_per_capita_growth","WDI real GDP per capita growth",2,"1984-1987","contraction",1984,1987,"1984-01-01","1987-01-01",3,-0.00492250357818345,-0.0147091262190149,105.39311746131,103.842876793956,98.5290873780985
"COM","Comoros","Comoros","Sub Saharan Africa","wdi_real_gdp_per_capita_growth","WDI real GDP per capita growth",3,"1987-1988","expansion",1987,1988,"1987-01-01","1988-01-01",1,0.0217063009876424,0.0217063009876424,103.842876793956,106.096921533069,102.170630098764
"COM","Comoros","Comoros","Sub Saharan Africa","wdi_real_gdp_per_capita_growth","WDI real GDP per capita growth",4,"1988-1989","contraction",1988,1989,"1988-01-01","1989-01-01",1,-0.0352874997551089,-0.0352874997551088,106.096921533069,102.353026440453,96.4712500244891
"COM","Comoros","Comoros","Sub Saharan Africa","wdi_real_gdp_per_capita_growth","WDI real GDP per capita growth",5,"1989-1990","expansion",1989,1990,"1989-01-01","1990-01-01",1,0.045640560053973,0.0456405600539731,102.353026440453,107.024475890414,104.564056005397
"COM","Comoros","Comoros","Sub Saharan Africa","wdi_real_gdp_per_capita_growth","WDI real GDP per capita growth",6,"1990-1991","contraction",1990,1991,"1990-01-01","1991-01-01",1,-0.0842445752716004,-0.0842445752716005,107.024475890414,98.0082443753604,91.57554247284
"COM","Comoros","Comoros","Sub Saharan Africa","wdi_real_gdp_per_capita_growth","WDI real GDP per capita growth",7,"1991-1993","expansion",1991,1993,"1991-01-01","1993-01-01",2,0.0292214992591465,0.0587996466258873,98.0082443753604,103.771094511055,105.879964662589
"COM","Comoros","Comoros","Sub Saharan Africa","wdi_real_gdp_per_capita_growth","WDI real GDP per capita growth",8,"1993-1994","contraction",1993,1994,"1993-01-01","1994-01-01",1,-0.0567123709606638,-0.0567123709606641,103.771094511055,97.8859897041501,94.3287629039336
"COM","Comoros","Comoros","Sub Saharan Africa","wdi_real_gdp_per_capita_growth","WDI real GDP per capita growth",9,"1994-1995","expansion",1994,1995,"1994-01-01","1995-01-01",1,0.0381904316440117,0.0381904316440118,97.8859897041501,101.624297902853,103.819043164401
"COM","Comoros","Comoros","Sub Saharan Africa","wdi_real_gdp_per_capita_growth","WDI real GDP per capita growth",10,"1995-1996","contraction",1995,1996,"1995-01-01","1996-01-01",1,-0.0220890470843038,-0.0220890470843038,101.624297902853,99.3795140015675,97.7910952915696
"COM","Comoros","Comoros","Sub Saharan Africa","wdi_real_gdp_per_capita_growth","WDI real GDP per capita growth",11,"1996-1997","expansion",1996,1997,"1996-01-01","1997-01-01",1,0.0262767770668948,0.0262767770668948,99.3795140015675,101.990887336003,102.627677706689
"COM","Comoros","Comoros","Sub Saharan Africa","wdi_real_gdp_per_capita_growth","WDI real GDP per capita growth",12,"1997-1998","contraction",1997,1998,"1997-01-01","1998-01-01",1,-0.0168271371705167,-0.0168271371705168,101.990887336003,100.274672684657,98.3172862829483
"COM","Comoros","Comoros","Sub Saharan Africa","wdi_real_gdp_per_capita_growth","WDI real GDP per capita growth",13,"1998-1999","expansion",1998,1999,"1998-01-01","1999-01-01",1,0.0088368341102192,0.00883683411021918,100.274672684657,101.160783332628,100.883683411022
"COM","Comoros","Comoros","Sub Saharan Africa","wdi_real_gdp_per_capita_growth","WDI real GDP per capita growth",14,"1999-2000","contraction",1999,2000,"1999-01-01","2000-01-01",1,-0.0288945143643761,-0.028894514364376,101.160783332628,98.2377916255121,97.1105485635624
"COM","Comoros","Comoros","Sub Saharan Africa","wdi_real_gdp_per_capita_growth","WDI real GDP per capita growth",15,"2000-2002","expansion",2000,2002,"2000-01-01","2002-01-01",2,0.0284054600045771,0.0575990429803699,98.2377916255121,103.896194407647,105.759904298037
"COM","Comoros","Comoros","Sub Saharan Africa","wdi_real_gdp_per_capita_growth","WDI real GDP per capita growth",16,"2002-2003","contraction",2002,2003,"2002-01-01","2003-01-01",1,-0.00011062920777249,-0.000110629207772273,103.896194407647,103.884700453969,99.9889370792228
"COM","Comoros","Comoros","Sub Saharan Africa","wdi_real_gdp_per_capita_growth","WDI real GDP per capita growth",17,"2003-2005","expansion",2003,2005,"2003-01-01","2005-01-01",2,0.023473597841584,0.0473581996263925,103.884700453969,108.804492836196,104.735819962639
"COM","Comoros","Comoros","Sub Saharan Africa","wdi_real_gdp_per_capita_growth","WDI real GDP per capita growth",18,"2005-2007","contraction",2005,2007,"2005-01-01","2007-01-01",2,-0.0245092421551792,-0.0485778891919327,108.804492836196,103.519000239615,95.1422110808067
"COM","Comoros","Comoros","Sub Saharan Africa","wdi_real_gdp_per_capita_growth","WDI real GDP per capita growth",19,"2007-2013","expansion",2007,2013,"2007-01-01","2013-01-01",6,0.0172333908579924,0.107899090022066,103.519000239615,114.688606165463,110.789909002207
"COM","Comoros","Comoros","Sub Saharan Africa","wdi_real_gdp_per_capita_growth","WDI real GDP per capita growth",20,"2013-2015","contraction",2013,2015,"2013-01-01","2015-01-01",2,-0.00527945924805046,-0.0105501739870021,114.688606165463,113.478621416091,98.9449826012998
"COM","Comoros","Comoros","Sub Saharan Africa","wdi_real_gdp_per_capita_growth","WDI real GDP per capita growth",21,"2015-2018","expansion",2015,2018,"2015-01-01","2018-01-01",3,0.0154289586870481,0.0469964716979061,113.478621416091,118.811716235789,104.699647169791
"COM","Comoros","Comoros","Sub Saharan Africa","wdi_real_gdp_per_capita_growth","WDI real GDP per capita growth",22,"2018-2020","contraction",2018,2020,"2018-01-01","2020-01-01",2,-0.011564832905273,-0.0230916013827682,118.811716235789,116.06816344487,97.6908398617232
"COM","Comoros","Comoros","Sub Saharan Africa","wdi_real_gdp_per_capita_growth","WDI real GDP per capita growth",23,"2020-2024","expansion",2020,2024,"2020-01-01","2024-01-01",4,0.00768055260466191,0.0310234194669485,116.06816344487,119.668994766178,103.102341946695
"CPV","Cabo Verde","Cabo Verde","Sub Saharan Africa","wdi_real_gdp_per_capita_growth","WDI real GDP per capita growth",1,"1981-1989","expansion",1981,1989,"1981-01-01","1989-01-01",8,0.039506257222701,0.36066683485476,106.948074943457,145.520698627123,136.066683485476
"CPV","Cabo Verde","Cabo Verde","Sub Saharan Africa","wdi_real_gdp_per_capita_growth","WDI real GDP per capita growth",2,"1989-1991","contraction",1989,1991,"1989-01-01","1991-01-01",2,-0.0118172643735142,-0.0234978111003004,145.520698627123,142.101280739599,97.65021888997
"CPV","Cabo Verde","Cabo Verde","Sub Saharan Africa","wdi_real_gdp_per_capita_growth","WDI real GDP per capita growth",3,"1991-2008","expansion",1991,2008,"1991-01-01","2008-01-01",17,0.0843741174833779,2.91739985389747,142.101280739599,556.667536407951,391.739985389747
"CPV","Cabo Verde","Cabo Verde","Sub Saharan Africa","wdi_real_gdp_per_capita_growth","WDI real GDP per capita growth",4,"2008-2009","contraction",2008,2009,"2008-01-01","2009-01-01",1,-0.0243495532260619,-0.0243495532260619,556.667536407951,543.112930600964,97.5650446773938
"CPV","Cabo Verde","Cabo Verde","Sub Saharan Africa","wdi_real_gdp_per_capita_growth","WDI real GDP per capita growth",5,"2009-2019","expansion",2009,2019,"2009-01-01","2019-01-01",10,0.0269937571464796,0.302671156612316,543.112930600964,707.497549477063,130.267115661232
"CPV","Cabo Verde","Cabo Verde","Sub Saharan Africa","wdi_real_gdp_per_capita_growth","WDI real GDP per capita growth",6,"2019-2020","contraction",2019,2020,"2019-01-01","2020-01-01",1,-0.208937523404244,-0.208937523404244,707.497549477063,559.674763674754,79.1062476595756
"CPV","Cabo Verde","Cabo Verde","Sub Saharan Africa","wdi_real_gdp_per_capita_growth","WDI real GDP per capita growth",7,"2020-2024","expansion",2020,2024,"2020-01-01","2024-01-01",4,0.0819468242795132,0.366416813704531,559.674763674754,764.749007291293,136.641681370453
"CRI","Costa Rica","Costa Rica","Latin America","wdi_real_gdp_per_capita_growth","WDI real GDP per capita growth",1,"1961-1974","expansion",1961,1974,"1961-01-01","1974-01-01",13,0.0348593322344098,0.55904518434814,98.1510770664967,153.021964039105,155.904518434814
"CRI","Costa Rica","Costa Rica","Latin America","wdi_real_gdp_per_capita_growth","WDI real GDP per capita growth",2,"1974-1975","contraction",1974,1975,"1974-01-01","1975-01-01",1,-0.00489413430286334,-0.00489413430286345,153.021964039105,152.27305399581,99.5105865697137
"CRI","Costa Rica","Costa Rica","Latin America","wdi_real_gdp_per_capita_growth","WDI real GDP per capita growth",3,"1975-1979","expansion",1975,1979,"1975-01-01","1979-01-01",4,0.0362732976812475,0.152706840250768,152.27305399581,175.526190926844,115.270684025077
"CRI","Costa Rica","Costa Rica","Latin America","wdi_real_gdp_per_capita_growth","WDI real GDP per capita growth",4,"1979-1982","contraction",1979,1982,"1979-01-01","1982-01-01",3,-0.0554261957239787,-0.158723576173982,175.526190926844,147.666046190738,84.1276423826018
"CRI","Costa Rica","Costa Rica","Latin America","wdi_real_gdp_per_capita_growth","WDI real GDP per capita growth",5,"1982-1984","expansion",1982,1984,"1982-01-01","1984-01-01",2,0.0258262567845851,0.0516905290141987,147.666046190738,155.298982235773,105.16905290142
"CRI","Costa Rica","Costa Rica","Latin America","wdi_real_gdp_per_capita_growth","WDI real GDP per capita growth",6,"1984-1985","contraction",1984,1985,"1984-01-01","1985-01-01",1,-0.020077212448813,-0.0200772124488128,155.298982235773,152.181011576341,97.9922787551187
"CRI","Costa Rica","Costa Rica","Latin America","wdi_real_gdp_per_capita_growth","WDI real GDP per capita growth",7,"1985-1990","expansion",1985,1990,"1985-01-01","1990-01-01",5,0.0191134893517573,0.0990773697785645,152.181011576341,167.258705933566,109.907736977856
"CRI","Costa Rica","Costa Rica","Latin America","wdi_real_gdp_per_capita_growth","WDI real GDP per capita growth",8,"1990-1991","contraction",1990,1991,"1990-01-01","1991-01-01",1,-0.00304259137596418,-0.00304259137596419,167.258705933566,166.749806037337,99.6957408624036
"CRI","Costa Rica","Costa Rica","Latin America","wdi_real_gdp_per_capita_growth","WDI real GDP per capita growth",9,"1991-1995","expansion",1991,1995,"1991-01-01","1995-01-01",4,0.0364645029685903,0.153215281258152,166.749806037337,192.29842446909,115.321528125815
"CRI","Costa Rica","Costa Rica","Latin America","wdi_real_gdp_per_capita_growth","WDI real GDP per capita growth",10,"1995-1996","contraction",1995,1996,"1995-01-01","1996-01-01",1,-0.00997395703484344,-0.00997395703484349,192.29842446909,190.380448245567,99.0026042965157
"CRI","Costa Rica","Costa Rica","Latin America","wdi_real_gdp_per_capita_growth","WDI real GDP per capita growth",11,"1996-2008","expansion",1996,2008,"1996-01-01","2008-01-01",12,0.0327798823811094,0.47053020629801,190.380448245567,279.960199833662,147.053020629801
"CRI","Costa Rica","Costa Rica","Latin America","wdi_real_gdp_per_capita_growth","WDI real GDP per capita growth",12,"2008-2009","contraction",2008,2009,"2008-01-01","2009-01-01",1,-0.0218936686159658,-0.0218936686159659,279.960199833662,273.830843992844,97.8106331384034
"CRI","Costa Rica","Costa Rica","Latin America","wdi_real_gdp_per_capita_growth","WDI real GDP per capita growth",13,"2009-2019","expansion",2009,2019,"2009-01-01","2019-01-01",10,0.0268513586339427,0.302921153064893,273.830843992844,356.779998999889,130.292115306489
"CRI","Costa Rica","Costa Rica","Latin America","wdi_real_gdp_per_capita_growth","WDI real GDP per capita growth",14,"2019-2020","contraction",2019,2020,"2019-01-01","2020-01-01",1,-0.0493444227198336,-0.0493444227198336,356.779998999889,339.174895911257,95.0655577280166
"CRI","Costa Rica","Costa Rica","Latin America","wdi_real_gdp_per_capita_growth","WDI real GDP per capita growth",15,"2020-2024","expansion",2020,2024,"2020-01-01","2024-01-01",4,0.0498494375041518,0.214370812145474,339.174895911257,411.88409380711,121.437081214547
"CUB","Cuba","Cuba","Latin America","wdi_real_gdp_per_capita_growth","WDI real GDP per capita growth",1,"1971-1973","expansion",1971,1973,"1971-01-01","1973-01-01",2,0.0256428260566315,0.0519073636020562,106.713039352319,112.252231887061,105.190736360206
"CUB","Cuba","Cuba","Latin America","wdi_real_gdp_per_capita_growth","WDI real GDP per capita growth",2,"1973-1974","contraction",1973,1974,"1973-01-01","1974-01-01",1,-0.0029588768768626,-0.00295887687686258,112.252231887061,111.920091353754,99.7041123123137
"CUB","Cuba","Cuba","Latin America","wdi_real_gdp_per_capita_growth","WDI real GDP per capita growth",3,"1974-1979","expansion",1974,1979,"1974-01-01","1979-01-01",5,0.0539440688696107,0.298134124614467,111.920091353754,145.287289816277,129.813412461447
"CUB","Cuba","Cuba","Latin America","wdi_real_gdp_per_capita_growth","WDI real GDP per capita growth",4,"1979-1980","contraction",1979,1980,"1979-01-01","1980-01-01",1,-0.0525160677302651,-0.0525160677302651,145.287289816277,137.657372663938,94.7483932269735
"CUB","Cuba","Cuba","Latin America","wdi_real_gdp_per_capita_growth","WDI real GDP per capita growth",5,"1980-1985","expansion",1980,1985,"1980-01-01","1985-01-01",5,0.0795191879271177,0.454535017161684,137.657372663938,200.227468910174,145.453501716168
"CUB","Cuba","Cuba","Latin America","wdi_real_gdp_per_capita_growth","WDI real GDP per capita growth",6,"1985-1987","contraction",1985,1987,"1985-01-01","1987-01-01",2,-0.020086709591139,-0.0399271252101201,200.227468910174,192.232961688492,96.007287478988
"CUB","Cuba","Cuba","Latin America","wdi_real_gdp_per_capita_growth","WDI real GDP per capita growth",7,"1987-1988","expansion",1987,1988,"1987-01-01","1988-01-01",1,0.027388918714524,0.027388918714524,192.232961688492,197.49801465043,102.738891871452
"CUB","Cuba","Cuba","Latin America","wdi_real_gdp_per_capita_growth","WDI real GDP per capita growth",8,"1988-1993","contraction",1988,1993,"1988-01-01","1993-01-01",5,-0.0859789151905466,-0.367963306680326,197.49801465043,124.825992116858,63.2036693319674
"CUB","Cuba","Cuba","Latin America","wdi_real_gdp_per_capita_growth","WDI real GDP per capita growth",9,"1993-1997","expansion",1993,1997,"1993-01-01","1997-01-01",4,0.0307871610062379,0.127463199260043,124.825992116858,140.736712422882,112.746319926004
"CUB","Cuba","Cuba","Latin America","wdi_real_gdp_per_capita_growth","WDI real GDP per capita growth",10,"1997-1998","contraction",1997,1998,"1997-01-01","1998-01-01",1,-0.00174678072264157,-0.00174678072264156,140.736712422882,140.490876246654,99.8253219277358
"CUB","Cuba","Cuba","Latin America","wdi_real_gdp_per_capita_growth","WDI real GDP per capita growth",11,"1998-2019","expansion",1998,2019,"1998-01-01","2019-01-01",21,0.0388557866657781,1.20722296622136,140.490876246654,310.094688596178,220.722296622136
"CUB","Cuba","Cuba","Latin America","wdi_real_gdp_per_capita_growth","WDI real GDP per capita growth",12,"2019-2020","contraction",2019,2020,"2019-01-01","2020-01-01",1,-0.107383538682124,-0.107383538682124,310.094688596178,276.795623608189,89.2616461317876
"CUB","Cuba","Cuba","Latin America","wdi_real_gdp_per_capita_growth","WDI real GDP per capita growth",13,"2020-2022","expansion",2020,2022,"2020-01-01","2022-01-01",2,0.020480895914549,0.0413722408382879,276.795623608189,288.247278811091,104.137224083829
"CUB","Cuba","Cuba","Latin America","wdi_real_gdp_per_capita_growth","WDI real GDP per capita growth",14,"2022-2024","contraction",2022,2024,"2022-01-01","2024-01-01",2,-0.011371723663707,-0.0226332465937877,288.247278811091,281.723307069772,97.7366753406212
"CYP","Cyprus","Cyprus","Eastern Europe","wdi_real_gdp_per_capita_growth","WDI real GDP per capita growth",1,"1976-1990","expansion",1976,1990,"1976-01-01","1990-01-01",14,0.0615511669705345,1.29056158032933,121.24487057569,277.718842352678,229.056158032933
"CYP","Cyprus","Cyprus","Eastern Europe","wdi_real_gdp_per_capita_growth","WDI real GDP per capita growth",2,"1990-1991","contraction",1990,1991,"1990-01-01","1991-01-01",1,-0.0183474308662072,-0.0183474308662074,277.718842352678,272.623415092369,98.1652569133793
"CYP","Cyprus","Cyprus","Eastern Europe","wdi_real_gdp_per_capita_growth","WDI real GDP per capita growth",3,"1991-1992","expansion",1991,1992,"1991-01-01","1992-01-01",1,0.0652783779751871,0.0652783779751873,272.623415092369,290.419829427655,106.527837797519
"CYP","Cyprus","Cyprus","Eastern Europe","wdi_real_gdp_per_capita_growth","WDI real GDP per capita growth",4,"1992-1993","contraction",1992,1993,"1992-01-01","1993-01-01",1,-0.0170263122109378,-0.0170263122109379,290.419829427655,285.475050739572,98.2973687789062
"CYP","Cyprus","Cyprus","Eastern Europe","wdi_real_gdp_per_capita_growth","WDI real GDP per capita growth",5,"1993-1995","expansion",1993,1995,"1993-01-01","1995-01-01",2,0.0507387122332199,0.103871833990348,285.475050739572,315.127867818379,110.387183399035
"CYP","Cyprus","Cyprus","Eastern Europe","wdi_real_gdp_per_capita_growth","WDI real GDP per capita growth",6,"1995-1996","contraction",1995,1996,"1995-01-01","1996-01-01",1,-0.00352429769131803,-0.00352429769131801,315.127867818379,314.017263401357,99.6475702308682
"CYP","Cyprus","Cyprus","Eastern Europe","wdi_real_gdp_per_capita_growth","WDI real GDP per capita growth",7,"1996-2008","expansion",1996,2008,"1996-01-01","2008-01-01",12,0.0294811512448949,0.415982574132927,314.017263401357,444.642972953231,141.598257413293
"CYP","Cyprus","Cyprus","Eastern Europe","wdi_real_gdp_per_capita_growth","WDI real GDP per capita growth",8,"2008-2014","contraction",2008,2014,"2008-01-01","2014-01-01",6,-0.0332626236643154,-0.184910452910263,444.642972953231,362.423839441083,81.5089547089737
"CYP","Cyprus","Cyprus","Eastern Europe","wdi_real_gdp_per_capita_growth","WDI real GDP per capita growth",9,"2014-2019","expansion",2014,2019,"2014-01-01","2019-01-01",5,0.0471724155090206,0.258947421162635,362.423839441083,456.272558032212,125.894742116264
"CYP","Cyprus","Cyprus","Eastern Europe","wdi_real_gdp_per_capita_growth","WDI real GDP per capita growth",10,"2019-2020","contraction",2019,2020,"2019-01-01","2020-01-01",1,-0.0451403585865228,-0.0451403585865227,456.272558032212,435.676251149448,95.4859641413477
"CYP","Cyprus","Cyprus","Eastern Europe","wdi_real_gdp_per_capita_growth","WDI real GDP per capita growth",11,"2020-2024","expansion",2020,2024,"2020-01-01","2024-01-01",4,0.0499054882805047,0.212730569963206,435.676251149448,528.357908375904,121.273056996321
"CZE","Czechia","Czech Republic","Eastern Europe","wdi_real_gdp_per_capita_growth","WDI real GDP per capita growth",1,"1991-1993","contraction",1991,1993,"1991-01-01","1993-01-01",2,-0.00325133368854353,-0.00650010964973635,88.5974939745566,88.0216005490301,99.3499890350264
"CZE","Czechia","Czech Republic","Eastern Europe","wdi_real_gdp_per_capita_growth","WDI real GDP per capita growth",2,"1993-1996","expansion",1993,1996,"1993-01-01","1996-01-01",3,0.0448286191688096,0.140297882515296,88.0216005490301,100.370844721666,114.02978825153
"CZE","Czechia","Czech Republic","Eastern Europe","wdi_real_gdp_per_capita_growth","WDI real GDP per capita growth",3,"1996-1998","contraction",1996,1998,"1996-01-01","1998-01-01",2,-0.00393696614369241,-0.00785933438977071,100.370844721666,99.581996690015,99.2140665610229
"CZE","Czechia","Czech Republic","Eastern Europe","wdi_real_gdp_per_capita_growth","WDI real GDP per capita growth",4,"1998-2008","expansion",1998,2008,"1998-01-01","2008-01-01",10,0.0380362830460218,0.450584733471312,99.581996690015,144.452124127126,145.058473347131
"CZE","Czechia","Czech Republic","Eastern Europe","wdi_real_gdp_per_capita_growth","WDI real GDP per capita growth",5,"2008-2009","contraction",2008,2009,"2008-01-01","2009-01-01",1,-0.0533917399896316,-0.0533917399896318,144.452124127126,136.739573874781,94.6608260010368
"CZE","Czechia","Czech Republic","Eastern Europe","wdi_real_gdp_per_capita_growth","WDI real GDP per capita growth",6,"2009-2011","expansion",2009,2011,"2009-01-01","2011-01-01",2,0.0198900783998546,0.0401575543464685,136.739573874781,142.23070074397,104.015755434647
"CZE","Czechia","Czech Republic","Eastern Europe","wdi_real_gdp_per_capita_growth","WDI real GDP per capita growth",7,"2011-2013","contraction",2011,2013,"2011-01-01","2013-01-01",2,-0.00492190691132571,-0.00983699655008141,142.23070074397,140.831577831436,99.0163003449919
"CZE","Czechia","Czech Republic","Eastern Europe","wdi_real_gdp_per_capita_growth","WDI real GDP per capita growth",8,"2013-2019","expansion",2013,2019,"2013-01-01","2019-01-01",6,0.0330243196606762,0.214816595033421,140.831577831436,171.08453785437,121.481659503342
"CZE","Czechia","Czech Republic","Eastern Europe","wdi_real_gdp_per_capita_growth","WDI real GDP per capita growth",9,"2019-2020","contraction",2019,2020,"2019-01-01","2020-01-01",1,-0.0553491969820153,-0.0553491969820155,171.08453785437,161.615146068091,94.4650803017985
"CZE","Czechia","Czech Republic","Eastern Europe","wdi_real_gdp_per_capita_growth","WDI real GDP per capita growth",10,"2020-2022","expansion",2020,2022,"2020-01-01","2022-01-01",2,0.0358758221063765,0.0724895254682629,161.615146068091,173.330551315051,107.248952546826
"CZE","Czechia","Czech Republic","Eastern Europe","wdi_real_gdp_per_capita_growth","WDI real GDP per capita growth",11,"2022-2023","contraction",2022,2023,"2022-01-01","2023-01-01",1,-0.0171985869478267,-0.0171985869478269,173.330551315051,170.349510757544,98.2801413052173
"CZE","Czechia","Czech Republic","Eastern Europe","wdi_real_gdp_per_capita_growth","WDI real GDP per capita growth",12,"2023-2024","expansion",2023,2024,"2023-01-01","2024-01-01",1,0.00852606650391238,0.00852606650391241,170.349510757544,171.801922015172,100.852606650391
"DEU","Germany","Germany","Western Europe","wdi_real_gdp_per_capita_growth","WDI real GDP per capita growth",1,"1961-1966","expansion",1961,1966,"1961-01-01","1966-01-01",5,0.0351759801178901,0.188071383742775,103.498576337549,122.96369680476,118.807138374277
"DEU","Germany","Germany","Western Europe","wdi_real_gdp_per_capita_growth","WDI real GDP per capita growth",2,"1966-1967","contraction",1966,1967,"1966-01-01","1967-01-01",1,-0.00784914890861927,-0.00784914890861932,122.96369680476,121.998536438185,99.2150851091381
"DEU","Germany","Germany","Western Europe","wdi_real_gdp_per_capita_growth","WDI real GDP per capita growth",3,"1967-1974","expansion",1967,1974,"1967-01-01","1974-01-01",7,0.0408122053607066,0.32192406061096,121.998536438185,161.272800676959,132.192406061096
"DEU","Germany","Germany","Western Europe","wdi_real_gdp_per_capita_growth","WDI real GDP per capita growth",4,"1974-1975","contraction",1974,1975,"1974-01-01","1975-01-01",1,-0.00496434276997888,-0.00496434276997904,161.272800676959,160.472187214924,99.5035657230021
"DEU","Germany","Germany","Western Europe","wdi_real_gdp_per_capita_growth","WDI real GDP per capita growth",5,"1975-1981","expansion",1975,1981,"1975-01-01","1981-01-01",6,0.0295984977933474,0.190279800919086,160.472187214924,191.006803051231,119.027980091909
"DEU","Germany","Germany","Western Europe","wdi_real_gdp_per_capita_growth","WDI real GDP per capita growth",6,"1981-1982","contraction",1981,1982,"1981-01-01","1982-01-01",1,-0.00300057777160561,-0.00300057777160545,191.006803051231,190.43367228377,99.6999422228395
"DEU","Germany","Germany","Western Europe","wdi_real_gdp_per_capita_growth","WDI real GDP per capita growth",7,"1982-1992","expansion",1982,1992,"1982-01-01","1992-01-01",10,0.0273987398652815,0.309652975173689,190.43367228377,249.40202547969,130.965297517369
"DEU","Germany","Germany","Western Europe","wdi_real_gdp_per_capita_growth","WDI real GDP per capita growth",8,"1992-1993","contraction",1992,1993,"1992-01-01","1993-01-01",1,-0.0162189255701904,-0.0162189255701906,249.40202547969,245.35699259138,98.3781074429809
"DEU","Germany","Germany","Western Europe","wdi_real_gdp_per_capita_growth","WDI real GDP per capita growth",9,"1993-2001","expansion",1993,2001,"1993-01-01","2001-01-01",8,0.0178078339333323,0.151509509206331,245.35699259138,282.530910119242,115.150950920633
"DEU","Germany","Germany","Western Europe","wdi_real_gdp_per_capita_growth","WDI real GDP per capita growth",10,"2001-2003","contraction",2001,2003,"2001-01-01","2003-01-01",2,-0.00490357739749328,-0.00978400271847468,282.530910119242,279.766626926582,99.0215997281525
"DEU","Germany","Germany","Western Europe","wdi_real_gdp_per_capita_growth","WDI real GDP per capita growth",11,"2003-2008","expansion",2003,2008,"2003-01-01","2008-01-01",5,0.0204348972210895,0.106034097681338,279.766626926582,309.431428774094,110.603409768134
"DEU","Germany","Germany","Western Europe","wdi_real_gdp_per_capita_growth","WDI real GDP per capita growth",12,"2008-2009","contraction",2008,2009,"2008-01-01","2009-01-01",1,-0.0530491661723096,-0.0530491661723096,309.431428774094,293.016349490122,94.695083382769
"DEU","Germany","Germany","Western Europe","wdi_real_gdp_per_capita_growth","WDI real GDP per capita growth",13,"2009-2019","expansion",2009,2019,"2009-01-01","2019-01-01",10,0.0183311726961655,0.197476380185457,293.016349490122,350.880157522588,119.747638018546
"DEU","Germany","Germany","Western Europe","wdi_real_gdp_per_capita_growth","WDI real GDP per capita growth",14,"2019-2020","contraction",2019,2020,"2019-01-01","2020-01-01",1,-0.0421020011825779,-0.042102001182578,350.880157522588,336.107400715628,95.7897998817422
"DEU","Germany","Germany","Western Europe","wdi_real_gdp_per_capita_growth","WDI real GDP per capita growth",15,"2020-2022","expansion",2020,2022,"2020-01-01","2022-01-01",2,0.0284882080173899,0.0576845231444005,336.107400715628,355.495595851213,105.76845231444
"DEU","Germany","Germany","Western Europe","wdi_real_gdp_per_capita_growth","WDI real GDP per capita growth",16,"2022-2024","contraction",2022,2024,"2022-01-01","2024-01-01",2,-0.00884499920786396,-0.0176130967986433,355.495595851213,349.234217509995,98.2386903201357
"DJI","Djibouti","Djibouti","Sub Saharan Africa","wdi_real_gdp_per_capita_growth","WDI real GDP per capita growth",1,"2014-2019","expansion",2014,2019,"2014-01-01","2019-01-01",5,0.0431075974617854,0.234695795911665,105.280180259839,129.988995959646,123.469579591167
"DJI","Djibouti","Djibouti","Sub Saharan Africa","wdi_real_gdp_per_capita_growth","WDI real GDP per capita growth",2,"2019-2020","contraction",2019,2020,"2019-01-01","2020-01-01",1,-0.00306867602824667,-0.00306867602824656,129.988995959646,129.590101843809,99.6931323971753
"DJI","Djibouti","Djibouti","Sub Saharan Africa","wdi_real_gdp_per_capita_growth","WDI real GDP per capita growth",3,"2020-2024","expansion",2020,2024,"2020-01-01","2024-01-01",4,0.043719809093307,0.186419906625503,129.590101843809,153.748276529121,118.64199066255
"DMA","Dominica","Dominica","Latin America","wdi_real_gdp_per_capita_growth","WDI real GDP per capita growth",1,"1978-1979","contraction",1978,1979,"1978-01-01","1979-01-01",1,-0.1862224909723,-0.1862224909723,110.052406431878,89.5581731686377,81.37775090277
"DMA","Dominica","Dominica","Latin America","wdi_real_gdp_per_capita_growth","WDI real GDP per capita growth",2,"1979-1993","expansion",1979,1993,"1979-01-01","1993-01-01",14,0.0526032741913985,1.03267474107613,89.5581731686377,182.042636456812,203.267474107613
"DMA","Dominica","Dominica","Latin America","wdi_real_gdp_per_capita_growth","WDI real GDP per capita growth",3,"1993-1994","contraction",1993,1994,"1993-01-01","1994-01-01",1,-0.000288746186022735,-0.000288746186022815,182.042636456812,181.990072339842,99.9711253813977
"DMA","Dominica","Dominica","Latin America","wdi_real_gdp_per_capita_growth","WDI real GDP per capita growth",4,"1994-2001","expansion",1994,2001,"1994-01-01","2001-01-01",7,0.0235485872232249,0.17631517609101,181.990072339842,214.077683991256,117.631517609101
"DMA","Dominica","Dominica","Latin America","wdi_real_gdp_per_capita_growth","WDI real GDP per capita growth",5,"2001-2002","contraction",2001,2002,"2001-01-01","2002-01-01",1,-0.0319940574714551,-0.0319940574714552,214.077683991256,207.228470266284,96.8005942528545
"DMA","Dominica","Dominica","Latin America","wdi_real_gdp_per_capita_growth","WDI real GDP per capita growth",6,"2002-2008","expansion",2002,2008,"2002-01-01","2008-01-01",6,0.0449304876123686,0.300375806944482,207.228470266284,269.47488924439,130.037580694448
"DMA","Dominica","Dominica","Latin America","wdi_real_gdp_per_capita_growth","WDI real GDP per capita growth",7,"2008-2013","contraction",2008,2013,"2008-01-01","2013-01-01",5,-0.00517990826583108,-0.0256738483999579,269.47488924439,262.556431790334,97.4326151600042
"DMA","Dominica","Dominica","Latin America","wdi_real_gdp_per_capita_growth","WDI real GDP per capita growth",8,"2013-2014","expansion",2013,2014,"2013-01-01","2014-01-01",1,0.0137836503321573,0.0137836503321571,262.556431790334,266.175417838591,101.378365033216
"DMA","Dominica","Dominica","Latin America","wdi_real_gdp_per_capita_growth","WDI real GDP per capita growth",9,"2014-2015","contraction",2014,2015,"2014-01-01","2015-01-01",1,-0.0342415928778391,-0.0342415928778389,266.175417838591,257.061147546873,96.5758407122161
"DMA","Dominica","Dominica","Latin America","wdi_real_gdp_per_capita_growth","WDI real GDP per capita growth",10,"2015-2016","expansion",2015,2016,"2015-01-01","2016-01-01",1,0.026190351438682,0.0261903514386819,257.061147546873,263.793669342356,102.619035143868
"DMA","Dominica","Dominica","Latin America","wdi_real_gdp_per_capita_growth","WDI real GDP per capita growth",11,"2016-2017","contraction",2016,2017,"2016-01-01","2017-01-01",1,-0.0604609004192379,-0.0604609004192379,263.793669342356,247.844466569023,93.9539099580762
"DMA","Dominica","Dominica","Latin America","wdi_real_gdp_per_capita_growth","WDI real GDP per capita growth",12,"2017-2019","expansion",2017,2019,"2017-01-01","2019-01-01",2,0.0392432290670909,0.0800040223362353,247.844466569023,267.673020808323,108.000402233624
"DMA","Dominica","Dominica","Latin America","wdi_real_gdp_per_capita_growth","WDI real GDP per capita growth",13,"2019-2020","contraction",2019,2020,"2019-01-01","2020-01-01",1,-0.15323436855213,-0.15323436855213,267.673020808323,226.656314486319,84.676563144787
"DMA","Dominica","Dominica","Latin America","wdi_real_gdp_per_capita_growth","WDI real GDP per capita growth",14,"2020-2024","expansion",2020,2024,"2020-01-01","2024-01-01",4,0.0591178277965628,0.256029048838966,226.656314486319,284.686915097596,125.602904883897
"DNK","Denmark","Denmark","Western Europe","wdi_real_gdp_per_capita_growth","WDI real GDP per capita growth",1,"1961-1962","expansion",1961,1962,"1961-01-01","1962-01-01",1,0.0484744696606217,0.0484744696606216,105.638743553419,110.759525622785,104.847446966062
"DNK","Denmark","Denmark","Western Europe","wdi_real_gdp_per_capita_growth","WDI real GDP per capita growth",2,"1962-1963","contraction",1962,1963,"1962-01-01","1963-01-01",1,-0.00152610055415678,-0.00152610055415681,110.759525622785,110.590495449354,99.8473899445843
"DNK","Denmark","Denmark","Western Europe","wdi_real_gdp_per_capita_growth","WDI real GDP per capita growth",3,"1963-1973","expansion",1963,1973,"1963-01-01","1973-01-01",10,0.0413891285061117,0.497218178236321,110.590495449354,165.578100126934,149.721817823632
"DNK","Denmark","Denmark","Western Europe","wdi_real_gdp_per_capita_growth","WDI real GDP per capita growth",4,"1973-1975","contraction",1973,1975,"1973-01-01","1975-01-01",2,-0.0155899741780528,-0.0309387153993143,165.578100126934,160.455326410748,96.9061284600686
"DNK","Denmark","Denmark","Western Europe","wdi_real_gdp_per_capita_growth","WDI real GDP per capita growth",5,"1975-1979","expansion",1975,1979,"1975-01-01","1979-01-01",4,0.0332325680299265,0.139160688722515,160.455326410748,182.784400143263,113.916068872251
"DNK","Denmark","Denmark","Western Europe","wdi_real_gdp_per_capita_growth","WDI real GDP per capita growth",6,"1979-1981","contraction",1979,1981,"1979-01-01","1981-01-01",2,-0.0079241707793966,-0.0157861831608087,182.784400143263,179.898932123663,98.4213816839191
"DNK","Denmark","Denmark","Western Europe","wdi_real_gdp_per_capita_growth","WDI real GDP per capita growth",7,"1981-1992","expansion",1981,1992,"1981-01-01","1992-01-01",11,0.0230594686849689,0.283239218497105,179.898932123663,230.853365066833,128.32392184971
"DNK","Denmark","Denmark","Western Europe","wdi_real_gdp_per_capita_growth","WDI real GDP per capita growth",8,"1992-1993","contraction",1992,1993,"1992-01-01","1993-01-01",1,-0.00411249992824509,-0.00411249992824514,230.853365066833,229.903980619561,99.5887500071755
"DNK","Denmark","Denmark","Western Europe","wdi_real_gdp_per_capita_growth","WDI real GDP per capita growth",9,"1993-2007","expansion",1993,2007,"1993-01-01","2007-01-01",14,0.0213979179021069,0.343415508672251,229.903980619561,308.856573069802,134.341550867225
"DNK","Denmark","Denmark","Western Europe","wdi_real_gdp_per_capita_growth","WDI real GDP per capita growth",10,"2007-2009","contraction",2007,2009,"2007-01-01","2009-01-01",2,-0.0324107110984738,-0.0642729572708828,308.856573069802,289.005447746056,93.5727042729117
"DNK","Denmark","Denmark","Western Europe","wdi_real_gdp_per_capita_growth","WDI real GDP per capita growth",11,"2009-2011","expansion",2009,2011,"2009-01-01","2011-01-01",2,0.0101359789339679,0.0203732781349339,289.005447746056,294.893436115497,102.037327813493
"DNK","Denmark","Denmark","Western Europe","wdi_real_gdp_per_capita_growth","WDI real GDP per capita growth",12,"2011-2012","contraction",2011,2012,"2011-01-01","2012-01-01",1,-0.00380977125445526,-0.00380977125445525,294.893436115497,293.769959579457,99.6190228745545
"DNK","Denmark","Denmark","Western Europe","wdi_real_gdp_per_capita_growth","WDI real GDP per capita growth",13,"2012-2019","expansion",2012,2019,"2012-01-01","2019-01-01",7,0.0149909414442571,0.109653336785599,293.769959579457,325.982815894715,110.96533367856
"DNK","Denmark","Denmark","Western Europe","wdi_real_gdp_per_capita_growth","WDI real GDP per capita growth",14,"2019-2020","contraction",2019,2020,"2019-01-01","2020-01-01",1,-0.0206613837683189,-0.0206613837683189,325.982815894715,319.247559833637,97.9338616231681
"DNK","Denmark","Denmark","Western Europe","wdi_real_gdp_per_capita_growth","WDI real GDP per capita growth",15,"2020-2021","expansion",2020,2021,"2020-01-01","2021-01-01",1,0.0603966577353796,0.0603966577353796,319.247559833637,338.529045437764,106.039665773538
"DNK","Denmark","Denmark","Western Europe","wdi_real_gdp_per_capita_growth","WDI real GDP per capita growth",16,"2021-2023","contraction",2021,2023,"2021-01-01","2023-01-01",2,-0.00241190466936004,-0.00481905024067386,338.529045437764,336.897656959872,99.5180949759326
"DNK","Denmark","Denmark","Western Europe","wdi_real_gdp_per_capita_growth","WDI real GDP per capita growth",17,"2023-2024","expansion",2023,2024,"2023-01-01","2024-01-01",1,0.0295776259160623,0.0295776259160623,336.897656959872,346.862289829429,102.957762591606
"DOM","Dominican Republic","Dominican Republic","Latin America","wdi_real_gdp_per_capita_growth","WDI real GDP per capita growth",1,"1961-1964","expansion",1961,1964,"1961-01-01","1964-01-01",3,0.0677565075477801,0.213849294102704,94.6489987005275,114.889620260163,121.38492941027
"DOM","Dominican Republic","Dominican Republic","Latin America","wdi_real_gdp_per_capita_growth","WDI real GDP per capita growth",2,"1964-1965","contraction",1964,1965,"1964-01-01","1965-01-01",1,-0.150185757034423,-0.150185757034423,114.889620260163,97.6348356659931,84.9814242965577
"DOM","Dominican Republic","Dominican Republic","Latin America","wdi_real_gdp_per_capita_growth","WDI real GDP per capita growth",3,"1965-1967","expansion",1965,1967,"1965-01-01","1967-01-01",2,0.052648779566681,0.105636390296797,97.6348356659931,107.94862727297,110.56363902968
"DOM","Dominican Republic","Dominican Republic","Latin America","wdi_real_gdp_per_capita_growth","WDI real GDP per capita growth",4,"1967-1968","contraction",1967,1968,"1967-01-01","1968-01-01",1,-0.0261266920995595,-0.0261266920995596,107.94862727297,105.128286725639,97.387330790044
"DOM","Dominican Republic","Dominican Republic","Latin America","wdi_real_gdp_per_capita_growth","WDI real GDP per capita growth",5,"1968-1977","expansion",1968,1977,"1968-01-01","1977-01-01",9,0.0662148998789035,0.77015694496573,105.128286725639,186.093566859738,177.015694496573
"DOM","Dominican Republic","Dominican Republic","Latin America","wdi_real_gdp_per_capita_growth","WDI real GDP per capita growth",6,"1977-1978","contraction",1977,1978,"1977-01-01","1978-01-01",1,-0.00415491865184109,-0.00415491865184114,186.093566859738,185.320363227804,99.5845081348159
"DOM","Dominican Republic","Dominican Republic","Latin America","wdi_real_gdp_per_capita_growth","WDI real GDP per capita growth",7,"1978-1981","expansion",1978,1981,"1978-01-01","1981-01-01",3,0.0303313783899155,0.0933723280517631,185.320363227804,202.624156977783,109.337232805176
"DOM","Dominican Republic","Dominican Republic","Latin America","wdi_real_gdp_per_capita_growth","WDI real GDP per capita growth",8,"1981-1982","contraction",1981,1982,"1981-01-01","1982-01-01",1,-0.00648782133718242,-0.0064878213371824,202.624156977783,201.309567648714,99.3512178662818
"DOM","Dominican Republic","Dominican Republic","Latin America","wdi_real_gdp_per_capita_growth","WDI real GDP per capita growth",9,"1982-1983","expansion",1982,1983,"1982-01-01","1983-01-01",1,0.0224282496835141,0.0224282496835142,201.309567648714,205.824588895619,102.242824968351
"DOM","Dominican Republic","Dominican Republic","Latin America","wdi_real_gdp_per_capita_growth","WDI real GDP per capita growth",10,"1983-1985","contraction",1983,1985,"1983-01-01","1985-01-01",2,-0.0265209165850786,-0.0526016115543866,205.824588895619,194.997883822191,94.7398388445613
"DOM","Dominican Republic","Dominican Republic","Latin America","wdi_real_gdp_per_capita_growth","WDI real GDP per capita growth",11,"1985-1989","expansion",1985,1989,"1985-01-01","1989-01-01",4,0.0283507924140211,0.116484670651732,194.997883822191,217.712148097003,111.648467065173
"DOM","Dominican Republic","Dominican Republic","Latin America","wdi_real_gdp_per_capita_growth","WDI real GDP per capita growth",12,"1989-1991","contraction",1989,1991,"1989-01-01","1991-01-01",2,-0.0426723972802689,-0.0845194520570914,217.712148097003,199.311236633672,91.5480547942909
"DOM","Dominican Republic","Dominican Republic","Latin America","wdi_real_gdp_per_capita_growth","WDI real GDP per capita growth",13,"1991-2002","expansion",1991,2002,"1991-01-01","2002-01-01",11,0.0415898709109356,0.561231557969954,199.311236633672,311.170992490506,156.123155796995
"DOM","Dominican Republic","Dominican Republic","Latin America","wdi_real_gdp_per_capita_growth","WDI real GDP per capita growth",14,"2002-2003","contraction",2002,2003,"2002-01-01","2003-01-01",1,-0.0275964568450404,-0.0275964568450404,311.170992490506,302.583775624814,97.240354315496
"DOM","Dominican Republic","Dominican Republic","Latin America","wdi_real_gdp_per_capita_growth","WDI real GDP per capita growth",15,"2003-2008","expansion",2003,2008,"2003-01-01","2008-01-01",5,0.0502491617087461,0.275366688404062,302.583775624814,385.905267883417,127.536668840406
"DOM","Dominican Republic","Dominican Republic","Latin America","wdi_real_gdp_per_capita_growth","WDI real GDP per capita growth",16,"2008-2009","contraction",2008,2009,"2008-01-01","2009-01-01",1,-0.00268926599782176,-0.00268926599782182,385.905267883417,384.867465968117,99.7310734002178
"DOM","Dominican Republic","Dominican Republic","Latin America","wdi_real_gdp_per_capita_growth","WDI real GDP per capita growth",17,"2009-2019","expansion",2009,2019,"2009-01-01","2019-01-01",10,0.0438097588564812,0.533065850747192,384.867465968117,590.027169139328,153.306585074719
"DOM","Dominican Republic","Dominican Republic","Latin America","wdi_real_gdp_per_capita_growth","WDI real GDP per capita growth",18,"2019-2020","contraction",2019,2020,"2019-01-01","2020-01-01",1,-0.0888467221699831,-0.0888467221699833,590.027169139328,537.605189170064,91.1153277830017
"DOM","Dominican Republic","Dominican Republic","Latin America","wdi_real_gdp_per_capita_growth","WDI real GDP per capita growth",19,"2020-2024","expansion",2020,2024,"2020-01-01","2024-01-01",4,0.0560490016618254,0.239671592599586,537.605189170064,666.453881048255,123.967159259959
"DZA","Algeria","Algeria","Middle East and North Africa","wdi_real_gdp_per_capita_growth","WDI real GDP per capita growth",1,"1961-1962","contraction",1961,1962,"1961-01-01","1962-01-01",1,-0.208548956878044,-0.208548956878044,84.8792694956925,67.1777863817954,79.1451043121956
"DZA","Algeria","Algeria","Middle East and North Africa","wdi_real_gdp_per_capita_growth","WDI real GDP per capita growth",2,"1962-1965","expansion",1962,1965,"1962-01-01","1965-01-01",3,0.136701410590046,0.440796143757158,67.1777863817954,96.789495565033,144.079614375716
"DZA","Algeria","Algeria","Middle East and North Africa","wdi_real_gdp_per_capita_growth","WDI real GDP per capita growth",3,"1965-1966","contraction",1965,1966,"1965-01-01","1966-01-01",1,-0.0649936512383931,-0.0649936512383932,96.789495565033,90.4987928467392,93.5006348761607
"DZA","Algeria","Algeria","Middle East and North Africa","wdi_real_gdp_per_capita_growth","WDI real GDP per capita growth",4,"1966-1970","expansion",1966,1970,"1966-01-01","1970-01-01",4,0.0693705638036236,0.307542348701559,90.4987928467392,118.331004153481,130.754234870156
"DZA","Algeria","Algeria","Middle East and North Africa","wdi_real_gdp_per_capita_growth","WDI real GDP per capita growth",5,"1970-1971","contraction",1970,1971,"1970-01-01","1971-01-01",1,-0.133141204983548,-0.133141204983548,118.331004153481,102.576271673574,86.6858795016452
"DZA","Algeria","Algeria","Middle East and North Africa","wdi_real_gdp_per_capita_growth","WDI real GDP per capita growth",6,"1971-1979","expansion",1971,1979,"1971-01-01","1979-01-01",8,0.0597181633887012,0.563626214801812,102.576271673574,160.390947405432,156.362621480181
"DZA","Algeria","Algeria","Middle East and North Africa","wdi_real_gdp_per_capita_growth","WDI real GDP per capita growth",7,"1979-1981","contraction",1979,1981,"1979-01-01","1981-01-01",2,-0.0129377456820422,-0.025809306340702,160.390947405432,156.25136830957,97.4190693659298
"DZA","Algeria","Algeria","Middle East and North Africa","wdi_real_gdp_per_capita_growth","WDI real GDP per capita growth",8,"1981-1985","expansion",1981,1985,"1981-01-01","1985-01-01",4,0.0177018433354357,0.0725138155661973,156.25136830957,167.581751213136,107.25138155662
"DZA","Algeria","Algeria","Middle East and North Africa","wdi_real_gdp_per_capita_growth","WDI real GDP per capita growth",9,"1985-1988","contraction",1985,1988,"1985-01-01","1988-01-01",3,-0.0341480538690549,-0.0990086801818064,167.581751213136,150.989703202968,90.0991319818194
"DZA","Algeria","Algeria","Middle East and North Africa","wdi_real_gdp_per_capita_growth","WDI real GDP per capita growth",10,"1988-1989","expansion",1988,1989,"1988-01-01","1989-01-01",1,0.0167998285930979,0.0167998285930979,150.989703202968,153.5263043361,101.67998285931
"DZA","Algeria","Algeria","Middle East and North Africa","wdi_real_gdp_per_capita_growth","WDI real GDP per capita growth",11,"1989-1994","contraction",1989,1994,"1989-01-01","1994-01-01",5,-0.0266806351833657,-0.126889167570104,153.5263043361,134.045479378778,87.3110832429896
"DZA","Algeria","Algeria","Middle East and North Africa","wdi_real_gdp_per_capita_growth","WDI real GDP per capita growth",12,"1994-1996","expansion",1994,1996,"1994-01-01","1996-01-01",2,0.0187829753328369,0.0379146074716521,134.045479378778,139.127761112774,103.791460747165
"DZA","Algeria","Algeria","Middle East and North Africa","wdi_real_gdp_per_capita_growth","WDI real GDP per capita growth",13,"1996-1997","contraction",1996,1997,"1996-01-01","1997-01-01",1,-0.00767068614422456,-0.00767068614422439,139.127761112774,138.060555723329,99.2329313855776
"DZA","Algeria","Algeria","Middle East and North Africa","wdi_real_gdp_per_capita_growth","WDI real GDP per capita growth",14,"1997-2008","expansion",1997,2008,"1997-01-01","2008-01-01",11,0.0259647465883707,0.324521719300435,138.060555723329,182.864204634237,132.452171930043
"DZA","Algeria","Algeria","Middle East and North Africa","wdi_real_gdp_per_capita_growth","WDI real GDP per capita growth",15,"2008-2009","contraction",2008,2009,"2008-01-01","2009-01-01",1,-0.0072042057547074,-0.00720420575470737,182.864204634237,181.546813278881,99.2795794245293
"DZA","Algeria","Algeria","Middle East and North Africa","wdi_real_gdp_per_capita_growth","WDI real GDP per capita growth",16,"2009-2016","expansion",2009,2016,"2009-01-01","2016-01-01",7,0.0137101880615421,0.0997741764142639,181.546813278881,199.660497054416,109.977417641426
"DZA","Algeria","Algeria","Middle East and North Africa","wdi_real_gdp_per_capita_growth","WDI real GDP per capita growth",17,"2016-2020","contraction",2016,2020,"2016-01-01","2020-01-01",4,-0.0216003866592001,-0.0849379067698406,199.660497054416,182.701752369988,91.5062093230159
"DZA","Algeria","Algeria","Middle East and North Africa","wdi_real_gdp_per_capita_growth","WDI real GDP per capita growth",18,"2020-2024","expansion",2020,2024,"2020-01-01","2024-01-01",4,0.0222801412452347,0.0921339722950745,182.701752369988,199.534790561106,109.213397229507
"ECU","Ecuador","Ecuador","Latin America","wdi_real_gdp_per_capita_growth","WDI real GDP per capita growth",1,"1961-1962","expansion",1961,1962,"1961-01-01","1962-01-01",1,0.0196244334429009,0.019624433442901,102.198412213733,104.203998152192,101.96244334429
"ECU","Ecuador","Ecuador","Latin America","wdi_real_gdp_per_capita_growth","WDI real GDP per capita growth",2,"1962-1963","contraction",1962,1963,"1962-01-01","1963-01-01",1,-0.00801582911510138,-0.00801582911510124,104.203998152192,103.368716709893,99.1984170884899
"ECU","Ecuador","Ecuador","Latin America","wdi_real_gdp_per_capita_growth","WDI real GDP per capita growth",3,"1963-1965","expansion",1963,1965,"1963-01-01","1965-01-01",2,0.0229597686802916,0.0460385062829185,103.368716709893,108.127658023599,104.603850628292
"ECU","Ecuador","Ecuador","Latin America","wdi_real_gdp_per_capita_growth","WDI real GDP per capita growth",4,"1965-1966","contraction",1965,1966,"1965-01-01","1966-01-01",1,-0.0325405407209202,-0.0325405407209202,108.127658023599,104.609125564624,96.745945927908
"ECU","Ecuador","Ecuador","Latin America","wdi_real_gdp_per_capita_growth","WDI real GDP per capita growth",5,"1966-1967","expansion",1966,1967,"1966-01-01","1967-01-01",1,0.0154865788647022,0.0154865788647023,104.609125564624,106.229163037649,101.54865788647
"ECU","Ecuador","Ecuador","Latin America","wdi_real_gdp_per_capita_growth","WDI real GDP per capita growth",6,"1967-1968","contraction",1967,1968,"1967-01-01","1968-01-01",1,-0.0108867427568094,-0.0108867427568095,106.229163037649,105.072673466387,98.9113257243191
"ECU","Ecuador","Ecuador","Latin America","wdi_real_gdp_per_capita_growth","WDI real GDP per capita growth",7,"1968-1976","expansion",1968,1976,"1968-01-01","1976-01-01",8,0.0519054629233193,0.493993627012653,105.072673466387,156.977904531963,149.399362701265
"ECU","Ecuador","Ecuador","Latin America","wdi_real_gdp_per_capita_growth","WDI real GDP per capita growth",8,"1976-1977","contraction",1976,1977,"1976-01-01","1977-01-01",1,-0.0117470503063848,-0.0117470503063846,156.977904531963,155.133877190435,98.8252949693616
"ECU","Ecuador","Ecuador","Latin America","wdi_real_gdp_per_capita_growth","WDI real GDP per capita growth",9,"1977-1981","expansion",1977,1981,"1977-01-01","1981-01-01",4,0.0189666629333324,0.0778685122704919,155.133877190435,167.213921410008,107.786851227049
"ECU","Ecuador","Ecuador","Latin America","wdi_real_gdp_per_capita_growth","WDI real GDP per capita growth",10,"1981-1984","contraction",1981,1984,"1981-01-01","1984-01-01",3,-0.0165063287270488,-0.0489207644896101,167.213921410008,159.033688541324,95.107923551039
"ECU","Ecuador","Ecuador","Latin America","wdi_real_gdp_per_capita_growth","WDI real GDP per capita growth",11,"1984-1986","expansion",1984,1986,"1984-01-01","1986-01-01",2,0.0110796603315404,0.0222785243467554,159.033688541324,162.576724443447,102.227852434676
"ECU","Ecuador","Ecuador","Latin America","wdi_real_gdp_per_capita_growth","WDI real GDP per capita growth",12,"1986-1987","contraction",1986,1987,"1986-01-01","1987-01-01",1,-0.0263848968143327,-0.0263848968143326,162.576724443447,158.287154344594,97.3615103185667
"ECU","Ecuador","Ecuador","Latin America","wdi_real_gdp_per_capita_growth","WDI real GDP per capita growth",13,"1987-1988","expansion",1987,1988,"1987-01-01","1988-01-01",1,0.0344155915017861,0.0344155915017861,158.287154344594,163.734700388498,103.441559150179
"ECU","Ecuador","Ecuador","Latin America","wdi_real_gdp_per_capita_growth","WDI real GDP per capita growth",14,"1988-1989","contraction",1988,1989,"1988-01-01","1989-01-01",1,-0.0127279227457497,-0.0127279227457497,163.734700388498,161.650697771154,98.727207725425
"ECU","Ecuador","Ecuador","Latin America","wdi_real_gdp_per_capita_growth","WDI real GDP per capita growth",15,"1989-1991","expansion",1989,1991,"1989-01-01","1991-01-01",2,0.0172387981886198,0.0347632950442893,161.650697771154,167.270208671888,103.476329504429
"ECU","Ecuador","Ecuador","Latin America","wdi_real_gdp_per_capita_growth","WDI real GDP per capita growth",16,"1991-1993","contraction",1991,1993,"1991-01-01","1993-01-01",2,-0.000446790366720649,-0.000893478846472062,167.270208671888,167.120756278795,99.9106521153528
"ECU","Ecuador","Ecuador","Latin America","wdi_real_gdp_per_capita_growth","WDI real GDP per capita growth",17,"1993-1995","expansion",1993,1995,"1993-01-01","1995-01-01",2,0.0129345413919386,0.025942892191998,167.120756278795,171.456352041981,102.5942892192
"ECU","Ecuador","Ecuador","Latin America","wdi_real_gdp_per_capita_growth","WDI real GDP per capita growth",18,"1995-1996","contraction",1995,1996,"1995-01-01","1996-01-01",1,-0.00166942955094115,-0.00166942955094118,171.456352041981,171.170117741186,99.8330570449059
"ECU","Ecuador","Ecuador","Latin America","wdi_real_gdp_per_capita_growth","WDI real GDP per capita growth",19,"1996-1998","expansion",1996,1998,"1996-01-01","1998-01-01",2,0.0191512321255392,0.0386438849675956,171.170117741186,177.784796081066,103.86438849676
"ECU","Ecuador","Ecuador","Latin America","wdi_real_gdp_per_capita_growth","WDI real GDP per capita growth",20,"1998-2000","contraction",1998,2000,"1998-01-01","2000-01-01",2,-0.0353257647414685,-0.0702355679474419,177.784796081066,165.297979955892,92.9764432052558
"ECU","Ecuador","Ecuador","Latin America","wdi_real_gdp_per_capita_growth","WDI real GDP per capita growth",21,"2000-2008","expansion",2000,2008,"2000-01-01","2008-01-01",8,0.0283553065510736,0.249532972391289,165.297979955892,206.545276224561,124.953297239129
"ECU","Ecuador","Ecuador","Latin America","wdi_real_gdp_per_capita_growth","WDI real GDP per capita growth",22,"2008-2009","contraction",2008,2009,"2008-01-01","2009-01-01",1,-0.00618743696364604,-0.00618743696364599,206.545276224561,205.267290347783,99.3812563036354
"ECU","Ecuador","Ecuador","Latin America","wdi_real_gdp_per_capita_growth","WDI real GDP per capita growth",23,"2009-2014","expansion",2009,2014,"2009-01-01","2014-01-01",5,0.0429770840868594,0.233372643444919,205.267290347783,253.171060509021,123.337264344492
"ECU","Ecuador","Ecuador","Latin America","wdi_real_gdp_per_capita_growth","WDI real GDP per capita growth",24,"2014-2016","contraction",2014,2016,"2014-01-01","2016-01-01",2,-0.0171412933622286,-0.0340056860944609,253.171060509021,244.561804897149,96.5994313905539
"ECU","Ecuador","Ecuador","Latin America","wdi_real_gdp_per_capita_growth","WDI real GDP per capita growth",25,"2016-2017","expansion",2016,2017,"2016-01-01","2017-01-01",1,0.0436195467405905,0.0436195467405904,244.561804897149,255.229479976824,104.361954674059
"ECU","Ecuador","Ecuador","Latin America","wdi_real_gdp_per_capita_growth","WDI real GDP per capita growth",26,"2017-2020","contraction",2017,2020,"2017-01-01","2020-01-01",3,-0.0416597480838872,-0.122632662439998,255.229479976824,223.93000931409,87.7367337560002
"ECU","Ecuador","Ecuador","Latin America","wdi_real_gdp_per_capita_growth","WDI real GDP per capita growth",27,"2020-2023","expansion",2020,2023,"2020-01-01","2023-01-01",3,0.0490283244171784,0.152945556360722,223.93000931409,258.179109174495,115.294555636072
"ECU","Ecuador","Ecuador","Latin America","wdi_real_gdp_per_capita_growth","WDI real GDP per capita growth",28,"2023-2024","contraction",2023,2024,"2023-01-01","2024-01-01",1,-0.0284096326274179,-0.0284096326274179,258.179109174495,250.844335530773,97.1590367372582
"EGY","Egypt, Arab Rep.","Egypt","Middle East and North Africa","wdi_real_gdp_per_capita_growth","WDI real GDP per capita growth",1,"1961-1966","expansion",1961,1966,"1961-01-01","1966-01-01",5,0.0443854427821558,0.239850413219137,102.477234551398,127.056441604106,123.985041321914
"EGY","Egypt, Arab Rep.","Egypt","Middle East and North Africa","wdi_real_gdp_per_capita_growth","WDI real GDP per capita growth",2,"1966-1968","contraction",1966,1968,"1966-01-01","1968-01-01",2,-0.0283283321351027,-0.0559899417239446,127.056441604106,119.94255884304,94.4010058276055
"EGY","Egypt, Arab Rep.","Egypt","Middle East and North Africa","wdi_real_gdp_per_capita_growth","WDI real GDP per capita growth",3,"1968-1973","expansion",1968,1973,"1968-01-01","1973-01-01",5,0.0188248907001671,0.0975122596413438,119.94255884304,131.63842878299,109.751225964134
"EGY","Egypt, Arab Rep.","Egypt","Middle East and North Africa","wdi_real_gdp_per_capita_growth","WDI real GDP per capita growth",4,"1973-1974","contraction",1973,1974,"1973-01-01","1974-01-01",1,-0.00761728936896915,-0.00761728936896899,131.63842878299,130.635700778873,99.2382710631031
"EGY","Egypt, Arab Rep.","Egypt","Middle East and North Africa","wdi_real_gdp_per_capita_growth","WDI real GDP per capita growth",5,"1974-1990","expansion",1974,1990,"1974-01-01","1990-01-01",16,0.0446219675965426,1.00041967085956,130.635700778873,261.326225554581,200.041967085956
"EGY","Egypt, Arab Rep.","Egypt","Middle East and North Africa","wdi_real_gdp_per_capita_growth","WDI real GDP per capita growth",6,"1990-1991","contraction",1990,1991,"1990-01-01","1991-01-01",1,-0.0162451619436897,-0.0162451619436897,261.326225554581,257.080938700314,98.375483805631
"EGY","Egypt, Arab Rep.","Egypt","Middle East and North Africa","wdi_real_gdp_per_capita_growth","WDI real GDP per capita growth",7,"1991-2010","expansion",1991,2010,"1991-01-01","2010-01-01",19,0.0273511952433908,0.666844435746885,257.080938700314,428.513932209204,166.684443574688
"EGY","Egypt, Arab Rep.","Egypt","Middle East and North Africa","wdi_real_gdp_per_capita_growth","WDI real GDP per capita growth",8,"2010-2013","contraction",2010,2013,"2010-01-01","2013-01-01",3,-0.00180282388891953,-0.00540125487071019,428.513932209204,426.199419245692,99.459874512929
"EGY","Egypt, Arab Rep.","Egypt","Middle East and North Africa","wdi_real_gdp_per_capita_growth","WDI real GDP per capita growth",9,"2013-2024","expansion",2013,2024,"2013-01-01","2024-01-01",11,0.0232345746379816,0.286418695280062,426.199419245692,548.270900835163,128.641869528006
"ESP","Spain","Spain","Western Europe","wdi_real_gdp_per_capita_growth","WDI real GDP per capita growth",1,"1961-1974","expansion",1961,1974,"1961-01-01","1974-01-01",13,0.056734208104404,1.04453056412856,110.804486856499,226.543160020693,204.453056412856
"ESP","Spain","Spain","Western Europe","wdi_real_gdp_per_capita_growth","WDI real GDP per capita growth",2,"1974-1975","contraction",1974,1975,"1974-01-01","1975-01-01",1,-0.00539096521312302,-0.0053909652131231,226.543160020693,225.321873725751,99.4609034786877
"ESP","Spain","Spain","Western Europe","wdi_real_gdp_per_capita_growth","WDI real GDP per capita growth",3,"1975-1978","expansion",1975,1978,"1975-01-01","1978-01-01",3,0.0149805261024423,0.0455359994039022,225.321873725751,235.582130433413,104.55359994039
"ESP","Spain","Spain","Western Europe","wdi_real_gdp_per_capita_growth","WDI real GDP per capita growth",4,"1978-1979","contraction",1978,1979,"1978-01-01","1979-01-01",1,-0.00836528080615906,-0.00836528080615906,235.582130433413,233.611419759424,99.1634719193841
"ESP","Spain","Spain","Western Europe","wdi_real_gdp_per_capita_growth","WDI real GDP per capita growth",5,"1979-1980","expansion",1979,1980,"1979-01-01","1980-01-01",1,0.0139131541372475,0.0139131541372477,233.611419759424,236.861691450758,101.391315413725
"ESP","Spain","Spain","Western Europe","wdi_real_gdp_per_capita_growth","WDI real GDP per capita growth",6,"1980-1981","contraction",1980,1981,"1980-01-01","1981-01-01",1,-0.00839887495760976,-0.00839887495760994,236.861691450758,234.872319722015,99.160112504239
"ESP","Spain","Spain","Western Europe","wdi_real_gdp_per_capita_growth","WDI real GDP per capita growth",7,"1981-1992","expansion",1981,1992,"1981-01-01","1992-01-01",11,0.0267099159098802,0.334462965173625,234.872319722015,313.428412213448,133.446296517362
"ESP","Spain","Spain","Western Europe","wdi_real_gdp_per_capita_growth","WDI real GDP per capita growth",8,"1992-1993","contraction",1992,1993,"1992-01-01","1993-01-01",1,-0.0154335835145426,-0.0154335835145425,313.428412213448,308.591088637721,98.4566416485458
"ESP","Spain","Spain","Western Europe","wdi_real_gdp_per_capita_growth","WDI real GDP per capita growth",9,"1993-2007","expansion",1993,2007,"1993-01-01","2007-01-01",14,0.0248829125915878,0.409616390525293,308.591088637721,434.995056513776,140.961639052529
"ESP","Spain","Spain","Western Europe","wdi_real_gdp_per_capita_growth","WDI real GDP per capita growth",10,"2007-2013","contraction",2007,2013,"2007-01-01","2013-01-01",6,-0.0180012099340487,-0.103890439338906,434.995056513776,389.803228982307,89.6109560661094
"ESP","Spain","Spain","Western Europe","wdi_real_gdp_per_capita_growth","WDI real GDP per capita growth",11,"2013-2019","expansion",2013,2019,"2013-01-01","2019-01-01",6,0.0243833676379793,0.155228881726742,389.803228982307,450.311948310704,115.522888172674
"ESP","Spain","Spain","Western Europe","wdi_real_gdp_per_capita_growth","WDI real GDP per capita growth",12,"2019-2020","contraction",2019,2020,"2019-01-01","2020-01-01",1,-0.113931290455953,-0.113931290455953,450.311948310704,399.007326931931,88.6068709544047
"ESP","Spain","Spain","Western Europe","wdi_real_gdp_per_capita_growth","WDI real GDP per capita growth",13,"2020-2024","expansion",2020,2024,"2020-01-01","2024-01-01",4,0.0394162246290673,0.166215897331668,399.007326931931,465.328687819832,116.621589733167
"EST","Estonia","Estonia","Eastern Europe","wdi_real_gdp_per_capita_growth","WDI real GDP per capita growth",1,"1991-1993","contraction",1991,1993,"1991-01-01","1993-01-01",2,-0.114999414293828,-0.223526680310649,92.463305541062,71.7952898029192,77.6473319689351
"EST","Estonia","Estonia","Eastern Europe","wdi_real_gdp_per_capita_growth","WDI real GDP per capita growth",2,"1993-1998","expansion",1993,1998,"1993-01-01","1998-01-01",5,0.0661805064777409,0.371781560070498,71.7952898029192,98.487454651562,137.17815600705
"EST","Estonia","Estonia","Eastern Europe","wdi_real_gdp_per_capita_growth","WDI real GDP per capita growth",3,"1998-1999","contraction",1998,1999,"1998-01-01","1999-01-01",1,-0.00717824690967987,-0.00717824690967983,98.487454651562,97.7804873845672,99.282175309032
"EST","Estonia","Estonia","Eastern Europe","wdi_real_gdp_per_capita_growth","WDI real GDP per capita growth",4,"1999-2007","expansion",1999,2007,"1999-01-01","2007-01-01",8,0.0850839115257072,0.920699152436043,97.7804873845672,187.806899244321,192.069915243604
"EST","Estonia","Estonia","Eastern Europe","wdi_real_gdp_per_capita_growth","WDI real GDP per capita growth",5,"2007-2009","contraction",2007,2009,"2007-01-01","2009-01-01",2,-0.0966803864999958,-0.186315237628808,187.806899244321,152.815612183286,81.3684762371192
"EST","Estonia","Estonia","Eastern Europe","wdi_real_gdp_per_capita_growth","WDI real GDP per capita growth",6,"2009-2019","expansion",2009,2019,"2009-01-01","2019-01-01",10,0.0373976368862419,0.441687588652022,152.815612183286,220.312371436904,144.168758865202
"EST","Estonia","Estonia","Eastern Europe","wdi_real_gdp_per_capita_growth","WDI real GDP per capita growth",7,"2019-2020","contraction",2019,2020,"2019-01-01","2020-01-01",1,-0.0307548007766944,-0.0307548007766945,220.312371436904,213.536708344721,96.9245199223306
"EST","Estonia","Estonia","Eastern Europe","wdi_real_gdp_per_capita_growth","WDI real GDP per capita growth",8,"2020-2021","expansion",2020,2021,"2020-01-01","2021-01-01",1,0.0814019436008853,0.0814019436008853,213.536708344721,230.919011434117,108.140194360089
"EST","Estonia","Estonia","Eastern Europe","wdi_real_gdp_per_capita_growth","WDI real GDP per capita growth",9,"2021-2024","contraction",2021,2024,"2021-01-01","2024-01-01",3,-0.0234784886259378,-0.0691923974028373,230.919011434117,214.941171427097,93.0807602597163
"ETH","Ethiopia","Ethiopia","Sub Saharan Africa","wdi_real_gdp_per_capita_growth","WDI real GDP per capita growth",1,"1962-1968","expansion",1962,1968,"1962-01-01","1968-01-01",6,0.0222771517682104,0.140889491474246,101.73003249839,116.062725044747,114.088949147425
"ETH","Ethiopia","Ethiopia","Sub Saharan Africa","wdi_real_gdp_per_capita_growth","WDI real GDP per capita growth",2,"1968-1969","contraction",1968,1969,"1968-01-01","1969-01-01",1,-0.0136262412612159,-0.013626241261216,116.062725044747,114.481226351853,98.6373758738784
"ETH","Ethiopia","Ethiopia","Sub Saharan Africa","wdi_real_gdp_per_capita_growth","WDI real GDP per capita growth",3,"1969-1974","expansion",1969,1974,"1969-01-01","1974-01-01",5,0.0175792764799368,0.0907022233635837,114.481226351853,124.864928115356,109.070222336358
"ETH","Ethiopia","Ethiopia","Sub Saharan Africa","wdi_real_gdp_per_capita_growth","WDI real GDP per capita growth",4,"1974-1976","contraction",1974,1976,"1974-01-01","1976-01-01",2,-0.0177333915419584,-0.0351853512217828,124.864928115356,120.471511764334,96.4814648778217
"ETH","Ethiopia","Ethiopia","Sub Saharan Africa","wdi_real_gdp_per_capita_growth","WDI real GDP per capita growth",5,"1976-1978","expansion",1976,1978,"1976-01-01","1978-01-01",2,0.00888908694619302,0.0178556694058314,120.471511764334,122.622611251219,101.785566940583
"ETH","Ethiopia","Ethiopia","Sub Saharan Africa","wdi_real_gdp_per_capita_growth","WDI real GDP per capita growth",6,"1978-1979","contraction",1978,1979,"1978-01-01","1979-01-01",1,-0.0255675410685249,-0.0255675410685247,122.622611251219,119.487452602124,97.4432458931475
"ETH","Ethiopia","Ethiopia","Sub Saharan Africa","wdi_real_gdp_per_capita_growth","WDI real GDP per capita growth",7,"1979-1981","expansion",1979,1981,"1979-01-01","1981-01-01",2,0.0381514005175186,0.077349428765191,119.487452602124,128.729738805506,107.734942876519
"ETH","Ethiopia","Ethiopia","Sub Saharan Africa","wdi_real_gdp_per_capita_growth","WDI real GDP per capita growth",8,"1981-1982","contraction",1981,1982,"1981-01-01","1982-01-01",1,-0.0292602346701005,-0.0292602346701006,128.729738805506,124.963076439036,97.0739765329899
"ETH","Ethiopia","Ethiopia","Sub Saharan Africa","wdi_real_gdp_per_capita_growth","WDI real GDP per capita growth",9,"1982-1983","expansion",1982,1983,"1982-01-01","1983-01-01",1,0.0525379811066873,0.0525379811066875,124.963076439036,131.528384188024,105.253798110669
"ETH","Ethiopia","Ethiopia","Sub Saharan Africa","wdi_real_gdp_per_capita_growth","WDI real GDP per capita growth",10,"1983-1985","contraction",1983,1985,"1983-01-01","1985-01-01",2,-0.0947759218479186,-0.182278593287662,131.528384188024,107.553575340831,81.7721406712338
"ETH","Ethiopia","Ethiopia","Sub Saharan Africa","wdi_real_gdp_per_capita_growth","WDI real GDP per capita growth",11,"1985-1987","expansion",1985,1987,"1985-01-01","1987-01-01",2,0.082560197967494,0.171616494723249,107.553575340831,126.011542935778,117.161649472325
"ETH","Ethiopia","Ethiopia","Sub Saharan Africa","wdi_real_gdp_per_capita_growth","WDI real GDP per capita growth",12,"1987-1992","contraction",1987,1992,"1987-01-01","1992-01-01",5,-0.0639532446403905,-0.285609333755594,126.011542935778,90.0214701123758,71.4390666244406
"ETH","Ethiopia","Ethiopia","Sub Saharan Africa","wdi_real_gdp_per_capita_growth","WDI real GDP per capita growth",13,"1992-1993","expansion",1992,1993,"1992-01-01","1993-01-01",1,0.0923479849541557,0.0923479849541557,90.0214701123758,98.3347714798645,109.234798495416
"ETH","Ethiopia","Ethiopia","Sub Saharan Africa","wdi_real_gdp_per_capita_growth","WDI real GDP per capita growth",14,"1993-1994","contraction",1993,1994,"1993-01-01","1994-01-01",1,-0.00340437448684114,-0.00340437448684117,98.3347714798645,98.0000030926691,99.6595625513159
"ETH","Ethiopia","Ethiopia","Sub Saharan Africa","wdi_real_gdp_per_capita_growth","WDI real GDP per capita growth",15,"1994-1996","expansion",1994,1996,"1994-01-01","1996-01-01",2,0.0567609193969192,0.115782166419685,98.0000030926691,109.346655759874,111.578216641968
"ETH","Ethiopia","Ethiopia","Sub Saharan Africa","wdi_real_gdp_per_capita_growth","WDI real GDP per capita growth",16,"1996-1998","contraction",1996,1998,"1996-01-01","1998-01-01",2,-0.0328108313163208,-0.0655448114959936,109.346655759874,102.179549820376,93.4455188504006
"ETH","Ethiopia","Ethiopia","Sub Saharan Africa","wdi_real_gdp_per_capita_growth","WDI real GDP per capita growth",17,"1998-2001","expansion",1998,2001,"1998-01-01","2001-01-01",3,0.0328684764346817,0.101615086637796,102.179549820376,112.562533627984,110.16150866378
"ETH","Ethiopia","Ethiopia","Sub Saharan Africa","wdi_real_gdp_per_capita_growth","WDI real GDP per capita growth",18,"2001-2003","contraction",2001,2003,"2001-01-01","2003-01-01",2,-0.0330087273198773,-0.0652418818483151,112.562533627984,105.21874210848,93.4758118151685
"ETH","Ethiopia","Ethiopia","Sub Saharan Africa","wdi_real_gdp_per_capita_growth","WDI real GDP per capita growth",19,"2003-2024","expansion",2003,2024,"2003-01-01","2024-01-01",21,0.0635906674418353,2.63448537897328,105.21874210848,382.415979787232,363.448537897328
"FIN","Finland","Finland","Western Europe","wdi_real_gdp_per_capita_growth","WDI real GDP per capita growth",1,"1961-1976","expansion",1961,1976,"1961-01-01","1976-01-01",15,0.0381543701292102,0.744773811605165,106.847965181311,186.425531471653,174.477381160516
"FIN","Finland","Finland","Western Europe","wdi_real_gdp_per_capita_growth","WDI real GDP per capita growth",2,"1976-1977","contraction",1976,1977,"1976-01-01","1977-01-01",1,-0.000405058466502908,-0.000405058466502961,186.425531471653,186.350018231758,99.9594941533497
"FIN","Finland","Finland","Western Europe","wdi_real_gdp_per_capita_growth","WDI real GDP per capita growth",3,"1977-1990","expansion",1977,1990,"1977-01-01","1990-01-01",13,0.0321133172780289,0.505480834892919,186.350018231758,280.546381029857,150.548083489292
"FIN","Finland","Finland","Western Europe","wdi_real_gdp_per_capita_growth","WDI real GDP per capita growth",4,"1990-1993","contraction",1990,1993,"1990-01-01","1993-01-01",3,-0.0383504604544384,-0.111329220853625,280.546381029857,249.313371016499,88.8670779146375
"FIN","Finland","Finland","Western Europe","wdi_real_gdp_per_capita_growth","WDI real GDP per capita growth",5,"1993-2008","expansion",1993,2008,"1993-01-01","2008-01-01",15,0.034777191967878,0.66714989358437,249.313371016499,415.642759959317,166.714989358437
"FIN","Finland","Finland","Western Europe","wdi_real_gdp_per_capita_growth","WDI real GDP per capita growth",6,"2008-2009","contraction",2008,2009,"2008-01-01","2009-01-01",1,-0.0851460466433139,-0.085146046643314,415.642759959317,380.252422132865,91.4853953356686
"FIN","Finland","Finland","Western Europe","wdi_real_gdp_per_capita_growth","WDI real GDP per capita growth",7,"2009-2011","expansion",2009,2011,"2009-01-01","2011-01-01",2,0.0230711501682183,0.046659347892239,380.252422132865,397.994752184029,104.665934789224
"FIN","Finland","Finland","Western Europe","wdi_real_gdp_per_capita_growth","WDI real GDP per capita growth",8,"2011-2014","contraction",2011,2014,"2011-01-01","2014-01-01",3,-0.0143799801264423,-0.0425524598776695,397.994752184029,381.059096460195,95.744754012233
"FIN","Finland","Finland","Western Europe","wdi_real_gdp_per_capita_growth","WDI real GDP per capita growth",9,"2014-2019","expansion",2014,2019,"2014-01-01","2019-01-01",5,0.0155437345005451,0.0799031535121602,381.059096460195,411.506919941859,107.990315351216
"FIN","Finland","Finland","Western Europe","wdi_real_gdp_per_capita_growth","WDI real GDP per capita growth",10,"2019-2020","contraction",2019,2020,"2019-01-01","2020-01-01",1,-0.0263099855258851,-0.0263099855258851,411.506919941859,400.680178834387,97.3690014474115
"FIN","Finland","Finland","Western Europe","wdi_real_gdp_per_capita_growth","WDI real GDP per capita growth",11,"2020-2022","expansion",2020,2022,"2020-01-01","2022-01-01",2,0.0147656254438172,0.0296518245250976,400.680178834387,412.561077187869,102.96518245251
"FIN","Finland","Finland","Western Europe","wdi_real_gdp_per_capita_growth","WDI real GDP per capita growth",12,"2022-2024","contraction",2022,2024,"2022-01-01","2024-01-01",2,-0.00829719612965085,-0.0165618670309993,412.561077187869,405.728295485318,98.3438132969001
"FRA","France","France","Western Europe","wdi_real_gdp_per_capita_growth","WDI real GDP per capita growth",1,"1961-1974","expansion",1961,1974,"1961-01-01","1974-01-01",13,0.0465404834460353,0.805673794641361,103.866383372631,187.548806600133,180.567379464136
"FRA","France","France","Western Europe","wdi_real_gdp_per_capita_growth","WDI real GDP per capita growth",2,"1974-1975","contraction",1974,1975,"1974-01-01","1975-01-01",1,-0.0141569324890409,-0.0141569324890408,187.548806600133,184.893690806694,98.5843067510959
"FRA","France","France","Western Europe","wdi_real_gdp_per_capita_growth","WDI real GDP per capita growth",3,"1975-1992","expansion",1975,1992,"1975-01-01","1992-01-01",17,0.0213145604593681,0.429531589304409,184.893690806694,264.311371671252,142.953158930441
"FRA","France","France","Western Europe","wdi_real_gdp_per_capita_growth","WDI real GDP per capita growth",4,"1992-1993","contraction",1992,1993,"1992-01-01","1993-01-01",1,-0.00791444096179944,-0.00791444096179961,264.311371671252,262.219494924627,99.20855590382
"FRA","France","France","Western Europe","wdi_real_gdp_per_capita_growth","WDI real GDP per capita growth",5,"1993-2007","expansion",1993,2007,"1993-01-01","2007-01-01",14,0.0181374460403701,0.285417588357699,262.219494924627,337.061550786388,128.54175883577
"FRA","France","France","Western Europe","wdi_real_gdp_per_capita_growth","WDI real GDP per capita growth",6,"2007-2009","contraction",2007,2009,"2007-01-01","2009-01-01",2,-0.0175026755361892,-0.0349460808304791,337.061550786388,325.282570587761,96.5053919169521
"FRA","France","France","Western Europe","wdi_real_gdp_per_capita_growth","WDI real GDP per capita growth",7,"2009-2011","expansion",2009,2011,"2009-01-01","2011-01-01",2,0.0172152985800962,0.0347219994498473,325.282570587761,336.577031824754,103.472199944985
"FRA","France","France","Western Europe","wdi_real_gdp_per_capita_growth","WDI real GDP per capita growth",8,"2011-2012","contraction",2011,2012,"2011-01-01","2012-01-01",1,-0.00299598729272304,-0.0029959872927231,336.577031824754,335.568651314384,99.7004012707277
"FRA","France","France","Western Europe","wdi_real_gdp_per_capita_growth","WDI real GDP per capita growth",9,"2012-2019","expansion",2012,2019,"2012-01-01","2019-01-01",7,0.00977496089884844,0.0703491313585254,335.568651314384,359.175614445503,107.034913135853
"FRA","France","France","Western Europe","wdi_real_gdp_per_capita_growth","WDI real GDP per capita growth",10,"2019-2020","contraction",2019,2020,"2019-01-01","2020-01-01",1,-0.0774056751254994,-0.0774056751254996,359.175614445503,331.373383520733,92.25943248745
"FRA","France","France","Western Europe","wdi_real_gdp_per_capita_growth","WDI real GDP per capita growth",11,"2020-2024","expansion",2020,2024,"2020-01-01","2024-01-01",4,0.0269747190969993,0.111293175013334,331.373383520733,368.252979487667,111.129317501333
"GAB","Gabon","Gabon","Sub Saharan Africa","wdi_real_gdp_per_capita_growth","WDI real GDP per capita growth",1,"1961-1976","expansion",1961,1976,"1961-01-01","1976-01-01",15,0.100181864255627,2.94604663988431,113.449251994354,447.676039629708,394.604663988431
"GAB","Gabon","Gabon","Sub Saharan Africa","wdi_real_gdp_per_capita_growth","WDI real GDP per capita growth",2,"1976-1980","contraction",1976,1980,"1976-01-01","1980-01-01",4,-0.106526180228519,-0.380558602189237,447.676039629708,277.309071754612,61.9441397810763
"GAB","Gabon","Gabon","Sub Saharan Africa","wdi_real_gdp_per_capita_growth","WDI real GDP per capita growth",3,"1980-1981","expansion",1980,1981,"1980-01-01","1981-01-01",1,0.0236039014784252,0.0236039014784253,277.309071754612,283.854647763382,102.360390147843
"GAB","Gabon","Gabon","Sub Saharan Africa","wdi_real_gdp_per_capita_growth","WDI real GDP per capita growth",4,"1981-1982","contraction",1981,1982,"1981-01-01","1982-01-01",1,-0.0566358482333102,-0.0566358482333102,283.854647763382,267.778299012335,94.336415176669
"GAB","Gabon","Gabon","Sub Saharan Africa","wdi_real_gdp_per_capita_growth","WDI real GDP per capita growth",5,"1982-1984","expansion",1982,1984,"1982-01-01","1984-01-01",2,0.0369363826854214,0.0751535909412098,267.778299012335,287.902799759241,107.515359094121
"GAB","Gabon","Gabon","Sub Saharan Africa","wdi_real_gdp_per_capita_growth","WDI real GDP per capita growth",6,"1984-1987","contraction",1984,1987,"1984-01-01","1987-01-01",3,-0.0929932183310606,-0.261101141459161,287.902799759241,212.731050112815,73.8898858540839
"GAB","Gabon","Gabon","Sub Saharan Africa","wdi_real_gdp_per_capita_growth","WDI real GDP per capita growth",7,"1987-1991","expansion",1987,1991,"1987-01-01","1991-01-01",4,0.0523764766154041,0.224758358589326,212.731050112815,260.544131757155,122.475835858933
"GAB","Gabon","Gabon","Sub Saharan Africa","wdi_real_gdp_per_capita_growth","WDI real GDP per capita growth",8,"1991-1992","contraction",1991,1992,"1991-01-01","1992-01-01",1,-0.056624500156035,-0.0566245001560349,260.544131757155,245.790950527818,94.3375499843965
"GAB","Gabon","Gabon","Sub Saharan Africa","wdi_real_gdp_per_capita_growth","WDI real GDP per capita growth",9,"1992-1998","expansion",1992,1998,"1992-01-01","1998-01-01",6,0.0159763168074097,0.0995535079295078,245.790950527818,270.260301870191,109.955350792951
"GAB","Gabon","Gabon","Sub Saharan Africa","wdi_real_gdp_per_capita_growth","WDI real GDP per capita growth",10,"1998-2006","contraction",1998,2006,"1998-01-01","2006-01-01",8,-0.034461485636441,-0.248632193708472,270.260301870191,203.064890143891,75.1367806291528
"GAB","Gabon","Gabon","Sub Saharan Africa","wdi_real_gdp_per_capita_growth","WDI real GDP per capita growth",11,"2006-2007","expansion",2006,2007,"2006-01-01","2007-01-01",1,0.0274524486560748,0.0274524486560748,203.064890143891,208.639518614418,102.745244865607
"GAB","Gabon","Gabon","Sub Saharan Africa","wdi_real_gdp_per_capita_growth","WDI real GDP per capita growth",12,"2007-2009","contraction",2007,2009,"2007-01-01","2009-01-01",2,-0.0475990775154568,-0.0931926846755945,208.639518614418,189.195841745317,90.6807315324405
"GAB","Gabon","Gabon","Sub Saharan Africa","wdi_real_gdp_per_capita_growth","WDI real GDP per capita growth",13,"2009-2015","expansion",2009,2015,"2009-01-01","2015-01-01",6,0.0198632035935059,0.124870055210821,189.195841745317,212.820736949712,112.487005521082
"GAB","Gabon","Gabon","Sub Saharan Africa","wdi_real_gdp_per_capita_growth","WDI real GDP per capita growth",14,"2015-2018","contraction",2015,2018,"2015-01-01","2018-01-01",3,-0.0154783238575009,-0.0457676474676199,212.820736949712,203.080432487199,95.423235253238
"GAB","Gabon","Gabon","Sub Saharan Africa","wdi_real_gdp_per_capita_growth","WDI real GDP per capita growth",15,"2018-2019","expansion",2018,2019,"2018-01-01","2019-01-01",1,0.0138257599119697,0.01382575991197,203.080432487199,205.888173789586,101.382575991197
"GAB","Gabon","Gabon","Sub Saharan Africa","wdi_real_gdp_per_capita_growth","WDI real GDP per capita growth",16,"2019-2021","contraction",2019,2021,"2019-01-01","2021-01-01",2,-0.0250026281106447,-0.0496540332741212,205.888173789586,195.66499555749,95.0345966725879
"GAB","Gabon","Gabon","Sub Saharan Africa","wdi_real_gdp_per_capita_growth","WDI real GDP per capita growth",17,"2021-2024","expansion",2021,2024,"2021-01-01","2024-01-01",3,0.00715621778245376,0.0215985172518443,195.66499555749,199.89106933962,102.159851725184
"GBR","United Kingdom","United Kingdom","Western Europe","wdi_real_gdp_per_capita_growth","WDI real GDP per capita growth",1,"1961-1973","expansion",1961,1973,"1961-01-01","1973-01-01",12,0.0288995812403189,0.404649161533633,101.923273933928,143.166441272054,140.464916153363
"GBR","United Kingdom","United Kingdom","Western Europe","wdi_real_gdp_per_capita_growth","WDI real GDP per capita growth",2,"1973-1975","contraction",1973,1975,"1973-01-01","1975-01-01",2,-0.0120558759614864,-0.0239951471114968,143.166441272054,139.731141452302,97.6004852888503
"GBR","United Kingdom","United Kingdom","Western Europe","wdi_real_gdp_per_capita_growth","WDI real GDP per capita growth",3,"1975-1979","expansion",1975,1979,"1975-01-01","1979-01-01",4,0.0281985303412261,0.117626866064372,139.731141452302,156.167277712934,111.762686606437
"GBR","United Kingdom","United Kingdom","Western Europe","wdi_real_gdp_per_capita_growth","WDI real GDP per capita growth",4,"1979-1981","contraction",1979,1981,"1979-01-01","1981-01-01",2,-0.0182687914396566,-0.0362258364365834,156.167277712934,150.509987453758,96.3774163563417
"GBR","United Kingdom","United Kingdom","Western Europe","wdi_real_gdp_per_capita_growth","WDI real GDP per capita growth",5,"1981-1990","expansion",1981,1990,"1981-01-01","1990-01-01",9,0.0299962014945135,0.303838932025267,150.509987453758,196.240781300845,130.383893202527
"GBR","United Kingdom","United Kingdom","Western Europe","wdi_real_gdp_per_capita_growth","WDI real GDP per capita growth",6,"1990-1991","contraction",1990,1991,"1990-01-01","1991-01-01",1,-0.0159721933146524,-0.0159721933146524,196.240781300845,193.106385605689,98.4027806685348
"GBR","United Kingdom","United Kingdom","Western Europe","wdi_real_gdp_per_capita_growth","WDI real GDP per capita growth",7,"1991-2007","expansion",1991,2007,"1991-01-01","2007-01-01",16,0.026435267893578,0.516754580419166,193.106385605689,292.894994875619,151.675458041917
"GBR","United Kingdom","United Kingdom","Western Europe","wdi_real_gdp_per_capita_growth","WDI real GDP per capita growth",8,"2007-2009","contraction",2007,2009,"2007-01-01","2009-01-01",2,-0.0306967286019936,-0.0609514529458921,292.894994875619,275.04261937737,93.9048547054108
"GBR","United Kingdom","United Kingdom","Western Europe","wdi_real_gdp_per_capita_growth","WDI real GDP per capita growth",9,"2009-2019","expansion",2009,2019,"2009-01-01","2019-01-01",10,0.0128276977259646,0.135675512377323,275.04261937737,312.359167686996,113.567551237732
"GBR","United Kingdom","United Kingdom","Western Europe","wdi_real_gdp_per_capita_growth","WDI real GDP per capita growth",10,"2019-2020","contraction",2019,2020,"2019-01-01","2020-01-01",1,-0.102001887936603,-0.102001887936603,312.359167686996,280.497942868616,89.7998112063397
"GBR","United Kingdom","United Kingdom","Western Europe","wdi_real_gdp_per_capita_growth","WDI real GDP per capita growth",11,"2020-2022","expansion",2020,2022,"2020-01-01","2022-01-01",2,0.0616978899846645,0.126808617789655,280.497942868616,316.067499296627,112.680861778965
"GBR","United Kingdom","United Kingdom","Western Europe","wdi_real_gdp_per_capita_growth","WDI real GDP per capita growth",12,"2022-2023","contraction",2022,2023,"2022-01-01","2023-01-01",1,-0.0102837368059031,-0.0102837368059031,316.067499296627,312.81714432096,98.9716263194097
"GBR","United Kingdom","United Kingdom","Western Europe","wdi_real_gdp_per_capita_growth","WDI real GDP per capita growth",13,"2023-2024","expansion",2023,2024,"2023-01-01","2024-01-01",1,0.000541839994899789,0.000541839994899762,312.81714432096,312.986641160844,100.05418399949
"GEO","Georgia","Georgia","Eastern Europe","wdi_real_gdp_per_capita_growth","WDI real GDP per capita growth",1,"1961-1985","expansion",1961,1985,"1961-01-01","1985-01-01",24,0.0493317488764911,2.15784522133175,103.223694086268,325.964449098531,315.784522133175
"GEO","Georgia","Georgia","Eastern Europe","wdi_real_gdp_per_capita_growth","WDI real GDP per capita growth",2,"1985-1986","contraction",1985,1986,"1985-01-01","1986-01-01",1,-0.0898763779625877,-0.0898763779625876,325.964449098531,296.667945068985,91.0123622037412
"GEO","Georgia","Georgia","Eastern Europe","wdi_real_gdp_per_capita_growth","WDI real GDP per capita growth",3,"1986-1988","expansion",1986,1988,"1986-01-01","1988-01-01",2,0.0248212190184864,0.0498450776909123,296.667945068985,311.455381839352,104.984507769091
"GEO","Georgia","Georgia","Eastern Europe","wdi_real_gdp_per_capita_growth","WDI real GDP per capita growth",4,"1988-1994","contraction",1988,1994,"1988-01-01","1994-01-01",6,-0.213384056009009,-0.784252454171453,311.455381839352,67.195734266933,21.5747545828547
"GEO","Georgia","Georgia","Eastern Europe","wdi_real_gdp_per_capita_growth","WDI real GDP per capita growth",5,"1994-2008","expansion",1994,2008,"1994-01-01","2008-01-01",14,0.0841812212481598,2.07336336558648,67.195734266933,206.516908019676,307.336336558648
"GEO","Georgia","Georgia","Eastern Europe","wdi_real_gdp_per_capita_growth","WDI real GDP per capita growth",6,"2008-2009","contraction",2008,2009,"2008-01-01","2009-01-01",1,-0.0279118104819281,-0.0279118104819283,206.516908019676,200.752647221717,97.2088189518072
"GEO","Georgia","Georgia","Eastern Europe","wdi_real_gdp_per_capita_growth","WDI real GDP per capita growth",7,"2009-2019","expansion",2009,2019,"2009-01-01","2019-01-01",10,0.0560737669926422,0.723370336812121,200.752647221717,345.971157258415,172.337033681212
"GEO","Georgia","Georgia","Eastern Europe","wdi_real_gdp_per_capita_growth","WDI real GDP per capita growth",8,"2019-2020","contraction",2019,2020,"2019-01-01","2020-01-01",1,-0.0635478715206467,-0.0635478715206467,345.971157258415,323.985426607108,93.6452128479353
"GEO","Georgia","Georgia","Eastern Europe","wdi_real_gdp_per_capita_growth","WDI real GDP per capita growth",9,"2020-2024","expansion",2020,2024,"2020-01-01","2024-01-01",4,0.0995123003499317,0.461082595200476,323.985426607108,473.369467914247,146.108259520048
"GHA","Ghana","Ghana","Sub Saharan Africa","wdi_real_gdp_per_capita_growth","WDI real GDP per capita growth",1,"1961-1963","expansion",1961,1963,"1961-01-01","1963-01-01",2,0.017861774971937,0.0360401615219792,100.52068568813,104.143467436631,103.604016152198
"GHA","Ghana","Ghana","Sub Saharan Africa","wdi_real_gdp_per_capita_growth","WDI real GDP per capita growth",2,"1963-1966","contraction",1963,1966,"1963-01-01","1966-01-01",3,-0.0258762468657232,-0.0768068898448041,104.143467436631,96.1445316051695,92.3193110155196
"GHA","Ghana","Ghana","Sub Saharan Africa","wdi_real_gdp_per_capita_growth","WDI real GDP per capita growth",3,"1966-1967","expansion",1966,1967,"1966-01-01","1967-01-01",1,0.00615684860926422,0.00615684860926424,96.1445316051695,96.7364789308711,100.615684860926
"GHA","Ghana","Ghana","Sub Saharan Africa","wdi_real_gdp_per_capita_growth","WDI real GDP per capita growth",4,"1967-1968","contraction",1967,1968,"1967-01-01","1968-01-01",1,-0.0204471136962684,-0.0204471136962684,96.7364789308711,94.7584971475949,97.9552886303732
"GHA","Ghana","Ghana","Sub Saharan Africa","wdi_real_gdp_per_capita_growth","WDI real GDP per capita growth",5,"1968-1971","expansion",1968,1971,"1968-01-01","1971-01-01",3,0.0418719997479554,0.13037923760067,94.7584971475949,107.113037761884,113.037923760067
"GHA","Ghana","Ghana","Sub Saharan Africa","wdi_real_gdp_per_capita_growth","WDI real GDP per capita growth",6,"1971-1973","contraction",1971,1973,"1971-01-01","1973-01-01",2,-0.0261838160345566,-0.0523452974864514,107.113037761884,101.50617393556,94.7654702513549
"GHA","Ghana","Ghana","Sub Saharan Africa","wdi_real_gdp_per_capita_growth","WDI real GDP per capita growth",7,"1973-1974","expansion",1973,1974,"1973-01-01","1974-01-01",1,0.0379769903143396,0.0379769903143399,101.50617393556,105.361072919957,103.797699031434
"GHA","Ghana","Ghana","Sub Saharan Africa","wdi_real_gdp_per_capita_growth","WDI real GDP per capita growth",8,"1974-1977","contraction",1974,1977,"1974-01-01","1977-01-01",3,-0.0729821461514916,-0.208177363184428,105.361072919957,83.427282577198,79.1822636815572
"GHA","Ghana","Ghana","Sub Saharan Africa","wdi_real_gdp_per_capita_growth","WDI real GDP per capita growth",9,"1977-1978","expansion",1977,1978,"1977-01-01","1978-01-01",1,0.052300908922422,0.052300908922422,83.427282577198,87.7906052849132,105.230090892242
"GHA","Ghana","Ghana","Sub Saharan Africa","wdi_real_gdp_per_capita_growth","WDI real GDP per capita growth",10,"1978-1983","contraction",1978,1983,"1978-01-01","1983-01-01",5,-0.0620561279490657,-0.275227346724788,87.7906052849132,63.6282299249834,72.4772653275212
"GHA","Ghana","Ghana","Sub Saharan Africa","wdi_real_gdp_per_capita_growth","WDI real GDP per capita growth",11,"1983-2014","expansion",1983,2014,"1983-01-01","2014-01-01",31,0.029755663168292,1.464847298565,63.6282299249834,156.833870643068,246.4847298565
"GHA","Ghana","Ghana","Sub Saharan Africa","wdi_real_gdp_per_capita_growth","WDI real GDP per capita growth",12,"2014-2015","contraction",2014,2015,"2014-01-01","2015-01-01",1,-0.00208325820413904,-0.00208325820413913,156.833870643068,156.507145195364,99.7916741795861
"GHA","Ghana","Ghana","Sub Saharan Africa","wdi_real_gdp_per_capita_growth","WDI real GDP per capita growth",13,"2015-2019","expansion",2015,2019,"2015-01-01","2019-01-01",4,0.0380939366086739,0.160660122631131,156.507145195364,181.651602335099,116.066012263113
"GHA","Ghana","Ghana","Sub Saharan Africa","wdi_real_gdp_per_capita_growth","WDI real GDP per capita growth",14,"2019-2020","contraction",2019,2020,"2019-01-01","2020-01-01",1,-0.0146830801654092,-0.0146830801654093,181.651602335099,178.984397295838,98.5316919834591
"GHA","Ghana","Ghana","Sub Saharan Africa","wdi_real_gdp_per_capita_growth","WDI real GDP per capita growth",15,"2020-2024","expansion",2020,2024,"2020-01-01","2024-01-01",4,0.0242195428524553,0.100260577370829,178.984397295838,196.929476309089,110.026057737083
"GIN","Guinea","Guinea","Sub Saharan Africa","wdi_real_gdp_per_capita_growth","WDI real GDP per capita growth",1,"1971-1972","expansion",1971,1972,"1971-01-01","1972-01-01",1,0.00558272824751313,0.00558272824751316,103.486860773887,104.064599794776,100.558272824751
"GIN","Guinea","Guinea","Sub Saharan Africa","wdi_real_gdp_per_capita_growth","WDI real GDP per capita growth",2,"1972-1973","contraction",1972,1973,"1972-01-01","1973-01-01",1,-0.0012384695735058,-0.00123846957350593,104.064599794776,103.935718954251,99.8761530426494
"GIN","Guinea","Guinea","Sub Saharan Africa","wdi_real_gdp_per_capita_growth","WDI real GDP per capita growth",3,"1973-1976","expansion",1973,1976,"1973-01-01","1976-01-01",3,0.0368468863701992,0.114015554537233,103.935718954251,115.786007587046,111.401555453723
"GIN","Guinea","Guinea","Sub Saharan Africa","wdi_real_gdp_per_capita_growth","WDI real GDP per capita growth",4,"1976-1977","contraction",1976,1977,"1976-01-01","1977-01-01",1,-0.0484482707404506,-0.0484482707404504,115.786007587046,110.176375743513,95.155172925955
"GIN","Guinea","Guinea","Sub Saharan Africa","wdi_real_gdp_per_capita_growth","WDI real GDP per capita growth",5,"1977-1978","expansion",1977,1978,"1977-01-01","1978-01-01",1,0.051164171100655,0.051164171100655,110.176375743513,115.813458683304,105.116417110065
"GIN","Guinea","Guinea","Sub Saharan Africa","wdi_real_gdp_per_capita_growth","WDI real GDP per capita growth",6,"1978-1979","contraction",1978,1979,"1978-01-01","1979-01-01",1,-0.028299793263661,-0.0282997932636609,115.813458683304,112.535961745417,97.1700206736339
"GIN","Guinea","Guinea","Sub Saharan Africa","wdi_real_gdp_per_capita_growth","WDI real GDP per capita growth",7,"1979-1980","expansion",1979,1980,"1979-01-01","1980-01-01",1,0.00809803805678413,0.00809803805678388,112.535961745417,113.447282246388,100.809803805678
"GIN","Guinea","Guinea","Sub Saharan Africa","wdi_real_gdp_per_capita_growth","WDI real GDP per capita growth",8,"1980-1984","contraction",1980,1984,"1980-01-01","1984-01-01",4,-0.00783902486735996,-0.0310162453165292,113.447282246388,109.92857350974,96.8983754683471
"GIN","Guinea","Guinea","Sub Saharan Africa","wdi_real_gdp_per_capita_growth","WDI real GDP per capita growth",9,"1984-1990","expansion",1984,1990,"1984-01-01","1990-01-01",6,0.0158749892319886,0.0987212288063526,109.92857350974,120.780857367552,109.872122880635
"GIN","Guinea","Guinea","Sub Saharan Africa","wdi_real_gdp_per_capita_growth","WDI real GDP per capita growth",10,"1990-1991","contraction",1990,1991,"1990-01-01","1991-01-01",1,-0.0141305426376472,-0.0141305426376471,120.780857367552,119.074158312708,98.5869457362353
"GIN","Guinea","Guinea","Sub Saharan Africa","wdi_real_gdp_per_capita_growth","WDI real GDP per capita growth",11,"1991-2002","expansion",1991,2002,"1991-01-01","2002-01-01",11,0.0170169082163834,0.203343675461864,119.074158312708,143.287135316542,120.334367546186
"GIN","Guinea","Guinea","Sub Saharan Africa","wdi_real_gdp_per_capita_growth","WDI real GDP per capita growth",12,"2002-2003","contraction",2002,2003,"2002-01-01","2003-01-01",1,-0.00996648465303707,-0.00996648465303729,143.287135316542,141.859066281432,99.0033515346963
"GIN","Guinea","Guinea","Sub Saharan Africa","wdi_real_gdp_per_capita_growth","WDI real GDP per capita growth",13,"2003-2005","expansion",2003,2005,"2003-01-01","2005-01-01",2,0.00564979961219578,0.0113161227517251,141.859066281432,143.464360888917,101.131612275173
"GIN","Guinea","Guinea","Sub Saharan Africa","wdi_real_gdp_per_capita_growth","WDI real GDP per capita growth",14,"2005-2006","contraction",2005,2006,"2005-01-01","2006-01-01",1,-0.00903894697466356,-0.00903894697466368,143.464360888917,142.167594138088,99.0961053025336
"GIN","Guinea","Guinea","Sub Saharan Africa","wdi_real_gdp_per_capita_growth","WDI real GDP per capita growth",15,"2006-2008","expansion",2006,2008,"2006-01-01","2008-01-01",2,0.030086260481025,0.0608915310603371,142.167594138088,150.824396612321,106.089153106034
"GIN","Guinea","Guinea","Sub Saharan Africa","wdi_real_gdp_per_capita_growth","WDI real GDP per capita growth",16,"2008-2009","contraction",2008,2009,"2008-01-01","2009-01-01",1,-0.0350758302722751,-0.0350758302722749,150.824396612321,145.534105675829,96.4924169727725
"GIN","Guinea","Guinea","Sub Saharan Africa","wdi_real_gdp_per_capita_growth","WDI real GDP per capita growth",17,"2009-2024","expansion",2009,2024,"2009-01-01","2024-01-01",15,0.0312778476671944,0.582915576417823,145.534105675829,230.368202774308,158.291557641782
"GMB","Gambia, The","Gambia","Sub Saharan Africa","wdi_real_gdp_per_capita_growth","WDI real GDP per capita growth",1,"1967-1968","expansion",1967,1968,"1967-01-01","1968-01-01",1,0.0654928086056582,0.0654928086056583,97.2856466523252,103.657156888604,106.549280860566
"GMB","Gambia, The","Gambia","Sub Saharan Africa","wdi_real_gdp_per_capita_growth","WDI real GDP per capita growth",2,"1968-1969","contraction",1968,1969,"1968-01-01","1969-01-01",1,-0.00413907463477386,-0.0041390746347737,103.657156888604,103.228112179813,99.5860925365226
"GMB","Gambia, The","Gambia","Sub Saharan Africa","wdi_real_gdp_per_capita_growth","WDI real GDP per capita growth",3,"1969-1970","expansion",1969,1970,"1969-01-01","1970-01-01",1,0.0318355214691137,0.0318355214691135,103.228112179813,106.51443296133,103.183552146911
"GMB","Gambia, The","Gambia","Sub Saharan Africa","wdi_real_gdp_per_capita_growth","WDI real GDP per capita growth",4,"1970-1972","contraction",1970,1972,"1970-01-01","1972-01-01",2,-0.0277018940654738,-0.054638011623912,106.51443296133,100.694696135074,94.5361988376088
"GMB","Gambia, The","Gambia","Sub Saharan Africa","wdi_real_gdp_per_capita_growth","WDI real GDP per capita growth",5,"1972-1978","expansion",1972,1978,"1972-01-01","1978-01-01",6,0.0420737976865027,0.277780847136945,100.694696135074,128.665754129673,127.778084713695
"GMB","Gambia, The","Gambia","Sub Saharan Africa","wdi_real_gdp_per_capita_growth","WDI real GDP per capita growth",6,"1978-1979","contraction",1978,1979,"1978-01-01","1979-01-01",1,-0.045722265062187,-0.0457222650621869,128.665754129673,122.782864414929,95.4277734937813
"GMB","Gambia, The","Gambia","Sub Saharan Africa","wdi_real_gdp_per_capita_growth","WDI real GDP per capita growth",7,"1979-1980","expansion",1979,1980,"1979-01-01","1980-01-01",1,0.0267789181651716,0.0267789181651716,122.782864414929,126.070856693182,102.677891816517
"GMB","Gambia, The","Gambia","Sub Saharan Africa","wdi_real_gdp_per_capita_growth","WDI real GDP per capita growth",8,"1980-1982","contraction",1980,1982,"1980-01-01","1982-01-01",2,-0.0220891750453834,-0.0440929983148506,126.070856693182,120.512014621458,95.5907001685149
"GMB","Gambia, The","Gambia","Sub Saharan Africa","wdi_real_gdp_per_capita_growth","WDI real GDP per capita growth",9,"1982-1983","expansion",1982,1983,"1982-01-01","1983-01-01",1,0.0686783211691481,0.0686783211691482,120.512014621458,128.788577466372,106.867832116915
"GMB","Gambia, The","Gambia","Sub Saharan Africa","wdi_real_gdp_per_capita_growth","WDI real GDP per capita growth",10,"1983-1987","contraction",1983,1987,"1983-01-01","1987-01-01",4,-0.0166066725044895,-0.0654436677515312,128.788577466372,120.36018059247,93.4556332248469
"GMB","Gambia, The","Gambia","Sub Saharan Africa","wdi_real_gdp_per_capita_growth","WDI real GDP per capita growth",11,"1987-1989","expansion",1987,1989,"1987-01-01","1989-01-01",2,0.00925799852107408,0.0185586312648749,120.36018059247,122.593900803059,101.855863126487
"GMB","Gambia, The","Gambia","Sub Saharan Africa","wdi_real_gdp_per_capita_growth","WDI real GDP per capita growth",12,"1989-1996","contraction",1989,1996,"1989-01-01","1996-01-01",7,-0.0129314846047351,-0.0873189372863037,122.593900803059,111.889131667154,91.2681062713696
"GMB","Gambia, The","Gambia","Sub Saharan Africa","wdi_real_gdp_per_capita_growth","WDI real GDP per capita growth",13,"1996-2001","expansion",1996,2001,"1996-01-01","2001-01-01",5,0.0234185363695412,0.122445681950338,111.889131667154,125.58947269697,112.244568195034
"GMB","Gambia, The","Gambia","Sub Saharan Africa","wdi_real_gdp_per_capita_growth","WDI real GDP per capita growth",14,"2001-2002","contraction",2001,2002,"2001-01-01","2002-01-01",1,-0.0581287900613223,-0.0581287900613224,125.58947269697,118.289108604655,94.1871209938678
"GMB","Gambia, The","Gambia","Sub Saharan Africa","wdi_real_gdp_per_capita_growth","WDI real GDP per capita growth",15,"2002-2004","expansion",2002,2004,"2002-01-01","2004-01-01",2,0.0409741645112728,0.0836267603009166,118.289108604655,128.181243536146,108.362676030092
"GMB","Gambia, The","Gambia","Sub Saharan Africa","wdi_real_gdp_per_capita_growth","WDI real GDP per capita growth",16,"2004-2006","contraction",2004,2006,"2004-01-01","2006-01-01",2,-0.0419116577377271,-0.0821371119226095,128.181243536146,117.652806389438,91.786288807739
"GMB","Gambia, The","Gambia","Sub Saharan Africa","wdi_real_gdp_per_capita_growth","WDI real GDP per capita growth",17,"2006-2010","expansion",2006,2010,"2006-01-01","2010-01-01",4,0.0244852742275483,0.101192113929762,117.652806389438,129.558342577754,110.119211392976
"GMB","Gambia, The","Gambia","Sub Saharan Africa","wdi_real_gdp_per_capita_growth","WDI real GDP per capita growth",18,"2010-2011","contraction",2010,2011,"2010-01-01","2011-01-01",1,-0.107772609082744,-0.107772609082744,129.558342577754,115.595501969714,89.2227390917256
"GMB","Gambia, The","Gambia","Sub Saharan Africa","wdi_real_gdp_per_capita_growth","WDI real GDP per capita growth",19,"2011-2012","expansion",2011,2012,"2011-01-01","2012-01-01",1,0.0218645897140155,0.0218645897140155,115.595501969714,118.122950193067,102.186458971402
"GMB","Gambia, The","Gambia","Sub Saharan Africa","wdi_real_gdp_per_capita_growth","WDI real GDP per capita growth",20,"2012-2014","contraction",2012,2014,"2012-01-01","2014-01-01",2,-0.0213460120284493,-0.0426517100705415,118.122950193067,113.084804368756,95.7348289929459
"GMB","Gambia, The","Gambia","Sub Saharan Africa","wdi_real_gdp_per_capita_growth","WDI real GDP per capita growth",21,"2014-2015","expansion",2014,2015,"2014-01-01","2015-01-01",1,0.0125137248146628,0.0125137248146627,113.084804368756,114.499916491346,101.251372481466
"GMB","Gambia, The","Gambia","Sub Saharan Africa","wdi_real_gdp_per_capita_growth","WDI real GDP per capita growth",22,"2015-2016","contraction",2015,2016,"2015-01-01","2016-01-01",1,-0.00701007891119758,-0.00701007891119754,114.499916491346,113.697263041416,99.2989921088802
"GMB","Gambia, The","Gambia","Sub Saharan Africa","wdi_real_gdp_per_capita_growth","WDI real GDP per capita growth",23,"2016-2019","expansion",2016,2019,"2016-01-01","2019-01-01",3,0.0354147757706487,0.109891102924544,113.697263041416,126.19158067654,110.989110292454
"GMB","Gambia, The","Gambia","Sub Saharan Africa","wdi_real_gdp_per_capita_growth","WDI real GDP per capita growth",24,"2019-2020","contraction",2019,2020,"2019-01-01","2020-01-01",1,-0.017631871131438,-0.0176318711314382,126.19158067654,123.966586988178,98.2368128868562
"GMB","Gambia, The","Gambia","Sub Saharan Africa","wdi_real_gdp_per_capita_growth","WDI real GDP per capita growth",25,"2020-2024","expansion",2020,2024,"2020-01-01","2024-01-01",4,0.0313719731350209,0.131503703713155,123.966586988178,140.268652313803,113.150370371316
"GNB","Guinea-Bissau","Guinea-Bissau","Sub Saharan Africa","wdi_real_gdp_per_capita_growth","WDI real GDP per capita growth",1,"1971-1975","expansion",1971,1975,"1971-01-01","1975-01-01",4,0.022570237575302,0.0921958227066249,95.7910393596658,104.622573041353,109.219582270662
"GNB","Guinea-Bissau","Guinea-Bissau","Sub Saharan Africa","wdi_real_gdp_per_capita_growth","WDI real GDP per capita growth",2,"1975-1977","contraction",1975,1977,"1975-01-01","1977-01-01",2,-0.0735883557240147,-0.145088223516391,104.622573041353,89.4430697790692,85.4911776483609
"GNB","Guinea-Bissau","Guinea-Bissau","Sub Saharan Africa","wdi_real_gdp_per_capita_growth","WDI real GDP per capita growth",3,"1977-1978","expansion",1977,1978,"1977-01-01","1978-01-01",1,0.0599506197213906,0.0599506197213906,89.4430697790692,94.8052372421079,105.995061972139
"GNB","Guinea-Bissau","Guinea-Bissau","Sub Saharan Africa","wdi_real_gdp_per_capita_growth","WDI real GDP per capita growth",4,"1978-1980","contraction",1978,1980,"1978-01-01","1980-01-01",2,-0.0920981539579623,-0.181641923077685,94.8052372421079,77.5846316316153,81.8358076922315
"GNB","Guinea-Bissau","Guinea-Bissau","Sub Saharan Africa","wdi_real_gdp_per_capita_growth","WDI real GDP per capita growth",5,"1980-1982","expansion",1980,1982,"1980-01-01","1982-01-01",2,0.0944372582507461,0.193056439245003,77.5846316316153,92.5628443545502,119.3056439245
"GNB","Guinea-Bissau","Guinea-Bissau","Sub Saharan Africa","wdi_real_gdp_per_capita_growth","WDI real GDP per capita growth",6,"1982-1983","contraction",1982,1983,"1982-01-01","1983-01-01",1,-0.0492031162411782,-0.0492031162411782,92.5628443545502,88.0084639641592,95.0796883758822
"GNB","Guinea-Bissau","Guinea-Bissau","Sub Saharan Africa","wdi_real_gdp_per_capita_growth","WDI real GDP per capita growth",7,"1983-1985","expansion",1983,1985,"1983-01-01","1985-01-01",2,0.0495531838536906,0.100969447798721,88.0084639641592,96.894629972234,110.096944779872
"GNB","Guinea-Bissau","Guinea-Bissau","Sub Saharan Africa","wdi_real_gdp_per_capita_growth","WDI real GDP per capita growth",8,"1985-1986","contraction",1985,1986,"1985-01-01","1986-01-01",1,-0.0236319832198365,-0.0236319832198365,96.894629972234,94.6048177026379,97.6368016780164
"GNB","Guinea-Bissau","Guinea-Bissau","Sub Saharan Africa","wdi_real_gdp_per_capita_growth","WDI real GDP per capita growth",9,"1986-1991","expansion",1986,1991,"1986-01-01","1991-01-01",5,0.0315757550948936,0.167803828428106,94.6048177026379,110.479868300884,116.780382842811
"GNB","Guinea-Bissau","Guinea-Bissau","Sub Saharan Africa","wdi_real_gdp_per_capita_growth","WDI real GDP per capita growth",10,"1991-1993","contraction",1991,1993,"1991-01-01","1993-01-01",2,-0.0152462726548753,-0.0302696029996127,110.479868300884,107.135686547966,96.9730397000387
"GNB","Guinea-Bissau","Guinea-Bissau","Sub Saharan Africa","wdi_real_gdp_per_capita_growth","WDI real GDP per capita growth",11,"1993-1997","expansion",1993,1997,"1993-01-01","1997-01-01",4,0.0390974118124846,0.163205173574439,107.135686547966,124.620784867044,116.320517357444
"GNB","Guinea-Bissau","Guinea-Bissau","Sub Saharan Africa","wdi_real_gdp_per_capita_growth","WDI real GDP per capita growth",12,"1997-1998","contraction",1997,1998,"1997-01-01","1998-01-01",1,-0.238778523409397,-0.238778523409397,124.620784867044,94.8640178703711,76.1221476590603
"GNB","Guinea-Bissau","Guinea-Bissau","Sub Saharan Africa","wdi_real_gdp_per_capita_growth","WDI real GDP per capita growth",13,"1998-1999","expansion",1998,1999,"1998-01-01","1999-01-01",1,0.146207205646875,0.146207205646875,94.8640178703711,108.733820839633,114.620720564688
"GNB","Guinea-Bissau","Guinea-Bissau","Sub Saharan Africa","wdi_real_gdp_per_capita_growth","WDI real GDP per capita growth",14,"1999-2000","contraction",1999,2000,"1999-01-01","2000-01-01",1,-0.00908641384543557,-0.00908641384543563,108.733820839633,107.745820344489,99.0913586154564
"GNB","Guinea-Bissau","Guinea-Bissau","Sub Saharan Africa","wdi_real_gdp_per_capita_growth","WDI real GDP per capita growth",15,"2000-2002","expansion",2000,2002,"2000-01-01","2002-01-01",2,0.0199092296061694,0.040179934236835,107.745820344489,112.075040320224,104.017993423683
"GNB","Guinea-Bissau","Guinea-Bissau","Sub Saharan Africa","wdi_real_gdp_per_capita_growth","WDI real GDP per capita growth",16,"2002-2004","contraction",2002,2004,"2002-01-01","2004-01-01",2,-0.0182509084035479,-0.0362165024963649,112.075040320224,108.016074342687,96.3783497503635
"GNB","Guinea-Bissau","Guinea-Bissau","Sub Saharan Africa","wdi_real_gdp_per_capita_growth","WDI real GDP per capita growth",17,"2004-2008","expansion",2004,2008,"2004-01-01","2008-01-01",4,0.0156725670705759,0.0636340119113057,108.016074342687,114.889570504022,106.363401191131
"GNB","Guinea-Bissau","Guinea-Bissau","Sub Saharan Africa","wdi_real_gdp_per_capita_growth","WDI real GDP per capita growth",18,"2008-2009","contraction",2008,2009,"2008-01-01","2009-01-01",1,-0.00124226604498276,-0.00124226604498279,114.889570504022,114.746847091662,99.8757733955017
"GNB","Guinea-Bissau","Guinea-Bissau","Sub Saharan Africa","wdi_real_gdp_per_capita_growth","WDI real GDP per capita growth",19,"2009-2011","expansion",2009,2011,"2009-01-01","2011-01-01",2,0.0409540081989408,0.0834448549059958,114.746847091662,124.321881098146,108.3444854906
"GNB","Guinea-Bissau","Guinea-Bissau","Sub Saharan Africa","wdi_real_gdp_per_capita_growth","WDI real GDP per capita growth",20,"2011-2012","contraction",2011,2012,"2011-01-01","2012-01-01",1,-0.0429238918450449,-0.042923891845045,124.321881098146,118.985502119917,95.7076108154955
"GNB","Guinea-Bissau","Guinea-Bissau","Sub Saharan Africa","wdi_real_gdp_per_capita_growth","WDI real GDP per capita growth",21,"2012-2013","expansion",2012,2013,"2012-01-01","2013-01-01",1,0.00543365078897963,0.00543365078897962,118.985502119917,119.632027787388,100.543365078898
"GNB","Guinea-Bissau","Guinea-Bissau","Sub Saharan Africa","wdi_real_gdp_per_capita_growth","WDI real GDP per capita growth",22,"2013-2014","contraction",2013,2014,"2013-01-01","2014-01-01",1,-0.0165358336592615,-0.0165358336592615,119.632027787388,117.653812475575,98.3464166340738
"GNB","Guinea-Bissau","Guinea-Bissau","Sub Saharan Africa","wdi_real_gdp_per_capita_growth","WDI real GDP per capita growth",23,"2014-2024","expansion",2014,2024,"2014-01-01","2024-01-01",10,0.0244505679585906,0.272737696921037,117.653812475575,149.742442324143,127.273769692104
"GNQ","Equatorial Guinea","Equatorial Guinea","Sub Saharan Africa","wdi_real_gdp_per_capita_growth","WDI real GDP per capita growth",1,"1981-1984","contraction",1981,1984,"1981-01-01","1984-01-01",3,-0.0340893655929968,-0.099120354571906,100.674385038429,90.695504297111,90.0879645428094
"GNQ","Equatorial Guinea","Equatorial Guinea","Sub Saharan Africa","wdi_real_gdp_per_capita_growth","WDI real GDP per capita growth",2,"1984-1985","expansion",1984,1985,"1984-01-01","1985-01-01",1,0.068585331073261,0.0685853310732609,90.695504297111,96.9158854861847,106.858533107326
"GNQ","Equatorial Guinea","Equatorial Guinea","Sub Saharan Africa","wdi_real_gdp_per_capita_growth","WDI real GDP per capita growth",3,"1985-1986","contraction",1985,1986,"1985-01-01","1986-01-01",1,-0.0695933815288996,-0.0695933815288997,96.9158854861847,90.1711812913335,93.04066184711
"GNQ","Equatorial Guinea","Equatorial Guinea","Sub Saharan Africa","wdi_real_gdp_per_capita_growth","WDI real GDP per capita growth",4,"1986-1987","expansion",1986,1987,"1986-01-01","1987-01-01",1,0.000385112236216827,0.000385112236217067,90.1711812913335,90.205907316603,100.038511223622
"GNQ","Equatorial Guinea","Equatorial Guinea","Sub Saharan Africa","wdi_real_gdp_per_capita_growth","WDI real GDP per capita growth",5,"1987-1991","contraction",1987,1991,"1987-01-01","1991-01-01",4,-0.0407247276782586,-0.153679366067332,90.205907316603,76.3431206646589,84.6320633932668
"GNQ","Equatorial Guinea","Equatorial Guinea","Sub Saharan Africa","wdi_real_gdp_per_capita_growth","WDI real GDP per capita growth",6,"1991-2008","expansion",1991,2008,"1991-01-01","2008-01-01",17,0.267439129488598,36.3492562008866,76.3431206646589,2851.35877287955,3734.92562008866
"GNQ","Equatorial Guinea","Equatorial Guinea","Sub Saharan Africa","wdi_real_gdp_per_capita_growth","WDI real GDP per capita growth",7,"2008-2010","contraction",2008,2010,"2008-01-01","2010-01-01",2,-0.0811781606615219,-0.158164836909316,2851.35877287955,2400.37407759711,84.1835163090684
"GNQ","Equatorial Guinea","Equatorial Guinea","Sub Saharan Africa","wdi_real_gdp_per_capita_growth","WDI real GDP per capita growth",8,"2010-2012","expansion",2010,2012,"2010-01-01","2012-01-01",2,0.0299353074790673,0.0606678399133775,2400.37407759711,2545.99958786899,106.066783991338
"GNQ","Equatorial Guinea","Equatorial Guinea","Sub Saharan Africa","wdi_real_gdp_per_capita_growth","WDI real GDP per capita growth",9,"2012-2021","contraction",2012,2021,"2012-01-01","2021-01-01",9,-0.0796312276782038,-0.528962590494388,2545.99958786899,1199.26105047216,47.1037409505612
"GNQ","Equatorial Guinea","Equatorial Guinea","Sub Saharan Africa","wdi_real_gdp_per_capita_growth","WDI real GDP per capita growth",10,"2021-2022","expansion",2021,2022,"2021-01-01","2022-01-01",1,0.00661786258781987,0.00661786258781993,1199.26105047216,1207.19759531111,100.661786258782
"GNQ","Equatorial Guinea","Equatorial Guinea","Sub Saharan Africa","wdi_real_gdp_per_capita_growth","WDI real GDP per capita growth",11,"2022-2024","contraction",2022,2024,"2022-01-01","2024-01-01",2,-0.0442009794133673,-0.0873065735580112,1207.19759531111,1101.80130965703,91.2693426441989
"GRC","Greece","Greece","Western Europe","wdi_real_gdp_per_capita_growth","WDI real GDP per capita growth",1,"1961-1962","contraction",1961,1962,"1961-01-01","1962-01-01",1,-0.00231360587355027,-0.00231360587355023,112.309792416489,112.049951821097,99.768639412645
"GRC","Greece","Greece","Western Europe","wdi_real_gdp_per_capita_growth","WDI real GDP per capita growth",2,"1962-1973","expansion",1962,1973,"1962-01-01","1973-01-01",11,0.0836277646739588,1.41439585222584,112.049951821097,270.532938918962,241.439585222584
"GRC","Greece","Greece","Western Europe","wdi_real_gdp_per_capita_growth","WDI real GDP per capita growth",3,"1973-1974","contraction",1973,1974,"1973-01-01","1974-01-01",1,-0.0678208597785962,-0.0678208597785962,270.532938918962,252.185162403047,93.2179140221404
"GRC","Greece","Greece","Western Europe","wdi_real_gdp_per_capita_growth","WDI real GDP per capita growth",4,"1974-1979","expansion",1974,1979,"1974-01-01","1979-01-01",5,0.0401123404801236,0.216376980288238,252.185162403047,306.752226317318,121.637698028824
"GRC","Greece","Greece","Western Europe","wdi_real_gdp_per_capita_growth","WDI real GDP per capita growth",5,"1979-1983","contraction",1979,1983,"1979-01-01","1983-01-01",4,-0.0153300372014616,-0.06003895530076,306.752226317318,288.335143113044,93.996104469924
"GRC","Greece","Greece","Western Europe","wdi_real_gdp_per_capita_growth","WDI real GDP per capita growth",6,"1983-1986","expansion",1983,1986,"1983-01-01","1986-01-01",3,0.0126723499320137,0.0384024218682335,288.335143113044,299.407910918308,103.840242186823
"GRC","Greece","Greece","Western Europe","wdi_real_gdp_per_capita_growth","WDI real GDP per capita growth",7,"1986-1987","contraction",1986,1987,"1986-01-01","1987-01-01",1,-0.0258512327400537,-0.0258512327400539,299.407910918308,291.667847328946,97.4148767259946
"GRC","Greece","Greece","Western Europe","wdi_real_gdp_per_capita_growth","WDI real GDP per capita growth",8,"1987-1989","expansion",1987,1989,"1987-01-01","1989-01-01",2,0.035847534459226,0.0729695505929433,291.667847328946,312.95071907095,107.296955059294
"GRC","Greece","Greece","Western Europe","wdi_real_gdp_per_capita_growth","WDI real GDP per capita growth",9,"1989-1990","contraction",1989,1990,"1989-01-01","1990-01-01",1,-0.0105223289834684,-0.0105223289834684,312.95071907095,309.657748649272,98.9477671016532
"GRC","Greece","Greece","Western Europe","wdi_real_gdp_per_capita_growth","WDI real GDP per capita growth",10,"1990-1991","expansion",1990,1991,"1990-01-01","1991-01-01",1,0.0186983417669462,0.018698341766946,309.657748649272,315.4478350643,101.869834176695
"GRC","Greece","Greece","Western Europe","wdi_real_gdp_per_capita_growth","WDI real GDP per capita growth",11,"1991-1993","contraction",1991,1993,"1991-01-01","1993-01-01",2,-0.0112172476707545,-0.0224200610455862,315.4478350643,308.37547534546,97.7579938954414
"GRC","Greece","Greece","Western Europe","wdi_real_gdp_per_capita_growth","WDI real GDP per capita growth",12,"1993-2007","expansion",1993,2007,"1993-01-01","2007-01-01",14,0.0323663984532394,0.559278556918803,308.37547534546,480.843266185819,155.92785569188
"GRC","Greece","Greece","Western Europe","wdi_real_gdp_per_capita_growth","WDI real GDP per capita growth",13,"2007-2013","contraction",2007,2013,"2007-01-01","2013-01-01",6,-0.0492207550731376,-0.263990065478214,480.843266185819,353.905420860666,73.6009934521786
"GRC","Greece","Greece","Western Europe","wdi_real_gdp_per_capita_growth","WDI real GDP per capita growth",14,"2013-2019","expansion",2013,2019,"2013-01-01","2019-01-01",6,0.0143548017369055,0.0890796418955777,353.905420860666,385.431189015838,108.907964189558
"GRC","Greece","Greece","Western Europe","wdi_real_gdp_per_capita_growth","WDI real GDP per capita growth",15,"2019-2020","contraction",2019,2020,"2019-01-01","2020-01-01",1,-0.0900116455331775,-0.0900116455331775,385.431189015838,350.737893452713,90.9988354466822
"GRC","Greece","Greece","Western Europe","wdi_real_gdp_per_capita_growth","WDI real GDP per capita growth",16,"2020-2024","expansion",2020,2024,"2020-01-01","2024-01-01",4,0.0534464758826079,0.229184275540344,350.737893452713,431.12150346822,122.918427554034
"GTM","Guatemala","Guatemala","Latin America","wdi_real_gdp_per_capita_growth","WDI real GDP per capita growth",1,"1961-1974","expansion",1961,1974,"1961-01-01","1974-01-01",13,0.0305451742545379,0.476006809576783,101.245304652232,149.43875910437,147.600680957678
"GTM","Guatemala","Guatemala","Latin America","wdi_real_gdp_per_capita_growth","WDI real GDP per capita growth",2,"1974-1975","contraction",1974,1975,"1974-01-01","1975-01-01",1,-0.00504202378586612,-0.00504202378586627,149.43875910437,148.685285326435,99.4957976214134
"GTM","Guatemala","Guatemala","Latin America","wdi_real_gdp_per_capita_growth","WDI real GDP per capita growth",3,"1975-1980","expansion",1975,1980,"1975-01-01","1980-01-01",5,0.032581178491826,0.173072326535637,148.685285326435,174.418593579497,117.307232653564
"GTM","Guatemala","Guatemala","Latin America","wdi_real_gdp_per_capita_growth","WDI real GDP per capita growth",4,"1980-1986","contraction",1980,1986,"1980-01-01","1986-01-01",6,-0.0346089537330397,-0.191018583948737,174.418593579497,141.101400819611,80.8981416051263
"GTM","Guatemala","Guatemala","Latin America","wdi_real_gdp_per_capita_growth","WDI real GDP per capita growth",5,"1986-2008","expansion",1986,2008,"1986-01-01","2008-01-01",22,0.0135222146166084,0.34251174785999,141.101400819611,189.430288239829,134.251174785999
"GTM","Guatemala","Guatemala","Latin America","wdi_real_gdp_per_capita_growth","WDI real GDP per capita growth",6,"2008-2009","contraction",2008,2009,"2008-01-01","2009-01-01",1,-0.0150524953899686,-0.0150524953899684,189.430288239829,186.578889699378,98.4947504610032
"GTM","Guatemala","Guatemala","Latin America","wdi_real_gdp_per_capita_growth","WDI real GDP per capita growth",7,"2009-2019","expansion",2009,2019,"2009-01-01","2019-01-01",10,0.0164632509492471,0.177160323438644,186.578889699378,219.633266145343,117.716032343864
"GTM","Guatemala","Guatemala","Latin America","wdi_real_gdp_per_capita_growth","WDI real GDP per capita growth",8,"2019-2020","contraction",2019,2020,"2019-01-01","2020-01-01",1,-0.0322007713683627,-0.0322007713683629,219.633266145343,212.56090555731,96.7799228631637
"GTM","Guatemala","Guatemala","Latin America","wdi_real_gdp_per_capita_growth","WDI real GDP per capita growth",9,"2020-2024","expansion",2020,2024,"2020-01-01","2024-01-01",4,0.0332686919647744,0.139111126148264,212.56090555731,242.130492504482,113.911112614826
"HKG","Hong Kong SAR, China","China, Hong Kong SAR","East Asia","wdi_real_gdp_per_capita_growth","WDI real GDP per capita growth",1,"1962-1966","expansion",1962,1966,"1962-01-01","1966-01-01",4,0.0761207025357303,0.336242685773779,109.550661140166,146.386269670229,133.624268577378
"HKG","Hong Kong SAR, China","China, Hong Kong SAR","East Asia","wdi_real_gdp_per_capita_growth","WDI real GDP per capita growth",2,"1966-1967","contraction",1966,1967,"1966-01-01","1967-01-01",1,-0.00931972301640911,-0.00931972301640915,146.386269670229,145.021990183497,99.0680276983591
"HKG","Hong Kong SAR, China","China, Hong Kong SAR","East Asia","wdi_real_gdp_per_capita_growth","WDI real GDP per capita growth",3,"1967-1973","expansion",1967,1973,"1967-01-01","1973-01-01",6,0.0667660734334792,0.470404522382262,145.021990183497,213.24099021069,147.040452238226
"HKG","Hong Kong SAR, China","China, Hong Kong SAR","East Asia","wdi_real_gdp_per_capita_growth","WDI real GDP per capita growth",4,"1973-1975","contraction",1973,1975,"1973-01-01","1975-01-01",2,-0.0108323798670437,-0.0215571682876162,213.24099021069,208.6441182989,97.8442831712384
"HKG","Hong Kong SAR, China","China, Hong Kong SAR","East Asia","wdi_real_gdp_per_capita_growth","WDI real GDP per capita growth",5,"1975-1984","expansion",1975,1984,"1975-01-01","1984-01-01",9,0.0726128490378005,0.870113168534514,208.6441182989,390.188113168046,187.011316853451
"HKG","Hong Kong SAR, China","China, Hong Kong SAR","East Asia","wdi_real_gdp_per_capita_growth","WDI real GDP per capita growth",6,"1984-1985","contraction",1984,1985,"1984-01-01","1985-01-01",1,-0.00319543774653226,-0.0031954377465323,390.188113168046,388.941291342981,99.6804562253468
"HKG","Hong Kong SAR, China","China, Hong Kong SAR","East Asia","wdi_real_gdp_per_capita_growth","WDI real GDP per capita growth",7,"1985-1995","expansion",1985,1995,"1985-01-01","1995-01-01",10,0.0528770533546934,0.665081367416293,388.941291342981,647.61889723403,166.508136741629
"HKG","Hong Kong SAR, China","China, Hong Kong SAR","East Asia","wdi_real_gdp_per_capita_growth","WDI real GDP per capita growth",8,"1995-1996","contraction",1995,1996,"1995-01-01","1996-01-01",1,-0.00267987767009188,-0.00267987767009192,647.61889723403,645.883357812603,99.7320122329908
"HKG","Hong Kong SAR, China","China, Hong Kong SAR","East Asia","wdi_real_gdp_per_capita_growth","WDI real GDP per capita growth",9,"1996-1997","expansion",1996,1997,"1996-01-01","1997-01-01",1,0.0422845216857921,0.0422845216857923,645.883357812603,673.194226662522,104.228452168579
"HKG","Hong Kong SAR, China","China, Hong Kong SAR","East Asia","wdi_real_gdp_per_capita_growth","WDI real GDP per capita growth",10,"1997-1998","contraction",1997,1998,"1997-01-01","1998-01-01",1,-0.0666507453315447,-0.0666507453315448,673.194226662522,628.325329702572,93.3349254668455
"HKG","Hong Kong SAR, China","China, Hong Kong SAR","East Asia","wdi_real_gdp_per_capita_growth","WDI real GDP per capita growth",11,"1998-2000","expansion",1998,2000,"1998-01-01","2000-01-01",2,0.0412540173854144,0.083537538150156,628.325329702572,680.81408090331,108.353753815016
"HKG","Hong Kong SAR, China","China, Hong Kong SAR","East Asia","wdi_real_gdp_per_capita_growth","WDI real GDP per capita growth",12,"2000-2001","contraction",2000,2001,"2000-01-01","2001-01-01",1,-0.00177510266157995,-0.00177510266157999,680.81408090331,679.605566016257,99.822489733842
"HKG","Hong Kong SAR, China","China, Hong Kong SAR","East Asia","wdi_real_gdp_per_capita_growth","WDI real GDP per capita growth",13,"2001-2008","expansion",2001,2008,"2001-01-01","2008-01-01",7,0.0466612737057328,0.373386643559133,679.605566016257,933.361207255173,137.338664355913
"HKG","Hong Kong SAR, China","China, Hong Kong SAR","East Asia","wdi_real_gdp_per_capita_growth","WDI real GDP per capita growth",14,"2008-2009","contraction",2008,2009,"2008-01-01","2009-01-01",1,-0.0266898437200337,-0.0266898437200337,933.361207255173,908.44994249919,97.3310156279966
"HKG","Hong Kong SAR, China","China, Hong Kong SAR","East Asia","wdi_real_gdp_per_capita_growth","WDI real GDP per capita growth",15,"2009-2018","expansion",2009,2018,"2009-01-01","2018-01-01",9,0.0261184447052296,0.259941129873508,908.44994249919,1144.59344698595,125.994112987351
"HKG","Hong Kong SAR, China","China, Hong Kong SAR","East Asia","wdi_real_gdp_per_capita_growth","WDI real GDP per capita growth",16,"2018-2020","contraction",2018,2020,"2018-01-01","2020-01-01",2,-0.0430272256985717,-0.0845664071828774,1144.59344698595,1047.79929148929,91.5433592817123
"HKG","Hong Kong SAR, China","China, Hong Kong SAR","East Asia","wdi_real_gdp_per_capita_growth","WDI real GDP per capita growth",17,"2020-2021","expansion",2020,2021,"2020-01-01","2021-01-01",1,0.0742950941492767,0.0742950941492768,1047.79929148929,1125.64563850003,107.429509414928
"HKG","Hong Kong SAR, China","China, Hong Kong SAR","East Asia","wdi_real_gdp_per_capita_growth","WDI real GDP per capita growth",18,"2021-2022","contraction",2021,2022,"2021-01-01","2022-01-01",1,-0.0280533347557801,-0.0280533347557802,1125.64563850003,1094.0675245868,97.194666524422
"HKG","Hong Kong SAR, China","China, Hong Kong SAR","East Asia","wdi_real_gdp_per_capita_growth","WDI real GDP per capita growth",19,"2022-2024","expansion",2022,2024,"2022-01-01","2024-01-01",2,0.0164492617148782,0.0330643373945925,1094.0675245868,1130.24214235221,103.306433739459
"HND","Honduras","Honduras","Latin America","wdi_real_gdp_per_capita_growth","WDI real GDP per capita growth",1,"1961-1966","contraction",1961,1966,"1961-01-01","1966-01-01",5,-0.0155811617484697,-0.0759020256236366,98.8271824020793,91.3259990710849,92.4097974376363
"HND","Honduras","Honduras","Latin America","wdi_real_gdp_per_capita_growth","WDI real GDP per capita growth",2,"1966-1967","expansion",1966,1967,"1966-01-01","1967-01-01",1,0.00802325752453555,0.00802325752453559,91.3259990710849,92.0587310803177,100.802325752454
"HND","Honduras","Honduras","Latin America","wdi_real_gdp_per_capita_growth","WDI real GDP per capita growth",3,"1967-1969","contraction",1967,1969,"1967-01-01","1969-01-01",2,-0.0302514481479801,-0.0596855088011882,92.0587310803177,86.5641588761972,94.0314491198812
"HND","Honduras","Honduras","Latin America","wdi_real_gdp_per_capita_growth","WDI real GDP per capita growth",4,"1969-1983","expansion",1969,1983,"1969-01-01","1983-01-01",14,0.0489245330370469,0.935508614448882,86.5641588761972,167.545675207401,193.550861444888
"HND","Honduras","Honduras","Latin America","wdi_real_gdp_per_capita_growth","WDI real GDP per capita growth",5,"1983-1984","contraction",1983,1984,"1983-01-01","1984-01-01",1,-0.00607016567175762,-0.00607016567175755,167.545675207401,166.528645201306,99.3929834328242
"HND","Honduras","Honduras","Latin America","wdi_real_gdp_per_capita_growth","WDI real GDP per capita growth",6,"1984-1986","expansion",1984,1986,"1984-01-01","1986-01-01",2,0.0211784659320292,0.042786155105125,166.528645201306,173.653765644335,104.278615510512
"HND","Honduras","Honduras","Latin America","wdi_real_gdp_per_capita_growth","WDI real GDP per capita growth",7,"1986-1987","contraction",1986,1987,"1986-01-01","1987-01-01",1,-0.011054612255073,-0.011054612255073,173.653765644335,171.734090598504,98.8945387744927
"HND","Honduras","Honduras","Latin America","wdi_real_gdp_per_capita_growth","WDI real GDP per capita growth",8,"1987-2000","expansion",1987,2000,"1987-01-01","2000-01-01",13,0.134376439024798,4.01409376848656,171.734090598504,861.090833506664,501.409376848656
"HND","Honduras","Honduras","Latin America","wdi_real_gdp_per_capita_growth","WDI real GDP per capita growth",9,"2000-2001","contraction",2000,2001,"2000-01-01","2001-01-01",1,-0.000161960531288656,-0.000161960531288585,861.090833506664,860.951370777782,99.9838039468711
"HND","Honduras","Honduras","Latin America","wdi_real_gdp_per_capita_growth","WDI real GDP per capita growth",10,"2001-2008","expansion",2001,2008,"2001-01-01","2008-01-01",7,0.028356464895673,0.215717352858062,860.951370777782,1046.67352142148,121.571735285806
"HND","Honduras","Honduras","Latin America","wdi_real_gdp_per_capita_growth","WDI real GDP per capita growth",11,"2008-2009","contraction",2008,2009,"2008-01-01","2009-01-01",1,-0.0454399131651867,-0.0454399131651868,1046.67352142148,999.112767495792,95.4560086834813
"HND","Honduras","Honduras","Latin America","wdi_real_gdp_per_capita_growth","WDI real GDP per capita growth",12,"2009-2019","expansion",2009,2019,"2009-01-01","2019-01-01",10,0.0166079680071003,0.178830783657141,999.112767495792,1177.78488666892,117.883078365714
"HND","Honduras","Honduras","Latin America","wdi_real_gdp_per_capita_growth","WDI real GDP per capita growth",13,"2019-2020","contraction",2019,2020,"2019-01-01","2020-01-01",1,-0.105484174868395,-0.105484174868395,1177.78488666892,1053.54721972618,89.4515825131605
"HND","Honduras","Honduras","Latin America","wdi_real_gdp_per_capita_growth","WDI real GDP per capita growth",14,"2020-2024","expansion",2020,2024,"2020-01-01","2024-01-01",4,0.0418843790063407,0.175360535617378,1053.54721972618,1238.29782447557,117.536053561738
"HRV","Croatia","Croatia","Eastern Europe","wdi_real_gdp_per_capita_growth","WDI real GDP per capita growth",1,"1991-1993","contraction",1991,1993,"1991-01-01","1993-01-01",2,-0.0902370303563863,-0.172356882769868,80.3980999942286,66.5409340986032,82.7643117230132
"HRV","Croatia","Croatia","Eastern Europe","wdi_real_gdp_per_capita_growth","WDI real GDP per capita growth",2,"1993-1998","expansion",1993,1998,"1993-01-01","1998-01-01",5,0.0575260975833996,0.321479824996487,66.5409340986032,87.9325019477249,132.147982499649
"HRV","Croatia","Croatia","Eastern Europe","wdi_real_gdp_per_capita_growth","WDI real GDP per capita growth",3,"1998-1999","contraction",1998,1999,"1998-01-01","1999-01-01",1,-0.00419403223611098,-0.00419403223611103,87.9325019477249,87.5637101999542,99.5805967763889
"HRV","Croatia","Croatia","Eastern Europe","wdi_real_gdp_per_capita_growth","WDI real GDP per capita growth",4,"1999-2008","expansion",1999,2008,"1999-01-01","2008-01-01",9,0.0475966022111606,0.518514100257256,87.5637101999542,132.966728609471,151.851410025726
"HRV","Croatia","Croatia","Eastern Europe","wdi_real_gdp_per_capita_growth","WDI real GDP per capita growth",5,"2008-2010","contraction",2008,2010,"2008-01-01","2010-01-01",2,-0.0391319497149145,-0.0775172582057988,132.966728609471,122.65951237507,92.2482741794201
"HRV","Croatia","Croatia","Eastern Europe","wdi_real_gdp_per_capita_growth","WDI real GDP per capita growth",6,"2010-2011","expansion",2010,2011,"2010-01-01","2011-01-01",1,0.00234570646490468,0.00234570646490484,122.65951237507,122.94723558623,100.23457064649
"HRV","Croatia","Croatia","Eastern Europe","wdi_real_gdp_per_capita_growth","WDI real GDP per capita growth",7,"2011-2012","contraction",2011,2012,"2011-01-01","2012-01-01",1,-0.0177266552955663,-0.0177266552955663,122.94723558623,120.76779232145,98.2273344704434
"HRV","Croatia","Croatia","Eastern Europe","wdi_real_gdp_per_capita_growth","WDI real GDP per capita growth",8,"2012-2019","expansion",2012,2019,"2012-01-01","2019-01-01",7,0.0317125279735042,0.242875594543482,120.76779232145,150.099341683226,124.287559454348
"HRV","Croatia","Croatia","Eastern Europe","wdi_real_gdp_per_capita_growth","WDI real GDP per capita growth",9,"2019-2020","contraction",2019,2020,"2019-01-01","2020-01-01",1,-0.0748668905832953,-0.0748668905832953,150.099341683226,138.861870692804,92.5133109416705
"HRV","Croatia","Croatia","Eastern Europe","wdi_real_gdp_per_capita_growth","WDI real GDP per capita growth",10,"2020-2024","expansion",2020,2024,"2020-01-01","2024-01-01",4,0.0722596093460639,0.318092707184206,138.861870692804,183.032819066141,131.809270718421
"HTI","Haiti","Haiti","Latin America","wdi_real_gdp_per_capita_growth","WDI real GDP per capita growth",1,"1961-1962","expansion",1961,1962,"1961-01-01","1962-01-01",1,0.0593166998350294,0.0593166998350296,95.3241439156788,100.978457547356,105.931669983503
"HTI","Haiti","Haiti","Latin America","wdi_real_gdp_per_capita_growth","WDI real GDP per capita growth",2,"1962-1964","contraction",1962,1964,"1962-01-01","1964-01-01",2,-0.0349899436543003,-0.0687569329578844,100.978457547356,94.0354885115822,93.1243067042116
"HTI","Haiti","Haiti","Latin America","wdi_real_gdp_per_capita_growth","WDI real GDP per capita growth",3,"1964-1965","expansion",1964,1965,"1964-01-01","1965-01-01",1,0.00285462309531511,0.00285462309531503,94.0354885115822,94.3039243888666,100.285462309532
"HTI","Haiti","Haiti","Latin America","wdi_real_gdp_per_capita_growth","WDI real GDP per capita growth",4,"1965-1967","contraction",1965,1967,"1965-01-01","1967-01-01",2,-0.0315471109999607,-0.0621563969965143,94.3039243888666,88.4423322262229,93.7843603003486
"HTI","Haiti","Haiti","Latin America","wdi_real_gdp_per_capita_growth","WDI real GDP per capita growth",5,"1967-1969","expansion",1967,1969,"1967-01-01","1969-01-01",2,0.015871075375723,0.0319845621549895,88.4423322262229,91.2711214984448,103.198456215499
"HTI","Haiti","Haiti","Latin America","wdi_real_gdp_per_capita_growth","WDI real GDP per capita growth",6,"1969-1970","contraction",1969,1970,"1969-01-01","1970-01-01",1,-0.0121176570396263,-0.0121176570396263,91.2711214984448,90.1651293505045,98.7882342960374
"HTI","Haiti","Haiti","Latin America","wdi_real_gdp_per_capita_growth","WDI real GDP per capita growth",7,"1970-1971","expansion",1970,1971,"1970-01-01","1971-01-01",1,0.0449381128538218,0.0449381128538215,90.1651293505045,94.2169801087369,104.493811285382
"HTI","Haiti","Haiti","Latin America","wdi_real_gdp_per_capita_growth","WDI real GDP per capita growth",8,"1971-1972","contraction",1971,1972,"1971-01-01","1972-01-01",1,-0.00923847857919483,-0.0092384785791948,94.2169801087369,93.3465585562059,99.0761521420805
"HTI","Haiti","Haiti","Latin America","wdi_real_gdp_per_capita_growth","WDI real GDP per capita growth",9,"1972-1974","expansion",1972,1974,"1972-01-01","1974-01-01",2,0.0327109090942544,0.066466963445813,93.3465585562059,99.5510208515537,106.646696344581
"HTI","Haiti","Haiti","Latin America","wdi_real_gdp_per_capita_growth","WDI real GDP per capita growth",10,"1974-1975","contraction",1974,1975,"1974-01-01","1975-01-01",1,-0.00806656541529165,-0.00806656541529149,99.5510208515537,98.7479860296956,99.1933434584708
"HTI","Haiti","Haiti","Latin America","wdi_real_gdp_per_capita_growth","WDI real GDP per capita growth",11,"1975-1980","expansion",1975,1980,"1975-01-01","1980-01-01",5,0.0462382285728184,0.252837316288325,98.7479860296956,123.715161806321,125.283731628833
"HTI","Haiti","Haiti","Latin America","wdi_real_gdp_per_capita_growth","WDI real GDP per capita growth",12,"1980-1994","contraction",1980,1994,"1980-01-01","1994-01-01",14,-0.0395940400795887,-0.437379153279232,123.715161806321,69.604729087669,56.2620846720768
"HTI","Haiti","Haiti","Latin America","wdi_real_gdp_per_capita_growth","WDI real GDP per capita growth",13,"1994-1999","expansion",1994,1999,"1994-01-01","1999-01-01",5,0.0238301644104084,0.122926017361707,69.604729087669,78.1609612239568,112.292601736171
"HTI","Haiti","Haiti","Latin America","wdi_real_gdp_per_capita_growth","WDI real GDP per capita growth",14,"1999-2002","contraction",1999,2002,"1999-01-01","2002-01-01",3,-0.0128243189421044,-0.0380381631720805,78.1609612239568,75.1878618272332,96.1961836827919
"HTI","Haiti","Haiti","Latin America","wdi_real_gdp_per_capita_growth","WDI real GDP per capita growth",15,"2002-2003","expansion",2002,2003,"2002-01-01","2003-01-01",1,0.016820034644329,0.016820034644329,75.1878618272332,76.4525242680003,101.682003464433
"HTI","Haiti","Haiti","Latin America","wdi_real_gdp_per_capita_growth","WDI real GDP per capita growth",16,"2003-2004","contraction",2003,2004,"2003-01-01","2004-01-01",1,-0.0298301062977993,-0.0298301062977991,76.4525242680003,74.1719373423508,97.0169893702201
"HTI","Haiti","Haiti","Latin America","wdi_real_gdp_per_capita_growth","WDI real GDP per capita growth",17,"2004-2009","expansion",2004,2009,"2004-01-01","2009-01-01",5,0.0189617648865775,0.0979046062130329,74.1719373423508,81.4337116599114,109.790460621303
"HTI","Haiti","Haiti","Latin America","wdi_real_gdp_per_capita_growth","WDI real GDP per capita growth",18,"2009-2010","contraction",2009,2010,"2009-01-01","2010-01-01",1,-0.067459038549499,-0.0674590385494989,81.4337116599114,75.9402717658167,93.2540961450501
"HTI","Haiti","Haiti","Latin America","wdi_real_gdp_per_capita_growth","WDI real GDP per capita growth",19,"2010-2011","expansion",2010,2011,"2010-01-01","2011-01-01",1,0.0391514494215959,0.0391514494215957,75.9402717658167,78.9134434749183,103.91514494216
"HTI","Haiti","Haiti","Latin America","wdi_real_gdp_per_capita_growth","WDI real GDP per capita growth",20,"2011-2012","contraction",2011,2012,"2011-01-01","2012-01-01",1,-0.0104324222181728,-0.0104324222181726,78.9134434749183,78.090185113898,98.9567577781827
"HTI","Haiti","Haiti","Latin America","wdi_real_gdp_per_capita_growth","WDI real GDP per capita growth",21,"2012-2014","expansion",2012,2014,"2012-01-01","2014-01-01",2,0.0207991077348218,0.0419835391283019,78.090185113898,81.3686874561637,104.19835391283
"HTI","Haiti","Haiti","Latin America","wdi_real_gdp_per_capita_growth","WDI real GDP per capita growth",22,"2014-2015","contraction",2014,2015,"2014-01-01","2015-01-01",1,-0.000454395053176881,-0.000454395053176793,81.3686874561637,81.3317139271001,99.9545604946823
"HTI","Haiti","Haiti","Latin America","wdi_real_gdp_per_capita_growth","WDI real GDP per capita growth",23,"2015-2018","expansion",2015,2018,"2015-01-01","2018-01-01",3,0.00616341937618865,0.0185849145047343,81.3317139271001,82.8432568769588,101.858491450473
"HTI","Haiti","Haiti","Latin America","wdi_real_gdp_per_capita_growth","WDI real GDP per capita growth",24,"2018-2024","contraction",2018,2024,"2018-01-01","2024-01-01",6,-0.0357643620038489,-0.196527648155112,82.8432568769588,66.5622664374203,80.3472351844888
"HUN","Hungary","Hungary","Eastern Europe","wdi_real_gdp_per_capita_growth","WDI real GDP per capita growth",1,"1961-1984","expansion",1961,1984,"1961-01-01","1984-01-01",23,0.0619797014195661,2.78119432238872,104.235947777205,394.136373923974,378.119432238872
"HUN","Hungary","Hungary","Eastern Europe","wdi_real_gdp_per_capita_growth","WDI real GDP per capita growth",2,"1984-1985","contraction",1984,1985,"1984-01-01","1985-01-01",1,-0.000715154937306011,-0.000715154937305895,394.136373923974,393.85450535019,99.9284845062694
"HUN","Hungary","Hungary","Eastern Europe","wdi_real_gdp_per_capita_growth","WDI real GDP per capita growth",3,"1985-1989","expansion",1985,1989,"1985-01-01","1989-01-01",4,0.0196542931305125,0.0805139725755804,393.85450535019,425.565296192724,108.051397257558
"HUN","Hungary","Hungary","Eastern Europe","wdi_real_gdp_per_capita_growth","WDI real GDP per capita growth",4,"1989-1993","contraction",1989,1993,"1989-01-01","1993-01-01",4,-0.0446761165085734,-0.170704825746459,425.565296192724,352.919246462405,82.9295174253541
"HUN","Hungary","Hungary","Eastern Europe","wdi_real_gdp_per_capita_growth","WDI real GDP per capita growth",5,"1993-2008","expansion",1993,2008,"1993-01-01","2008-01-01",15,0.032901331376286,0.622230469708877,352.919246462405,572.51635495801,162.223046970888
"HUN","Hungary","Hungary","Eastern Europe","wdi_real_gdp_per_capita_growth","WDI real GDP per capita growth",6,"2008-2009","contraction",2008,2009,"2008-01-01","2009-01-01",1,-0.0659558642753552,-0.0659558642753552,572.51635495801,534.755543954979,93.4044135724645
"HUN","Hungary","Hungary","Eastern Europe","wdi_real_gdp_per_capita_growth","WDI real GDP per capita growth",7,"2009-2011","expansion",2009,2011,"2009-01-01","2011-01-01",2,0.0175127347614805,0.0353114959335583,534.755543954979,553.638562170793,103.531149593356
"HUN","Hungary","Hungary","Eastern Europe","wdi_real_gdp_per_capita_growth","WDI real GDP per capita growth",8,"2011-2012","contraction",2011,2012,"2011-01-01","2012-01-01",1,-0.00828646515876528,-0.0082864651587653,553.638562170793,549.050855514815,99.1713534841235
"HUN","Hungary","Hungary","Eastern Europe","wdi_real_gdp_per_capita_growth","WDI real GDP per capita growth",9,"2012-2019","expansion",2012,2019,"2012-01-01","2019-01-01",7,0.0423688676038482,0.336520083474922,549.050855514815,733.817495244639,133.652008347492
"HUN","Hungary","Hungary","Eastern Europe","wdi_real_gdp_per_capita_growth","WDI real GDP per capita growth",10,"2019-2020","contraction",2019,2020,"2019-01-01","2020-01-01",1,-0.0409730738033811,-0.0409730738033811,733.817495244639,703.750736853768,95.9026926196619
"HUN","Hungary","Hungary","Eastern Europe","wdi_real_gdp_per_capita_growth","WDI real GDP per capita growth",11,"2020-2022","expansion",2020,2022,"2020-01-01","2022-01-01",2,0.0604765145499741,0.1243496540742,703.750736853768,791.261897535997,112.43496540742
"HUN","Hungary","Hungary","Eastern Europe","wdi_real_gdp_per_capita_growth","WDI real GDP per capita growth",12,"2022-2023","contraction",2022,2023,"2022-01-01","2023-01-01",1,-0.00683845867847779,-0.00683845867847777,791.261897535997,785.850885745843,99.3161541321522
"HUN","Hungary","Hungary","Eastern Europe","wdi_real_gdp_per_capita_growth","WDI real GDP per capita growth",13,"2023-2024","expansion",2023,2024,"2023-01-01","2024-01-01",1,0.008768874226772,0.00876887422677197,785.850885745843,792.741913323946,100.876887422677
"IDN","Indonesia","Indonesia","South and South East Asia","wdi_real_gdp_per_capita_growth","WDI real GDP per capita growth",1,"1961-1963","contraction",1961,1963,"1961-01-01","1963-01-01",2,-0.0296862102693001,-0.0588878200835478,102.834618625012,96.7789121050622,94.1112179916452
"IDN","Indonesia","Indonesia","South and South East Asia","wdi_real_gdp_per_capita_growth","WDI real GDP per capita growth",2,"1963-1964","expansion",1963,1964,"1963-01-01","1964-01-01",1,0.00615174818388283,0.00615174818388309,96.7789121050622,97.3742716018427,100.615174818388
"IDN","Indonesia","Indonesia","South and South East Asia","wdi_real_gdp_per_capita_growth","WDI real GDP per capita growth",3,"1964-1965","contraction",1964,1965,"1964-01-01","1965-01-01",1,-0.0144271070505764,-0.0144271070505765,97.3742716018427,95.969442561471,98.5572892949424
"IDN","Indonesia","Indonesia","South and South East Asia","wdi_real_gdp_per_capita_growth","WDI real GDP per capita growth",4,"1965-1966","expansion",1965,1966,"1965-01-01","1966-01-01",1,0.00387144884656649,0.00387144884656654,95.969442561471,96.3409833491812,100.387144884657
"IDN","Indonesia","Indonesia","South and South East Asia","wdi_real_gdp_per_capita_growth","WDI real GDP per capita growth",5,"1966-1967","contraction",1966,1967,"1966-01-01","1967-01-01",1,-0.0122118178852287,-0.0122118178852287,96.3409833491812,95.1644848056371,98.7788182114771
"IDN","Indonesia","Indonesia","South and South East Asia","wdi_real_gdp_per_capita_growth","WDI real GDP per capita growth",6,"1967-1981","expansion",1967,1981,"1967-01-01","1981-01-01",14,0.0496319070795893,0.967894122220089,95.1644848056371,187.273630293116,196.789412222009
"IDN","Indonesia","Indonesia","South and South East Asia","wdi_real_gdp_per_capita_growth","WDI real GDP per capita growth",7,"1981-1982","contraction",1981,1982,"1981-01-01","1982-01-01",1,-0.00090754298915698,-0.000907542989156962,187.273630293116,187.10367142289,99.9092457010843
"IDN","Indonesia","Indonesia","South and South East Asia","wdi_real_gdp_per_capita_growth","WDI real GDP per capita growth",8,"1982-1997","expansion",1982,1997,"1982-01-01","1997-01-01",15,0.0424211393095155,0.861474363736592,187.10367142289,348.288687714704,186.147436373659
"IDN","Indonesia","Indonesia","South and South East Asia","wdi_real_gdp_per_capita_growth","WDI real GDP per capita growth",9,"1997-1999","contraction",1997,1999,"1997-01-01","1999-01-01",2,-0.0760087863528328,-0.150985066116873,348.288687714704,295.702297172341,84.9014933883127
"IDN","Indonesia","Indonesia","South and South East Asia","wdi_real_gdp_per_capita_growth","WDI real GDP per capita growth",10,"1999-2019","expansion",1999,2019,"1999-01-01","2019-01-01",20,0.039725995203775,1.17871075620415,295.702297172341,644.249775483655,217.871075620415
"IDN","Indonesia","Indonesia","South and South East Asia","wdi_real_gdp_per_capita_growth","WDI real GDP per capita growth",11,"2019-2020","contraction",2019,2020,"2019-01-01","2020-01-01",1,-0.0289423403981894,-0.0289423403981894,644.249775483655,625.60367918015,97.1057659601811
"IDN","Indonesia","Indonesia","South and South East Asia","wdi_real_gdp_per_capita_growth","WDI real GDP per capita growth",12,"2020-2024","expansion",2020,2024,"2020-01-01","2024-01-01",4,0.039614423637883,0.168049782080442,625.60367918015,730.736241135097,116.804978208044
"IND","India","India","South and South East Asia","wdi_real_gdp_per_capita_growth","WDI real GDP per capita growth",1,"1961-1964","expansion",1961,1964,"1961-01-01","1964-01-01",3,0.0300703728318639,0.092417350213164,101.266648793702,110.625444140183,109.241735021316
"IND","India","India","South and South East Asia","wdi_real_gdp_per_capita_growth","WDI real GDP per capita growth",2,"1964-1966","contraction",1964,1966,"1964-01-01","1966-01-01",2,-0.0348707359263645,-0.0686986971001711,110.625444140183,103.025620261625,93.1301302899829
"IND","India","India","South and South East Asia","wdi_real_gdp_per_capita_growth","WDI real GDP per capita growth",3,"1966-1970","expansion",1966,1970,"1966-01-01","1970-01-01",4,0.0347169080309749,0.145701870918918,103.025620261625,118.036645886326,114.570187091892
"IND","India","India","South and South East Asia","wdi_real_gdp_per_capita_growth","WDI real GDP per capita growth",4,"1970-1972","contraction",1970,1972,"1970-01-01","1972-01-01",2,-0.0164861383985814,-0.0328136463462562,118.036645886326,114.163433132314,96.7186353653744
"IND","India","India","South and South East Asia","wdi_real_gdp_per_capita_growth","WDI real GDP per capita growth",5,"1972-1973","expansion",1972,1973,"1972-01-01","1973-01-01",1,0.0099695741776938,0.00996957417769373,114.163433132314,115.301593947306,100.996957417769
"IND","India","India","South and South East Asia","wdi_real_gdp_per_capita_growth","WDI real GDP per capita growth",6,"1973-1974","contraction",1973,1974,"1973-01-01","1974-01-01",1,-0.0111546097703989,-0.0111546097703989,115.301593947306,114.015449660919,98.8845390229601
"IND","India","India","South and South East Asia","wdi_real_gdp_per_capita_growth","WDI real GDP per capita growth",7,"1974-1975","expansion",1974,1975,"1974-01-01","1975-01-01",1,0.0660232102773443,0.0660232102773444,114.015449660919,121.543115668748,106.602321027734
"IND","India","India","South and South East Asia","wdi_real_gdp_per_capita_growth","WDI real GDP per capita growth",8,"1975-1976","contraction",1975,1976,"1975-01-01","1976-01-01",1,-0.00700735577976914,-0.0070073557797693,121.543115668748,120.691419814675,99.2992644220231
"IND","India","India","South and South East Asia","wdi_real_gdp_per_capita_growth","WDI real GDP per capita growth",9,"1976-1978","expansion",1976,1978,"1976-01-01","1978-01-01",2,0.0403018403228424,0.0821754850508438,120.691419814675,130.609295779421,108.217548505084
"IND","India","India","South and South East Asia","wdi_real_gdp_per_capita_growth","WDI real GDP per capita growth",10,"1978-1979","contraction",1978,1979,"1978-01-01","1979-01-01",1,-0.0741642471248245,-0.0741642471248246,130.609295779421,120.922755690437,92.5835752875175
"IND","India","India","South and South East Asia","wdi_real_gdp_per_capita_growth","WDI real GDP per capita growth",11,"1979-1990","expansion",1979,1990,"1979-01-01","1990-01-01",11,0.0326648513215843,0.422111069318672,120.922755690437,171.965589399888,142.211106931867
"IND","India","India","South and South East Asia","wdi_real_gdp_per_capita_growth","WDI real GDP per capita growth",12,"1990-1991","contraction",1990,1991,"1990-01-01","1991-01-01",1,-0.0111028105297254,-0.0111028105297255,171.965589399888,170.056288043148,98.8897189470274
"IND","India","India","South and South East Asia","wdi_real_gdp_per_capita_growth","WDI real GDP per capita growth",13,"1991-2019","expansion",1991,2019,"1991-01-01","2019-01-01",28,0.0473642027554445,2.63985055278787,170.056288043148,618.979474038906,363.985055278787
"IND","India","India","South and South East Asia","wdi_real_gdp_per_capita_growth","WDI real GDP per capita growth",14,"2019-2020","contraction",2019,2020,"2019-01-01","2020-01-01",1,-0.0669047102833747,-0.0669047102833746,618.979474038906,577.566831656978,93.3095289716625
"IND","India","India","South and South East Asia","wdi_real_gdp_per_capita_growth","WDI real GDP per capita growth",15,"2020-2024","expansion",2020,2024,"2020-01-01","2024-01-01",4,0.0733356837816229,0.326846678581194,577.566831656978,766.342632242724,132.684667858119
"IRL","Ireland","Ireland","Western Europe","wdi_real_gdp_per_capita_growth","WDI real GDP per capita growth",1,"1961-1975","expansion",1961,1975,"1961-01-01","1975-01-01",14,0.0350524214222532,0.616400787745124,105.172332516435,170.000641128558,161.640078774512
"IRL","Ireland","Ireland","Western Europe","wdi_real_gdp_per_capita_growth","WDI real GDP per capita growth",2,"1975-1976","contraction",1975,1976,"1975-01-01","1976-01-01",1,-0.00123899984172667,-0.00123899984172682,170.000641128558,169.790010361106,99.8761000158273
"IRL","Ireland","Ireland","Western Europe","wdi_real_gdp_per_capita_growth","WDI real GDP per capita growth",3,"1976-1982","expansion",1976,1982,"1976-01-01","1982-01-01",6,0.0324741887178878,0.209826634146326,169.790010361106,205.416476746846,120.982663414633
"IRL","Ireland","Ireland","Western Europe","wdi_real_gdp_per_capita_growth","WDI real GDP per capita growth",4,"1982-1983","contraction",1982,1983,"1982-01-01","1983-01-01",1,-0.00949007340998151,-0.00949007340998154,205.416476746846,203.467059302899,99.0509926590018
"IRL","Ireland","Ireland","Western Europe","wdi_real_gdp_per_capita_growth","WDI real GDP per capita growth",5,"1983-1985","expansion",1983,1985,"1983-01-01","1985-01-01",2,0.0331520722182213,0.0673876434120477,203.467059302899,217.178224941301,106.738764341205
"IRL","Ireland","Ireland","Western Europe","wdi_real_gdp_per_capita_growth","WDI real GDP per capita growth",6,"1985-1986","contraction",1985,1986,"1985-01-01","1986-01-01",1,-0.00473563330562115,-0.0047356333056211,217.178224941301,216.149748506013,99.5264366694379
"IRL","Ireland","Ireland","Western Europe","wdi_real_gdp_per_capita_growth","WDI real GDP per capita growth",7,"1986-2007","expansion",1986,2007,"1986-01-01","2007-01-01",21,0.0518002973569027,1.86851041076645,216.149748506013,620.027803874048,286.851041076645
"IRL","Ireland","Ireland","Western Europe","wdi_real_gdp_per_capita_growth","WDI real GDP per capita growth",8,"2007-2009","contraction",2007,2009,"2007-01-01","2009-01-01",2,-0.062332288481334,-0.120782446048041,620.027803874048,545.139329104346,87.9217553951959
"IRL","Ireland","Ireland","Western Europe","wdi_real_gdp_per_capita_growth","WDI real GDP per capita growth",9,"2009-2011","expansion",2009,2011,"2009-01-01","2011-01-01",2,0.0114858338894762,0.0231035591822439,545.139329104346,557.733987856877,102.310355918224
"IRL","Ireland","Ireland","Western Europe","wdi_real_gdp_per_capita_growth","WDI real GDP per capita growth",10,"2011-2012","contraction",2011,2012,"2011-01-01","2012-01-01",1,-0.00826164036751607,-0.00826164036751609,557.733987856877,553.126190228462,99.1738359632484
"IRL","Ireland","Ireland","Western Europe","wdi_real_gdp_per_capita_growth","WDI real GDP per capita growth",11,"2012-2015","expansion",2012,2015,"2012-01-01","2015-01-01",3,0.112324576130573,0.362757330066052,553.126190228462,753.776770185346,136.275733006605
"IRL","Ireland","Ireland","Western Europe","wdi_real_gdp_per_capita_growth","WDI real GDP per capita growth",12,"2015-2016","contraction",2015,2016,"2015-01-01","2016-01-01",1,-0.000687294094505688,-0.000687294094505631,753.776770185346,753.258703862622,99.9312705905494
"IRL","Ireland","Ireland","Western Europe","wdi_real_gdp_per_capita_growth","WDI real GDP per capita growth",13,"2016-2022","expansion",2016,2022,"2016-01-01","2022-01-01",6,0.0732416168923675,0.523121942945054,753.258703862622,1147.30486056751,152.312194294505
"IRL","Ireland","Ireland","Western Europe","wdi_real_gdp_per_capita_growth","WDI real GDP per capita growth",14,"2022-2023","contraction",2022,2023,"2022-01-01","2023-01-01",1,-0.0434749825420604,-0.0434749825420604,1147.30486056751,1097.42580178392,95.652501745794
"IRL","Ireland","Ireland","Western Europe","wdi_real_gdp_per_capita_growth","WDI real GDP per capita growth",15,"2023-2024","expansion",2023,2024,"2023-01-01","2024-01-01",1,0.00997438539135004,0.00997438539135009,1097.42580178392,1108.37194966932,100.997438539135
"IRN","Iran, Islamic Rep.","Iran (Islamic Republic of)","Middle East and North Africa","wdi_real_gdp_per_capita_growth","WDI real GDP per capita growth",1,"1961-1974","expansion",1961,1974,"1961-01-01","1974-01-01",13,0.0787683895943234,1.66247264367042,107.12149860033,285.208059572358,266.247264367042
"IRN","Iran, Islamic Rep.","Iran (Islamic Republic of)","Middle East and North Africa","wdi_real_gdp_per_capita_growth","WDI real GDP per capita growth",2,"1974-1975","contraction",1974,1975,"1974-01-01","1975-01-01",1,-0.0329408122979362,-0.0329408122979362,285.208059572358,275.813074416126,96.7059187702064
"IRN","Iran, Islamic Rep.","Iran (Islamic Republic of)","Middle East and North Africa","wdi_real_gdp_per_capita_growth","WDI real GDP per capita growth",3,"1975-1976","expansion",1975,1976,"1975-01-01","1976-01-01",1,0.147493531427003,0.147493531427003,275.813074416126,316.493718775499,114.7493531427
"IRN","Iran, Islamic Rep.","Iran (Islamic Republic of)","Middle East and North Africa","wdi_real_gdp_per_capita_growth","WDI real GDP per capita growth",4,"1976-1981","contraction",1976,1981,"1976-01-01","1981-01-01",5,-0.142564588530972,-0.542672491853306,316.493718775499,144.74128375168,45.7327508146694
"IRN","Iran, Islamic Rep.","Iran (Islamic Republic of)","Middle East and North Africa","wdi_real_gdp_per_capita_growth","WDI real GDP per capita growth",5,"1981-1983","expansion",1981,1983,"1981-01-01","1983-01-01",2,0.118327785552624,0.248169700235935,144.74128375168,180.661684752098,124.816970023593
"IRN","Iran, Islamic Rep.","Iran (Islamic Republic of)","Middle East and North Africa","wdi_real_gdp_per_capita_growth","WDI real GDP per capita growth",6,"1983-1988","contraction",1983,1988,"1983-01-01","1988-01-01",5,-0.0763591183614312,-0.331277566008101,180.661684752098,120.8125215565,66.8722433991899
"IRN","Iran, Islamic Rep.","Iran (Islamic Republic of)","Middle East and North Africa","wdi_real_gdp_per_capita_growth","WDI real GDP per capita growth",7,"1988-1992","expansion",1988,1992,"1988-01-01","1992-01-01",4,0.0609618952526191,0.26349989875935,120.8125215565,152.6466087555,126.349989875935
"IRN","Iran, Islamic Rep.","Iran (Islamic Republic of)","Middle East and North Africa","wdi_real_gdp_per_capita_growth","WDI real GDP per capita growth",8,"1992-1994","contraction",1992,1994,"1992-01-01","1994-01-01",2,-0.0185352016757478,-0.0367269508012789,152.6466087555,147.040364265755,96.3273049198721
"IRN","Iran, Islamic Rep.","Iran (Islamic Republic of)","Middle East and North Africa","wdi_real_gdp_per_capita_growth","WDI real GDP per capita growth",9,"1994-2007","expansion",1994,2007,"1994-01-01","2007-01-01",13,0.0306495504848994,0.474575175958463,147.040364265755,216.822071010172,147.457517595846
"IRN","Iran, Islamic Rep.","Iran (Islamic Republic of)","Middle East and North Africa","wdi_real_gdp_per_capita_growth","WDI real GDP per capita growth",10,"2007-2009","contraction",2007,2009,"2007-01-01","2009-01-01",2,-0.00599261388565587,-0.0119622793791299,216.822071010172,214.228384821187,98.803772062087
"IRN","Iran, Islamic Rep.","Iran (Islamic Republic of)","Middle East and North Africa","wdi_real_gdp_per_capita_growth","WDI real GDP per capita growth",11,"2009-2011","expansion",2009,2011,"2009-01-01","2011-01-01",2,0.0293345287352816,0.0592897888747541,214.228384821187,226.929940528214,105.928978887475
"IRN","Iran, Islamic Rep.","Iran (Islamic Republic of)","Middle East and North Africa","wdi_real_gdp_per_capita_growth","WDI real GDP per capita growth",12,"2011-2013","contraction",2011,2013,"2011-01-01","2013-01-01",2,-0.0387235298469621,-0.076062409104254,226.929940528214,209.669102553753,92.3937590895746
"IRN","Iran, Islamic Rep.","Iran (Islamic Republic of)","Middle East and North Africa","wdi_real_gdp_per_capita_growth","WDI real GDP per capita growth",13,"2013-2014","expansion",2013,2014,"2013-01-01","2014-01-01",1,0.0358412137758084,0.0358412137758084,209.669102553753,217.183897680564,103.584121377581
"IRN","Iran, Islamic Rep.","Iran (Islamic Republic of)","Middle East and North Africa","wdi_real_gdp_per_capita_growth","WDI real GDP per capita growth",14,"2014-2015","contraction",2014,2015,"2014-01-01","2015-01-01",1,-0.0275798228082138,-0.0275798228082138,217.183897680564,211.194004265737,97.2420177191786
"IRN","Iran, Islamic Rep.","Iran (Islamic Republic of)","Middle East and North Africa","wdi_real_gdp_per_capita_growth","WDI real GDP per capita growth",15,"2015-2017","expansion",2015,2017,"2015-01-01","2017-01-01",2,0.0441078968308736,0.0893458692245908,211.194004265737,230.063316151881,108.934586922459
"IRN","Iran, Islamic Rep.","Iran (Islamic Republic of)","Middle East and North Africa","wdi_real_gdp_per_capita_growth","WDI real GDP per capita growth",16,"2017-2019","contraction",2017,2019,"2017-01-01","2019-01-01",2,-0.0418812513744156,-0.0820692243888316,230.063316151881,211.182198234974,91.7930775611168
"IRN","Iran, Islamic Rep.","Iran (Islamic Republic of)","Middle East and North Africa","wdi_real_gdp_per_capita_growth","WDI real GDP per capita growth",17,"2019-2024","expansion",2019,2024,"2019-01-01","2024-01-01",5,0.0333344224995286,0.178090659575956,211.182198234974,248.791775209341,117.809065957596
"IRQ","Iraq","Iraq","Middle East and North Africa","wdi_real_gdp_per_capita_growth","WDI real GDP per capita growth",1,"1961-1962","expansion",1961,1962,"1961-01-01","1962-01-01",1,0.0150890256413578,0.0150890256413578,104.752459853492,106.333072406217,101.508902564136
"IRQ","Iraq","Iraq","Middle East and North Africa","wdi_real_gdp_per_capita_growth","WDI real GDP per capita growth",2,"1962-1963","contraction",1962,1963,"1962-01-01","1963-01-01",1,-0.00946584362345931,-0.00946584362345926,106.333072406217,105.326540170818,99.0534156376541
"IRQ","Iraq","Iraq","Middle East and North Africa","wdi_real_gdp_per_capita_growth","WDI real GDP per capita growth",3,"1963-1966","expansion",1963,1966,"1963-01-01","1966-01-01",3,0.0652776461361591,0.206415542047661,105.326540170818,127.067575052182,120.641554204766
"IRQ","Iraq","Iraq","Middle East and North Africa","wdi_real_gdp_per_capita_growth","WDI real GDP per capita growth",4,"1966-1967","contraction",1966,1967,"1966-01-01","1967-01-01",1,-0.119067160500521,-0.119067160500521,127.067575052182,111.937999699032,88.0932839499479
"IRQ","Iraq","Iraq","Middle East and North Africa","wdi_real_gdp_per_capita_growth","WDI real GDP per capita growth",5,"1967-1968","expansion",1967,1968,"1967-01-01","1968-01-01",1,0.154847797815927,0.154847797815927,111.937999699032,129.271352444347,115.484779781593
"IRQ","Iraq","Iraq","Middle East and North Africa","wdi_real_gdp_per_capita_growth","WDI real GDP per capita growth",6,"1968-1969","contraction",1968,1969,"1968-01-01","1969-01-01",1,-0.00251028898459637,-0.0025102889845966,129.271352444347,128.946843992282,99.7489711015403
"IRQ","Iraq","Iraq","Middle East and North Africa","wdi_real_gdp_per_capita_growth","WDI real GDP per capita growth",7,"1969-1976","expansion",1969,1976,"1969-01-01","1976-01-01",7,0.0548038071908939,0.439804214025058,128.946843992282,185.658209365319,143.980421402506
"IRQ","Iraq","Iraq","Middle East and North Africa","wdi_real_gdp_per_capita_growth","WDI real GDP per capita growth",8,"1976-1977","contraction",1976,1977,"1976-01-01","1977-01-01",1,-0.0143357241779491,-0.0143357241779493,185.658209365319,182.996664484486,98.5664275822051
"IRQ","Iraq","Iraq","Middle East and North Africa","wdi_real_gdp_per_capita_growth","WDI real GDP per capita growth",9,"1977-1980","expansion",1977,1980,"1977-01-01","1980-01-01",3,0.170356096172243,0.60133959182775,182.996664484486,293.039804011426,160.133959182775
"IRQ","Iraq","Iraq","Middle East and North Africa","wdi_real_gdp_per_capita_growth","WDI real GDP per capita growth",10,"1980-1981","contraction",1980,1981,"1980-01-01","1981-01-01",1,-0.0366574052775007,-0.0366574052775009,293.039804011426,282.29772515334,96.3342594722499
"IRQ","Iraq","Iraq","Middle East and North Africa","wdi_real_gdp_per_capita_growth","WDI real GDP per capita growth",11,"1981-1982","expansion",1981,1982,"1981-01-01","1982-01-01",1,0.00564164779692348,0.00564164779692344,282.29772515334,283.890349492528,100.564164779692
"IRQ","Iraq","Iraq","Middle East and North Africa","wdi_real_gdp_per_capita_growth","WDI real GDP per capita growth",12,"1982-1985","contraction",1982,1985,"1982-01-01","1985-01-01",3,-0.0702858052139865,-0.201953825324455,283.890349492528,226.557607439816,79.8046174675545
"IRQ","Iraq","Iraq","Middle East and North Africa","wdi_real_gdp_per_capita_growth","WDI real GDP per capita growth",13,"1985-1987","expansion",1985,1987,"1985-01-01","1987-01-01",2,0.0422621325545774,0.085859938672721,226.557607439816,246.009829720436,108.585993867272
"IRQ","Iraq","Iraq","Middle East and North Africa","wdi_real_gdp_per_capita_growth","WDI real GDP per capita growth",14,"1987-1989","contraction",1987,1989,"1987-01-01","1989-01-01",2,-0.0398651873372698,-0.0784215760752625,246.009829720436,226.717351143753,92.1578423924738
"IRQ","Iraq","Iraq","Middle East and North Africa","wdi_real_gdp_per_capita_growth","WDI real GDP per capita growth",15,"1989-1990","expansion",1989,1990,"1989-01-01","1990-01-01",1,0.55872942314425,0.55872942314425,226.717351143753,353.391005965094,155.872942314425
"IRQ","Iraq","Iraq","Middle East and North Africa","wdi_real_gdp_per_capita_growth","WDI real GDP per capita growth",16,"1990-1991","contraction",1990,1991,"1990-01-01","1991-01-01",1,-0.644235820475039,-0.644235820475039,353.391005965094,125.723861288672,35.5764179524961
"IRQ","Iraq","Iraq","Middle East and North Africa","wdi_real_gdp_per_capita_growth","WDI real GDP per capita growth",17,"1991-1993","expansion",1991,1993,"1991-01-01","1993-01-01",2,0.264533802827932,0.598529139516871,125.723861288672,200.97325580252,159.852913951687
"IRQ","Iraq","Iraq","Middle East and North Africa","wdi_real_gdp_per_capita_growth","WDI real GDP per capita growth",18,"1993-1995","contraction",1993,1995,"1993-01-01","1995-01-01",2,-0.0111482102676001,-0.0221738080365383,200.97325580252,196.516913407877,97.7826191963462
"IRQ","Iraq","Iraq","Middle East and North Africa","wdi_real_gdp_per_capita_growth","WDI real GDP per capita growth",19,"1995-2000","expansion",1995,2000,"1995-01-01","2000-01-01",5,0.165547305502492,1.12778343845703,196.516913407877,418.145433725974,212.778343845703
"IRQ","Iraq","Iraq","Middle East and North Africa","wdi_real_gdp_per_capita_growth","WDI real GDP per capita growth",20,"2000-2003","contraction",2000,2003,"2000-01-01","2003-01-01",3,-0.169849878054656,-0.46077440798226,418.145433725974,225.474719050403,53.922559201774
"IRQ","Iraq","Iraq","Middle East and North Africa","wdi_real_gdp_per_capita_growth","WDI real GDP per capita growth",21,"2003-2004","expansion",2003,2004,"2003-01-01","2004-01-01",1,0.490738525824483,0.490738525824483,225.474719050403,336.123850287887,149.073852582448
"IRQ","Iraq","Iraq","Middle East and North Africa","wdi_real_gdp_per_capita_growth","WDI real GDP per capita growth",22,"2004-2005","contraction",2004,2005,"2004-01-01","2005-01-01",1,-0.0129394759634579,-0.0129394759634579,336.123850287887,331.774583806342,98.7060524036542
"IRQ","Iraq","Iraq","Middle East and North Africa","wdi_real_gdp_per_capita_growth","WDI real GDP per capita growth",23,"2005-2008","expansion",2005,2008,"2005-01-01","2008-01-01",3,0.0454190085007157,0.142233764770895,331.774583806342,378.964131916415,114.22337647709
"IRQ","Iraq","Iraq","Middle East and North Africa","wdi_real_gdp_per_capita_growth","WDI real GDP per capita growth",24,"2008-2009","contraction",2008,2009,"2008-01-01","2009-01-01",1,-0.00359808708496018,-0.00359808708496012,378.964131916415,377.600585967704,99.640191291504
"IRQ","Iraq","Iraq","Middle East and North Africa","wdi_real_gdp_per_capita_growth","WDI real GDP per capita growth",25,"2009-2013","expansion",2009,2013,"2009-01-01","2013-01-01",4,0.0459471680060533,0.195493694880664,377.600585967704,451.419119707634,119.549369488066
"IRQ","Iraq","Iraq","Middle East and North Africa","wdi_real_gdp_per_capita_growth","WDI real GDP per capita growth",26,"2013-2015","contraction",2013,2015,"2013-01-01","2015-01-01",2,-0.00718938378677663,-0.0143590385689358,451.419119707634,444.937175156997,98.5640961431064
"IRQ","Iraq","Iraq","Middle East and North Africa","wdi_real_gdp_per_capita_growth","WDI real GDP per capita growth",27,"2015-2016","expansion",2015,2016,"2015-01-01","2016-01-01",1,0.110984155585203,0.110984155585203,444.937175156997,494.318151830262,111.09841555852
"IRQ","Iraq","Iraq","Middle East and North Africa","wdi_real_gdp_per_capita_growth","WDI real GDP per capita growth",28,"2016-2017","contraction",2016,2017,"2016-01-01","2017-01-01",1,-0.0398546687274897,-0.0398546687274897,494.318151830262,474.617265643082,96.014533127251
"IRQ","Iraq","Iraq","Middle East and North Africa","wdi_real_gdp_per_capita_growth","WDI real GDP per capita growth",29,"2017-2019","expansion",2017,2019,"2017-01-01","2019-01-01",2,0.0170410099163387,0.0341661090399328,474.617265643082,490.833090893278,103.416610903993
"IRQ","Iraq","Iraq","Middle East and North Africa","wdi_real_gdp_per_capita_growth","WDI real GDP per capita growth",30,"2019-2021","contraction",2019,2021,"2019-01-01","2021-01-01",2,-0.073574942890574,-0.146105873768954,490.833090893278,419.119493273599,85.3894126231046
"IRQ","Iraq","Iraq","Middle East and North Africa","wdi_real_gdp_per_capita_growth","WDI real GDP per capita growth",31,"2021-2022","expansion",2021,2022,"2021-01-01","2022-01-01",1,0.0551097802061808,0.0551097802061811,419.119493273599,442.217076428033,105.510978020618
"IRQ","Iraq","Iraq","Middle East and North Africa","wdi_real_gdp_per_capita_growth","WDI real GDP per capita growth",32,"2022-2024","contraction",2022,2024,"2022-01-01","2024-01-01",2,-0.0266763568958566,-0.0527308582384041,442.217076428033,418.898590460305,94.7269141761596
"ISL","Iceland","Iceland","Western Europe","wdi_real_gdp_per_capita_growth","WDI real GDP per capita growth",1,"1961-1966","expansion",1961,1966,"1961-01-01","1966-01-01",5,0.0699698898390363,0.402015394514859,97.9973927271666,137.393853225806,140.201539451486
"ISL","Iceland","Iceland","Western Europe","wdi_real_gdp_per_capita_growth","WDI real GDP per capita growth",2,"1966-1968","contraction",1966,1968,"1966-01-01","1968-01-01",2,-0.0481130580526394,-0.0942996082004942,137.393853225806,124.437666697456,90.5700391799506
"ISL","Iceland","Iceland","Western Europe","wdi_real_gdp_per_capita_growth","WDI real GDP per capita growth",3,"1968-1974","expansion",1968,1974,"1968-01-01","1974-01-01",6,0.0576926712897429,0.396125710143512,124.437666697456,173.730625786588,139.612571014351
"ISL","Iceland","Iceland","Western Europe","wdi_real_gdp_per_capita_growth","WDI real GDP per capita growth",4,"1974-1975","contraction",1974,1975,"1974-01-01","1975-01-01",1,-0.00632820672976109,-0.00632820672976109,173.730625786588,172.63122247132,99.3671793270239
"ISL","Iceland","Iceland","Western Europe","wdi_real_gdp_per_capita_growth","WDI real GDP per capita growth",5,"1975-1982","expansion",1975,1982,"1975-01-01","1982-01-01",7,0.0435350796607506,0.345769503716826,172.63122247132,232.321834591257,134.576950371683
"ISL","Iceland","Iceland","Western Europe","wdi_real_gdp_per_capita_growth","WDI real GDP per capita growth",6,"1982-1983","contraction",1982,1983,"1982-01-01","1983-01-01",1,-0.0343818463724148,-0.0343818463724148,232.321834591257,224.334180965383,96.5618153627585
"ISL","Iceland","Iceland","Western Europe","wdi_real_gdp_per_capita_growth","WDI real GDP per capita growth",7,"1983-1987","expansion",1983,1987,"1983-01-01","1987-01-01",4,0.0459197679967814,0.195883791701501,224.334180965383,268.277610941132,119.58837917015
"ISL","Iceland","Iceland","Western Europe","wdi_real_gdp_per_capita_growth","WDI real GDP per capita growth",8,"1987-1989","contraction",1987,1989,"1987-01-01","1989-01-01",2,-0.0130892413115536,-0.0260182715191873,268.277610941132,261.297491217147,97.3981728480813
"ISL","Iceland","Iceland","Western Europe","wdi_real_gdp_per_capita_growth","WDI real GDP per capita growth",9,"1989-1990","expansion",1989,1990,"1989-01-01","1990-01-01",1,0.00385665647091926,0.00385665647091904,261.297491217147,262.305225877485,100.385665647092
"ISL","Iceland","Iceland","Western Europe","wdi_real_gdp_per_capita_growth","WDI real GDP per capita growth",10,"1990-1992","contraction",1990,1992,"1990-01-01","1992-01-01",2,-0.0297696903232792,-0.0589102874227124,262.305225877485,246.852749628563,94.1089712577288
"ISL","Iceland","Iceland","Western Europe","wdi_real_gdp_per_capita_growth","WDI real GDP per capita growth",11,"1992-1994","expansion",1992,1994,"1992-01-01","1994-01-01",2,0.0150156123764259,0.0301095420929323,246.852749628563,254.28537288426,103.010954209293
"ISL","Iceland","Iceland","Western Europe","wdi_real_gdp_per_capita_growth","WDI real GDP per capita growth",12,"1994-1995","contraction",1994,1995,"1994-01-01","1995-01-01",1,-0.00425046357711153,-0.00425046357711156,254.28537288426,253.204542168623,99.5749536422888
"ISL","Iceland","Iceland","Western Europe","wdi_real_gdp_per_capita_growth","WDI real GDP per capita growth",13,"1995-2001","expansion",1995,2001,"1995-01-01","2001-01-01",6,0.0361573248660888,0.237093396756288,253.204542168623,313.237667145503,123.709339675629
"ISL","Iceland","Iceland","Western Europe","wdi_real_gdp_per_capita_growth","WDI real GDP per capita growth",14,"2001-2002","contraction",2001,2002,"2001-01-01","2002-01-01",1,-0.00351156727256466,-0.00351156727256452,313.237667145503,312.13771200502,99.6488432727435
"ISL","Iceland","Iceland","Western Europe","wdi_real_gdp_per_capita_growth","WDI real GDP per capita growth",15,"2002-2007","expansion",2002,2007,"2002-01-01","2007-01-01",5,0.045700916307625,0.249333516166739,312.13771200502,389.964105267473,124.933351616674
"ISL","Iceland","Iceland","Western Europe","wdi_real_gdp_per_capita_growth","WDI real GDP per capita growth",16,"2007-2010","contraction",2007,2010,"2007-01-01","2010-01-01",3,-0.0362962651747914,-0.106908689289554,389.964105267473,348.273553903353,89.3091310710446
"ISL","Iceland","Iceland","Western Europe","wdi_real_gdp_per_capita_growth","WDI real GDP per capita growth",17,"2010-2018","expansion",2010,2018,"2010-01-01","2018-01-01",8,0.0194238045333337,0.165625208225941,348.273553903353,405.956433788185,116.562520822594
"ISL","Iceland","Iceland","Western Europe","wdi_real_gdp_per_capita_growth","WDI real GDP per capita growth",18,"2018-2020","contraction",2018,2020,"2018-01-01","2020-01-01",2,-0.046051703560638,-0.0912384253838145,405.956433788185,368.917607994922,90.8761574616185
"ISL","Iceland","Iceland","Western Europe","wdi_real_gdp_per_capita_growth","WDI real GDP per capita growth",19,"2020-2023","expansion",2020,2023,"2020-01-01","2023-01-01",3,0.0459253154247506,0.144004591387386,368.917607994922,422.043437389842,114.400459138739
"ISL","Iceland","Iceland","Western Europe","wdi_real_gdp_per_capita_growth","WDI real GDP per capita growth",20,"2023-2024","contraction",2023,2024,"2023-01-01","2024-01-01",1,-0.0118666721611689,-0.0118666721611688,422.043437389842,417.035186280564,98.8133327838831
"ISR","Israel","Israel","Middle East and North Africa","wdi_real_gdp_per_capita_growth","WDI real GDP per capita growth",1,"1961-1965","expansion",1961,1965,"1961-01-01","1965-01-01",4,0.0516698786014065,0.223014791600785,107.591418236099,131.585895952056,122.301479160078
"ISR","Israel","Israel","Middle East and North Africa","wdi_real_gdp_per_capita_growth","WDI real GDP per capita growth",2,"1965-1967","contraction",1965,1967,"1965-01-01","1967-01-01",2,-0.0197275614778711,-0.0391038120355536,131.585895952056,126.440385810217,96.0896187964446
"ISR","Israel","Israel","Middle East and North Africa","wdi_real_gdp_per_capita_growth","WDI real GDP per capita growth",3,"1967-1975","expansion",1967,1975,"1967-01-01","1975-01-01",8,0.0635053630901014,0.625458276196761,126.440385810217,205.523571560728,162.545827619676
"ISR","Israel","Israel","Middle East and North Africa","wdi_real_gdp_per_capita_growth","WDI real GDP per capita growth",4,"1975-1977","contraction",1975,1977,"1975-01-01","1977-01-01",2,-0.0154711155971399,-0.0307147962592548,205.523571560728,199.210956933766,96.9285203740745
"ISR","Israel","Israel","Middle East and North Africa","wdi_real_gdp_per_capita_growth","WDI real GDP per capita growth",5,"1977-1979","expansion",1977,1979,"1977-01-01","1979-01-01",2,0.034335980443096,0.0698502618888728,199.210956933766,213.125894446723,106.985026188887
"ISR","Israel","Israel","Middle East and North Africa","wdi_real_gdp_per_capita_growth","WDI real GDP per capita growth",6,"1979-1980","contraction",1979,1980,"1979-01-01","1980-01-01",1,-0.00741543966558936,-0.00741543966558933,213.125894446723,211.545472235278,99.2584560334411
"ISR","Israel","Israel","Middle East and North Africa","wdi_real_gdp_per_capita_growth","WDI real GDP per capita growth",7,"1980-1983","expansion",1980,1983,"1980-01-01","1983-01-01",3,0.0164733077749669,0.0499960805630784,211.545472235278,222.121916707908,104.999608056308
"ISR","Israel","Israel","Middle East and North Africa","wdi_real_gdp_per_capita_growth","WDI real GDP per capita growth",8,"1983-1984","contraction",1983,1984,"1983-01-01","1984-01-01",1,-0.00377291911571191,-0.00377291911571176,222.121916707908,221.283868682342,99.6227080884288
"ISR","Israel","Israel","Middle East and North Africa","wdi_real_gdp_per_capita_growth","WDI real GDP per capita growth",9,"1984-1988","expansion",1984,1988,"1984-01-01","1988-01-01",4,0.0286267111615721,0.119006725593455,221.283868682342,247.618137320879,111.900672559345
"ISR","Israel","Israel","Middle East and North Africa","wdi_real_gdp_per_capita_growth","WDI real GDP per capita growth",10,"1988-1989","contraction",1988,1989,"1988-01-01","1989-01-01",1,-0.0111708158476264,-0.0111708158476262,247.618137320879,244.852040708336,98.8829184152374
"ISR","Israel","Israel","Middle East and North Africa","wdi_real_gdp_per_capita_growth","WDI real GDP per capita growth",11,"1989-2000","expansion",1989,2000,"1989-01-01","2000-01-01",11,0.0289218282884391,0.366516435301276,244.852040708336,334.594337844998,136.651643530128
"ISR","Israel","Israel","Middle East and North Africa","wdi_real_gdp_per_capita_growth","WDI real GDP per capita growth",12,"2000-2003","contraction",2000,2003,"2000-01-01","2003-01-01",3,-0.0151653364853676,-0.0449070088932004,334.594337844998,319.568706939778,95.50929911068
"ISR","Israel","Israel","Middle East and North Africa","wdi_real_gdp_per_capita_growth","WDI real GDP per capita growth",13,"2003-2008","expansion",2003,2008,"2003-01-01","2008-01-01",5,0.0299706233225871,0.158811249118061,319.568706939778,370.319812467927,115.881124911806
"ISR","Israel","Israel","Middle East and North Africa","wdi_real_gdp_per_capita_growth","WDI real GDP per capita growth",14,"2008-2009","contraction",2008,2009,"2008-01-01","2009-01-01",1,-0.0115337011091322,-0.0115337011091322,370.319812467927,366.048654436132,98.8466298890868
"ISR","Israel","Israel","Middle East and North Africa","wdi_real_gdp_per_capita_growth","WDI real GDP per capita growth",15,"2009-2019","expansion",2009,2019,"2009-01-01","2019-01-01",10,0.0205240956969542,0.224641065583232,366.048654436132,448.278214223973,122.464106558323
"ISR","Israel","Israel","Middle East and North Africa","wdi_real_gdp_per_capita_growth","WDI real GDP per capita growth",16,"2019-2020","contraction",2019,2020,"2019-01-01","2020-01-01",1,-0.0373449084409626,-0.0373449084409626,448.278214223973,431.537305357701,96.2655091559037
"ISR","Israel","Israel","Middle East and North Africa","wdi_real_gdp_per_capita_growth","WDI real GDP per capita growth",17,"2020-2022","expansion",2020,2022,"2020-01-01","2022-01-01",2,0.0587904806320501,0.120753392260619,431.537305357701,483.64689886665,112.075339226062
"ISR","Israel","Israel","Middle East and North Africa","wdi_real_gdp_per_capita_growth","WDI real GDP per capita growth",18,"2022-2024","contraction",2022,2024,"2022-01-01","2024-01-01",2,-0.00791721408193702,-0.0157873886065459,483.64689886665,476.011377325891,98.4212611393454
"ITA","Italy","Italy","Western Europe","wdi_real_gdp_per_capita_growth","WDI real GDP per capita growth",1,"1961-1974","expansion",1961,1974,"1961-01-01","1974-01-01",13,0.0446510181807935,0.761702792400569,107.48641883914,189.359124214051,176.170279240057
"ITA","Italy","Italy","Western Europe","wdi_real_gdp_per_capita_growth","WDI real GDP per capita growth",2,"1974-1975","contraction",1974,1975,"1974-01-01","1975-01-01",1,-0.02673183899107,-0.02673183899107,189.359124214051,184.297206594071,97.326816100893
"ITA","Italy","Italy","Western Europe","wdi_real_gdp_per_capita_growth","WDI real GDP per capita growth",3,"1975-1992","expansion",1975,1992,"1975-01-01","1992-01-01",17,0.0272074794058338,0.574936913886662,184.297206594071,290.256473791198,157.493691388666
"ITA","Italy","Italy","Western Europe","wdi_real_gdp_per_capita_growth","WDI real GDP per capita growth",4,"1992-1993","contraction",1992,1993,"1992-01-01","1993-01-01",1,-0.00913401690042861,-0.00913401690042848,290.256473791198,287.605266254131,99.0865983099572
"ITA","Italy","Italy","Western Europe","wdi_real_gdp_per_capita_growth","WDI real GDP per capita growth",5,"1993-2002","expansion",1993,2002,"1993-01-01","2002-01-01",9,0.0194345470401359,0.188656622088992,287.605266254131,341.86390428064,118.865662208899
"ITA","Italy","Italy","Western Europe","wdi_real_gdp_per_capita_growth","WDI real GDP per capita growth",6,"2002-2003","contraction",2002,2003,"2002-01-01","2003-01-01",1,-0.00472767256846353,-0.00472767256846351,341.86390428064,340.247683678225,99.5272327431536
"ITA","Italy","Italy","Western Europe","wdi_real_gdp_per_capita_growth","WDI real GDP per capita growth",7,"2003-2007","expansion",2003,2007,"2003-01-01","2007-01-01",4,0.00784287591986383,0.031704490786316,340.247683678225,351.035063230466,103.170449078632
"ITA","Italy","Italy","Western Europe","wdi_real_gdp_per_capita_growth","WDI real GDP per capita growth",8,"2007-2009","contraction",2007,2009,"2007-01-01","2009-01-01",2,-0.0381807986529316,-0.0753177339504891,351.035063230466,324.595897730781,92.4682266049511
"ITA","Italy","Italy","Western Europe","wdi_real_gdp_per_capita_growth","WDI real GDP per capita growth",9,"2009-2011","expansion",2009,2011,"2009-01-01","2011-01-01",2,0.00714299943910994,0.0143235664469969,324.595897730781,329.24526864035,101.4323566447
"ITA","Italy","Italy","Western Europe","wdi_real_gdp_per_capita_growth","WDI real GDP per capita growth",10,"2011-2014","contraction",2011,2014,"2011-01-01","2014-01-01",3,-0.0180675856809388,-0.0535112687825363,329.24526864035,311.626936574758,94.6488731217464
"ITA","Italy","Italy","Western Europe","wdi_real_gdp_per_capita_growth","WDI real GDP per capita growth",11,"2014-2019","expansion",2014,2019,"2014-01-01","2019-01-01",5,0.0119559574749069,0.0611839591595502,311.626936574758,330.693506335164,106.118395915955
"ITA","Italy","Italy","Western Europe","wdi_real_gdp_per_capita_growth","WDI real GDP per capita growth",12,"2019-2020","contraction",2019,2020,"2019-01-01","2020-01-01",1,-0.0842323993924451,-0.084232399392445,330.693506335164,302.838398833052,91.5767600607555
"ITA","Italy","Italy","Western Europe","wdi_real_gdp_per_capita_growth","WDI real GDP per capita growth",13,"2020-2024","expansion",2020,2024,"2020-01-01","2024-01-01",4,0.0407505477743402,0.170529010702947,302.838398833052,354.481131388917,117.052901070295
"JAM","Jamaica","Jamaica","Latin America","wdi_real_gdp_per_capita_growth","WDI real GDP per capita growth",1,"1967-1972","expansion",1967,1972,"1967-01-01","1972-01-01",5,0.0739581404157169,0.419726597948476,100.607398063662,142.834998981371,141.972659794848
"JAM","Jamaica","Jamaica","Latin America","wdi_real_gdp_per_capita_growth","WDI real GDP per capita growth",2,"1972-1980","contraction",1972,1980,"1972-01-01","1980-01-01",8,-0.0452287954433632,-0.311308834985616,142.834998981371,98.369201853309,68.8691165014384
"JAM","Jamaica","Jamaica","Latin America","wdi_real_gdp_per_capita_growth","WDI real GDP per capita growth",3,"1980-1983","expansion",1980,1983,"1980-01-01","1983-01-01",3,0.00828151059494418,0.02503252525844,98.369201853309,100.831631383354,102.503252525844
"JAM","Jamaica","Jamaica","Latin America","wdi_real_gdp_per_capita_growth","WDI real GDP per capita growth",4,"1983-1985","contraction",1983,1985,"1983-01-01","1985-01-01",2,-0.0344209339600517,-0.0676939314818906,100.831631383354,94.0059418372824,93.2306068518109
"JAM","Jamaica","Jamaica","Latin America","wdi_real_gdp_per_capita_growth","WDI real GDP per capita growth",5,"1985-1995","expansion",1985,1995,"1985-01-01","1995-01-01",10,0.0359322344589061,0.41862629279905,94.0059418372824,133.359300769707,141.862629279905
"JAM","Jamaica","Jamaica","Latin America","wdi_real_gdp_per_capita_growth","WDI real GDP per capita growth",6,"1995-1998","contraction",1995,1998,"1995-01-01","1998-01-01",3,-0.0209664911515169,-0.0616971256338308,133.359300769707,125.131415235679,93.8302874366169
"JAM","Jamaica","Jamaica","Latin America","wdi_real_gdp_per_capita_growth","WDI real GDP per capita growth",7,"1998-2007","expansion",1998,2007,"1998-01-01","2007-01-01",9,0.0110602787077061,0.103638674754202,125.131415235679,138.099869280822,110.36386747542
"JAM","Jamaica","Jamaica","Latin America","wdi_real_gdp_per_capita_growth","WDI real GDP per capita growth",8,"2007-2010","contraction",2007,2010,"2007-01-01","2010-01-01",3,-0.0261893682712578,-0.0768695540396586,138.099869280822,127.48419391627,92.3130445960341
"JAM","Jamaica","Jamaica","Latin America","wdi_real_gdp_per_capita_growth","WDI real GDP per capita growth",9,"2010-2011","expansion",2010,2011,"2010-01-01","2011-01-01",1,0.0129087650393585,0.0129087650393584,127.48419391627,129.129857421767,101.290876503936
"JAM","Jamaica","Jamaica","Latin America","wdi_real_gdp_per_capita_growth","WDI real GDP per capita growth",10,"2011-2012","contraction",2011,2012,"2011-01-01","2012-01-01",1,-0.0104151903293869,-0.010415190329387,129.129857421767,127.784945379513,98.9584809670613
"JAM","Jamaica","Jamaica","Latin America","wdi_real_gdp_per_capita_growth","WDI real GDP per capita growth",11,"2012-2019","expansion",2012,2019,"2012-01-01","2019-01-01",7,0.0138112469243498,0.100451054341017,127.784945379513,140.621077871794,110.045105434102
"JAM","Jamaica","Jamaica","Latin America","wdi_real_gdp_per_capita_growth","WDI real GDP per capita growth",12,"2019-2020","contraction",2019,2020,"2019-01-01","2020-01-01",1,-0.0854632871499803,-0.0854632871499803,140.621077871794,128.603138314297,91.453671285002
"JAM","Jamaica","Jamaica","Latin America","wdi_real_gdp_per_capita_growth","WDI real GDP per capita growth",13,"2020-2023","expansion",2020,2023,"2020-01-01","2023-01-01",3,0.048512198710774,0.152329901118607,128.603138314297,148.193241657257,115.232990111861
"JAM","Jamaica","Jamaica","Latin America","wdi_real_gdp_per_capita_growth","WDI real GDP per capita growth",14,"2023-2024","contraction",2023,2024,"2023-01-01","2024-01-01",1,-0.0051363387005874,-0.00513633870058738,148.193241657257,147.432070974967,99.4863661299413
"JOR","Jordan","Jordan","Middle East and North Africa","wdi_real_gdp_per_capita_growth","WDI real GDP per capita growth",1,"1977-1982","expansion",1977,1982,"1977-01-01","1982-01-01",5,0.100608459282433,0.607040698818271,105.035781715072,168.796776048313,160.704069881827
"JOR","Jordan","Jordan","Middle East and North Africa","wdi_real_gdp_per_capita_growth","WDI real GDP per capita growth",2,"1982-1985","contraction",1982,1985,"1982-01-01","1985-01-01",3,-0.0461531590598343,-0.133476029742771,168.796776048313,146.266452548005,86.6523970257229
"JOR","Jordan","Jordan","Middle East and North Africa","wdi_real_gdp_per_capita_growth","WDI real GDP per capita growth",3,"1985-1986","expansion",1985,1986,"1985-01-01","1986-01-01",1,0.00752136656039752,0.00752136656039726,146.266452548005,147.366576153107,100.75213665604
"JOR","Jordan","Jordan","Middle East and North Africa","wdi_real_gdp_per_capita_growth","WDI real GDP per capita growth",4,"1986-1991","contraction",1986,1991,"1986-01-01","1991-01-01",5,-0.0682736578000481,-0.302015113676662,147.366576153107,102.859642904086,69.7984886323338
"JOR","Jordan","Jordan","Middle East and North Africa","wdi_real_gdp_per_capita_growth","WDI real GDP per capita growth",5,"1991-1992","expansion",1991,1992,"1991-01-01","1992-01-01",1,0.0846165434064829,0.0846165434064829,102.859642904086,111.563270342655,108.461654340648
"JOR","Jordan","Jordan","Middle East and North Africa","wdi_real_gdp_per_capita_growth","WDI real GDP per capita growth",6,"1992-1993","contraction",1992,1993,"1992-01-01","1993-01-01",1,-0.00807674227489841,-0.00807674227489841,111.563270342655,110.662202560753,99.1923257725102
"JOR","Jordan","Jordan","Middle East and North Africa","wdi_real_gdp_per_capita_growth","WDI real GDP per capita growth",7,"1993-1995","expansion",1993,1995,"1993-01-01","1995-01-01",2,0.0100006250869059,0.0200130473086788,110.662202560753,112.876890455884,102.001304730868
"JOR","Jordan","Jordan","Middle East and North Africa","wdi_real_gdp_per_capita_growth","WDI real GDP per capita growth",8,"1995-1996","contraction",1995,1996,"1995-01-01","1996-01-01",1,-0.0124666808036049,-0.0124666808036049,112.876890455884,111.469690292467,98.7533319196395
"JOR","Jordan","Jordan","Middle East and North Africa","wdi_real_gdp_per_capita_growth","WDI real GDP per capita growth",9,"1996-2012","expansion",1996,2012,"1996-01-01","2012-01-01",16,0.0229344563274858,0.433882259535498,111.469690292467,159.834411386284,143.38822595355
"JOR","Jordan","Jordan","Middle East and North Africa","wdi_real_gdp_per_capita_growth","WDI real GDP per capita growth",10,"2012-2016","contraction",2012,2016,"2012-01-01","2016-01-01",4,-0.0422728969864896,-0.15913049504033,159.834411386284,134.399882377905,84.086950495967
"JOR","Jordan","Jordan","Middle East and North Africa","wdi_real_gdp_per_capita_growth","WDI real GDP per capita growth",11,"2016-2017","expansion",2016,2017,"2016-01-01","2017-01-01",1,0.00192083988017671,0.00192083988017666,134.399882377905,134.658043031867,100.192083988018
"JOR","Jordan","Jordan","Middle East and North Africa","wdi_real_gdp_per_capita_growth","WDI real GDP per capita growth",12,"2017-2020","contraction",2017,2020,"2017-01-01","2020-01-01",3,-0.0113745693203087,-0.0339590505804265,134.658043031867,130.085183737487,96.6040949419574
"JOR","Jordan","Jordan","Middle East and North Africa","wdi_real_gdp_per_capita_growth","WDI real GDP per capita growth",13,"2020-2024","expansion",2020,2024,"2020-01-01","2024-01-01",4,0.0135164208825283,0.0551514168598188,130.085183737487,137.259565933079,105.515141685982
"JPN","Japan","Japan","East Asia","wdi_real_gdp_per_capita_growth","WDI real GDP per capita growth",1,"1961-1969","expansion",1961,1969,"1961-01-01","1969-01-01",8,0.0910326164955711,1.0045262628567,111.04407304034,222.59076074394,200.45262628567
"JPN","Japan","Japan","East Asia","wdi_real_gdp_per_capita_growth","WDI real GDP per capita growth",2,"1969-1970","contraction",1969,1970,"1969-01-01","1970-01-01",1,-0.00750553099554736,-0.0075055309955474,222.59076074394,220.920098889854,99.2494469004453
"JPN","Japan","Japan","East Asia","wdi_real_gdp_per_capita_growth","WDI real GDP per capita growth",3,"1970-1973","expansion",1970,1973,"1970-01-01","1973-01-01",3,0.0528505855849122,0.166424174212616,220.920098889854,257.686543914567,116.642417421262
"JPN","Japan","Japan","East Asia","wdi_real_gdp_per_capita_growth","WDI real GDP per capita growth",4,"1973-1974","contraction",1973,1974,"1973-01-01","1974-01-01",1,-0.0252983920012939,-0.025298392001294,257.686543914567,251.167488713158,97.4701607998706
"JPN","Japan","Japan","East Asia","wdi_real_gdp_per_capita_growth","WDI real GDP per capita growth",5,"1974-1992","expansion",1974,1992,"1974-01-01","1992-01-01",18,0.0344106435422467,0.836047192648534,251.167488713158,461.155362536376,183.604719264853
"JPN","Japan","Japan","East Asia","wdi_real_gdp_per_capita_growth","WDI real GDP per capita growth",6,"1992-1993","contraction",1992,1993,"1992-01-01","1993-01-01",1,-0.00781376228236013,-0.00781376228236019,461.155362536376,457.552004158281,99.218623771764
"JPN","Japan","Japan","East Asia","wdi_real_gdp_per_capita_growth","WDI real GDP per capita growth",7,"1993-1997","expansion",1993,1997,"1993-01-01","1997-01-01",4,0.0170828160755208,0.0699138798842676,457.552004158281,489.541240017809,106.991387988427
"JPN","Japan","Japan","East Asia","wdi_real_gdp_per_capita_growth","WDI real GDP per capita growth",8,"1997-1999","contraction",1997,1999,"1997-01-01","1999-01-01",2,-0.0102699233283583,-0.0204605131660018,489.541240017809,479.524975031123,97.9539486833998
"JPN","Japan","Japan","East Asia","wdi_real_gdp_per_capita_growth","WDI real GDP per capita growth",9,"1999-2001","expansion",1999,2001,"1999-01-01","2001-01-01",2,0.013687013882604,0.0274114980725175,479.524975031123,492.669472959913,102.741149807252
"JPN","Japan","Japan","East Asia","wdi_real_gdp_per_capita_growth","WDI real GDP per capita growth",10,"2001-2002","contraction",2001,2002,"2001-01-01","2002-01-01",1,-0.00190392013639268,-0.00190392013639284,492.669472959913,491.731469629759,99.8096079863607
"JPN","Japan","Japan","East Asia","wdi_real_gdp_per_capita_growth","WDI real GDP per capita growth",11,"2002-2007","expansion",2002,2007,"2002-01-01","2007-01-01",5,0.0158794092023944,0.0819296435927404,491.731469629759,532.018853679859,108.192964359274
"JPN","Japan","Japan","East Asia","wdi_real_gdp_per_capita_growth","WDI real GDP per capita growth",12,"2007-2009","contraction",2007,2009,"2007-01-01","2009-01-01",2,-0.0347678114458806,-0.0688128796871965,532.018853679859,495.409104310267,93.1187120312804
"JPN","Japan","Japan","East Asia","wdi_real_gdp_per_capita_growth","WDI real GDP per capita growth",13,"2009-2018","expansion",2009,2018,"2009-01-01","2018-01-01",9,0.0149006910146324,0.141778567222955,495.409104310267,565.647497308584,114.177856722295
"JPN","Japan","Japan","East Asia","wdi_real_gdp_per_capita_growth","WDI real GDP per capita growth",14,"2018-2020","contraction",2018,2020,"2018-01-01","2020-01-01",2,-0.0207429497218102,-0.0413840088716437,565.647497308584,542.238736261742,95.8615991128356
"JPN","Japan","Japan","East Asia","wdi_real_gdp_per_capita_growth","WDI real GDP per capita growth",15,"2020-2024","expansion",2020,2024,"2020-01-01","2024-01-01",4,0.0176830325630902,0.0724415831048077,542.238736261742,581.519368737293,107.244158310481
"KAZ","Kazakhstan","Kazakhstan","Eastern Europe","wdi_real_gdp_per_capita_growth","WDI real GDP per capita growth",1,"1991-1995","contraction",1991,1995,"1991-01-01","1995-01-01",4,-0.0809694174162466,-0.287493817037481,88.35847846301,62.9559622220552,71.2506182962519
"KAZ","Kazakhstan","Kazakhstan","Eastern Europe","wdi_real_gdp_per_capita_growth","WDI real GDP per capita growth",2,"1995-2014","expansion",1995,2014,"1995-01-01","2014-01-01",19,0.0586569059008101,1.9231577935135,62.9559622220552,184.030211617542,292.31577935135
"KAZ","Kazakhstan","Kazakhstan","Eastern Europe","wdi_real_gdp_per_capita_growth","WDI real GDP per capita growth",3,"2014-2016","contraction",2014,2016,"2014-01-01","2016-01-01",2,-0.00368744366890503,-0.00736177522087011,184.030211617542,182.675422565765,99.263822477913
"KAZ","Kazakhstan","Kazakhstan","Eastern Europe","wdi_real_gdp_per_capita_growth","WDI real GDP per capita growth",4,"2016-2019","expansion",2016,2019,"2016-01-01","2019-01-01",3,0.0268029724883789,0.0825756874347301,182.675422565765,197.759971161563,108.257568743473
"KAZ","Kazakhstan","Kazakhstan","Eastern Europe","wdi_real_gdp_per_capita_growth","WDI real GDP per capita growth",5,"2019-2020","contraction",2019,2020,"2019-01-01","2020-01-01",1,-0.0386406094514987,-0.0386406094514987,197.759971161563,190.118405350769,96.1359390548501
"KAZ","Kazakhstan","Kazakhstan","Eastern Europe","wdi_real_gdp_per_capita_growth","WDI real GDP per capita growth",6,"2020-2024","expansion",2020,2024,"2020-01-01","2024-01-01",4,0.0296343303553826,0.12378076925445,190.118405350769,213.651407814516,112.378076925445
"KEN","Kenya","Kenya","Sub Saharan Africa","wdi_real_gdp_per_capita_growth","WDI real GDP per capita growth",1,"1961-1964","expansion",1961,1964,"1961-01-01","1964-01-01",3,0.0363520288469792,0.112478658461657,88.8486395580977,98.8422153417359,111.247865846166
"KEN","Kenya","Kenya","Sub Saharan Africa","wdi_real_gdp_per_capita_growth","WDI real GDP per capita growth",2,"1964-1965","contraction",1964,1965,"1964-01-01","1965-01-01",1,-0.0197317083215169,-0.019731708321517,98.8422153417359,96.8918895787602,98.0268291678483
"KEN","Kenya","Kenya","Sub Saharan Africa","wdi_real_gdp_per_capita_growth","WDI real GDP per capita growth",3,"1965-1966","expansion",1965,1966,"1965-01-01","1966-01-01",1,0.102453783737033,0.102453783737033,96.8918895787602,106.818830279535,110.245378373703
"KEN","Kenya","Kenya","Sub Saharan Africa","wdi_real_gdp_per_capita_growth","WDI real GDP per capita growth",4,"1966-1967","contraction",1966,1967,"1966-01-01","1967-01-01",1,-0.00658711109434691,-0.00658711109434695,106.818830279535,106.115202777515,99.3412888905653
"KEN","Kenya","Kenya","Sub Saharan Africa","wdi_real_gdp_per_capita_growth","WDI real GDP per capita growth",5,"1967-1969","expansion",1967,1969,"1967-01-01","1969-01-01",2,0.0380125917784207,0.0774701386135048,106.115202777515,114.33596224569,107.74701386135
"KEN","Kenya","Kenya","Sub Saharan Africa","wdi_real_gdp_per_capita_growth","WDI real GDP per capita growth",6,"1969-1970","contraction",1969,1970,"1969-01-01","1970-01-01",1,-0.0825406759214241,-0.0825406759214241,114.33596224569,104.898594639804,91.7459324078576
"KEN","Kenya","Kenya","Sub Saharan Africa","wdi_real_gdp_per_capita_growth","WDI real GDP per capita growth",7,"1970-1974","expansion",1970,1974,"1970-01-01","1974-01-01",4,0.0845102682340926,0.371183054384729,104.898594639804,143.835175398872,137.118305438473
"KEN","Kenya","Kenya","Sub Saharan Africa","wdi_real_gdp_per_capita_growth","WDI real GDP per capita growth",8,"1974-1976","contraction",1974,1976,"1974-01-01","1976-01-01",2,-0.0176238063607363,-0.0349795875071104,143.835175398872,138.803880294407,96.502041249289
"KEN","Kenya","Kenya","Sub Saharan Africa","wdi_real_gdp_per_capita_growth","WDI real GDP per capita growth",9,"1976-1981","expansion",1976,1981,"1976-01-01","1981-01-01",5,0.0303374112330061,0.160151043017189,138.803880294407,161.033466498389,116.015104301719
"KEN","Kenya","Kenya","Sub Saharan Africa","wdi_real_gdp_per_capita_growth","WDI real GDP per capita growth",10,"1981-1984","contraction",1981,1984,"1981-01-01","1984-01-01",3,-0.0210161235145572,-0.0617367842947525,161.033466498389,151.091778112942,93.8263215705248
"KEN","Kenya","Kenya","Sub Saharan Africa","wdi_real_gdp_per_capita_growth","WDI real GDP per capita growth",11,"1984-1990","expansion",1984,1990,"1984-01-01","1990-01-01",6,0.0175292580114745,0.109539580739977,151.091778112942,167.642308140691,110.953958073998
"KEN","Kenya","Kenya","Sub Saharan Africa","wdi_real_gdp_per_capita_growth","WDI real GDP per capita growth",12,"1990-1994","contraction",1990,1994,"1990-01-01","1994-01-01",4,-0.0211895273398355,-0.0824090019666246,167.642308140691,153.827072839435,91.7590998033375
"KEN","Kenya","Kenya","Sub Saharan Africa","wdi_real_gdp_per_capita_growth","WDI real GDP per capita growth",13,"1994-1996","expansion",1994,1996,"1994-01-01","1996-01-01",2,0.0140137184507823,0.028223142797531,153.827072839435,158.168556282309,102.822314279753
"KEN","Kenya","Kenya","Sub Saharan Africa","wdi_real_gdp_per_capita_growth","WDI real GDP per capita growth",14,"1996-1997","contraction",1996,1997,"1996-01-01","1997-01-01",1,-0.0223366307984048,-0.0223366307984048,158.168556282309,154.635603636714,97.7663369201595
"KEN","Kenya","Kenya","Sub Saharan Africa","wdi_real_gdp_per_capita_growth","WDI real GDP per capita growth",15,"1997-1998","expansion",1997,1998,"1997-01-01","1998-01-01",1,0.00478811112143987,0.00478811112143984,154.635603636714,155.376016090258,100.478811112144
"KEN","Kenya","Kenya","Sub Saharan Africa","wdi_real_gdp_per_capita_growth","WDI real GDP per capita growth",16,"1998-2000","contraction",1998,2000,"1998-01-01","2000-01-01",2,-0.0149468224123487,-0.0297497011225407,155.376016090258,150.753626049961,97.0250298877459
"KEN","Kenya","Kenya","Sub Saharan Africa","wdi_real_gdp_per_capita_growth","WDI real GDP per capita growth",17,"2000-2001","expansion",2000,2001,"2000-01-01","2001-01-01",1,0.00575576747494395,0.00575576747494377,150.753626049961,151.62132886751,100.575576747494
"KEN","Kenya","Kenya","Sub Saharan Africa","wdi_real_gdp_per_capita_growth","WDI real GDP per capita growth",18,"2001-2003","contraction",2001,2003,"2001-01-01","2003-01-01",2,-0.0138108040849532,-0.0275715964539917,151.62132886751,147.440886774157,97.2428403546008
"KEN","Kenya","Kenya","Sub Saharan Africa","wdi_real_gdp_per_capita_growth","WDI real GDP per capita growth",19,"2003-2007","expansion",2003,2007,"2003-01-01","2007-01-01",4,0.0288512935049105,0.120401381008352,147.440886774157,165.192973158861,112.040138100835
"KEN","Kenya","Kenya","Sub Saharan Africa","wdi_real_gdp_per_capita_growth","WDI real GDP per capita growth",20,"2007-2008","contraction",2007,2008,"2007-01-01","2008-01-01",1,-0.027588645638462,-0.0275886456384621,165.192973158861,160.635522760417,97.2411354361538
"KEN","Kenya","Kenya","Sub Saharan Africa","wdi_real_gdp_per_capita_growth","WDI real GDP per capita growth",21,"2008-2019","expansion",2008,2019,"2008-01-01","2019-01-01",11,0.0236319316118379,0.291996747084857,160.635522760417,207.540572872735,129.199674708486
"KEN","Kenya","Kenya","Sub Saharan Africa","wdi_real_gdp_per_capita_growth","WDI real GDP per capita growth",22,"2019-2020","contraction",2019,2020,"2019-01-01","2020-01-01",1,-0.022103217118529,-0.0221032171185289,207.540572872735,202.953258529625,97.7896782881471
"KEN","Kenya","Kenya","Sub Saharan Africa","wdi_real_gdp_per_capita_growth","WDI real GDP per capita growth",23,"2020-2024","expansion",2020,2024,"2020-01-01","2024-01-01",4,0.036917192981089,0.155771709144883,202.953258529625,234.567634487308,115.577170914488
"KGZ","Kyrgyz Republic","Kyrgyzstan","Eastern Europe","wdi_real_gdp_per_capita_growth","WDI real GDP per capita growth",1,"1987-1990","expansion",1987,1990,"1987-01-01","1990-01-01",3,0.051901138634233,0.160856876140737,101.353404763874,117.656796840418,116.085687614074
"KGZ","Kyrgyz Republic","Kyrgyzstan","Eastern Europe","wdi_real_gdp_per_capita_growth","WDI real GDP per capita growth",2,"1990-1995","contraction",1990,1995,"1990-01-01","1995-01-01",5,-0.13233543897082,-0.511996838926655,117.656796840418,57.4168887798883,48.8003161073345
"KGZ","Kyrgyz Republic","Kyrgyzstan","Eastern Europe","wdi_real_gdp_per_capita_growth","WDI real GDP per capita growth",3,"1995-2001","expansion",1995,2001,"1995-01-01","2001-01-01",6,0.0417543686882282,0.276053296657834,57.4168887798883,73.2670102114126,127.605329665783
"KGZ","Kyrgyz Republic","Kyrgyzstan","Eastern Europe","wdi_real_gdp_per_capita_growth","WDI real GDP per capita growth",4,"2001-2002","contraction",2001,2002,"2001-01-01","2002-01-01",1,-0.00931486114215559,-0.00931486114215574,73.2670102114126,72.5845381849924,99.0685138857844
"KGZ","Kyrgyz Republic","Kyrgyzstan","Eastern Europe","wdi_real_gdp_per_capita_growth","WDI real GDP per capita growth",5,"2002-2004","expansion",2002,2004,"2002-01-01","2004-01-01",2,0.0582664841908205,0.119927189955249,72.5845381849924,81.289397883718,111.992718995525
"KGZ","Kyrgyz Republic","Kyrgyzstan","Eastern Europe","wdi_real_gdp_per_capita_growth","WDI real GDP per capita growth",6,"2004-2005","contraction",2004,2005,"2004-01-01","2005-01-01",1,-0.0129558825808593,-0.0129558825808594,81.289397883718,80.2362219896678,98.7044117419141
"KGZ","Kyrgyz Republic","Kyrgyzstan","Eastern Europe","wdi_real_gdp_per_capita_growth","WDI real GDP per capita growth",7,"2005-2009","expansion",2005,2009,"2005-01-01","2009-01-01",4,0.0460558988995026,0.195576365847359,80.2362219896678,95.928530695729,119.557636584736
"KGZ","Kyrgyz Republic","Kyrgyzstan","Eastern Europe","wdi_real_gdp_per_capita_growth","WDI real GDP per capita growth",8,"2009-2010","contraction",2009,2010,"2009-01-01","2010-01-01",1,-0.0188093371727501,-0.0188093371727502,95.928530695729,94.1241786173865,98.119066282725
"KGZ","Kyrgyz Republic","Kyrgyzstan","Eastern Europe","wdi_real_gdp_per_capita_growth","WDI real GDP per capita growth",9,"2010-2011","expansion",2010,2011,"2010-01-01","2011-01-01",1,0.0443705345314649,0.0443705345314649,94.1241786173865,98.3005187349751,104.437053453146
"KGZ","Kyrgyz Republic","Kyrgyzstan","Eastern Europe","wdi_real_gdp_per_capita_growth","WDI real GDP per capita growth",10,"2011-2012","contraction",2011,2012,"2011-01-01","2012-01-01",1,-0.0195288116304553,-0.0195288116304553,98.3005187349751,96.3808264214237,98.0471188369545
"KGZ","Kyrgyz Republic","Kyrgyzstan","Eastern Europe","wdi_real_gdp_per_capita_growth","WDI real GDP per capita growth",11,"2012-2019","expansion",2012,2019,"2012-01-01","2019-01-01",7,0.0289639081244147,0.219131026313076,96.3808264214237,117.500855832053,121.913102631308
"KGZ","Kyrgyz Republic","Kyrgyzstan","Eastern Europe","wdi_real_gdp_per_capita_growth","WDI real GDP per capita growth",12,"2019-2020","contraction",2019,2020,"2019-01-01","2020-01-01",1,-0.0903157714073227,-0.0903157714073228,117.500855832053,106.88867539656,90.9684228592677
"KGZ","Kyrgyz Republic","Kyrgyzstan","Eastern Europe","wdi_real_gdp_per_capita_growth","WDI real GDP per capita growth",13,"2020-2024","expansion",2020,2024,"2020-01-01","2024-01-01",4,0.0622892911402342,0.272887298787749,106.88867539656,136.057237296528,127.288729878775
"KHM","Cambodia","Cambodia","South and South East Asia","wdi_real_gdp_per_capita_growth","WDI real GDP per capita growth",1,"1976-1977","contraction",1976,1977,"1976-01-01","1977-01-01",1,-0.0765550610489709,-0.0765550610489709,107.275968294004,99.0634499921691,92.3444938951029
"KHM","Cambodia","Cambodia","South and South East Asia","wdi_real_gdp_per_capita_growth","WDI real GDP per capita growth",2,"1977-1978","expansion",1977,1978,"1977-01-01","1978-01-01",1,0.0876685381778104,0.0876685381778104,99.0634499921691,107.748197839833,108.766853817781
"KHM","Cambodia","Cambodia","South and South East Asia","wdi_real_gdp_per_capita_growth","WDI real GDP per capita growth",3,"1978-1982","contraction",1978,1982,"1978-01-01","1982-01-01",4,-0.0569079056199701,-0.211373566596198,107.748197839833,84.9730769681148,78.8626433403802
"KHM","Cambodia","Cambodia","South and South East Asia","wdi_real_gdp_per_capita_growth","WDI real GDP per capita growth",4,"1982-1985","expansion",1982,1985,"1982-01-01","1985-01-01",3,0.0104767820401522,0.0317531594592306,84.9730769681148,87.6712406308249,103.175315945923
"KHM","Cambodia","Cambodia","South and South East Asia","wdi_real_gdp_per_capita_growth","WDI real GDP per capita growth",5,"1985-1986","contraction",1985,1986,"1985-01-01","1986-01-01",1,-0.00194040774515756,-0.00194040774515769,87.6712406308249,87.5011226764772,99.8059592254842
"KHM","Cambodia","Cambodia","South and South East Asia","wdi_real_gdp_per_capita_growth","WDI real GDP per capita growth",6,"1986-1988","expansion",1986,1988,"1986-01-01","1988-01-01",2,0.121433048944578,0.255726431303948,87.5011226764772,109.877472513622,125.572643130395
"KHM","Cambodia","Cambodia","South and South East Asia","wdi_real_gdp_per_capita_growth","WDI real GDP per capita growth",7,"1988-1990","contraction",1988,1990,"1988-01-01","1990-01-01",2,-0.0165800292912319,-0.0330574124600685,109.877472513622,106.245207584669,96.6942587539931
"KHM","Cambodia","Cambodia","South and South East Asia","wdi_real_gdp_per_capita_growth","WDI real GDP per capita growth",8,"1990-1992","expansion",1990,1992,"1990-01-01","1992-01-01",2,0.0230906804777007,0.0466310270602566,106.245207584669,111.199530734572,104.663102706026
"KHM","Cambodia","Cambodia","South and South East Asia","wdi_real_gdp_per_capita_growth","WDI real GDP per capita growth",9,"1992-1994","contraction",1992,1994,"1992-01-01","1994-01-01",2,-0.205925844156267,-0.404080881412024,111.199530734572,66.2659263427429,59.5919118587976
"KHM","Cambodia","Cambodia","South and South East Asia","wdi_real_gdp_per_capita_growth","WDI real GDP per capita growth",10,"1994-1995","expansion",1994,1995,"1994-01-01","1995-01-01",1,0.0135412063704641,0.0135412063704639,66.2659263427429,67.16324692668,101.354120637046
"KHM","Cambodia","Cambodia","South and South East Asia","wdi_real_gdp_per_capita_growth","WDI real GDP per capita growth",11,"1995-1997","contraction",1995,1997,"1995-01-01","1997-01-01",2,-0.0234446350884981,-0.046371828091223,67.16324692668,64.0487643861476,95.3628171908777
"KHM","Cambodia","Cambodia","South and South East Asia","wdi_real_gdp_per_capita_growth","WDI real GDP per capita growth",12,"1997-2019","expansion",1997,2019,"1997-01-01","2019-01-01",22,0.0658493333738198,3.0427536108315,64.0487643861476,258.933373491394,404.27536108315
"KHM","Cambodia","Cambodia","South and South East Asia","wdi_real_gdp_per_capita_growth","WDI real GDP per capita growth",13,"2019-2020","contraction",2019,2020,"2019-01-01","2020-01-01",1,-0.0496368199399319,-0.0496368199399317,258.933373491394,246.080744254963,95.0363180060068
"KHM","Cambodia","Cambodia","South and South East Asia","wdi_real_gdp_per_capita_growth","WDI real GDP per capita growth",14,"2020-2024","expansion",2020,2024,"2020-01-01","2024-01-01",4,0.0341773924055461,0.143602243449035,246.080744254963,281.418491199584,114.360224344904
"KOR","Korea, Rep.","Republic of Korea","East Asia","wdi_real_gdp_per_capita_growth","WDI real GDP per capita growth",1,"1961-1979","expansion",1961,1979,"1961-01-01","1979-01-01",18,0.0799123452626635,2.96439939914782,103.794405703338,411.482479605217,396.439939914782
"KOR","Korea, Rep.","Republic of Korea","East Asia","wdi_real_gdp_per_capita_growth","WDI real GDP per capita growth",2,"1979-1980","contraction",1979,1980,"1979-01-01","1980-01-01",1,-0.0304707446533358,-0.0304707446533355,411.482479605217,398.944302039846,96.9529255346664
"KOR","Korea, Rep.","Republic of Korea","East Asia","wdi_real_gdp_per_capita_growth","WDI real GDP per capita growth",3,"1980-1997","expansion",1980,1997,"1980-01-01","1997-01-01",17,0.0817144362214958,2.78802432728256,398.944302039846,1511.2107213577,378.802432728256
"KOR","Korea, Rep.","Republic of Korea","East Asia","wdi_real_gdp_per_capita_growth","WDI real GDP per capita growth",4,"1997-1998","contraction",1997,1998,"1997-01-01","1998-01-01",1,-0.0562267154232035,-0.0562267154232035,1511.2107213577,1426.24030618342,94.3773284576797
"KOR","Korea, Rep.","Republic of Korea","East Asia","wdi_real_gdp_per_capita_growth","WDI real GDP per capita growth",5,"1998-2019","expansion",1998,2019,"1998-01-01","2019-01-01",21,0.0399342187836597,1.26318642321154,1426.24030618342,3227.84769719139,226.318642321154
"KOR","Korea, Rep.","Republic of Korea","East Asia","wdi_real_gdp_per_capita_growth","WDI real GDP per capita growth",6,"2019-2020","contraction",2019,2020,"2019-01-01","2020-01-01",1,-0.00837051834035137,-0.00837051834035152,3227.84769719139,3200.82893884218,99.1629481659648
"KOR","Korea, Rep.","Republic of Korea","East Asia","wdi_real_gdp_per_capita_growth","WDI real GDP per capita growth",7,"2020-2024","expansion",2020,2024,"2020-01-01","2024-01-01",4,0.0277506771701136,0.11538127999747,3200.82893884218,3570.14467885874,111.538127999747
"KWT","Kuwait","Kuwait","Middle East and North Africa","wdi_real_gdp_per_capita_growth","WDI real GDP per capita growth",1,"1971-1977","contraction",1971,1977,"1971-01-01","1977-01-01",6,-0.100001345028575,-0.477721465660515,100.118996333431,52.2900026645645,52.2278534339485
"KWT","Kuwait","Kuwait","Middle East and North Africa","wdi_real_gdp_per_capita_growth","WDI real GDP per capita growth",2,"1977-1979","expansion",1977,1979,"1977-01-01","1979-01-01",2,0.0400285562756719,0.0806098338714099,52.2900026645645,56.5050910924906,108.060983387141
"KWT","Kuwait","Kuwait","Middle East and North Africa","wdi_real_gdp_per_capita_growth","WDI real GDP per capita growth",3,"1979-1982","contraction",1979,1982,"1979-01-01","1982-01-01",3,-0.208867267274777,-0.506269473606368,56.5050910924906,27.8982883690155,49.3730526393632
"KWT","Kuwait","Kuwait","Middle East and North Africa","wdi_real_gdp_per_capita_growth","WDI real GDP per capita growth",4,"1982-1984","expansion",1982,1984,"1982-01-01","1984-01-01",2,0.0185076740895021,0.0372528355547446,27.8982883690155,28.9375787178853,103.725283555474
"KWT","Kuwait","Kuwait","Middle East and North Africa","wdi_real_gdp_per_capita_growth","WDI real GDP per capita growth",5,"1984-1985","contraction",1984,1985,"1984-01-01","1985-01-01",1,-0.0798202682465829,-0.0798202682465829,28.9375787178853,26.6277734222171,92.0179731753417
"KWT","Kuwait","Kuwait","Middle East and North Africa","wdi_real_gdp_per_capita_growth","WDI real GDP per capita growth",6,"1985-1987","expansion",1985,1987,"1985-01-01","1987-01-01",2,0.0408314134648086,0.0833269286654894,26.6277734222171,28.8465839986909,108.332692866549
"KWT","Kuwait","Kuwait","Middle East and North Africa","wdi_real_gdp_per_capita_growth","WDI real GDP per capita growth",7,"1987-1988","contraction",1987,1988,"1987-01-01","1988-01-01",1,-0.134956518163269,-0.134956518163269,28.8465839986909,24.9535494613233,86.5043481836731
"KWT","Kuwait","Kuwait","Middle East and North Africa","wdi_real_gdp_per_capita_growth","WDI real GDP per capita growth",8,"1988-1989","expansion",1988,1989,"1988-01-01","1989-01-01",1,0.211942464998563,0.211942464998563,24.9535494613233,30.2422662446198,121.194246499856
"KWT","Kuwait","Kuwait","Middle East and North Africa","wdi_real_gdp_per_capita_growth","WDI real GDP per capita growth",9,"1989-1991","contraction",1989,1991,"1989-01-01","1991-01-01",2,-0.146797757691813,-0.285907070936286,30.2422662446198,21.5957884841452,71.4092929063714
"KWT","Kuwait","Kuwait","Middle East and North Africa","wdi_real_gdp_per_capita_growth","WDI real GDP per capita growth",10,"1991-1995","expansion",1991,1995,"1991-01-01","1995-01-01",4,0.237115798248059,1.23837347006368,21.5957884841452,48.3394400080175,223.837347006368
"KWT","Kuwait","Kuwait","Middle East and North Africa","wdi_real_gdp_per_capita_growth","WDI real GDP per capita growth",11,"1995-1997","contraction",1995,1997,"1995-01-01","1997-01-01",2,-0.0152376156754575,-0.0302927053334866,48.3394400080175,46.8751075958689,96.9707294666513
"KWT","Kuwait","Kuwait","Middle East and North Africa","wdi_real_gdp_per_capita_growth","WDI real GDP per capita growth",12,"1997-1998","expansion",1997,1998,"1997-01-01","1998-01-01",1,0.00479689867621317,0.00479689867621325,46.8751075958689,47.0999627374429,100.479689867621
"KWT","Kuwait","Kuwait","Middle East and North Africa","wdi_real_gdp_per_capita_growth","WDI real GDP per capita growth",13,"1998-1999","contraction",1998,1999,"1998-01-01","1999-01-01",1,-0.0466954369474961,-0.0466954369474961,47.0999627374429,44.9006093972072,95.3304563052504
"KWT","Kuwait","Kuwait","Middle East and North Africa","wdi_real_gdp_per_capita_growth","WDI real GDP per capita growth",14,"1999-2000","expansion",1999,2000,"1999-01-01","2000-01-01",1,0.0176596434147542,0.0176596434147542,44.9006093972072,45.693538148267,101.765964341475
"KWT","Kuwait","Kuwait","Middle East and North Africa","wdi_real_gdp_per_capita_growth","WDI real GDP per capita growth",15,"2000-2001","contraction",2000,2001,"2000-01-01","2001-01-01",1,-0.0245214152569666,-0.0245214152569665,45.693538148267,44.5730679247733,97.5478584743034
"KWT","Kuwait","Kuwait","Middle East and North Africa","wdi_real_gdp_per_capita_growth","WDI real GDP per capita growth",16,"2001-2006","expansion",2001,2006,"2001-01-01","2006-01-01",5,0.0623303365801678,0.345546510495531,44.5730679247733,59.975136008259,134.554651049553
"KWT","Kuwait","Kuwait","Middle East and North Africa","wdi_real_gdp_per_capita_growth","WDI real GDP per capita growth",17,"2006-2010","contraction",2006,2010,"2006-01-01","2010-01-01",4,-0.0556681057492117,-0.208310516228402,59.975136008259,47.48168446551,79.1689483771598
"KWT","Kuwait","Kuwait","Middle East and North Africa","wdi_real_gdp_per_capita_growth","WDI real GDP per capita growth",18,"2010-2012","expansion",2010,2012,"2010-01-01","2012-01-01",2,0.0154884677603962,0.0310064278772133,47.48168446551,48.9539218903784,103.100642787721
"KWT","Kuwait","Kuwait","Middle East and North Africa","wdi_real_gdp_per_capita_growth","WDI real GDP per capita growth",19,"2012-2020","contraction",2012,2020,"2012-01-01","2020-01-01",8,-0.0333534742466083,-0.239344625995128,48.9539218903784,37.2370637645311,76.0655374004872
"KWT","Kuwait","Kuwait","Middle East and North Africa","wdi_real_gdp_per_capita_growth","WDI real GDP per capita growth",20,"2020-2022","expansion",2020,2022,"2020-01-01","2022-01-01",2,0.0201394401520918,0.0406512039334166,37.2370637645311,38.7507952375047,104.065120393342
"KWT","Kuwait","Kuwait","Middle East and North Africa","wdi_real_gdp_per_capita_growth","WDI real GDP per capita growth",21,"2022-2024","contraction",2022,2024,"2022-01-01","2024-01-01",2,-0.0522195538674526,-0.102032460084367,38.7507952375047,34.7969562691965,89.7967539915633
"LAO","Lao PDR","Lao People's DR","South and South East Asia","wdi_real_gdp_per_capita_growth","WDI real GDP per capita growth",1,"1985-1986","expansion",1985,1986,"1985-01-01","1986-01-01",1,0.0197501637779287,0.0197501637779287,102.200418679687,104.218893686784,101.975016377793
"LAO","Lao PDR","Lao People's DR","South and South East Asia","wdi_real_gdp_per_capita_growth","WDI real GDP per capita growth",2,"1986-1988","contraction",1986,1988,"1986-01-01","1988-01-01",2,-0.0448244033458722,-0.0876482514798049,104.218893686784,95.0842898839776,91.2351748520195
"LAO","Lao PDR","Lao People's DR","South and South East Asia","wdi_real_gdp_per_capita_growth","WDI real GDP per capita growth",3,"1988-2019","expansion",1988,2019,"1988-01-01","2019-01-01",31,0.0508492628501483,3.63389023483587,95.0842898839776,440.610162379667,463.389023483587
"LAO","Lao PDR","Lao People's DR","South and South East Asia","wdi_real_gdp_per_capita_growth","WDI real GDP per capita growth",4,"2019-2020","contraction",2019,2020,"2019-01-01","2020-01-01",1,-0.00986715601107164,-0.00986715601107158,440.610162379667,436.262593167403,99.0132843988928
"LAO","Lao PDR","Lao People's DR","South and South East Asia","wdi_real_gdp_per_capita_growth","WDI real GDP per capita growth",5,"2020-2024","expansion",2020,2024,"2020-01-01","2024-01-01",4,0.0184181975619219,0.0756328352631037,436.262593167403,469.258370007888,107.56328352631
"LBN","Lebanon","Lebanon","Middle East and North Africa","wdi_real_gdp_per_capita_growth","WDI real GDP per capita growth",1,"1989-1996","expansion",1989,1996,"1989-01-01","1996-01-01",7,0.161611895841777,1.72895383371049,56.395777052638,153.901471992879,272.895383371049
"LBN","Lebanon","Lebanon","Middle East and North Africa","wdi_real_gdp_per_capita_growth","WDI real GDP per capita growth",2,"1996-1997","contraction",1996,1997,"1996-01-01","1997-01-01",1,-0.00755972338344009,-0.00755972338344024,153.901471992879,152.738019436308,99.244027661656
"LBN","Lebanon","Lebanon","Middle East and North Africa","wdi_real_gdp_per_capita_growth","WDI real GDP per capita growth",3,"1997-1998","expansion",1997,1998,"1997-01-01","1998-01-01",1,0.0185892264288059,0.0185892264288059,152.738019436308,155.577301063897,101.858922642881
"LBN","Lebanon","Lebanon","Middle East and North Africa","wdi_real_gdp_per_capita_growth","WDI real GDP per capita growth",4,"1998-2000","contraction",1998,2000,"1998-01-01","2000-01-01",2,-0.0132358753907141,-0.0263833839312002,155.577301063897,151.472645398949,97.36166160688
"LBN","Lebanon","Lebanon","Middle East and North Africa","wdi_real_gdp_per_capita_growth","WDI real GDP per capita growth",5,"2000-2005","expansion",2000,2005,"2000-01-01","2005-01-01",5,0.0240234668025415,0.125558750629208,151.472645398949,170.491361509742,112.555875062921
"LBN","Lebanon","Lebanon","Middle East and North Africa","wdi_real_gdp_per_capita_growth","WDI real GDP per capita growth",6,"2005-2006","contraction",2005,2006,"2005-01-01","2006-01-01",1,-0.0016111039140597,-0.00161110391405994,170.491361509742,170.2166822099,99.838889608594
"LBN","Lebanon","Lebanon","Middle East and North Africa","wdi_real_gdp_per_capita_growth","WDI real GDP per capita growth",7,"2006-2010","expansion",2006,2010,"2006-01-01","2010-01-01",4,0.0754062351870549,0.337371984405323,170.2166822099,227.643022065944,133.737198440532
"LBN","Lebanon","Lebanon","Middle East and North Africa","wdi_real_gdp_per_capita_growth","WDI real GDP per capita growth",8,"2010-2015","contraction",2010,2015,"2010-01-01","2015-01-01",5,-0.028970116413166,-0.138621780031292,227.643022065944,196.08674113546,86.1378219968708
"LBN","Lebanon","Lebanon","Middle East and North Africa","wdi_real_gdp_per_capita_growth","WDI real GDP per capita growth",9,"2015-2018","expansion",2015,2018,"2015-01-01","2018-01-01",3,0.0284239702249649,0.0874518917300313,196.08674113546,213.234897590933,108.745189173003
"LBN","Lebanon","Lebanon","Middle East and North Africa","wdi_real_gdp_per_capita_growth","WDI real GDP per capita growth",10,"2018-2023","contraction",2018,2023,"2018-01-01","2023-01-01",5,-0.0671867840559409,-0.304466984901718,213.234897590933,148.311911245595,69.5533015098282
"LBR","Liberia","Liberia","Sub Saharan Africa","wdi_real_gdp_per_capita_growth","WDI real GDP per capita growth",1,"1961-1963","contraction",1961,1963,"1961-01-01","1963-01-01",2,-0.00697207908128747,-0.013914967015443,99.9665304771173,98.57549950288,98.6085032984557
"LBR","Liberia","Liberia","Sub Saharan Africa","wdi_real_gdp_per_capita_growth","WDI real GDP per capita growth",2,"1963-1972","expansion",1963,1972,"1963-01-01","1972-01-01",9,0.0314206009149856,0.320271220441216,98.57549950288,130.14639503427,132.027122044122
"LBR","Liberia","Liberia","Sub Saharan Africa","wdi_real_gdp_per_capita_growth","WDI real GDP per capita growth",3,"1972-1973","contraction",1972,1973,"1972-01-01","1973-01-01",1,-0.0478156265209702,-0.0478156265209703,130.14639503427,123.923363616261,95.218437347903
"LBR","Liberia","Liberia","Sub Saharan Africa","wdi_real_gdp_per_capita_growth","WDI real GDP per capita growth",4,"1973-1974","expansion",1973,1974,"1973-01-01","1974-01-01",1,0.0199814740649884,0.0199814740649884,123.923363616261,126.399535092405,101.998147406499
"LBR","Liberia","Liberia","Sub Saharan Africa","wdi_real_gdp_per_capita_growth","WDI real GDP per capita growth",5,"1974-1975","contraction",1974,1975,"1974-01-01","1975-01-01",1,-0.0604237452138808,-0.0604237452138808,126.399535092405,118.762001788828,93.9576254786119
"LBR","Liberia","Liberia","Sub Saharan Africa","wdi_real_gdp_per_capita_growth","WDI real GDP per capita growth",6,"1975-1976","expansion",1975,1976,"1975-01-01","1976-01-01",1,0.0248044600023634,0.0248044600023634,118.762001788828,121.707829112,102.480446000236
"LBR","Liberia","Liberia","Sub Saharan Africa","wdi_real_gdp_per_capita_growth","WDI real GDP per capita growth",7,"1976-1977","contraction",1976,1977,"1976-01-01","1977-01-01",1,-0.0122831931578325,-0.0122831931578324,121.707829112,120.212868338197,98.7716806842168
"LBR","Liberia","Liberia","Sub Saharan Africa","wdi_real_gdp_per_capita_growth","WDI real GDP per capita growth",8,"1977-1979","expansion",1977,1979,"1977-01-01","1979-01-01",2,0.0103345277884128,0.0207162615046079,120.212868338197,122.70322955491,102.071626150461
"LBR","Liberia","Liberia","Sub Saharan Africa","wdi_real_gdp_per_capita_growth","WDI real GDP per capita growth",9,"1979-1995","contraction",1979,1995,"1979-01-01","1995-01-01",16,-0.138004399384096,-0.927950876615831,122.70322955491,8.84066012583776,7.20491233841693
"LBR","Liberia","Liberia","Sub Saharan Africa","wdi_real_gdp_per_capita_growth","WDI real GDP per capita growth",10,"1995-2000","expansion",1995,2000,"1995-01-01","2000-01-01",5,0.31319018772074,2.49316720115749,8.84066012583776,30.8819039881573,349.316720115749
"LBR","Liberia","Liberia","Sub Saharan Africa","wdi_real_gdp_per_capita_growth","WDI real GDP per capita growth",11,"2000-2001","contraction",2000,2001,"2000-01-01","2001-01-01",1,-0.000567743363726407,-0.000567743363726447,30.8819039881573,30.8643709921088,99.9432256636274
"LBR","Liberia","Liberia","Sub Saharan Africa","wdi_real_gdp_per_capita_growth","WDI real GDP per capita growth",12,"2001-2002","expansion",2001,2002,"2001-01-01","2002-01-01",1,0.0109938923491595,0.0109938923491595,30.8643709921088,31.2036905642206,101.099389234916
"LBR","Liberia","Liberia","Sub Saharan Africa","wdi_real_gdp_per_capita_growth","WDI real GDP per capita growth",13,"2002-2003","contraction",2002,2003,"2002-01-01","2003-01-01",1,-0.306993530292511,-0.306993530292511,31.2036905642206,21.6243594397554,69.3006469707489
"LBR","Liberia","Liberia","Sub Saharan Africa","wdi_real_gdp_per_capita_growth","WDI real GDP per capita growth",14,"2003-2013","expansion",2003,2013,"2003-01-01","2013-01-01",10,0.0310798503758241,0.356510610386437,21.6243594397554,29.3336730228383,135.651061038644
"LBR","Liberia","Liberia","Sub Saharan Africa","wdi_real_gdp_per_capita_growth","WDI real GDP per capita growth",15,"2013-2016","contraction",2013,2016,"2013-01-01","2016-01-01",3,-0.0232654452929644,-0.068305815749672,29.3336730228383,27.3300125580792,93.1694184250328
"LBR","Liberia","Liberia","Sub Saharan Africa","wdi_real_gdp_per_capita_growth","WDI real GDP per capita growth",16,"2016-2017","expansion",2016,2017,"2016-01-01","2017-01-01",1,0.0048341831127135,0.00483418311271366,27.3300125580792,27.4621308432577,100.483418311271
"LBR","Liberia","Liberia","Sub Saharan Africa","wdi_real_gdp_per_capita_growth","WDI real GDP per capita growth",17,"2017-2020","contraction",2017,2020,"2017-01-01","2020-01-01",3,-0.0338620086723355,-0.0986731454493927,27.4621308432577,24.7523560122107,90.1326854550607
"LBR","Liberia","Liberia","Sub Saharan Africa","wdi_real_gdp_per_capita_growth","WDI real GDP per capita growth",18,"2020-2024","expansion",2020,2024,"2020-01-01","2024-01-01",4,0.0239561915846584,0.099294764654239,24.7523560122107,27.2101353770811,109.929476465424
"LBY","Libya","Libya","Middle East and North Africa","wdi_real_gdp_per_capita_growth","WDI real GDP per capita growth",1,"1961-1970","expansion",1961,1970,"1961-01-01","1970-01-01",9,0.206975050277165,4.20223655962206,105.458926638548,548.622283697554,520.223655962206
"LBY","Libya","Libya","Middle East and North Africa","wdi_real_gdp_per_capita_growth","WDI real GDP per capita growth",2,"1970-1971","contraction",1970,1971,"1970-01-01","1971-01-01",1,-0.0839801719450381,-0.0839801719450383,548.622283697554,502.548889979754,91.6019828054962
"LBY","Libya","Libya","Middle East and North Africa","wdi_real_gdp_per_capita_growth","WDI real GDP per capita growth",3,"1971-1972","expansion",1971,1972,"1971-01-01","1972-01-01",1,0.0556900319073159,0.0556900319073159,502.548889979754,530.535853697713,105.569003190732
"LBY","Libya","Libya","Middle East and North Africa","wdi_real_gdp_per_capita_growth","WDI real GDP per capita growth",4,"1972-1973","contraction",1972,1973,"1972-01-01","1973-01-01",1,-0.0194413702049,-0.0194413702049001,530.535853697713,520.221509759003,98.05586297951
"LBY","Libya","Libya","Middle East and North Africa","wdi_real_gdp_per_capita_growth","WDI real GDP per capita growth",5,"1973-1974","expansion",1973,1974,"1973-01-01","1974-01-01",1,0.162642535826649,0.162642535826649,520.221509759003,604.831655297775,116.264253582665
"LBY","Libya","Libya","Middle East and North Africa","wdi_real_gdp_per_capita_growth","WDI real GDP per capita growth",6,"1974-1975","contraction",1974,1975,"1974-01-01","1975-01-01",1,-0.0160871508404968,-0.0160871508404968,604.831655297775,595.101637225892,98.3912849159503
"LBY","Libya","Libya","Middle East and North Africa","wdi_real_gdp_per_capita_growth","WDI real GDP per capita growth",7,"1975-1977","expansion",1975,1977,"1975-01-01","1977-01-01",2,0.0945964847890576,0.193702885592971,595.101637225892,710.374541577649,119.370288559297
"LBY","Libya","Libya","Middle East and North Africa","wdi_real_gdp_per_capita_growth","WDI real GDP per capita growth",8,"1977-1978","contraction",1977,1978,"1977-01-01","1978-01-01",1,-0.024819010152931,-0.0248190101529308,710.374541577649,692.74374861785,97.5180989847069
"LBY","Libya","Libya","Middle East and North Africa","wdi_real_gdp_per_capita_growth","WDI real GDP per capita growth",9,"1978-1979","expansion",1978,1979,"1978-01-01","1979-01-01",1,0.0284888754591661,0.0284888754591661,692.74374861785,712.47923899734,102.848887545917
"LBY","Libya","Libya","Middle East and North Africa","wdi_real_gdp_per_capita_growth","WDI real GDP per capita growth",10,"1979-1984","contraction",1979,1984,"1979-01-01","1984-01-01",5,-0.0745746907507895,-0.336150917643974,712.47923899734,472.978689006104,66.3849082356026
"LBY","Libya","Libya","Middle East and North Africa","wdi_real_gdp_per_capita_growth","WDI real GDP per capita growth",11,"1984-1985","expansion",1984,1985,"1984-01-01","1985-01-01",1,0.04850536737417,0.04850536737417,472.978689006104,495.920694076498,104.850536737417
"LBY","Libya","Libya","Middle East and North Africa","wdi_real_gdp_per_capita_growth","WDI real GDP per capita growth",12,"1985-1987","contraction",1985,1987,"1985-01-01","1987-01-01",2,-0.154965511557713,-0.28614950550311,495.920694076498,354.013232697749,71.385049449689
"LBY","Libya","Libya","Middle East and North Africa","wdi_real_gdp_per_capita_growth","WDI real GDP per capita growth",13,"1987-1991","expansion",1987,1991,"1987-01-01","1991-01-01",4,0.0597617919331506,0.257170095721727,354.013232697749,445.054849637387,125.717009572173
"LBY","Libya","Libya","Middle East and North Africa","wdi_real_gdp_per_capita_growth","WDI real GDP per capita growth",14,"1991-1993","contraction",1991,1993,"1991-01-01","1993-01-01",2,-0.0518594005353016,-0.101050745783716,445.054849637387,400.08172516687,89.8949254216284
"LBY","Libya","Libya","Middle East and North Africa","wdi_real_gdp_per_capita_growth","WDI real GDP per capita growth",15,"1993-1994","expansion",1993,1994,"1993-01-01","1994-01-01",1,0.000535526200486487,0.000535526200486469,400.08172516687,400.295979413032,100.053552620049
"LBY","Libya","Libya","Middle East and North Africa","wdi_real_gdp_per_capita_growth","WDI real GDP per capita growth",16,"1994-1995","contraction",1994,1995,"1994-01-01","1995-01-01",1,-0.0391035223611419,-0.039103522361142,400.295979413032,384.64299663098,96.0896477638858
"LBY","Libya","Libya","Middle East and North Africa","wdi_real_gdp_per_capita_growth","WDI real GDP per capita growth",17,"1995-1997","expansion",1995,1997,"1995-01-01","1997-01-01",2,0.0204627403585459,0.0411003166726536,384.64299663098,400.451945598431,104.110031667265
"LBY","Libya","Libya","Middle East and North Africa","wdi_real_gdp_per_capita_growth","WDI real GDP per capita growth",18,"1997-1999","contraction",1997,1999,"1997-01-01","1999-01-01",2,-0.0286142354512132,-0.0568582554394456,400.451945598431,377.682946584373,94.3141744560554
"LBY","Libya","Libya","Middle East and North Africa","wdi_real_gdp_per_capita_growth","WDI real GDP per capita growth",19,"1999-2000","expansion",1999,2000,"1999-01-01","2000-01-01",1,0.0197930843294741,0.0197930843294742,377.682946584373,385.158456995922,101.979308432947
"LBY","Libya","Libya","Middle East and North Africa","wdi_real_gdp_per_capita_growth","WDI real GDP per capita growth",20,"2000-2002","contraction",2000,2002,"2000-01-01","2002-01-01",2,-0.0319918688622578,-0.062972967921425,385.158456995922,360.903885838852,93.7027032078575
"LBY","Libya","Libya","Middle East and North Africa","wdi_real_gdp_per_capita_growth","WDI real GDP per capita growth",21,"2002-2007","expansion",2002,2007,"2002-01-01","2007-01-01",5,0.0621126604887861,0.348332629771098,360.903885838852,486.618485487707,134.83326297711
"LBY","Libya","Libya","Middle East and North Africa","wdi_real_gdp_per_capita_growth","WDI real GDP per capita growth",22,"2007-2009","contraction",2007,2009,"2007-01-01","2009-01-01",2,-0.0431570779857303,-0.0848740754668473,486.618485487707,445.317191426861,91.5125924533153
"LBY","Libya","Libya","Middle East and North Africa","wdi_real_gdp_per_capita_growth","WDI real GDP per capita growth",23,"2009-2010","expansion",2009,2010,"2009-01-01","2010-01-01",1,0.0290736772244718,0.029073677224472,445.317191426861,458.264199712913,102.907367722447
"LBY","Libya","Libya","Middle East and North Africa","wdi_real_gdp_per_capita_growth","WDI real GDP per capita growth",24,"2010-2011","contraction",2010,2011,"2010-01-01","2011-01-01",1,-0.491278565212286,-0.491278565212286,458.264199712913,233.128821189797,50.8721434787714
"LBY","Libya","Libya","Middle East and North Africa","wdi_real_gdp_per_capita_growth","WDI real GDP per capita growth",25,"2011-2012","expansion",2011,2012,"2011-01-01","2012-01-01",1,0.917813702690939,0.917813702690939,233.128821189797,447.097647769978,191.781370269094
"LBY","Libya","Libya","Middle East and North Africa","wdi_real_gdp_per_capita_growth","WDI real GDP per capita growth",26,"2012-2016","contraction",2012,2016,"2012-01-01","2016-01-01",4,-0.123874081889842,-0.425667480371019,447.097647769978,256.782718563922,57.4332519628981
"LBY","Libya","Libya","Middle East and North Africa","wdi_real_gdp_per_capita_growth","WDI real GDP per capita growth",27,"2016-2018","expansion",2016,2018,"2016-01-01","2018-01-01",2,0.182991665878641,0.384838215069705,256.782718563922,355.602521636809,138.483821506971
"LBY","Libya","Libya","Middle East and North Africa","wdi_real_gdp_per_capita_growth","WDI real GDP per capita growth",28,"2018-2020","contraction",2018,2020,"2018-01-01","2020-01-01",2,-0.214495445815625,-0.390993968010133,355.602521636809,216.564080667624,60.9006031989867
"LBY","Libya","Libya","Middle East and North Africa","wdi_real_gdp_per_capita_growth","WDI real GDP per capita growth",29,"2020-2021","expansion",2020,2021,"2020-01-01","2021-01-01",1,0.266853936559494,0.266853936559494,216.564080667624,274.355058111167,126.685393655949
"LBY","Libya","Libya","Middle East and North Africa","wdi_real_gdp_per_capita_growth","WDI real GDP per capita growth",30,"2021-2022","contraction",2021,2022,"2021-01-01","2022-01-01",1,-0.0942490206992071,-0.094249020699207,274.355058111167,248.497362560315,90.5750979300793
"LBY","Libya","Libya","Middle East and North Africa","wdi_real_gdp_per_capita_growth","WDI real GDP per capita growth",31,"2022-2024","expansion",2022,2024,"2022-01-01","2024-01-01",2,0.0491242377210762,0.0990190472117636,248.497362560315,273.103334635674,109.901904721176
"LCA","St. Lucia","Saint Lucia","Latin America","wdi_real_gdp_per_capita_growth","WDI real GDP per capita growth",1,"1978-1979","expansion",1978,1979,"1978-01-01","1979-01-01",1,0.0229670884238544,0.0229670884238542,108.693935794666,111.190319029199,102.296708842385
"LCA","St. Lucia","Saint Lucia","Latin America","wdi_real_gdp_per_capita_growth","WDI real GDP per capita growth",2,"1979-1980","contraction",1979,1980,"1979-01-01","1980-01-01",1,-0.0366480197615796,-0.0366480197615795,111.190319029199,107.115414020121,96.3351980238421
"LCA","St. Lucia","Saint Lucia","Latin America","wdi_real_gdp_per_capita_growth","WDI real GDP per capita growth",3,"1980-1990","expansion",1980,1990,"1980-01-01","1990-01-01",10,0.0645297602731562,0.856891271711846,107.115414020121,198.901677359763,185.689127171185
"LCA","St. Lucia","Saint Lucia","Latin America","wdi_real_gdp_per_capita_growth","WDI real GDP per capita growth",4,"1990-1991","contraction",1990,1991,"1990-01-01","1991-01-01",1,-0.00820743643335049,-0.00820743643335053,198.901677359763,197.269204486346,99.179256356665
"LCA","St. Lucia","Saint Lucia","Latin America","wdi_real_gdp_per_capita_growth","WDI real GDP per capita growth",5,"1991-1992","expansion",1991,1992,"1991-01-01","1992-01-01",1,0.0635455541558694,0.0635455541558694,197.269204486346,209.804785403318,106.354555415587
"LCA","St. Lucia","Saint Lucia","Latin America","wdi_real_gdp_per_capita_growth","WDI real GDP per capita growth",6,"1992-1993","contraction",1992,1993,"1992-01-01","1993-01-01",1,-0.00892733394374474,-0.00892733394374468,209.804785403318,207.931788021027,99.1072666056255
"LCA","St. Lucia","Saint Lucia","Latin America","wdi_real_gdp_per_capita_growth","WDI real GDP per capita growth",7,"1993-1996","expansion",1993,1996,"1993-01-01","1996-01-01",3,0.00548893168738802,0.0165029848392408,207.931788021027,211.363283166334,101.650298483924
"LCA","St. Lucia","Saint Lucia","Latin America","wdi_real_gdp_per_capita_growth","WDI real GDP per capita growth",8,"1996-1997","contraction",1996,1997,"1996-01-01","1997-01-01",1,-0.0208248177579216,-0.0208248177579216,211.363283166334,206.961681313679,97.9175182242078
"LCA","St. Lucia","Saint Lucia","Latin America","wdi_real_gdp_per_capita_growth","WDI real GDP per capita growth",9,"1997-1999","expansion",1997,1999,"1997-01-01","1999-01-01",2,0.0309089363386707,0.0624680120909891,206.961681313679,219.890166124354,106.246801209099
"LCA","St. Lucia","Saint Lucia","Latin America","wdi_real_gdp_per_capita_growth","WDI real GDP per capita growth",10,"1999-2002","contraction",1999,2002,"1999-01-01","2002-01-01",3,-0.0199983313971156,-0.0592366099610565,219.890166124354,206.864618119374,94.0763390038943
"LCA","St. Lucia","Saint Lucia","Latin America","wdi_real_gdp_per_capita_growth","WDI real GDP per capita growth",11,"2002-2004","expansion",2002,2004,"2002-01-01","2004-01-01",2,0.049265302536335,0.100727852272725,206.864618119374,227.701646813756,110.072785227273
"LCA","St. Lucia","Saint Lucia","Latin America","wdi_real_gdp_per_capita_growth","WDI real GDP per capita growth",12,"2004-2005","contraction",2004,2005,"2004-01-01","2005-01-01",1,-0.0113924471405971,-0.0113924471405972,227.701646813756,225.107567838603,98.8607552859403
"LCA","St. Lucia","Saint Lucia","Latin America","wdi_real_gdp_per_capita_growth","WDI real GDP per capita growth",13,"2005-2008","expansion",2005,2008,"2005-01-01","2008-01-01",3,0.0358245516948119,0.110819935674301,225.107567838603,250.053974026275,111.08199356743
"LCA","St. Lucia","Saint Lucia","Latin America","wdi_real_gdp_per_capita_growth","WDI real GDP per capita growth",14,"2008-2010","contraction",2008,2010,"2008-01-01","2010-01-01",2,-0.0185728970737191,-0.03705002034321,250.053974026275,240.789469201701,96.294997965679
"LCA","St. Lucia","Saint Lucia","Latin America","wdi_real_gdp_per_capita_growth","WDI real GDP per capita growth",15,"2010-2011","expansion",2010,2011,"2010-01-01","2011-01-01",1,0.0378344996295867,0.0378344996295867,240.789469201701,249.899618285021,103.783449962959
"LCA","St. Lucia","Saint Lucia","Latin America","wdi_real_gdp_per_capita_growth","WDI real GDP per capita growth",16,"2011-2013","contraction",2011,2013,"2011-01-01","2013-01-01",2,-0.0141265830498016,-0.028125681601604,249.899618285021,242.871021188775,97.1874318398396
"LCA","St. Lucia","Saint Lucia","Latin America","wdi_real_gdp_per_capita_growth","WDI real GDP per capita growth",17,"2013-2014","expansion",2013,2014,"2013-01-01","2014-01-01",1,0.00880621538906311,0.00880621538906312,242.871021188775,245.009795713125,100.880621538906
"LCA","St. Lucia","Saint Lucia","Latin America","wdi_real_gdp_per_capita_growth","WDI real GDP per capita growth",18,"2014-2015","contraction",2014,2015,"2014-01-01","2015-01-01",1,-0.00337052867572226,-0.00337052867572218,245.009795713125,244.183983170841,99.6629471324278
"LCA","St. Lucia","Saint Lucia","Latin America","wdi_real_gdp_per_capita_growth","WDI real GDP per capita growth",19,"2015-2018","expansion",2015,2018,"2015-01-01","2018-01-01",3,0.0281926345463019,0.0869766314427227,244.183983170841,265.422283479307,108.697663144272
"LCA","St. Lucia","Saint Lucia","Latin America","wdi_real_gdp_per_capita_growth","WDI real GDP per capita growth",20,"2018-2020","contraction",2018,2020,"2018-01-01","2020-01-01",2,-0.12835840567366,-0.254107332736501,265.422283479307,197.976534975549,74.5892667263499
"LCA","St. Lucia","Saint Lucia","Latin America","wdi_real_gdp_per_capita_growth","WDI real GDP per capita growth",21,"2020-2024","expansion",2020,2024,"2020-01-01","2024-01-01",4,0.0929794711002669,0.41479445330122,197.976534975549,280.096103567201,141.479445330122
"LKA","Sri Lanka","Sri Lanka","South and South East Asia","wdi_real_gdp_per_capita_growth","WDI real GDP per capita growth",1,"1962-1970","expansion",1962,1970,"1962-01-01","1970-01-01",8,0.0224426144465366,0.19294739613864,101.316849354662,120.865671622615,119.294739613864
"LKA","Sri Lanka","Sri Lanka","South and South East Asia","wdi_real_gdp_per_capita_growth","WDI real GDP per capita growth",2,"1970-1972","contraction",1970,1972,"1970-01-01","1972-01-01",2,-0.0162060603202097,-0.0322119418717982,120.865671622615,116.972353634012,96.7788058128202
"LKA","Sri Lanka","Sri Lanka","South and South East Asia","wdi_real_gdp_per_capita_growth","WDI real GDP per capita growth",3,"1972-2000","expansion",1972,2000,"1972-01-01","2000-01-01",28,0.0338955617791842,1.53751800741097,116.972353634012,296.819453715549,253.751800741097
"LKA","Sri Lanka","Sri Lanka","South and South East Asia","wdi_real_gdp_per_capita_growth","WDI real GDP per capita growth",4,"2000-2001","contraction",2000,2001,"2000-01-01","2001-01-01",1,-0.0308904716018746,-0.0308904716018746,296.819453715549,287.650560809665,96.9109528398125
"LKA","Sri Lanka","Sri Lanka","South and South East Asia","wdi_real_gdp_per_capita_growth","WDI real GDP per capita growth",5,"2001-2018","expansion",2001,2018,"2001-01-01","2018-01-01",17,0.0522098949613452,1.3691416679895,287.650560809665,681.484929434726,236.91416679895
"LKA","Sri Lanka","Sri Lanka","South and South East Asia","wdi_real_gdp_per_capita_growth","WDI real GDP per capita growth",6,"2018-2020","contraction",2018,2020,"2018-01-01","2020-01-01",2,-0.0297920453052329,-0.0591587995079964,681.484929434726,641.169099126576,94.0841200492004
"LKA","Sri Lanka","Sri Lanka","South and South East Asia","wdi_real_gdp_per_capita_growth","WDI real GDP per capita growth",7,"2020-2021","expansion",2020,2021,"2020-01-01","2021-01-01",1,0.0309278196860629,0.030927819686063,641.169099126576,660.999061412638,103.092781968606
"LKA","Sri Lanka","Sri Lanka","South and South East Asia","wdi_real_gdp_per_capita_growth","WDI real GDP per capita growth",8,"2021-2023","contraction",2021,2023,"2021-01-01","2023-01-01",2,-0.0457262245263342,-0.0901915754852114,660.999061412638,601.382514669586,90.9808424514789
"LKA","Sri Lanka","Sri Lanka","South and South East Asia","wdi_real_gdp_per_capita_growth","WDI real GDP per capita growth",9,"2023-2024","expansion",2023,2024,"2023-01-01","2024-01-01",1,0.0558848090094126,0.0558848090094126,601.382514669586,634.990661643496,105.588480900941
"LSO","Lesotho","Lesotho","Sub Saharan Africa","wdi_real_gdp_per_capita_growth","WDI real GDP per capita growth",1,"1961-1964","expansion",1961,1964,"1961-01-01","1964-01-01",3,0.0814339491392706,0.26343663901473,98.8680137083177,124.913470945699,126.343663901473
"LSO","Lesotho","Lesotho","Sub Saharan Africa","wdi_real_gdp_per_capita_growth","WDI real GDP per capita growth",2,"1964-1966","contraction",1964,1966,"1964-01-01","1966-01-01",2,-0.0216870350483929,-0.0430925762724482,124.913470945699,119.530627671515,95.6907423727552
"LSO","Lesotho","Lesotho","Sub Saharan Africa","wdi_real_gdp_per_capita_growth","WDI real GDP per capita growth",3,"1966-1967","expansion",1966,1967,"1966-01-01","1967-01-01",1,0.070152581777628,0.0701525817776281,119.530627671515,127.916009804173,107.015258177763
"LSO","Lesotho","Lesotho","Sub Saharan Africa","wdi_real_gdp_per_capita_growth","WDI real GDP per capita growth",4,"1967-1970","contraction",1967,1970,"1967-01-01","1970-01-01",3,-0.0248973913150719,-0.073015122193864,127.916009804173,118.576206717769,92.6984877806136
"LSO","Lesotho","Lesotho","Sub Saharan Africa","wdi_real_gdp_per_capita_growth","WDI real GDP per capita growth",5,"1970-1971","expansion",1970,1971,"1970-01-01","1971-01-01",1,0.014343007037433,0.0143430070374329,118.576206717769,120.276946085194,101.434300703743
"LSO","Lesotho","Lesotho","Sub Saharan Africa","wdi_real_gdp_per_capita_growth","WDI real GDP per capita growth",6,"1971-1972","contraction",1971,1972,"1971-01-01","1972-01-01",1,-0.0365226671969542,-0.0365226671969541,120.276946085194,115.884111211859,96.3477332803046
"LSO","Lesotho","Lesotho","Sub Saharan Africa","wdi_real_gdp_per_capita_growth","WDI real GDP per capita growth",7,"1972-1974","expansion",1972,1974,"1972-01-01","1974-01-01",2,0.146567083444105,0.309085539412724,115.884111211859,151.70221423514,130.908553941272
"LSO","Lesotho","Lesotho","Sub Saharan Africa","wdi_real_gdp_per_capita_growth","WDI real GDP per capita growth",8,"1974-1975","contraction",1974,1975,"1974-01-01","1975-01-01",1,-0.164511267325274,-0.164511267325274,151.70221423514,126.745490715267,83.5488732674726
"LSO","Lesotho","Lesotho","Sub Saharan Africa","wdi_real_gdp_per_capita_growth","WDI real GDP per capita growth",9,"1975-1978","expansion",1975,1978,"1975-01-01","1978-01-01",3,0.136251260401249,0.463466694445347,126.745490715267,185.487804332926,146.346669444535
"LSO","Lesotho","Lesotho","Sub Saharan Africa","wdi_real_gdp_per_capita_growth","WDI real GDP per capita growth",10,"1978-1981","contraction",1978,1981,"1978-01-01","1981-01-01",3,-0.0258916451917181,-0.0764313492290579,185.487804332926,171.310721182225,92.3568650770942
"LSO","Lesotho","Lesotho","Sub Saharan Africa","wdi_real_gdp_per_capita_growth","WDI real GDP per capita growth",11,"1981-1982","expansion",1981,1982,"1981-01-01","1982-01-01",1,0.0146776133251802,0.0146776133251802,171.310721182225,173.825153706195,101.467761332518
"LSO","Lesotho","Lesotho","Sub Saharan Africa","wdi_real_gdp_per_capita_growth","WDI real GDP per capita growth",12,"1982-1983","contraction",1982,1983,"1982-01-01","1983-01-01",1,-0.00917132307576523,-0.00917132307576518,173.825153706195,172.230947062861,99.0828676924235
"LSO","Lesotho","Lesotho","Sub Saharan Africa","wdi_real_gdp_per_capita_growth","WDI real GDP per capita growth",13,"1983-1984","expansion",1983,1984,"1983-01-01","1984-01-01",1,0.025557662771063,0.025557662771063,172.230947062861,176.632767526634,102.555766277106
"LSO","Lesotho","Lesotho","Sub Saharan Africa","wdi_real_gdp_per_capita_growth","WDI real GDP per capita growth",14,"1984-1985","contraction",1984,1985,"1984-01-01","1985-01-01",1,-0.0025717695813087,-0.00257176958130867,176.632767526634,176.178508748047,99.7428230418691
"LSO","Lesotho","Lesotho","Sub Saharan Africa","wdi_real_gdp_per_capita_growth","WDI real GDP per capita growth",15,"1985-1986","expansion",1985,1986,"1985-01-01","1986-01-01",1,0.0206110283000073,0.0206110283000074,176.178508748047,179.809728977706,102.061102830001
"LSO","Lesotho","Lesotho","Sub Saharan Africa","wdi_real_gdp_per_capita_growth","WDI real GDP per capita growth",16,"1986-1987","contraction",1986,1987,"1986-01-01","1987-01-01",1,-0.0147316355235876,-0.0147316355235877,179.809728977706,177.160837586812,98.5268364476412
"LSO","Lesotho","Lesotho","Sub Saharan Africa","wdi_real_gdp_per_capita_growth","WDI real GDP per capita growth",17,"1987-2008","expansion",1987,2008,"1987-01-01","2008-01-01",21,0.0357962188884597,1.08794292953292,177.160837586812,369.901718229513,208.794292953292
"LSO","Lesotho","Lesotho","Sub Saharan Africa","wdi_real_gdp_per_capita_growth","WDI real GDP per capita growth",18,"2008-2009","contraction",2008,2009,"2008-01-01","2009-01-01",1,-0.0196870088552072,-0.0196870088552072,369.901718229513,362.619459827172,98.0312991144793
"LSO","Lesotho","Lesotho","Sub Saharan Africa","wdi_real_gdp_per_capita_growth","WDI real GDP per capita growth",19,"2009-2016","expansion",2009,2016,"2009-01-01","2016-01-01",7,0.027076456932585,0.204502735914643,362.619459827172,436.776131457718,120.450273591464
"LSO","Lesotho","Lesotho","Sub Saharan Africa","wdi_real_gdp_per_capita_growth","WDI real GDP per capita growth",20,"2016-2020","contraction",2016,2020,"2016-01-01","2020-01-01",4,-0.0470475724551699,-0.17667791062421,436.776131457718,359.607437141243,82.332208937579
"LSO","Lesotho","Lesotho","Sub Saharan Africa","wdi_real_gdp_per_capita_growth","WDI real GDP per capita growth",21,"2020-2024","expansion",2020,2024,"2020-01-01","2024-01-01",4,0.0120219097458193,0.0489350798693244,359.607437141243,377.204855799353,104.893507986932
"LTU","Lithuania","Lithuania","Eastern Europe","wdi_real_gdp_per_capita_growth","WDI real GDP per capita growth",1,"1991-1994","contraction",1991,1994,"1991-01-01","1994-01-01",3,-0.153799378490813,-0.397134463626588,94.1640118023759,56.7682374823117,60.2865536373412
"LTU","Lithuania","Lithuania","Eastern Europe","wdi_real_gdp_per_capita_growth","WDI real GDP per capita growth",2,"1994-1998","expansion",1994,1998,"1994-01-01","1998-01-01",4,0.0681591954757058,0.300902032313528,56.7682374823117,73.8499155115963,130.090203231353
"LTU","Lithuania","Lithuania","Eastern Europe","wdi_real_gdp_per_capita_growth","WDI real GDP per capita growth",3,"1998-1999","contraction",1998,1999,"1998-01-01","1999-01-01",1,-0.00392806939052534,-0.00392806939052537,73.8499155115963,73.5598279189823,99.6071930609475
"LTU","Lithuania","Lithuania","Eastern Europe","wdi_real_gdp_per_capita_growth","WDI real GDP per capita growth",4,"1999-2008","expansion",1999,2008,"1999-01-01","2008-01-01",9,0.081045985877084,1.01052575361283,73.5598279189823,147.893928462442,201.052575361283
"LTU","Lithuania","Lithuania","Eastern Europe","wdi_real_gdp_per_capita_growth","WDI real GDP per capita growth",5,"2008-2009","contraction",2008,2009,"2008-01-01","2009-01-01",1,-0.138877568111501,-0.138877568111501,147.893928462442,127.354779339122,86.1122431888499
"LTU","Lithuania","Lithuania","Eastern Europe","wdi_real_gdp_per_capita_growth","WDI real GDP per capita growth",6,"2009-2022","expansion",2009,2022,"2009-01-01","2022-01-01",13,0.0455464300170614,0.779389134515414,127.354779339122,226.613710584641,177.938913451541
"LTU","Lithuania","Lithuania","Eastern Europe","wdi_real_gdp_per_capita_growth","WDI real GDP per capita growth",7,"2022-2023","contraction",2022,2023,"2022-01-01","2023-01-01",1,-0.0105357687282228,-0.0105357687282228,226.613710584641,224.226160939277,98.9464231271777
"LTU","Lithuania","Lithuania","Eastern Europe","wdi_real_gdp_per_capita_growth","WDI real GDP per capita growth",8,"2023-2024","expansion",2023,2024,"2023-01-01","2024-01-01",1,0.0217864980259621,0.0217864980259621,224.226160939277,229.11126375195,102.178649802596
"LUX","Luxembourg","Luxembourg","Western Europe","wdi_real_gdp_per_capita_growth","WDI real GDP per capita growth",1,"1961-1964","expansion",1961,1964,"1961-01-01","1964-01-01",3,0.0305306116821226,0.0932859015982672,102.887846741255,112.485832288017,109.328590159827
"LUX","Luxembourg","Luxembourg","Western Europe","wdi_real_gdp_per_capita_growth","WDI real GDP per capita growth",2,"1964-1965","contraction",1964,1965,"1964-01-01","1965-01-01",1,-0.0185784159538061,-0.0185784159538059,112.485832288017,110.39602370686,98.1421584046194
"LUX","Luxembourg","Luxembourg","Western Europe","wdi_real_gdp_per_capita_growth","WDI real GDP per capita growth",3,"1965-1966","expansion",1965,1966,"1965-01-01","1966-01-01",1,0.00380680193615007,0.00380680193615013,110.39602370686,110.816279503651,100.380680193615
"LUX","Luxembourg","Luxembourg","Western Europe","wdi_real_gdp_per_capita_growth","WDI real GDP per capita growth",4,"1966-1967","contraction",1966,1967,"1966-01-01","1967-01-01",1,-0.00112343962356505,-0.00112343962356498,110.816279503651,110.69178410432,99.8876560376435
"LUX","Luxembourg","Luxembourg","Western Europe","wdi_real_gdp_per_capita_growth","WDI real GDP per capita growth",5,"1967-1974","expansion",1967,1974,"1967-01-01","1974-01-01",7,0.0451474818853862,0.358915085338532,110.69178410432,150.420735242397,135.891508533853
"LUX","Luxembourg","Luxembourg","Western Europe","wdi_real_gdp_per_capita_growth","WDI real GDP per capita growth",6,"1974-1975","contraction",1974,1975,"1974-01-01","1975-01-01",1,-0.0758647531673864,-0.0758647531673864,150.420735242397,139.009103291976,92.4135246832614
"LUX","Luxembourg","Luxembourg","Western Europe","wdi_real_gdp_per_capita_growth","WDI real GDP per capita growth",7,"1975-1980","expansion",1975,1980,"1975-01-01","1980-01-01",5,0.0197974429807988,0.102654906260297,139.009103291976,153.279069759741,110.26549062603
"LUX","Luxembourg","Luxembourg","Western Europe","wdi_real_gdp_per_capita_growth","WDI real GDP per capita growth",8,"1980-1981","contraction",1980,1981,"1980-01-01","1981-01-01",1,-0.00843674411614188,-0.00843674411614181,153.279069759741,151.985893469818,99.1563255883858
"LUX","Luxembourg","Luxembourg","Western Europe","wdi_real_gdp_per_capita_growth","WDI real GDP per capita growth",9,"1981-2007","expansion",1981,2007,"1981-01-01","2007-01-01",26,0.0386050114549141,1.65480594144898,151.985893469818,403.493053000105,265.480594144898
"LUX","Luxembourg","Luxembourg","Western Europe","wdi_real_gdp_per_capita_growth","WDI real GDP per capita growth",10,"2007-2009","contraction",2007,2009,"2007-01-01","2009-01-01",2,-0.0354036820921488,-0.0697711800864723,403.493053000105,375.340866535594,93.0228819913528
"LUX","Luxembourg","Luxembourg","Western Europe","wdi_real_gdp_per_capita_growth","WDI real GDP per capita growth",11,"2009-2010","expansion",2009,2010,"2009-01-01","2010-01-01",1,0.0188354824324517,0.0188354824324515,375.340866535594,382.410592833406,101.883548243245
"LUX","Luxembourg","Luxembourg","Western Europe","wdi_real_gdp_per_capita_growth","WDI real GDP per capita growth",12,"2010-2012","contraction",2010,2012,"2010-01-01","2012-01-01",2,-0.00969490659549323,-0.0193001196106426,382.410592833406,375.030022651345,98.0699880389357
"LUX","Luxembourg","Luxembourg","Western Europe","wdi_real_gdp_per_capita_growth","WDI real GDP per capita growth",13,"2012-2014","expansion",2012,2014,"2012-01-01","2014-01-01",2,0.00523608460982225,0.0104911151836631,375.030022651345,378.964505816312,101.049111518366
"LUX","Luxembourg","Luxembourg","Western Europe","wdi_real_gdp_per_capita_growth","WDI real GDP per capita growth",14,"2014-2015","contraction",2014,2015,"2014-01-01","2015-01-01",1,-0.0011547655084216,-0.00115476550842164,378.964505816312,378.526890676079,99.8845234491578
"LUX","Luxembourg","Luxembourg","Western Europe","wdi_real_gdp_per_capita_growth","WDI real GDP per capita growth",15,"2015-2016","expansion",2015,2016,"2015-01-01","2016-01-01",1,0.0273979148676671,0.0273979148676671,378.526890676079,388.897738201945,102.739791486767
"LUX","Luxembourg","Luxembourg","Western Europe","wdi_real_gdp_per_capita_growth","WDI real GDP per capita growth",16,"2016-2018","contraction",2016,2018,"2016-01-01","2018-01-01",2,-0.00722976894752194,-0.0144227239730957,388.897738201945,383.288773470097,98.5577276026904
"LUX","Luxembourg","Luxembourg","Western Europe","wdi_real_gdp_per_capita_growth","WDI real GDP per capita growth",17,"2018-2019","expansion",2018,2019,"2018-01-01","2019-01-01",1,0.00752174049392224,0.00752174049392229,383.288773470097,386.171772158373,100.752174049392
"LUX","Luxembourg","Luxembourg","Western Europe","wdi_real_gdp_per_capita_growth","WDI real GDP per capita growth",18,"2019-2020","contraction",2019,2020,"2019-01-01","2020-01-01",1,-0.0215417448261604,-0.0215417448261604,386.171772158373,377.852958383471,97.845825517384
"LUX","Luxembourg","Luxembourg","Western Europe","wdi_real_gdp_per_capita_growth","WDI real GDP per capita growth",19,"2020-2021","expansion",2020,2021,"2020-01-01","2021-01-01",1,0.0531843087794495,0.0531843087794495,377.852958383471,397.948806795366,105.318430877945
"LUX","Luxembourg","Luxembourg","Western Europe","wdi_real_gdp_per_capita_growth","WDI real GDP per capita growth",20,"2021-2024","contraction",2021,2024,"2021-01-01","2024-01-01",3,-0.0206144078644713,-0.0606640030905664,397.948806795366,373.807639150045,93.9335996909434
"LVA","Latvia","Latvia","Eastern Europe","wdi_real_gdp_per_capita_growth","WDI real GDP per capita growth",1,"1991-1993","contraction",1991,1993,"1991-01-01","1993-01-01",2,-0.171341159579094,-0.333046243040737,87.8192828253569,58.5714006138399,66.6953756959263
"LVA","Latvia","Latvia","Eastern Europe","wdi_real_gdp_per_capita_growth","WDI real GDP per capita growth",2,"1993-2007","expansion",1993,2007,"1993-01-01","2007-01-01",14,0.0788436266511242,1.86916933078532,58.5714006138399,168.05126630237,286.916933078532
"LVA","Latvia","Latvia","Eastern Europe","wdi_real_gdp_per_capita_growth","WDI real GDP per capita growth",3,"2007-2010","contraction",2007,2010,"2007-01-01","2010-01-01",3,-0.0621516436484403,-0.180262837325821,168.05126630237,137.757868222507,81.9737162674179
"LVA","Latvia","Latvia","Eastern Europe","wdi_real_gdp_per_capita_growth","WDI real GDP per capita growth",4,"2010-2019","expansion",2010,2019,"2010-01-01","2019-01-01",9,0.0430920585201581,0.459725805942104,137.757868222507,201.088715215966,145.97258059421
"LVA","Latvia","Latvia","Eastern Europe","wdi_real_gdp_per_capita_growth","WDI real GDP per capita growth",5,"2019-2020","contraction",2019,2020,"2019-01-01","2020-01-01",1,-0.0278996380720736,-0.0278996380720735,201.088715215966,195.478412841062,97.2100361927926
"LVA","Latvia","Latvia","Eastern Europe","wdi_real_gdp_per_capita_growth","WDI real GDP per capita growth",6,"2020-2022","expansion",2020,2022,"2020-01-01","2022-01-01",2,0.0501682715811188,0.102051733801169,195.478412841062,215.427323792193,110.205173380117
"LVA","Latvia","Latvia","Eastern Europe","wdi_real_gdp_per_capita_growth","WDI real GDP per capita growth",7,"2022-2023","contraction",2022,2023,"2022-01-01","2023-01-01",1,-0.0116914941176928,-0.0116914941176925,215.427323792193,212.908656503286,98.8308505882307
"LVA","Latvia","Latvia","Eastern Europe","wdi_real_gdp_per_capita_growth","WDI real GDP per capita growth",8,"2023-2024","expansion",2023,2024,"2023-01-01","2024-01-01",1,0.0089583858235207,0.00895838582352071,212.908656503286,214.81597439341,100.895838582352
"MAR","Morocco","Morocco","Middle East and North Africa","wdi_real_gdp_per_capita_growth","WDI real GDP per capita growth",1,"1967-1971","expansion",1967,1971,"1967-01-01","1971-01-01",4,0.043061712631039,0.182815830151834,107.083911882596,126.660546129318,118.281583015183
"MAR","Morocco","Morocco","Middle East and North Africa","wdi_real_gdp_per_capita_growth","WDI real GDP per capita growth",2,"1971-1972","contraction",1971,1972,"1971-01-01","1972-01-01",1,-0.00103994570705652,-0.00103994570705668,126.660546129318,126.528826038118,99.8960054292943
"MAR","Morocco","Morocco","Middle East and North Africa","wdi_real_gdp_per_capita_growth","WDI real GDP per capita growth",3,"1972-1977","expansion",1972,1977,"1972-01-01","1977-01-01",5,0.0413066885436035,0.222723551099547,126.528826038118,154.709775489784,122.272355109955
"MAR","Morocco","Morocco","Middle East and North Africa","wdi_real_gdp_per_capita_growth","WDI real GDP per capita growth",4,"1977-1978","contraction",1977,1978,"1977-01-01","1978-01-01",1,-0.00388806819299518,-0.00388806819299525,154.709775489784,154.108253332557,99.6111931807005
"MAR","Morocco","Morocco","Middle East and North Africa","wdi_real_gdp_per_capita_growth","WDI real GDP per capita growth",5,"1978-1980","expansion",1978,1980,"1978-01-01","1980-01-01",2,0.0149684781740077,0.0301261616741784,154.108253332557,158.750943487779,103.012616167418
"MAR","Morocco","Morocco","Middle East and North Africa","wdi_real_gdp_per_capita_growth","WDI real GDP per capita growth",6,"1980-1981","contraction",1980,1981,"1980-01-01","1981-01-01",1,-0.0435702244931034,-0.0435702244931034,158.750943487779,151.834129241524,95.6429775506897
"MAR","Morocco","Morocco","Middle East and North Africa","wdi_real_gdp_per_capita_growth","WDI real GDP per capita growth",7,"1981-1982","expansion",1981,1982,"1981-01-01","1982-01-01",1,0.0609558534032797,0.0609558534032797,151.834129241524,161.089308165185,106.095585340328
"MAR","Morocco","Morocco","Middle East and North Africa","wdi_real_gdp_per_capita_growth","WDI real GDP per capita growth",8,"1982-1983","contraction",1982,1983,"1982-01-01","1983-01-01",1,-0.0122675307289562,-0.012267530728956,161.089308165185,159.113140127162,98.7732469271044
"MAR","Morocco","Morocco","Middle East and North Africa","wdi_real_gdp_per_capita_growth","WDI real GDP per capita growth",9,"1983-1986","expansion",1983,1986,"1983-01-01","1986-01-01",3,0.0473089144511764,0.148375712241657,159.113140127162,182.721665620537,114.837571224166
"MAR","Morocco","Morocco","Middle East and North Africa","wdi_real_gdp_per_capita_growth","WDI real GDP per capita growth",10,"1986-1987","contraction",1986,1987,"1986-01-01","1987-01-01",1,-0.0229599450642142,-0.0229599450642141,182.721665620537,178.526386215848,97.7040054935786
"MAR","Morocco","Morocco","Middle East and North Africa","wdi_real_gdp_per_capita_growth","WDI real GDP per capita growth",11,"1987-1991","expansion",1987,1991,"1987-01-01","1991-01-01",4,0.0440417201675092,0.185484943728408,178.526386215848,211.64034291713,118.548494372841
"MAR","Morocco","Morocco","Middle East and North Africa","wdi_real_gdp_per_capita_growth","WDI real GDP per capita growth",12,"1991-1993","contraction",1991,1993,"1991-01-01","1993-01-01",2,-0.0301057431425471,-0.0593544534580129,211.64034291713,199.078546033617,94.0645546541987
"MAR","Morocco","Morocco","Middle East and North Africa","wdi_real_gdp_per_capita_growth","WDI real GDP per capita growth",13,"1993-1994","expansion",1993,1994,"1993-01-01","1994-01-01",1,0.0893493014775943,0.0893493014775943,199.078546033617,216.866075060896,108.934930147759
"MAR","Morocco","Morocco","Middle East and North Africa","wdi_real_gdp_per_capita_growth","WDI real GDP per capita growth",14,"1994-1995","contraction",1994,1995,"1994-01-01","1995-01-01",1,-0.0685093735561554,-0.0685093735561552,216.866075060896,202.008716112892,93.1490626443845
"MAR","Morocco","Morocco","Middle East and North Africa","wdi_real_gdp_per_capita_growth","WDI real GDP per capita growth",15,"1995-1996","expansion",1995,1996,"1995-01-01","1996-01-01",1,0.106261769917233,0.106261769917233,202.008716112892,223.474519825756,110.626176991723
"MAR","Morocco","Morocco","Middle East and North Africa","wdi_real_gdp_per_capita_growth","WDI real GDP per capita growth",16,"1996-1997","contraction",1996,1997,"1996-01-01","1997-01-01",1,-0.0305848049935375,-0.0305848049935376,223.474519825756,216.639595215861,96.9415195006463
"MAR","Morocco","Morocco","Middle East and North Africa","wdi_real_gdp_per_capita_growth","WDI real GDP per capita growth",17,"1997-2015","expansion",1997,2015,"1997-01-01","2015-01-01",18,0.0307398757050136,0.720230572862036,216.639595215861,372.670054982779,172.023057286204
"MAR","Morocco","Morocco","Middle East and North Africa","wdi_real_gdp_per_capita_growth","WDI real GDP per capita growth",18,"2015-2016","contraction",2015,2016,"2015-01-01","2016-01-01",1,-0.00693616602037565,-0.00693616602037561,372.670054982779,370.085153610596,99.3063833979624
"MAR","Morocco","Morocco","Middle East and North Africa","wdi_real_gdp_per_capita_growth","WDI real GDP per capita growth",19,"2016-2019","expansion",2016,2019,"2016-01-01","2019-01-01",3,0.0250474642653424,0.0769147544381468,370.085153610596,398.550162321759,107.691475443815
"MAR","Morocco","Morocco","Middle East and North Africa","wdi_real_gdp_per_capita_growth","WDI real GDP per capita growth",20,"2019-2020","contraction",2019,2020,"2019-01-01","2020-01-01",1,-0.0813866950405836,-0.0813866950405837,398.550162321759,366.113481802503,91.8613304959416
"MAR","Morocco","Morocco","Middle East and North Africa","wdi_real_gdp_per_capita_growth","WDI real GDP per capita growth",21,"2020-2024","expansion",2020,2024,"2020-01-01","2024-01-01",4,0.0330064685847384,0.13758462594526,366.113481802503,416.485068249817,113.758462594526
"MDA","Moldova","Republic of Moldova","Eastern Europe","wdi_real_gdp_per_capita_growth","WDI real GDP per capita growth",1,"1991-1996","contraction",1991,1996,"1991-01-01","1996-01-01",5,-0.134882308969713,-0.545561891782624,83.8970551688115,38.1260190359236,45.4438108217376
"MDA","Moldova","Republic of Moldova","Eastern Europe","wdi_real_gdp_per_capita_growth","WDI real GDP per capita growth",2,"1996-1997","expansion",1996,1997,"1996-01-01","1997-01-01",1,0.0202368735233713,0.0202368735233716,38.1260190359236,38.8975704611032,102.023687352337
"MDA","Moldova","Republic of Moldova","Eastern Europe","wdi_real_gdp_per_capita_growth","WDI real GDP per capita growth",3,"1997-1999","contraction",1997,1999,"1997-01-01","1999-01-01",2,-0.0486042151583677,-0.0951163368976704,38.8975704611032,35.197776044624,90.488366310233
"MDA","Moldova","Republic of Moldova","Eastern Europe","wdi_real_gdp_per_capita_growth","WDI real GDP per capita growth",4,"1999-2008","expansion",1999,2008,"1999-01-01","2008-01-01",9,0.0615196021507216,0.70857663662966,35.197776044624,60.1380978111677,170.857663662966
"MDA","Moldova","Republic of Moldova","Eastern Europe","wdi_real_gdp_per_capita_growth","WDI real GDP per capita growth",5,"2008-2009","contraction",2008,2009,"2008-01-01","2009-01-01",1,-0.0588123771461969,-0.0588123771461969,60.1380978111677,56.6012333218425,94.1187622853803
"MDA","Moldova","Republic of Moldova","Eastern Europe","wdi_real_gdp_per_capita_growth","WDI real GDP per capita growth",6,"2009-2011","expansion",2009,2011,"2009-01-01","2011-01-01",2,0.0654317986737838,0.13510085527904,56.6012333218425,64.2481083534718,113.510085527904
"MDA","Moldova","Republic of Moldova","Eastern Europe","wdi_real_gdp_per_capita_growth","WDI real GDP per capita growth",7,"2011-2012","contraction",2011,2012,"2011-01-01","2012-01-01",1,-0.00576700868382531,-0.0057670086838254,64.2481083534718,63.877588954678,99.4232991316175
"MDA","Moldova","Republic of Moldova","Eastern Europe","wdi_real_gdp_per_capita_growth","WDI real GDP per capita growth",8,"2012-2019","expansion",2012,2019,"2012-01-01","2019-01-01",7,0.0536709500986403,0.439327163035476,63.877588954678,91.9407488916829,143.932716303548
"MDA","Moldova","Republic of Moldova","Eastern Europe","wdi_real_gdp_per_capita_growth","WDI real GDP per capita growth",9,"2019-2020","contraction",2019,2020,"2019-01-01","2020-01-01",1,-0.0726326976771907,-0.0726326976771907,91.9407488916829,85.2628442732188,92.7367302322809
"MDA","Moldova","Republic of Moldova","Eastern Europe","wdi_real_gdp_per_capita_growth","WDI real GDP per capita growth",10,"2020-2021","expansion",2020,2021,"2020-01-01","2021-01-01",1,0.156557976122015,0.156557976122015,85.2628442732188,98.6114226110405,115.655797612202
"MDA","Moldova","Republic of Moldova","Eastern Europe","wdi_real_gdp_per_capita_growth","WDI real GDP per capita growth",11,"2021-2022","contraction",2021,2022,"2021-01-01","2022-01-01",1,-0.0206640428713339,-0.0206640428713339,98.6114226110405,96.5737119466027,97.9335957128666
"MDA","Moldova","Republic of Moldova","Eastern Europe","wdi_real_gdp_per_capita_growth","WDI real GDP per capita growth",12,"2022-2024","expansion",2022,2024,"2022-01-01","2024-01-01",2,0.0326644912044571,0.06632341432161,96.5737119466027,102.978810256613,106.632341432161
"MDG","Madagascar","Madagascar","Sub Saharan Africa","wdi_real_gdp_per_capita_growth","WDI real GDP per capita growth",1,"1961-1963","contraction",1961,1963,"1961-01-01","1963-01-01",2,-0.0190416419253148,-0.0379622217464995,99.4200939809152,95.6458863271539,96.20377782535
"MDG","Madagascar","Madagascar","Sub Saharan Africa","wdi_real_gdp_per_capita_growth","WDI real GDP per capita growth",2,"1963-1964","expansion",1963,1964,"1963-01-01","1964-01-01",1,0.0130970531262919,0.0130970531262919,95.6458863271539,96.8985655816919,101.309705312629
"MDG","Madagascar","Madagascar","Sub Saharan Africa","wdi_real_gdp_per_capita_growth","WDI real GDP per capita growth",3,"1964-1966","contraction",1964,1966,"1964-01-01","1966-01-01",2,-0.0179588987011915,-0.0357415978574496,96.8985655816919,93.4352560177074,96.425840214255
"MDG","Madagascar","Madagascar","Sub Saharan Africa","wdi_real_gdp_per_capita_growth","WDI real GDP per capita growth",4,"1966-1971","expansion",1966,1971,"1966-01-01","1971-01-01",5,0.0216612818060547,0.112745412758876,93.4352560177074,103.969652523655,111.274541275888
"MDG","Madagascar","Madagascar","Sub Saharan Africa","wdi_real_gdp_per_capita_growth","WDI real GDP per capita growth",5,"1971-1978","contraction",1971,1978,"1971-01-01","1978-01-01",7,-0.0351204933989559,-0.222731643161847,103.969652523655,80.8123209780951,77.7268356838153
"MDG","Madagascar","Madagascar","Sub Saharan Africa","wdi_real_gdp_per_capita_growth","WDI real GDP per capita growth",6,"1978-1979","expansion",1978,1979,"1978-01-01","1979-01-01",1,0.0656417098315396,0.0656417098315396,80.8123209780951,86.1169799025524,106.564170983154
"MDG","Madagascar","Madagascar","Sub Saharan Africa","wdi_real_gdp_per_capita_growth","WDI real GDP per capita growth",7,"1979-1987","contraction",1979,1987,"1979-01-01","1987-01-01",8,-0.0334914617629426,-0.24300200583002,86.1169799025524,65.1903810502086,75.699799416998
"MDG","Madagascar","Madagascar","Sub Saharan Africa","wdi_real_gdp_per_capita_growth","WDI real GDP per capita growth",8,"1987-1990","expansion",1987,1990,"1987-01-01","1990-01-01",3,0.00565859809139716,0.0170481847360622,65.1903810502086,66.3017587093669,101.704818473606
"MDG","Madagascar","Madagascar","Sub Saharan Africa","wdi_real_gdp_per_capita_growth","WDI real GDP per capita growth",9,"1990-1996","contraction",1990,1996,"1990-01-01","1996-01-01",6,-0.0291971553181395,-0.165092292003228,66.3017587093669,55.3558494001926,83.4907707996773
"MDG","Madagascar","Madagascar","Sub Saharan Africa","wdi_real_gdp_per_capita_growth","WDI real GDP per capita growth",10,"1996-2001","expansion",1996,2001,"1996-01-01","2001-01-01",5,0.0125197427589739,0.0640029586588329,55.3558494001926,58.8987875408777,106.400295865883
"MDG","Madagascar","Madagascar","Sub Saharan Africa","wdi_real_gdp_per_capita_growth","WDI real GDP per capita growth",11,"2001-2002","contraction",2001,2002,"2001-01-01","2002-01-01",1,-0.149882005086862,-0.149882005086862,58.8987875408777,50.0709191670658,85.0117994913138
"MDG","Madagascar","Madagascar","Sub Saharan Africa","wdi_real_gdp_per_capita_growth","WDI real GDP per capita growth",12,"2002-2008","expansion",2002,2008,"2002-01-01","2008-01-01",6,0.0320066511265965,0.207185788158005,50.0709191670658,60.4449020184902,120.718578815801
"MDG","Madagascar","Madagascar","Sub Saharan Africa","wdi_real_gdp_per_capita_growth","WDI real GDP per capita growth",13,"2008-2011","contraction",2008,2011,"2008-01-01","2011-01-01",3,-0.0342941111634085,-0.100228903649219,60.4449020184902,54.3865757579924,89.9771096350781
"MDG","Madagascar","Madagascar","Sub Saharan Africa","wdi_real_gdp_per_capita_growth","WDI real GDP per capita growth",14,"2011-2012","expansion",2011,2012,"2011-01-01","2012-01-01",1,0.0020064094160324,0.00200640941603258,54.3865757579924,54.495697495699,100.200640941603
"MDG","Madagascar","Madagascar","Sub Saharan Africa","wdi_real_gdp_per_capita_growth","WDI real GDP per capita growth",15,"2012-2013","contraction",2012,2013,"2012-01-01","2013-01-01",1,-0.00444341802421619,-0.00444341802421622,54.495697495699,54.2535503312044,99.5556581975784
"MDG","Madagascar","Madagascar","Sub Saharan Africa","wdi_real_gdp_per_capita_growth","WDI real GDP per capita growth",16,"2013-2019","expansion",2013,2019,"2013-01-01","2019-01-01",6,0.00982853492041345,0.0603682423197138,54.2535503312044,57.5287418043033,106.036824231971
"MDG","Madagascar","Madagascar","Sub Saharan Africa","wdi_real_gdp_per_capita_growth","WDI real GDP per capita growth",17,"2019-2020","contraction",2019,2020,"2019-01-01","2020-01-01",1,-0.0949182579621846,-0.0949182579621844,57.5287418043033,52.0682138494825,90.5081742037816
"MDG","Madagascar","Madagascar","Sub Saharan Africa","wdi_real_gdp_per_capita_growth","WDI real GDP per capita growth",18,"2020-2024","expansion",2020,2024,"2020-01-01","2024-01-01",4,0.0175395895338688,0.0720195429605677,52.0682138494825,55.8181428136954,107.201954296057
"MEX","Mexico","Mexico","Latin America","wdi_real_gdp_per_capita_growth","WDI real GDP per capita growth",1,"1961-1981","expansion",1961,1981,"1961-01-01","1981-01-01",20,0.0381420724817768,1.10350550067693,101.770191769436,214.074158191954,210.350550067693
"MEX","Mexico","Mexico","Latin America","wdi_real_gdp_per_capita_growth","WDI real GDP per capita growth",2,"1981-1983","contraction",1981,1983,"1981-01-01","1983-01-01",2,-0.0444942707884875,-0.0874984600530652,214.074158191954,195.342999013002,91.2501539946935
"MEX","Mexico","Mexico","Latin America","wdi_real_gdp_per_capita_growth","WDI real GDP per capita growth",3,"1983-1984","expansion",1983,1984,"1983-01-01","1984-01-01",1,0.0135095056837716,0.0135095056837715,195.342999013002,197.981986368453,101.350950568377
"MEX","Mexico","Mexico","Latin America","wdi_real_gdp_per_capita_growth","WDI real GDP per capita growth",4,"1984-1986","contraction",1984,1986,"1984-01-01","1986-01-01",2,-0.0301609927471294,-0.0602236642698312,197.981986368453,186.058785689925,93.9776335730169
"MEX","Mexico","Mexico","Latin America","wdi_real_gdp_per_capita_growth","WDI real GDP per capita growth",5,"1986-1987","expansion",1986,1987,"1986-01-01","1987-01-01",1,0.0003740353614306,0.000374035361430547,186.058785689925,186.128378255078,100.037403536143
"MEX","Mexico","Mexico","Latin America","wdi_real_gdp_per_capita_growth","WDI real GDP per capita growth",6,"1987-1988","contraction",1987,1988,"1987-01-01","1988-01-01",1,-0.00761612937777471,-0.00761612937777478,186.128378255078,184.710800445412,99.2383870622225
"MEX","Mexico","Mexico","Latin America","wdi_real_gdp_per_capita_growth","WDI real GDP per capita growth",7,"1988-1994","expansion",1988,1994,"1988-01-01","1994-01-01",6,0.0200184211551724,0.126114824236942,184.710800445412,208.00557057825,112.611482423694
"MEX","Mexico","Mexico","Latin America","wdi_real_gdp_per_capita_growth","WDI real GDP per capita growth",8,"1994-1995","contraction",1994,1995,"1994-01-01","1995-01-01",1,-0.07570493728271,-0.07570493728271,208.00557057825,192.258521903169,92.429506271729
"MEX","Mexico","Mexico","Latin America","wdi_real_gdp_per_capita_growth","WDI real GDP per capita growth",9,"1995-2000","expansion",1995,2000,"1995-01-01","2000-01-01",5,0.0376137134609609,0.202158075050757,192.258521903169,231.125134603218,120.215807505076
"MEX","Mexico","Mexico","Latin America","wdi_real_gdp_per_capita_growth","WDI real GDP per capita growth",10,"2000-2003","contraction",2000,2003,"2000-01-01","2003-01-01",3,-0.0126545908973773,-0.0375677492590475,231.125134603218,222.44228349898,96.2432250740952
"MEX","Mexico","Mexico","Latin America","wdi_real_gdp_per_capita_growth","WDI real GDP per capita growth",11,"2003-2007","expansion",2003,2007,"2003-01-01","2007-01-01",4,0.0173826025613378,0.0711015936351032,222.44228349898,238.258284347589,107.11015936351
"MEX","Mexico","Mexico","Latin America","wdi_real_gdp_per_capita_growth","WDI real GDP per capita growth",12,"2007-2009","contraction",2007,2009,"2007-01-01","2009-01-01",2,-0.0408753082818237,-0.081352631897788,238.258284347589,218.875345844461,91.8647368102212
"MEX","Mexico","Mexico","Latin America","wdi_real_gdp_per_capita_growth","WDI real GDP per capita growth",13,"2009-2012","expansion",2009,2012,"2009-01-01","2012-01-01",3,0.0253947481897757,0.078068070627503,218.875345844461,235.962521802466,107.80680706275
"MEX","Mexico","Mexico","Latin America","wdi_real_gdp_per_capita_growth","WDI real GDP per capita growth",14,"2012-2013","contraction",2012,2013,"2012-01-01","2013-01-01",1,-0.00447810738278491,-0.00447810738278487,235.962521802466,234.905856291522,99.5521892617215
"MEX","Mexico","Mexico","Latin America","wdi_real_gdp_per_capita_growth","WDI real GDP per capita growth",15,"2013-2018","expansion",2013,2018,"2013-01-01","2018-01-01",5,0.0112127422056704,0.0573133875576235,234.905856291522,248.369106672713,105.731338755762
"MEX","Mexico","Mexico","Latin America","wdi_real_gdp_per_capita_growth","WDI real GDP per capita growth",16,"2018-2020","contraction",2018,2020,"2018-01-01","2020-01-01",2,-0.0521874665744395,-0.103160044096453,248.369106672713,222.747338676159,89.6839955903547
"MEX","Mexico","Mexico","Latin America","wdi_real_gdp_per_capita_growth","WDI real GDP per capita growth",17,"2020-2024","expansion",2020,2024,"2020-01-01","2024-01-01",4,0.0282227726068366,0.117147733165023,222.747338676159,248.841684470613,111.714773316502
"MKD","North Macedonia","TFYR of Macedonia","Eastern Europe","wdi_real_gdp_per_capita_growth","WDI real GDP per capita growth",1,"1991-1995","contraction",1991,1995,"1991-01-01","1995-01-01",4,-0.0355893129146225,-0.135961637944013,94.1804084462948,81.3754858517004,86.4038362055987
"MKD","North Macedonia","TFYR of Macedonia","Eastern Europe","wdi_real_gdp_per_capita_growth","WDI real GDP per capita growth",2,"1995-2000","expansion",1995,2000,"1995-01-01","2000-01-01",5,0.0269252345331267,0.141619222248931,81.3754858517004,92.8998188681471,114.161922224893
"MKD","North Macedonia","TFYR of Macedonia","Eastern Europe","wdi_real_gdp_per_capita_growth","WDI real GDP per capita growth",3,"2000-2001","contraction",2000,2001,"2000-01-01","2001-01-01",1,-0.0347368322147879,-0.0347368322147878,92.8998188681471,89.67277344734,96.5263167785212
"MKD","North Macedonia","TFYR of Macedonia","Eastern Europe","wdi_real_gdp_per_capita_growth","WDI real GDP per capita growth",4,"2001-2011","expansion",2001,2011,"2001-01-01","2011-01-01",10,0.0406369526871349,0.486477425038422,89.67277344734,133.296553370056,148.647742503842
"MKD","North Macedonia","TFYR of Macedonia","Eastern Europe","wdi_real_gdp_per_capita_growth","WDI real GDP per capita growth",5,"2011-2012","contraction",2011,2012,"2011-01-01","2012-01-01",1,-0.000653472343038857,-0.000653472343038697,133.296553370056,133.209447759006,99.9346527656961
"MKD","North Macedonia","TFYR of Macedonia","Eastern Europe","wdi_real_gdp_per_capita_growth","WDI real GDP per capita growth",6,"2012-2019","expansion",2012,2019,"2012-01-01","2019-01-01",7,0.0343397954602162,0.266253038922837,133.209447759006,168.676868038074,126.625303892284
"MKD","North Macedonia","TFYR of Macedonia","Eastern Europe","wdi_real_gdp_per_capita_growth","WDI real GDP per capita growth",7,"2019-2020","contraction",2019,2020,"2019-01-01","2020-01-01",1,-0.0365436823824773,-0.0365436823824772,168.676868038074,162.51279414722,96.3456317617523
"MKD","North Macedonia","TFYR of Macedonia","Eastern Europe","wdi_real_gdp_per_capita_growth","WDI real GDP per capita growth",8,"2020-2024","expansion",2020,2024,"2020-01-01","2024-01-01",4,0.0365413178541428,0.154102109942255,162.51279414722,187.556358617918,115.410210994225
"MLI","Mali","Mali","Sub Saharan Africa","wdi_real_gdp_per_capita_growth","WDI real GDP per capita growth",1,"1968-1969","contraction",1968,1969,"1968-01-01","1969-01-01",1,-0.0130587923636728,-0.0130587923636728,102.138662141789,100.804854560577,98.6941207636327
"MLI","Mali","Mali","Sub Saharan Africa","wdi_real_gdp_per_capita_growth","WDI real GDP per capita growth",2,"1969-1972","expansion",1969,1972,"1969-01-01","1972-01-01",3,0.0317369046418008,0.0978714248045456,100.804854560577,110.670769303635,109.787142480455
"MLI","Mali","Mali","Sub Saharan Africa","wdi_real_gdp_per_capita_growth","WDI real GDP per capita growth",3,"1972-1974","contraction",1972,1974,"1972-01-01","1974-01-01",2,-0.0320634359601851,-0.063099139811157,110.670769303635,103.687538958337,93.6900860188843
"MLI","Mali","Mali","Sub Saharan Africa","wdi_real_gdp_per_capita_growth","WDI real GDP per capita growth",4,"1974-1977","expansion",1974,1977,"1974-01-01","1977-01-01",3,0.0854635913047466,0.277407836836775,103.687538958337,132.451274847698,127.740783683677
"MLI","Mali","Mali","Sub Saharan Africa","wdi_real_gdp_per_capita_growth","WDI real GDP per capita growth",5,"1977-1978","contraction",1977,1978,"1977-01-01","1978-01-01",1,-0.0335350626705889,-0.033535062670589,132.451274847698,128.009513044881,96.6464937329411
"MLI","Mali","Mali","Sub Saharan Africa","wdi_real_gdp_per_capita_growth","WDI real GDP per capita growth",6,"1978-1979","expansion",1978,1979,"1978-01-01","1979-01-01",1,0.0821605866707178,0.0821605866707178,128.009513044881,138.526849736081,108.216058667072
"MLI","Mali","Mali","Sub Saharan Africa","wdi_real_gdp_per_capita_growth","WDI real GDP per capita growth",7,"1979-1980","contraction",1979,1980,"1979-01-01","1980-01-01",1,-0.0629825711883754,-0.0629825711883754,138.526849736081,129.802072561077,93.7017428811625
"MLI","Mali","Mali","Sub Saharan Africa","wdi_real_gdp_per_capita_growth","WDI real GDP per capita growth",8,"1980-1981","expansion",1980,1981,"1980-01-01","1981-01-01",1,0.000928805017584864,0.000928805017584855,129.802072561077,129.922633377365,100.092880501758
"MLI","Mali","Mali","Sub Saharan Africa","wdi_real_gdp_per_capita_growth","WDI real GDP per capita growth",9,"1981-1984","contraction",1981,1984,"1981-01-01","1984-01-01",3,-0.0655096944638013,-0.184971009563738,129.922633377365,105.890712716374,81.5028990436262
"MLI","Mali","Mali","Sub Saharan Africa","wdi_real_gdp_per_capita_growth","WDI real GDP per capita growth",10,"1984-1985","expansion",1984,1985,"1984-01-01","1985-01-01",1,0.109472402980667,0.109472402980667,105.890712716374,117.482823490771,110.947240298067
"MLI","Mali","Mali","Sub Saharan Africa","wdi_real_gdp_per_capita_growth","WDI real GDP per capita growth",11,"1985-1987","contraction",1985,1987,"1985-01-01","1987-01-01",2,-0.0253463067006733,-0.0500504260484541,117.482823490771,111.602758121683,94.9949573951546
"MLI","Mali","Mali","Sub Saharan Africa","wdi_real_gdp_per_capita_growth","WDI real GDP per capita growth",12,"1987-1989","expansion",1987,1989,"1987-01-01","1989-01-01",2,0.0528678738011488,0.107233374069461,111.602758121683,123.570298430529,110.723337406946
"MLI","Mali","Mali","Sub Saharan Africa","wdi_real_gdp_per_capita_growth","WDI real GDP per capita growth",13,"1989-1990","contraction",1989,1990,"1989-01-01","1990-01-01",1,-0.071334325326944,-0.0713343253269441,123.570298430529,114.755494561538,92.8665674673056
"MLI","Mali","Mali","Sub Saharan Africa","wdi_real_gdp_per_capita_growth","WDI real GDP per capita growth",14,"1990-1991","expansion",1990,1991,"1990-01-01","1991-01-01",1,0.104425642458913,0.104425642458913,114.755494561538,126.738910806817,110.442564245891
"MLI","Mali","Mali","Sub Saharan Africa","wdi_real_gdp_per_capita_growth","WDI real GDP per capita growth",15,"1991-1992","contraction",1991,1992,"1991-01-01","1992-01-01",1,-0.0695383565771893,-0.0695383565771894,126.738910806817,117.925695234928,93.0461643422811
"MLI","Mali","Mali","Sub Saharan Africa","wdi_real_gdp_per_capita_growth","WDI real GDP per capita growth",16,"1992-1994","expansion",1992,1994,"1992-01-01","1994-01-01",2,0.0276930843726742,0.0561201469326278,117.925695234928,124.543702578644,105.612014693263
"MLI","Mali","Mali","Sub Saharan Africa","wdi_real_gdp_per_capita_growth","WDI real GDP per capita growth",17,"1994-1995","contraction",1994,1995,"1994-01-01","1995-01-01",1,-0.0143053165283814,-0.0143053165283813,124.543702578644,122.76206549164,98.5694683471619
"MLI","Mali","Mali","Sub Saharan Africa","wdi_real_gdp_per_capita_growth","WDI real GDP per capita growth",18,"1995-1999","expansion",1995,1999,"1995-01-01","1999-01-01",4,0.0292513432924982,0.121975458594959,122.76206549164,137.736024728047,112.197545859496
"MLI","Mali","Mali","Sub Saharan Africa","wdi_real_gdp_per_capita_growth","WDI real GDP per capita growth",19,"1999-2000","contraction",1999,2000,"1999-01-01","2000-01-01",1,-0.0358595570295952,-0.0358595570295952,137.736024728047,132.796871894282,96.4140442970405
"MLI","Mali","Mali","Sub Saharan Africa","wdi_real_gdp_per_capita_growth","WDI real GDP per capita growth",20,"2000-2001","expansion",2000,2001,"2000-01-01","2001-01-01",1,0.123755665966627,0.123755665966627,132.796871894282,149.231237213844,112.375566596663
"MLI","Mali","Mali","Sub Saharan Africa","wdi_real_gdp_per_capita_growth","WDI real GDP per capita growth",21,"2001-2002","contraction",2001,2002,"2001-01-01","2002-01-01",1,-0.0011560887230587,-0.00115608872305872,149.231237213844,149.058712663373,99.8843911276941
"MLI","Mali","Mali","Sub Saharan Africa","wdi_real_gdp_per_capita_growth","WDI real GDP per capita growth",22,"2002-2003","expansion",2002,2003,"2002-01-01","2003-01-01",1,0.0636163328047297,0.0636163328047294,149.058712663373,158.541281335611,106.361633280473
"MLI","Mali","Mali","Sub Saharan Africa","wdi_real_gdp_per_capita_growth","WDI real GDP per capita growth",23,"2003-2005","contraction",2003,2005,"2003-01-01","2005-01-01",2,-0.0126070531462627,-0.0250796833284965,158.541281335611,154.565116205219,97.4920316671503
"MLI","Mali","Mali","Sub Saharan Africa","wdi_real_gdp_per_capita_growth","WDI real GDP per capita growth",24,"2005-2006","expansion",2005,2006,"2005-01-01","2006-01-01",1,0.00343315236896274,0.0034331523689628,154.565116205219,155.095761800078,100.343315236896
"MLI","Mali","Mali","Sub Saharan Africa","wdi_real_gdp_per_capita_growth","WDI real GDP per capita growth",25,"2006-2007","contraction",2006,2007,"2006-01-01","2007-01-01",1,-0.015313774567599,-0.0153137745675989,155.095761800078,152.720660267482,98.4686225432401
"MLI","Mali","Mali","Sub Saharan Africa","wdi_real_gdp_per_capita_growth","WDI real GDP per capita growth",26,"2007-2010","expansion",2007,2010,"2007-01-01","2010-01-01",3,0.0152169086556966,0.0462321988704226,152.720660267482,159.78127220459,104.623219887042
"MLI","Mali","Mali","Sub Saharan Africa","wdi_real_gdp_per_capita_growth","WDI real GDP per capita growth",27,"2010-2012","contraction",2010,2012,"2010-01-01","2012-01-01",2,-0.0212905852358188,-0.0424483799379523,159.78127220459,152.998816055081,95.7551620062048
"MLI","Mali","Mali","Sub Saharan Africa","wdi_real_gdp_per_capita_growth","WDI real GDP per capita growth",28,"2012-2019","expansion",2012,2019,"2012-01-01","2019-01-01",7,0.0210876958608497,0.156967969119142,152.998816055081,177.01472948888,115.696796911914
"MLI","Mali","Mali","Sub Saharan Africa","wdi_real_gdp_per_capita_growth","WDI real GDP per capita growth",29,"2019-2021","contraction",2019,2021,"2019-01-01","2021-01-01",2,-0.0205666138349406,-0.0411305482670775,177.01472948888,169.734016613654,95.8869451732922
"MLI","Mali","Mali","Sub Saharan Africa","wdi_real_gdp_per_capita_growth","WDI real GDP per capita growth",30,"2021-2024","expansion",2021,2024,"2021-01-01","2024-01-01",3,0.0141159958907926,0.0428997063468899,169.734016613654,177.015556083457,104.289970634689
"MLT","Malta","Malta","Western Europe","wdi_real_gdp_per_capita_growth","WDI real GDP per capita growth",1,"1971-1982","expansion",1971,1982,"1971-01-01","1982-01-01",11,0.0864660267025882,1.45665568505042,102.437070256875,251.652611006461,245.665568505042
"MLT","Malta","Malta","Western Europe","wdi_real_gdp_per_capita_growth","WDI real GDP per capita growth",2,"1982-1983","contraction",1982,1983,"1982-01-01","1983-01-01",1,-0.0200341492392343,-0.0200341492392344,251.652611006461,246.610965041115,97.9965850760766
"MLT","Malta","Malta","Western Europe","wdi_real_gdp_per_capita_growth","WDI real GDP per capita growth",3,"1983-2000","expansion",1983,2000,"1983-01-01","2000-01-01",17,0.0488091657981823,1.22318410615494,246.610965041115,548.261577882937,222.318410615494
"MLT","Malta","Malta","Western Europe","wdi_real_gdp_per_capita_growth","WDI real GDP per capita growth",4,"2000-2001","contraction",2000,2001,"2000-01-01","2001-01-01",1,-0.0149982972622371,-0.0149982972622371,548.261577882937,540.038587760386,98.5001702737763
"MLT","Malta","Malta","Western Europe","wdi_real_gdp_per_capita_growth","WDI real GDP per capita growth",5,"2001-2003","expansion",2001,2003,"2001-01-01","2003-01-01",2,0.0249578246743659,0.0505117367246295,540.038587760386,567.316874726479,105.051173672463
"MLT","Malta","Malta","Western Europe","wdi_real_gdp_per_capita_growth","WDI real GDP per capita growth",6,"2003-2004","contraction",2003,2004,"2003-01-01","2004-01-01",1,-0.00264750342451379,-0.0026475034245137,567.316874726479,565.814901357856,99.7352496575486
"MLT","Malta","Malta","Western Europe","wdi_real_gdp_per_capita_growth","WDI real GDP per capita growth",7,"2004-2008","expansion",2004,2008,"2004-01-01","2008-01-01",4,0.0314892647776538,0.131771597646624,565.814901357856,640.373234882048,113.177159764662
"MLT","Malta","Malta","Western Europe","wdi_real_gdp_per_capita_growth","WDI real GDP per capita growth",8,"2008-2009","contraction",2008,2009,"2008-01-01","2009-01-01",1,-0.0213584258309241,-0.0213584258309241,640.373234882048,626.695870640711,97.8641574169076
"MLT","Malta","Malta","Western Europe","wdi_real_gdp_per_capita_growth","WDI real GDP per capita growth",9,"2009-2018","expansion",2009,2018,"2009-01-01","2018-01-01",9,0.0467465672773653,0.504223463142873,626.695870640711,942.690632872508,150.422346314287
"MLT","Malta","Malta","Western Europe","wdi_real_gdp_per_capita_growth","WDI real GDP per capita growth",10,"2018-2020","contraction",2018,2020,"2018-01-01","2020-01-01",2,-0.0283676686592132,-0.0567083995561207,942.690632872508,889.232155805761,94.3291600443879
"MLT","Malta","Malta","Western Europe","wdi_real_gdp_per_capita_growth","WDI real GDP per capita growth",11,"2020-2021","expansion",2020,2021,"2020-01-01","2021-01-01",1,0.12829488461795,0.12829488461795,889.232155805761,1003.31609263343,112.829488461795
"MLT","Malta","Malta","Western Europe","wdi_real_gdp_per_capita_growth","WDI real GDP per capita growth",12,"2021-2022","contraction",2021,2022,"2021-01-01","2022-01-01",1,-0.000182292034453724,-0.000182292034453857,1003.31609263343,1003.13319610171,99.9817707965546
"MLT","Malta","Malta","Western Europe","wdi_real_gdp_per_capita_growth","WDI real GDP per capita growth",13,"2022-2024","expansion",2022,2024,"2022-01-01","2024-01-01",2,0.0503452779419071,0.10306710545168,1003.13319610171,1106.5232310064,110.306710545168
"MMR","Myanmar","Myanmar","South and South East Asia","wdi_real_gdp_per_capita_growth","WDI real GDP per capita growth",1,"1961-1963","expansion",1961,1963,"1961-01-01","1963-01-01",2,0.0634348285167255,0.128848856091142,98.298740594265,110.964420875036,112.884885609114
"MMR","Myanmar","Myanmar","South and South East Asia","wdi_real_gdp_per_capita_growth","WDI real GDP per capita growth",2,"1963-1964","contraction",1963,1964,"1963-01-01","1964-01-01",1,-0.0797103480675398,-0.0797103480675398,110.964420875036,102.119408263974,92.028965193246
"MMR","Myanmar","Myanmar","South and South East Asia","wdi_real_gdp_per_capita_growth","WDI real GDP per capita growth",3,"1964-1965","expansion",1964,1965,"1964-01-01","1965-01-01",1,0.0822108185350304,0.0822108185350305,102.119408263974,110.514728405668,108.221081853503
"MMR","Myanmar","Myanmar","South and South East Asia","wdi_real_gdp_per_capita_growth","WDI real GDP per capita growth",4,"1965-1967","contraction",1965,1967,"1965-01-01","1967-01-01",2,-0.0751074426280733,-0.144601304952074,110.514728405668,94.5341544617844,85.5398695047926
"MMR","Myanmar","Myanmar","South and South East Asia","wdi_real_gdp_per_capita_growth","WDI real GDP per capita growth",5,"1967-1972","expansion",1967,1972,"1967-01-01","1972-01-01",5,0.0303662223348342,0.158343802820774,94.5341544617844,109.50305197571,115.834380282077
"MMR","Myanmar","Myanmar","South and South East Asia","wdi_real_gdp_per_capita_growth","WDI real GDP per capita growth",6,"1972-1973","contraction",1972,1973,"1972-01-01","1973-01-01",1,-0.0300859215295391,-0.0300859215295392,109.50305197571,106.208551746724,96.9914078470461
"MMR","Myanmar","Myanmar","South and South East Asia","wdi_real_gdp_per_capita_growth","WDI real GDP per capita growth",7,"1973-1985","expansion",1973,1985,"1973-01-01","1985-01-01",12,0.0342062511284128,0.495904471731157,106.208551746724,158.877847494014,149.590447173116
"MMR","Myanmar","Myanmar","South and South East Asia","wdi_real_gdp_per_capita_growth","WDI real GDP per capita growth",8,"1985-1988","contraction",1985,1988,"1985-01-01","1988-01-01",3,-0.0711864088190063,-0.201177630440163,158.877847494014,126.915178605734,79.8822369559837
"MMR","Myanmar","Myanmar","South and South East Asia","wdi_real_gdp_per_capita_growth","WDI real GDP per capita growth",9,"1988-1990","expansion",1988,1990,"1988-01-01","1990-01-01",2,0.0166665741230333,0.0335944510623043,126.915178605734,131.178824362468,103.35944510623
"MMR","Myanmar","Myanmar","South and South East Asia","wdi_real_gdp_per_capita_growth","WDI real GDP per capita growth",10,"1990-1991","contraction",1990,1991,"1990-01-01","1991-01-01",1,-0.0206950928482055,-0.0206950928482054,131.178824362468,128.464066412569,97.9304907151795
"MMR","Myanmar","Myanmar","South and South East Asia","wdi_real_gdp_per_capita_growth","WDI real GDP per capita growth",11,"1991-2019","expansion",1991,2019,"1991-01-01","2019-01-01",28,0.0804627390582375,7.64366912366682,128.464066412569,1110.400884351,864.366912366682
"MMR","Myanmar","Myanmar","South and South East Asia","wdi_real_gdp_per_capita_growth","WDI real GDP per capita growth",12,"2019-2021","contraction",2019,2021,"2019-01-01","2021-01-01",2,-0.111600801765007,-0.210962079294075,1110.400884351,876.148404938337,78.9037920705925
"MMR","Myanmar","Myanmar","South and South East Asia","wdi_real_gdp_per_capita_growth","WDI real GDP per capita growth",13,"2021-2023","expansion",2021,2023,"2021-01-01","2023-01-01",2,0.0178867854630219,0.0358583918383779,876.148404938337,907.565677751186,103.585839183838
"MMR","Myanmar","Myanmar","South and South East Asia","wdi_real_gdp_per_capita_growth","WDI real GDP per capita growth",14,"2023-2024","contraction",2023,2024,"2023-01-01","2024-01-01",1,-0.0163760945284048,-0.0163760945284048,907.565677751186,892.703296421596,98.3623905471595
"MNE","Montenegro","Montenegro","Eastern Europe","wdi_real_gdp_per_capita_growth","WDI real GDP per capita growth",1,"1998-1999","contraction",1998,1999,"1998-01-01","1999-01-01",1,-0.0915167080621777,-0.0915167080621778,105.220750291208,95.5912936047242,90.8483291937822
"MNE","Montenegro","Montenegro","Eastern Europe","wdi_real_gdp_per_capita_growth","WDI real GDP per capita growth",2,"1999-2008","expansion",1999,2008,"1999-01-01","2008-01-01",9,0.0421575781838923,0.446323491348552,95.5912936047242,138.255933508909,144.632349134855
"MNE","Montenegro","Montenegro","Eastern Europe","wdi_real_gdp_per_capita_growth","WDI real GDP per capita growth",3,"2008-2009","contraction",2008,2009,"2008-01-01","2009-01-01",1,-0.0619590190743681,-0.0619590190743681,138.255933508909,129.689731487486,93.8040980925632
"MNE","Montenegro","Montenegro","Eastern Europe","wdi_real_gdp_per_capita_growth","WDI real GDP per capita growth",4,"2009-2011","expansion",2009,2011,"2009-01-01","2011-01-01",2,0.0292218556372255,0.0592864229536496,129.689731487486,137.378571761198,105.928642295365
"MNE","Montenegro","Montenegro","Eastern Europe","wdi_real_gdp_per_capita_growth","WDI real GDP per capita growth",5,"2011-2012","contraction",2011,2012,"2011-01-01","2012-01-01",1,-0.0265570357284696,-0.0265570357284696,137.378571761198,133.73020412261,97.344296427153
"MNE","Montenegro","Montenegro","Eastern Europe","wdi_real_gdp_per_capita_growth","WDI real GDP per capita growth",6,"2012-2019","expansion",2012,2019,"2012-01-01","2019-01-01",7,0.033115587647725,0.255854029241454,133.73020412261,167.945615678662,125.585402924145
"MNE","Montenegro","Montenegro","Eastern Europe","wdi_real_gdp_per_capita_growth","WDI real GDP per capita growth",7,"2019-2020","contraction",2019,2020,"2019-01-01","2020-01-01",1,-0.14970505034482,-0.14970505034482,167.945615678662,142.803308828296,85.029494965518
"MNE","Montenegro","Montenegro","Eastern Europe","wdi_real_gdp_per_capita_growth","WDI real GDP per capita growth",8,"2020-2024","expansion",2020,2024,"2020-01-01","2024-01-01",4,0.0774252307704443,0.344469296940579,142.803308828296,191.994664221168,134.446929694058
"MNG","Mongolia","Mongolia","South and South East Asia","wdi_real_gdp_per_capita_growth","WDI real GDP per capita growth",1,"1982-1989","expansion",1982,1989,"1982-01-01","1989-01-01",7,0.0306645967285904,0.234292246289437,105.762662584818,130.542034375367,123.429224628944
"MNG","Mongolia","Mongolia","South and South East Asia","wdi_real_gdp_per_capita_growth","WDI real GDP per capita growth",2,"1989-1993","contraction",1989,1993,"1989-01-01","1993-01-01",4,-0.0648031791279858,-0.23794563277286,130.542034375367,99.4801274024638,76.205436722714
"MNG","Mongolia","Mongolia","South and South East Asia","wdi_real_gdp_per_capita_growth","WDI real GDP per capita growth",3,"1993-1999","expansion",1993,1999,"1993-01-01","1999-01-01",6,0.0205445236154561,0.129223874245207,99.4801274024638,112.335334875817,112.922387424521
"MNG","Mongolia","Mongolia","South and South East Asia","wdi_real_gdp_per_capita_growth","WDI real GDP per capita growth",4,"1999-2000","contraction",1999,2000,"1999-01-01","2000-01-01",1,-0.00187391049653314,-0.00187391049653318,112.335334875817,112.124828512662,99.8126089503467
"MNG","Mongolia","Mongolia","South and South East Asia","wdi_real_gdp_per_capita_growth","WDI real GDP per capita growth",5,"2000-2008","expansion",2000,2008,"2000-01-01","2008-01-01",8,0.061794636597473,0.612145585950719,112.124828512662,180.761547362169,161.214558595072
"MNG","Mongolia","Mongolia","South and South East Asia","wdi_real_gdp_per_capita_growth","WDI real GDP per capita growth",6,"2008-2009","contraction",2008,2009,"2008-01-01","2009-01-01",1,-0.0302646374326369,-0.0302646374326369,180.761547362169,175.29086466949,96.9735362567363
"MNG","Mongolia","Mongolia","South and South East Asia","wdi_real_gdp_per_capita_growth","WDI real GDP per capita growth",7,"2009-2015","expansion",2009,2015,"2009-01-01","2015-01-01",6,0.0752515938794008,0.536349173106727,175.29086466949,269.307974988134,153.634917310673
"MNG","Mongolia","Mongolia","South and South East Asia","wdi_real_gdp_per_capita_growth","WDI real GDP per capita growth",8,"2015-2016","contraction",2015,2016,"2015-01-01","2016-01-01",1,-0.00547071462431205,-0.00547071462431192,269.307974988134,267.834667910923,99.4529285375688
"MNG","Mongolia","Mongolia","South and South East Asia","wdi_real_gdp_per_capita_growth","WDI real GDP per capita growth",9,"2016-2019","expansion",2016,2019,"2016-01-01","2019-01-01",3,0.0435205379609923,0.136172872178024,267.834667910923,304.306483909201,113.617287217802
"MNG","Mongolia","Mongolia","South and South East Asia","wdi_real_gdp_per_capita_growth","WDI real GDP per capita growth",10,"2019-2021","contraction",2019,2021,"2019-01-01","2021-01-01",2,-0.0316342253317426,-0.0632299676264704,304.306483909201,285.065194783097,93.677003237353
"MNG","Mongolia","Mongolia","South and South East Asia","wdi_real_gdp_per_capita_growth","WDI real GDP per capita growth",11,"2021-2024","expansion",2021,2024,"2021-01-01","2024-01-01",3,0.0442768427116835,0.138613094883318,285.065194783097,324.578963675498,113.861309488332
"MOZ","Mozambique","Mozambique","Sub Saharan Africa","wdi_real_gdp_per_capita_growth","WDI real GDP per capita growth",1,"1981-1986","contraction",1981,1986,"1981-01-01","1986-01-01",5,-0.0791365046384083,-0.344070302736099,102.895070091273,67.4919321749169,65.5929697263901
"MOZ","Mozambique","Mozambique","Sub Saharan Africa","wdi_real_gdp_per_capita_growth","WDI real GDP per capita growth",2,"1986-1989","expansion",1986,1989,"1986-01-01","1989-01-01",3,0.0941466252600824,0.307768425493417,67.4919321749169,88.2638178738995,130.776842549342
"MOZ","Mozambique","Mozambique","Sub Saharan Africa","wdi_real_gdp_per_capita_growth","WDI real GDP per capita growth",3,"1989-1990","contraction",1989,1990,"1989-01-01","1990-01-01",1,-0.00447724916646848,-0.00447724916646863,88.2638178738995,87.8686387688943,99.5522750833531
"MOZ","Mozambique","Mozambique","Sub Saharan Africa","wdi_real_gdp_per_capita_growth","WDI real GDP per capita growth",4,"1990-1991","expansion",1990,1991,"1990-01-01","1991-01-01",1,0.0290150857904059,0.0290150857904059,87.8686387688943,90.4181548610599,102.901508579041
"MOZ","Mozambique","Mozambique","Sub Saharan Africa","wdi_real_gdp_per_capita_growth","WDI real GDP per capita growth",5,"1991-1992","contraction",1991,1992,"1991-01-01","1992-01-01",1,-0.0935015950296335,-0.0935015950296334,90.4181548610599,81.9639131619144,90.6498404970367
"MOZ","Mozambique","Mozambique","Sub Saharan Africa","wdi_real_gdp_per_capita_growth","WDI real GDP per capita growth",6,"1992-1993","expansion",1992,1993,"1992-01-01","1993-01-01",1,0.074832084877323,0.074832084877323,81.9639131619144,88.0974436685243,107.483208487732
"MOZ","Mozambique","Mozambique","Sub Saharan Africa","wdi_real_gdp_per_capita_growth","WDI real GDP per capita growth",7,"1993-1995","contraction",1993,1995,"1993-01-01","1995-01-01",2,-0.0216175288664046,-0.0430382320566827,88.0974436685243,84.3058854443178,95.6961767943317
"MOZ","Mozambique","Mozambique","Sub Saharan Africa","wdi_real_gdp_per_capita_growth","WDI real GDP per capita growth",8,"1995-1999","expansion",1995,1999,"1995-01-01","1999-01-01",4,0.0828470985223576,0.374723815683836,84.3058854443178,115.897308522617,137.472381568384
"MOZ","Mozambique","Mozambique","Sub Saharan Africa","wdi_real_gdp_per_capita_growth","WDI real GDP per capita growth",9,"1999-2000","contraction",1999,2000,"1999-01-01","2000-01-01",1,-0.0143002745719546,-0.0143002745719546,115.897308522617,114.239945188593,98.5699725428045
"MOZ","Mozambique","Mozambique","Sub Saharan Africa","wdi_real_gdp_per_capita_growth","WDI real GDP per capita growth",10,"2000-2016","expansion",2000,2016,"2000-01-01","2016-01-01",16,0.0494887557695954,1.16005551124075,114.239945188593,246.764623208461,216.005551124075
"MOZ","Mozambique","Mozambique","Sub Saharan Africa","wdi_real_gdp_per_capita_growth","WDI real GDP per capita growth",11,"2016-2017","contraction",2016,2017,"2016-01-01","2017-01-01",1,-0.0038371430909207,-0.00383714309092054,246.764623208461,245.817752039433,99.6162856909079
"MOZ","Mozambique","Mozambique","Sub Saharan Africa","wdi_real_gdp_per_capita_growth","WDI real GDP per capita growth",12,"2017-2018","expansion",2017,2018,"2017-01-01","2018-01-01",1,0.00445674338631605,0.00445674338631608,245.817752039433,246.913298680074,100.445674338632
"MOZ","Mozambique","Mozambique","Sub Saharan Africa","wdi_real_gdp_per_capita_growth","WDI real GDP per capita growth",13,"2018-2021","contraction",2018,2021,"2018-01-01","2021-01-01",3,-0.0178595798259997,-0.0530269363059841,246.913298680074,233.820242917866,94.6973063694016
"MOZ","Mozambique","Mozambique","Sub Saharan Africa","wdi_real_gdp_per_capita_growth","WDI real GDP per capita growth",14,"2021-2023","expansion",2021,2023,"2021-01-01","2023-01-01",2,0.0187246431823197,0.0377708352775261,233.820242917866,242.651828797667,103.777083527753
"MOZ","Mozambique","Mozambique","Sub Saharan Africa","wdi_real_gdp_per_capita_growth","WDI real GDP per capita growth",15,"2023-2024","contraction",2023,2024,"2023-01-01","2024-01-01",1,-0.00791001789666225,-0.00791001789666224,242.651828797667,240.73244848922,99.2089982103338
"MRT","Mauritania","Mauritania","Sub Saharan Africa","wdi_real_gdp_per_capita_growth","WDI real GDP per capita growth",1,"1962-1963","contraction",1962,1963,"1962-01-01","1963-01-01",1,-0.0464299557553767,-0.0464299557553768,98.0592510123622,93.5063643264528,95.3570044244623
"MRT","Mauritania","Mauritania","Sub Saharan Africa","wdi_real_gdp_per_capita_growth","WDI real GDP per capita growth",2,"1963-1965","expansion",1963,1965,"1963-01-01","1965-01-01",2,0.18490277801746,0.400799089133502,93.5063643264528,130.983629976681,140.07990891335
"MRT","Mauritania","Mauritania","Sub Saharan Africa","wdi_real_gdp_per_capita_growth","WDI real GDP per capita growth",3,"1965-1966","contraction",1965,1966,"1965-01-01","1966-01-01",1,-0.0268277843851293,-0.0268277843851294,130.983629976681,127.469629393685,97.3172215614871
"MRT","Mauritania","Mauritania","Sub Saharan Africa","wdi_real_gdp_per_capita_growth","WDI real GDP per capita growth",4,"1966-1968","expansion",1966,1968,"1966-01-01","1968-01-01",2,0.0370526251392691,0.0744536010105359,127.469629393685,136.960202321523,107.445360101054
"MRT","Mauritania","Mauritania","Sub Saharan Africa","wdi_real_gdp_per_capita_growth","WDI real GDP per capita growth",5,"1968-1969","contraction",1968,1969,"1968-01-01","1969-01-01",1,-0.0179009889309599,-0.0179009889309598,136.960202321523,134.508479255783,98.209901106904
"MRT","Mauritania","Mauritania","Sub Saharan Africa","wdi_real_gdp_per_capita_growth","WDI real GDP per capita growth",6,"1969-1970","expansion",1969,1970,"1969-01-01","1970-01-01",1,0.0862046578971194,0.0862046578971196,134.508479255783,146.10373669429,108.620465789712
"MRT","Mauritania","Mauritania","Sub Saharan Africa","wdi_real_gdp_per_capita_growth","WDI real GDP per capita growth",7,"1970-1973","contraction",1970,1973,"1970-01-01","1973-01-01",3,-0.0409210347486678,-0.118744587515396,146.10373669429,128.754708746068,88.1255412484604
"MRT","Mauritania","Mauritania","Sub Saharan Africa","wdi_real_gdp_per_capita_growth","WDI real GDP per capita growth",8,"1973-1974","expansion",1973,1974,"1973-01-01","1974-01-01",1,0.0887511681463853,0.0887511681463851,128.754708746068,140.18183955163,108.875116814639
"MRT","Mauritania","Mauritania","Sub Saharan Africa","wdi_real_gdp_per_capita_growth","WDI real GDP per capita growth",9,"1974-1975","contraction",1974,1975,"1974-01-01","1975-01-01",1,-0.0789286212395606,-0.0789286212395603,140.18183955163,129.117480232994,92.107137876044
"MRT","Mauritania","Mauritania","Sub Saharan Africa","wdi_real_gdp_per_capita_growth","WDI real GDP per capita growth",10,"1975-1976","expansion",1975,1976,"1975-01-01","1976-01-01",1,0.0540971752503737,0.0540971752503734,129.117480232994,136.102371189045,105.409717525037
"MRT","Mauritania","Mauritania","Sub Saharan Africa","wdi_real_gdp_per_capita_growth","WDI real GDP per capita growth",11,"1976-1978","contraction",1976,1978,"1976-01-01","1978-01-01",2,-0.0397554729447986,-0.0779778661258487,136.102371189045,125.489398709055,92.2022133874151
"MRT","Mauritania","Mauritania","Sub Saharan Africa","wdi_real_gdp_per_capita_growth","WDI real GDP per capita growth",12,"1978-1981","expansion",1978,1981,"1978-01-01","1981-01-01",3,0.00955406744337956,0.0288749065296798,125.489398709055,129.112893367245,102.887490652968
"MRT","Mauritania","Mauritania","Sub Saharan Africa","wdi_real_gdp_per_capita_growth","WDI real GDP per capita growth",13,"1981-1982","contraction",1981,1982,"1981-01-01","1982-01-01",1,-0.0511106824793859,-0.0511106824793859,129.112893367245,122.513845270357,94.8889317520614
"MRT","Mauritania","Mauritania","Sub Saharan Africa","wdi_real_gdp_per_capita_growth","WDI real GDP per capita growth",14,"1982-1983","expansion",1982,1983,"1982-01-01","1983-01-01",1,0.00793234477965157,0.00793234477965177,122.513845270357,123.485667331322,100.793234477965
"MRT","Mauritania","Mauritania","Sub Saharan Africa","wdi_real_gdp_per_capita_growth","WDI real GDP per capita growth",15,"1983-1984","contraction",1983,1984,"1983-01-01","1984-01-01",1,-0.059741751048054,-0.0597417510480541,123.485667331322,116.108417335611,94.0258248951946
"MRT","Mauritania","Mauritania","Sub Saharan Africa","wdi_real_gdp_per_capita_growth","WDI real GDP per capita growth",16,"1984-1986","expansion",1984,1986,"1984-01-01","1986-01-01",2,0.0138899532416118,0.0277975996500313,116.108417335611,119.335952636706,102.779759965003
"MRT","Mauritania","Mauritania","Sub Saharan Africa","wdi_real_gdp_per_capita_growth","WDI real GDP per capita growth",17,"1986-1988","contraction",1986,1988,"1986-01-01","1988-01-01",2,-0.0108407092022673,-0.0215647435961589,119.335952636706,116.762503416292,97.8435256403841
"MRT","Mauritania","Mauritania","Sub Saharan Africa","wdi_real_gdp_per_capita_growth","WDI real GDP per capita growth",18,"1988-1989","expansion",1988,1989,"1988-01-01","1989-01-01",1,0.021794641543438,0.021794641543438,116.762503416292,119.307300323964,102.179464154344
"MRT","Mauritania","Mauritania","Sub Saharan Africa","wdi_real_gdp_per_capita_growth","WDI real GDP per capita growth",19,"1989-1992","contraction",1989,1992,"1989-01-01","1992-01-01",3,-0.0244056606716999,-0.0716956313039874,119.307300323964,110.753488108063,92.8304368696013
"MRT","Mauritania","Mauritania","Sub Saharan Africa","wdi_real_gdp_per_capita_growth","WDI real GDP per capita growth",20,"1992-1993","expansion",1992,1993,"1992-01-01","1993-01-01",1,0.0167667797837017,0.0167667797837019,110.753488108063,112.610467453448,101.67667797837
"MRT","Mauritania","Mauritania","Sub Saharan Africa","wdi_real_gdp_per_capita_growth","WDI real GDP per capita growth",21,"1993-1994","contraction",1993,1994,"1993-01-01","1994-01-01",1,-0.0629825533315322,-0.0629825533315322,112.610467453448,105.517972681372,93.7017446668468
"MRT","Mauritania","Mauritania","Sub Saharan Africa","wdi_real_gdp_per_capita_growth","WDI real GDP per capita growth",22,"1994-1996","expansion",1994,1996,"1994-01-01","1996-01-01",2,0.0529754165236906,0.108516809290105,105.517972681372,116.968446399515,110.851680929011
"MRT","Mauritania","Mauritania","Sub Saharan Africa","wdi_real_gdp_per_capita_growth","WDI real GDP per capita growth",23,"1996-1997","contraction",1996,1997,"1996-01-01","1997-01-01",1,-0.06158469667584,-0.06158469667584,116.968446399515,109.764980107357,93.841530332416
"MRT","Mauritania","Mauritania","Sub Saharan Africa","wdi_real_gdp_per_capita_growth","WDI real GDP per capita growth",24,"1997-1999","expansion",1997,1999,"1997-01-01","1999-01-01",2,0.00542673436563043,0.0108672580706621,109.764980107357,110.957824473305,101.086725807066
"MRT","Mauritania","Mauritania","Sub Saharan Africa","wdi_real_gdp_per_capita_growth","WDI real GDP per capita growth",25,"1999-2002","contraction",1999,2002,"1999-01-01","2002-01-01",3,-0.0353659329282412,-0.103188701388848,110.957824473305,99.5082306569726,89.6811298611152
"MRT","Mauritania","Mauritania","Sub Saharan Africa","wdi_real_gdp_per_capita_growth","WDI real GDP per capita growth",26,"2002-2006","expansion",2002,2006,"2002-01-01","2006-01-01",4,0.0704492660010155,0.307433898505608,99.5082306569726,130.100433941241,130.743389850561
"MRT","Mauritania","Mauritania","Sub Saharan Africa","wdi_real_gdp_per_capita_growth","WDI real GDP per capita growth",27,"2006-2010","contraction",2006,2010,"2006-01-01","2010-01-01",4,-0.0280760350150476,-0.108030292121813,130.100433941241,116.045646057394,89.1969707878187
"MRT","Mauritania","Mauritania","Sub Saharan Africa","wdi_real_gdp_per_capita_growth","WDI real GDP per capita growth",28,"2010-2015","expansion",2010,2015,"2010-01-01","2015-01-01",5,0.0126671180906091,0.0648936546653347,116.045646057394,123.576272138058,106.489365466533
"MRT","Mauritania","Mauritania","Sub Saharan Africa","wdi_real_gdp_per_capita_growth","WDI real GDP per capita growth",29,"2015-2016","contraction",2015,2016,"2015-01-01","2016-01-01",1,-0.0172979667450247,-0.0172979667450249,123.576272138058,121.43865389214,98.2702033254975
"MRT","Mauritania","Mauritania","Sub Saharan Africa","wdi_real_gdp_per_capita_growth","WDI real GDP per capita growth",30,"2016-2019","expansion",2016,2019,"2016-01-01","2019-01-01",3,0.0166141682566253,0.0504457551466764,121.43865389214,127.564718491725,105.044575514668
"MRT","Mauritania","Mauritania","Sub Saharan Africa","wdi_real_gdp_per_capita_growth","WDI real GDP per capita growth",31,"2019-2021","contraction",2019,2021,"2019-01-01","2021-01-01",2,-0.0267656566041574,-0.0528454261343411,127.564718491725,120.823506583322,94.7154573865659
"MRT","Mauritania","Mauritania","Sub Saharan Africa","wdi_real_gdp_per_capita_growth","WDI real GDP per capita growth",32,"2021-2024","expansion",2021,2024,"2021-01-01","2024-01-01",3,0.0356191419156435,0.110702831126225,120.823506583322,134.199010828694,111.070283112623
"MUS","Mauritius","Mauritius","Sub Saharan Africa","wdi_real_gdp_per_capita_growth","WDI real GDP per capita growth",1,"1961-1962","contraction",1961,1962,"1961-01-01","1962-01-01",1,-0.0201353667323183,-0.0201353667323183,122.772219231673,120.300155572903,97.9864633267682
"MUS","Mauritius","Mauritius","Sub Saharan Africa","wdi_real_gdp_per_capita_growth","WDI real GDP per capita growth",2,"1962-1963","expansion",1962,1963,"1962-01-01","1963-01-01",1,0.109615309767461,0.109615309767461,120.300155572903,133.486894391101,110.961530976746
"MUS","Mauritius","Mauritius","Sub Saharan Africa","wdi_real_gdp_per_capita_growth","WDI real GDP per capita growth",3,"1963-1964","contraction",1963,1964,"1963-01-01","1964-01-01",1,-0.0910478111581794,-0.0910478111581795,133.486894391101,121.333204838488,90.895218884182
"MUS","Mauritius","Mauritius","Sub Saharan Africa","wdi_real_gdp_per_capita_growth","WDI real GDP per capita growth",4,"1964-1965","expansion",1964,1965,"1964-01-01","1965-01-01",1,0.00919382806421837,0.00919382806421831,121.333204838488,122.448721462254,100.919382806422
"MUS","Mauritius","Mauritius","Sub Saharan Africa","wdi_real_gdp_per_capita_growth","WDI real GDP per capita growth",5,"1965-1966","contraction",1965,1966,"1965-01-01","1966-01-01",1,-0.055516205166744,-0.0555162051667439,122.448721462254,115.65083311915,94.4483794833256
"MUS","Mauritius","Mauritius","Sub Saharan Africa","wdi_real_gdp_per_capita_growth","WDI real GDP per capita growth",6,"1966-1967","expansion",1966,1967,"1966-01-01","1967-01-01",1,0.0237292423698672,0.0237292423698672,115.65083311915,118.395139768511,102.372924236987
"MUS","Mauritius","Mauritius","Sub Saharan Africa","wdi_real_gdp_per_capita_growth","WDI real GDP per capita growth",7,"1967-1968","contraction",1967,1968,"1967-01-01","1968-01-01",1,-0.0858016872934468,-0.0858016872934469,118.395139768511,108.236637009029,91.4198312706553
"MUS","Mauritius","Mauritius","Sub Saharan Africa","wdi_real_gdp_per_capita_growth","WDI real GDP per capita growth",8,"1968-1969","expansion",1968,1969,"1968-01-01","1969-01-01",1,0.0312571696072592,0.0312571696072594,108.236637009029,111.61980792974,103.125716960726
"MUS","Mauritius","Mauritius","Sub Saharan Africa","wdi_real_gdp_per_capita_growth","WDI real GDP per capita growth",9,"1969-1970","contraction",1969,1970,"1969-01-01","1970-01-01",1,-0.0204160470099899,-0.02041604700999,111.61980792974,109.3409726838,97.958395299001
"MUS","Mauritius","Mauritius","Sub Saharan Africa","wdi_real_gdp_per_capita_growth","WDI real GDP per capita growth",10,"1970-1974","expansion",1970,1974,"1970-01-01","1974-01-01",4,0.0671184468929683,0.295019800490987,109.3409726838,141.598724630465,129.501980049099
"MUS","Mauritius","Mauritius","Sub Saharan Africa","wdi_real_gdp_per_capita_growth","WDI real GDP per capita growth",11,"1974-1975","contraction",1974,1975,"1974-01-01","1975-01-01",1,-0.00672886411363265,-0.00672886411363272,141.598724630465,140.645926053763,99.3271135886367
"MUS","Mauritius","Mauritius","Sub Saharan Africa","wdi_real_gdp_per_capita_growth","WDI real GDP per capita growth",12,"1975-1979","expansion",1975,1979,"1975-01-01","1979-01-01",4,0.077032654878966,0.330840167803071,140.645926053763,187.177247830209,133.084016780307
"MUS","Mauritius","Mauritius","Sub Saharan Africa","wdi_real_gdp_per_capita_growth","WDI real GDP per capita growth",13,"1979-1980","contraction",1979,1980,"1979-01-01","1980-01-01",1,-0.115649251333924,-0.115649251333924,187.177247830209,165.530339251901,88.4350748666076
"MUS","Mauritius","Mauritius","Sub Saharan Africa","wdi_real_gdp_per_capita_growth","WDI real GDP per capita growth",14,"1980-1982","expansion",1980,1982,"1980-01-01","1982-01-01",2,0.0427004007630069,0.0872238261069052,165.530339251901,179.968528778225,108.722382610691
"MUS","Mauritius","Mauritius","Sub Saharan Africa","wdi_real_gdp_per_capita_growth","WDI real GDP per capita growth",15,"1982-1983","contraction",1982,1983,"1982-01-01","1983-01-01",1,-0.00535170122849479,-0.00535170122849471,179.968528778225,179.005390981673,99.4648298771505
"MUS","Mauritius","Mauritius","Sub Saharan Africa","wdi_real_gdp_per_capita_growth","WDI real GDP per capita growth",16,"1983-2019","expansion",1983,2019,"1983-01-01","2019-01-01",36,0.0418419612264808,3.35303770892133,179.005390981673,779.217217043427,435.303770892133
"MUS","Mauritius","Mauritius","Sub Saharan Africa","wdi_real_gdp_per_capita_growth","WDI real GDP per capita growth",17,"2019-2020","contraction",2019,2020,"2019-01-01","2020-01-01",1,-0.145484955921362,-0.145484955921362,779.217217043427,665.852834568698,85.4515044078638
"MUS","Mauritius","Mauritius","Sub Saharan Africa","wdi_real_gdp_per_capita_growth","WDI real GDP per capita growth",18,"2020-2024","expansion",2020,2024,"2020-01-01","2024-01-01",4,0.0593509121275643,0.258454092785224,665.852834568698,837.94522485562,125.845409278522
"MWI","Malawi","Malawi","Sub Saharan Africa","wdi_real_gdp_per_capita_growth","WDI real GDP per capita growth",1,"1961-1963","contraction",1961,1963,"1961-01-01","1963-01-01",2,-0.0275245421800669,-0.0543955391888018,105.107606262526,99.3902213470321,94.5604460811198
"MWI","Malawi","Malawi","Sub Saharan Africa","wdi_real_gdp_per_capita_growth","WDI real GDP per capita growth",2,"1963-1967","expansion",1963,1967,"1963-01-01","1967-01-01",4,0.065537016489207,0.284562548873267,99.3902213470321,127.672956066622,128.456254887327
"MWI","Malawi","Malawi","Sub Saharan Africa","wdi_real_gdp_per_capita_growth","WDI real GDP per capita growth",3,"1967-1968","contraction",1967,1968,"1967-01-01","1968-01-01",1,-0.0432532286744876,-0.0432532286744874,127.672956066622,122.150688502324,95.6746771325513
"MWI","Malawi","Malawi","Sub Saharan Africa","wdi_real_gdp_per_capita_growth","WDI real GDP per capita growth",4,"1968-1969","expansion",1968,1969,"1968-01-01","1969-01-01",1,0.0330320710985166,0.0330320710985164,122.150688502324,126.185578729666,103.303207109852
"MWI","Malawi","Malawi","Sub Saharan Africa","wdi_real_gdp_per_capita_growth","WDI real GDP per capita growth",5,"1969-1970","contraction",1969,1970,"1969-01-01","1970-01-01",1,-0.0196571336486629,-0.0196571336486629,126.185578729666,123.705131944043,98.0342866351337
"MWI","Malawi","Malawi","Sub Saharan Africa","wdi_real_gdp_per_capita_growth","WDI real GDP per capita growth",6,"1970-1972","expansion",1970,1972,"1970-01-01","1972-01-01",2,0.0844733188654632,0.173683864226856,123.705131944043,145.190717284777,117.368386422686
"MWI","Malawi","Malawi","Sub Saharan Africa","wdi_real_gdp_per_capita_growth","WDI real GDP per capita growth",7,"1972-1973","contraction",1972,1973,"1972-01-01","1973-01-01",1,-0.00346083962337104,-0.00346083962337085,145.190717284777,144.688235497453,99.6539160376629
"MWI","Malawi","Malawi","Sub Saharan Africa","wdi_real_gdp_per_capita_growth","WDI real GDP per capita growth",8,"1973-1979","expansion",1973,1979,"1973-01-01","1979-01-01",6,0.0297300544227249,0.191085998934681,144.688235497453,172.33613151158,119.108599893468
"MWI","Malawi","Malawi","Sub Saharan Africa","wdi_real_gdp_per_capita_growth","WDI real GDP per capita growth",9,"1979-1983","contraction",1979,1983,"1979-01-01","1983-01-01",4,-0.035209006401442,-0.135656029863185,172.33613151158,148.957696108739,86.4343970136815
"MWI","Malawi","Malawi","Sub Saharan Africa","wdi_real_gdp_per_capita_growth","WDI real GDP per capita growth",10,"1983-1985","expansion",1983,1985,"1983-01-01","1985-01-01",2,0.00972224971112765,0.0195268327745475,148.957696108739,151.866368131136,101.952683277455
"MWI","Malawi","Malawi","Sub Saharan Africa","wdi_real_gdp_per_capita_growth","WDI real GDP per capita growth",11,"1985-1989","contraction",1985,1989,"1985-01-01","1989-01-01",4,-0.0312744567954348,-0.119411665086231,151.866368131136,133.731752241999,88.0588334913769
"MWI","Malawi","Malawi","Sub Saharan Africa","wdi_real_gdp_per_capita_growth","WDI real GDP per capita growth",12,"1989-1991","expansion",1989,1991,"1989-01-01","1991-01-01",2,0.0351718119648795,0.0712130088180842,133.731752241999,143.255192693666,107.121300881808
"MWI","Malawi","Malawi","Sub Saharan Africa","wdi_real_gdp_per_capita_growth","WDI real GDP per capita growth",13,"1991-1992","contraction",1991,1992,"1991-01-01","1992-01-01",1,-0.0999229540689642,-0.0999229540689641,143.255192693666,128.940710653996,90.0077045931036
"MWI","Malawi","Malawi","Sub Saharan Africa","wdi_real_gdp_per_capita_growth","WDI real GDP per capita growth",14,"1992-1993","expansion",1992,1993,"1992-01-01","1993-01-01",1,0.0810315787740552,0.081031578774055,128.940710653996,139.388980006538,108.103157877405
"MWI","Malawi","Malawi","Sub Saharan Africa","wdi_real_gdp_per_capita_growth","WDI real GDP per capita growth",15,"1993-1994","contraction",1993,1994,"1993-01-01","1994-01-01",1,-0.091882192265535,-0.091882192265535,139.388980006538,126.581614945881,90.8117807734465
"MWI","Malawi","Malawi","Sub Saharan Africa","wdi_real_gdp_per_capita_growth","WDI real GDP per capita growth",16,"1994-1999","expansion",1994,1999,"1994-01-01","1999-01-01",5,0.0523771991379136,0.280704712669724,126.581614945881,162.113670798534,128.070471266972
"MWI","Malawi","Malawi","Sub Saharan Africa","wdi_real_gdp_per_capita_growth","WDI real GDP per capita growth",17,"1999-2002","contraction",1999,2002,"1999-01-01","2002-01-01",3,-0.0294576888449572,-0.0871616621046558,162.113670798534,147.983573801847,91.2838337895344
"MWI","Malawi","Malawi","Sub Saharan Africa","wdi_real_gdp_per_capita_growth","WDI real GDP per capita growth",18,"2002-2011","expansion",2002,2011,"2002-01-01","2011-01-01",9,0.0335400581528334,0.343944115461803,147.983573801847,198.881653195999,134.39441154618
"MWI","Malawi","Malawi","Sub Saharan Africa","wdi_real_gdp_per_capita_growth","WDI real GDP per capita growth",19,"2011-2012","contraction",2011,2012,"2011-01-01","2012-01-01",1,-0.00983601161818072,-0.00983601161818071,198.881653195999,196.92545094452,99.0163988381819
"MWI","Malawi","Malawi","Sub Saharan Africa","wdi_real_gdp_per_capita_growth","WDI real GDP per capita growth",20,"2012-2015","expansion",2012,2015,"2012-01-01","2015-01-01",3,0.0172418429892266,0.052395031801481,196.92545094452,207.243366209279,105.239503180148
"MWI","Malawi","Malawi","Sub Saharan Africa","wdi_real_gdp_per_capita_growth","WDI real GDP per capita growth",21,"2015-2016","contraction",2015,2016,"2015-01-01","2016-01-01",1,-0.00256367435160101,-0.00256367435160076,207.243366209279,206.712061706789,99.7436325648399
"MWI","Malawi","Malawi","Sub Saharan Africa","wdi_real_gdp_per_capita_growth","WDI real GDP per capita growth",22,"2016-2019","expansion",2016,2019,"2016-01-01","2019-01-01",3,0.0192529603480069,0.0587940647191105,206.712061706789,218.865504040999,105.879406471911
"MWI","Malawi","Malawi","Sub Saharan Africa","wdi_real_gdp_per_capita_growth","WDI real GDP per capita growth",23,"2019-2020","contraction",2019,2020,"2019-01-01","2020-01-01",1,-0.0182835240679078,-0.0182835240679078,218.865504040999,214.863871330231,98.1716475932092
"MWI","Malawi","Malawi","Sub Saharan Africa","wdi_real_gdp_per_capita_growth","WDI real GDP per capita growth",24,"2020-2021","expansion",2020,2021,"2020-01-01","2021-01-01",1,0.0188076432929152,0.0188076432929152,214.863871330231,218.904954378745,101.880764329292
"MWI","Malawi","Malawi","Sub Saharan Africa","wdi_real_gdp_per_capita_growth","WDI real GDP per capita growth",25,"2021-2024","contraction",2021,2024,"2021-01-01","2024-01-01",3,-0.010641176882902,-0.0316112716390798,218.904954378745,211.985090402738,96.838872836092
"MYS","Malaysia","Malaysia","South and South East Asia","wdi_real_gdp_per_capita_growth","WDI real GDP per capita growth",1,"1961-1974","expansion",1961,1974,"1961-01-01","1974-01-01",13,0.0486237280753778,0.849191258924956,104.853550581597,193.894269202736,184.919125892496
"MYS","Malaysia","Malaysia","South and South East Asia","wdi_real_gdp_per_capita_growth","WDI real GDP per capita growth",2,"1974-1975","contraction",1974,1975,"1974-01-01","1975-01-01",1,-0.01580216832148,-0.01580216832148,193.894269202736,190.830319324224,98.419783167852
"MYS","Malaysia","Malaysia","South and South East Asia","wdi_real_gdp_per_capita_growth","WDI real GDP per capita growth",3,"1975-1984","expansion",1975,1984,"1975-01-01","1984-01-01",9,0.0477012095835425,0.518868440044583,190.830319324224,289.846149425193,151.886844004458
"MYS","Malaysia","Malaysia","South and South East Asia","wdi_real_gdp_per_capita_growth","WDI real GDP per capita growth",4,"1984-1986","contraction",1984,1986,"1984-01-01","1986-01-01",2,-0.0312486330579009,-0.0616420469806483,289.846149425193,271.979439465165,93.8357953019352
"MYS","Malaysia","Malaysia","South and South East Asia","wdi_real_gdp_per_capita_growth","WDI real GDP per capita growth",5,"1986-1997","expansion",1986,1997,"1986-01-01","1997-01-01",11,0.05925382286928,0.881630686334264,271.979439465165,511.764859349647,188.163068633426
"MYS","Malaysia","Malaysia","South and South East Asia","wdi_real_gdp_per_capita_growth","WDI real GDP per capita growth",6,"1997-1998","contraction",1997,1998,"1997-01-01","1998-01-01",1,-0.0960703707579333,-0.0960703707579333,511.764859349647,462.599419571045,90.3929629242067
"MYS","Malaysia","Malaysia","South and South East Asia","wdi_real_gdp_per_capita_growth","WDI real GDP per capita growth",7,"1998-2000","expansion",1998,2000,"1998-01-01","2000-01-01",2,0.0498596265202271,0.102022965564146,462.599419571045,509.795184223936,110.202296556415
"MYS","Malaysia","Malaysia","South and South East Asia","wdi_real_gdp_per_capita_growth","WDI real GDP per capita growth",8,"2000-2001","contraction",2000,2001,"2000-01-01","2001-01-01",1,-0.0186947729075297,-0.0186947729075297,509.795184223936,500.264679025517,98.130522709247
"MYS","Malaysia","Malaysia","South and South East Asia","wdi_real_gdp_per_capita_growth","WDI real GDP per capita growth",9,"2001-2008","expansion",2001,2008,"2001-01-01","2008-01-01",7,0.0334737900109093,0.259070017606498,500.264679025517,629.868258228567,125.90700176065
"MYS","Malaysia","Malaysia","South and South East Asia","wdi_real_gdp_per_capita_growth","WDI real GDP per capita growth",10,"2008-2009","contraction",2008,2009,"2008-01-01","2009-01-01",1,-0.0345602642616269,-0.0345602642616269,629.868258228567,608.099844774177,96.5439735738373
"MYS","Malaysia","Malaysia","South and South East Asia","wdi_real_gdp_per_capita_growth","WDI real GDP per capita growth",11,"2009-2019","expansion",2009,2019,"2009-01-01","2019-01-01",10,0.0354179067613613,0.415887091133226,608.099844774177,861.000720335876,141.588709113323
"MYS","Malaysia","Malaysia","South and South East Asia","wdi_real_gdp_per_capita_growth","WDI real GDP per capita growth",12,"2019-2020","contraction",2019,2020,"2019-01-01","2020-01-01",1,-0.067093351308522,-0.067093351308522,861.000720335876,803.233296529491,93.2906648691478
"MYS","Malaysia","Malaysia","South and South East Asia","wdi_real_gdp_per_capita_growth","WDI real GDP per capita growth",13,"2020-2024","expansion",2020,2024,"2020-01-01","2024-01-01",4,0.0399065671564048,0.168345991573878,803.233296529491,938.454402298903,116.834599157388
"NAM","Namibia","Namibia","Sub Saharan Africa","wdi_real_gdp_per_capita_growth","WDI real GDP per capita growth",1,"1981-1985","contraction",1981,1985,"1981-01-01","1985-01-01",4,-0.0295485442616163,-0.113203346893374,99.8456559886458,88.5427935579667,88.6796653106626
"NAM","Namibia","Namibia","Sub Saharan Africa","wdi_real_gdp_per_capita_growth","WDI real GDP per capita growth",2,"1985-1987","expansion",1985,1987,"1985-01-01","1987-01-01",2,0.00945199016979695,0.0189504045542139,88.5427935579667,90.2207153162504,101.895040455421
"NAM","Namibia","Namibia","Sub Saharan Africa","wdi_real_gdp_per_capita_growth","WDI real GDP per capita growth",3,"1987-1990","contraction",1987,1990,"1987-01-01","1990-01-01",3,-0.0367204624438836,-0.106243094915398,90.2207153162504,80.6353872955709,89.3756905084602
"NAM","Namibia","Namibia","Sub Saharan Africa","wdi_real_gdp_per_capita_growth","WDI real GDP per capita growth",4,"1990-1992","expansion",1990,1992,"1990-01-01","1992-01-01",2,0.0423180772844666,0.0864117599116232,80.6353872955709,87.6032330229365,108.641175991162
"NAM","Namibia","Namibia","Sub Saharan Africa","wdi_real_gdp_per_capita_growth","WDI real GDP per capita growth",5,"1992-1994","contraction",1992,1994,"1992-01-01","1994-01-01",2,-0.030260409227744,-0.0598754080997619,87.6032330229365,82.3579536948297,94.0124591900238
"NAM","Namibia","Namibia","Sub Saharan Africa","wdi_real_gdp_per_capita_growth","WDI real GDP per capita growth",6,"1994-2000","expansion",1994,2000,"1994-01-01","2000-01-01",6,0.00922635650694821,0.0566133686882628,82.3579536948297,87.0205148917659,105.661336868826
"NAM","Namibia","Namibia","Sub Saharan Africa","wdi_real_gdp_per_capita_growth","WDI real GDP per capita growth",7,"2000-2001","contraction",2000,2001,"2000-01-01","2001-01-01",1,-0.00914261311645021,-0.00914261311645015,87.0205148917659,86.2249199909162,99.085738688355
"NAM","Namibia","Namibia","Sub Saharan Africa","wdi_real_gdp_per_capita_growth","WDI real GDP per capita growth",8,"2001-2008","expansion",2001,2008,"2001-01-01","2008-01-01",7,0.0410316687553052,0.321063035392023,86.2249199909162,113.908554529634,132.106303539202
"NAM","Namibia","Namibia","Sub Saharan Africa","wdi_real_gdp_per_capita_growth","WDI real GDP per capita growth",9,"2008-2009","contraction",2008,2009,"2008-01-01","2009-01-01",1,-0.0116873879710282,-0.0116873879710283,113.908554529634,112.577261059627,98.8312612028972
"NAM","Namibia","Namibia","Sub Saharan Africa","wdi_real_gdp_per_capita_growth","WDI real GDP per capita growth",10,"2009-2015","expansion",2009,2015,"2009-01-01","2015-01-01",6,0.0304240728833311,0.196755739267326,112.577261059627,134.727483284105,119.675573926733
"NAM","Namibia","Namibia","Sub Saharan Africa","wdi_real_gdp_per_capita_growth","WDI real GDP per capita growth",11,"2015-2020","contraction",2015,2020,"2015-01-01","2020-01-01",5,-0.0446865559824472,-0.206657950997889,134.727483284105,106.88497764551,79.3342049002111
"NAM","Namibia","Namibia","Sub Saharan Africa","wdi_real_gdp_per_capita_growth","WDI real GDP per capita growth",12,"2020-2024","expansion",2020,2024,"2020-01-01","2024-01-01",4,0.0159341246649268,0.0651752162153172,106.88497764551,113.851229173725,106.517521621532
"NER","Niger","Niger","Sub Saharan Africa","wdi_real_gdp_per_capita_growth","WDI real GDP per capita growth",1,"1961-1963","expansion",1961,1963,"1961-01-01","1963-01-01",2,0.0670998008209729,0.138685083062299,101.558725720447,115.643406032689,113.86850830623
"NER","Niger","Niger","Sub Saharan Africa","wdi_real_gdp_per_capita_growth","WDI real GDP per capita growth",2,"1963-1964","contraction",1963,1964,"1963-01-01","1964-01-01",1,-0.0271685097378995,-0.0271685097378996,115.643406032689,112.501547029766,97.28314902621
"NER","Niger","Niger","Sub Saharan Africa","wdi_real_gdp_per_capita_growth","WDI real GDP per capita growth",3,"1964-1965","expansion",1964,1965,"1964-01-01","1965-01-01",1,0.0391308368615822,0.0391308368615821,112.501547029766,116.903826713263,103.913083686158
"NER","Niger","Niger","Sub Saharan Africa","wdi_real_gdp_per_capita_growth","WDI real GDP per capita growth",4,"1965-1969","contraction",1965,1969,"1965-01-01","1969-01-01",4,-0.0404448040471385,-0.153237155397015,116.903826713263,98.9898168526972,84.6762844602985
"NER","Niger","Niger","Sub Saharan Africa","wdi_real_gdp_per_capita_growth","WDI real GDP per capita growth",5,"1969-1971","expansion",1969,1971,"1969-01-01","1971-01-01",2,0.0159406733399346,0.0319668496568462,98.9898168526972,102.154209445586,103.196684965685
"NER","Niger","Niger","Sub Saharan Africa","wdi_real_gdp_per_capita_growth","WDI real GDP per capita growth",6,"1971-1973","contraction",1971,1973,"1971-01-01","1973-01-01",2,-0.134454823221828,-0.254186713971129,102.154209445586,76.1879666282941,74.5813286028871
"NER","Niger","Niger","Sub Saharan Africa","wdi_real_gdp_per_capita_growth","WDI real GDP per capita growth",7,"1973-1974","expansion",1973,1974,"1973-01-01","1974-01-01",1,0.0589370852944069,0.0589370852944071,76.1879666282941,80.6782633158733,105.893708529441
"NER","Niger","Niger","Sub Saharan Africa","wdi_real_gdp_per_capita_growth","WDI real GDP per capita growth",8,"1974-1976","contraction",1974,1976,"1974-01-01","1976-01-01",2,-0.0371887371309048,-0.073273896345982,80.6782633158733,74.7666526122921,92.6726103654018
"NER","Niger","Niger","Sub Saharan Africa","wdi_real_gdp_per_capita_growth","WDI real GDP per capita growth",9,"1976-1979","expansion",1976,1979,"1976-01-01","1979-01-01",3,0.0636942809829719,0.202297466566616,74.7666526122921,89.8917570194251,120.229746656662
"NER","Niger","Niger","Sub Saharan Africa","wdi_real_gdp_per_capita_growth","WDI real GDP per capita growth",10,"1979-1984","contraction",1979,1984,"1979-01-01","1984-01-01",5,-0.0703408006022565,-0.314308891321158,89.8917570194251,61.6379785317387,68.5691108678842
"NER","Niger","Niger","Sub Saharan Africa","wdi_real_gdp_per_capita_growth","WDI real GDP per capita growth",11,"1984-1986","expansion",1984,1986,"1984-01-01","1986-01-01",2,0.0388214049931285,0.0791035178167954,61.6379785317387,66.5137594647153,107.91035178168
"NER","Niger","Niger","Sub Saharan Africa","wdi_real_gdp_per_capita_growth","WDI real GDP per capita growth",12,"1986-1987","contraction",1986,1987,"1986-01-01","1987-01-01",1,-0.028945708827687,-0.028945708827687,66.5137594647153,64.5884715502149,97.1054291172313
"NER","Niger","Niger","Sub Saharan Africa","wdi_real_gdp_per_capita_growth","WDI real GDP per capita growth",13,"1987-1988","expansion",1987,1988,"1987-01-01","1988-01-01",1,0.0368166854460942,0.0368166854460943,64.5884715502149,66.9664049907231,103.681668544609
"NER","Niger","Niger","Sub Saharan Africa","wdi_real_gdp_per_capita_growth","WDI real GDP per capita growth",14,"1988-1997","contraction",1988,1997,"1988-01-01","1997-01-01",9,-0.0233427462270977,-0.191967766500572,66.9664049907231,54.1110137940812,80.8032233499428
"NER","Niger","Niger","Sub Saharan Africa","wdi_real_gdp_per_capita_growth","WDI real GDP per capita growth",15,"1997-1998","expansion",1997,1998,"1997-01-01","1998-01-01",1,0.0631303577624729,0.0631303577624729,54.1110137940812,57.5270614537917,106.313035776247
"NER","Niger","Niger","Sub Saharan Africa","wdi_real_gdp_per_capita_growth","WDI real GDP per capita growth",16,"1998-2000","contraction",1998,2000,"1998-01-01","2000-01-01",2,-0.0408462172138515,-0.0800480721982084,57.5270614537917,52.9221310851878,91.9951927801792
"NER","Niger","Niger","Sub Saharan Africa","wdi_real_gdp_per_capita_growth","WDI real GDP per capita growth",17,"2000-2002","expansion",2000,2002,"2000-01-01","2002-01-01",2,0.0242377343714077,0.0489316465433649,52.9221310851878,55.5116980977698,104.893164654336
"NER","Niger","Niger","Sub Saharan Africa","wdi_real_gdp_per_capita_growth","WDI real GDP per capita growth",18,"2002-2004","contraction",2002,2004,"2002-01-01","2004-01-01",2,-0.0229413206006118,-0.0454354056928455,55.5116980977698,52.9895015739989,95.4564594307154
"NER","Niger","Niger","Sub Saharan Africa","wdi_real_gdp_per_capita_growth","WDI real GDP per capita growth",19,"2004-2006","expansion",2004,2006,"2004-01-01","2006-01-01",2,0.0281646486260802,0.0570750132439675,52.9895015739989,56.0138780781261,105.707501324397
"NER","Niger","Niger","Sub Saharan Africa","wdi_real_gdp_per_capita_growth","WDI real GDP per capita growth",20,"2006-2007","contraction",2006,2007,"2006-01-01","2007-01-01",1,-0.00585038841788489,-0.00585038841788477,56.0138780781261,55.6861751345771,99.4149611582115
"NER","Niger","Niger","Sub Saharan Africa","wdi_real_gdp_per_capita_growth","WDI real GDP per capita growth",21,"2007-2008","expansion",2007,2008,"2007-01-01","2008-01-01",1,0.0381608288917157,0.0381608288917155,55.6861751345771,57.8112057355218,103.816082889172
"NER","Niger","Niger","Sub Saharan Africa","wdi_real_gdp_per_capita_growth","WDI real GDP per capita growth",22,"2008-2009","contraction",2008,2009,"2008-01-01","2009-01-01",1,-0.0175785643451498,-0.0175785643451496,57.8112057355218,56.7949677356292,98.242143565485
"NER","Niger","Niger","Sub Saharan Africa","wdi_real_gdp_per_capita_growth","WDI real GDP per capita growth",23,"2009-2010","expansion",2009,2010,"2009-01-01","2010-01-01",1,0.0460766589552573,0.046076658955257,56.7949677356292,59.4118900943586,104.607665895526
"NER","Niger","Niger","Sub Saharan Africa","wdi_real_gdp_per_capita_growth","WDI real GDP per capita growth",24,"2010-2011","contraction",2010,2011,"2010-01-01","2011-01-01",1,-0.0138136228282855,-0.0138136228282855,59.4118900943586,58.5911966530796,98.6186377171715
"NER","Niger","Niger","Sub Saharan Africa","wdi_real_gdp_per_capita_growth","WDI real GDP per capita growth",25,"2011-2020","expansion",2011,2020,"2011-01-01","2020-01-01",9,0.023028518466543,0.225772793227756,58.5911966530796,71.8194947800021,122.577279322776
"NER","Niger","Niger","Sub Saharan Africa","wdi_real_gdp_per_capita_growth","WDI real GDP per capita growth",26,"2020-2021","contraction",2020,2021,"2020-01-01","2021-01-01",1,-0.0186257596023195,-0.0186257596023194,71.8194947800021,70.4818021354698,98.1374240397681
"NER","Niger","Niger","Sub Saharan Africa","wdi_real_gdp_per_capita_growth","WDI real GDP per capita growth",27,"2021-2022","expansion",2021,2022,"2021-01-01","2022-01-01",1,0.083198637261773,0.0831986372617728,70.4818021354698,76.3457920248948,108.319863726177
"NER","Niger","Niger","Sub Saharan Africa","wdi_real_gdp_per_capita_growth","WDI real GDP per capita growth",28,"2022-2023","contraction",2022,2023,"2022-01-01","2023-01-01",1,-0.0162761880925538,-0.0162761880925536,76.3457920248948,75.1031735538226,98.3723811907446
"NER","Niger","Niger","Sub Saharan Africa","wdi_real_gdp_per_capita_growth","WDI real GDP per capita growth",29,"2023-2024","expansion",2023,2024,"2023-01-01","2024-01-01",1,0.0673976595652603,0.0673976595652601,75.1031735538226,80.1649516772738,106.739765956526
"NGA","Nigeria","Nigeria","Sub Saharan Africa","wdi_real_gdp_per_capita_growth","WDI real GDP per capita growth",1,"1961-1965","expansion",1961,1965,"1961-01-01","1965-01-01",4,0.0339936109927391,0.142455253295718,98.1536646706761,112.13616983324,114.245525329572
"NGA","Nigeria","Nigeria","Sub Saharan Africa","wdi_real_gdp_per_capita_growth","WDI real GDP per capita growth",2,"1965-1968","contraction",1965,1968,"1965-01-01","1968-01-01",3,-0.0906311696973714,-0.253209646996592,112.13616983324,83.7422098542156,74.6790353003408
"NGA","Nigeria","Nigeria","Sub Saharan Africa","wdi_real_gdp_per_capita_growth","WDI real GDP per capita growth",3,"1968-1974","expansion",1968,1974,"1968-01-01","1974-01-01",6,0.112087783321207,0.860622421858031,83.7422098542156,155.812633310694,186.062242185803
"NGA","Nigeria","Nigeria","Sub Saharan Africa","wdi_real_gdp_per_capita_growth","WDI real GDP per capita growth",4,"1974-1975","contraction",1974,1975,"1974-01-01","1975-01-01",1,-0.078158606581587,-0.078158606581587,155.812633310694,143.634535003322,92.1841393418413
"NGA","Nigeria","Nigeria","Sub Saharan Africa","wdi_real_gdp_per_capita_growth","WDI real GDP per capita growth",5,"1975-1977","expansion",1975,1977,"1975-01-01","1977-01-01",2,0.0443149460473117,0.0903613565798722,143.634535003322,156.613546437942,109.036135657987
"NGA","Nigeria","Nigeria","Sub Saharan Africa","wdi_real_gdp_per_capita_growth","WDI real GDP per capita growth",6,"1977-1978","contraction",1977,1978,"1977-01-01","1978-01-01",1,-0.0860774380448044,-0.0860774380448043,156.613546437942,143.132653597453,91.3922561955196
"NGA","Nigeria","Nigeria","Sub Saharan Africa","wdi_real_gdp_per_capita_growth","WDI real GDP per capita growth",7,"1978-1980","expansion",1978,1980,"1978-01-01","1980-01-01",2,0.0225992591391256,0.0455513000656207,143.132653597453,149.652532050659,104.555130006562
"NGA","Nigeria","Nigeria","Sub Saharan Africa","wdi_real_gdp_per_capita_growth","WDI real GDP per capita growth",8,"1980-1984","contraction",1980,1984,"1980-01-01","1984-01-01",4,-0.105329603776581,-0.36258303598831,149.652532050659,95.3910626363931,63.741696401169
"NGA","Nigeria","Nigeria","Sub Saharan Africa","wdi_real_gdp_per_capita_growth","WDI real GDP per capita growth",9,"1984-1985","expansion",1984,1985,"1984-01-01","1985-01-01",1,0.0295446539768388,0.0295446539768385,95.3910626363931,98.2093585744682,102.954465397684
"NGA","Nigeria","Nigeria","Sub Saharan Africa","wdi_real_gdp_per_capita_growth","WDI real GDP per capita growth",10,"1985-1986","contraction",1985,1986,"1985-01-01","1986-01-01",1,-0.0262075281914927,-0.0262075281914926,98.2093585744682,95.6355340409594,97.3792471808507
"NGA","Nigeria","Nigeria","Sub Saharan Africa","wdi_real_gdp_per_capita_growth","WDI real GDP per capita growth",11,"1986-1988","expansion",1986,1988,"1986-01-01","1988-01-01",2,0.0249402993156917,0.0500996144196095,95.6355340409594,100.426837421225,105.009961441961
"NGA","Nigeria","Nigeria","Sub Saharan Africa","wdi_real_gdp_per_capita_growth","WDI real GDP per capita growth",12,"1988-1989","contraction",1988,1989,"1988-01-01","1989-01-01",1,-0.00787791828905753,-0.00787791828905748,100.426837421225,99.6356830019921,99.2122081710942
"NGA","Nigeria","Nigeria","Sub Saharan Africa","wdi_real_gdp_per_capita_growth","WDI real GDP per capita growth",13,"1989-1990","expansion",1989,1990,"1989-01-01","1990-01-01",1,0.0879614634151086,0.0879614634151087,99.6356830019921,108.399783487211,108.796146341511
"NGA","Nigeria","Nigeria","Sub Saharan Africa","wdi_real_gdp_per_capita_growth","WDI real GDP per capita growth",14,"1990-1991","contraction",1990,1991,"1990-01-01","1991-01-01",1,-0.0225751903462209,-0.022575190346221,108.399783487211,105.952637741498,97.7424809653779
"NGA","Nigeria","Nigeria","Sub Saharan Africa","wdi_real_gdp_per_capita_growth","WDI real GDP per capita growth",15,"1991-1992","expansion",1991,1992,"1991-01-01","1992-01-01",1,0.0192006635002696,0.0192006635002697,105.952637741498,107.986998685739,101.920066350027
"NGA","Nigeria","Nigeria","Sub Saharan Africa","wdi_real_gdp_per_capita_growth","WDI real GDP per capita growth",16,"1992-1995","contraction",1992,1995,"1992-01-01","1995-01-01",3,-0.0388152418087774,-0.112090400433637,107.986998685739,95.8826927614276,88.7909599566363
"NGA","Nigeria","Nigeria","Sub Saharan Africa","wdi_real_gdp_per_capita_growth","WDI real GDP per capita growth",17,"1995-1997","expansion",1995,1997,"1995-01-01","1997-01-01",2,0.00899681756295877,0.0180376661653487,95.8826927614276,97.6121927644929,101.803766616535
"NGA","Nigeria","Nigeria","Sub Saharan Africa","wdi_real_gdp_per_capita_growth","WDI real GDP per capita growth",18,"1997-1999","contraction",1997,1999,"1997-01-01","1999-01-01",2,-0.0104870708950561,-0.0209609599798555,97.6121927644929,95.5661474984105,97.9039040020145
"NGA","Nigeria","Nigeria","Sub Saharan Africa","wdi_real_gdp_per_capita_growth","WDI real GDP per capita growth",19,"1999-2015","expansion",1999,2015,"1999-01-01","2015-01-01",16,0.0398411075991157,0.859612270113953,95.5661474984105,177.715980495564,185.961227011395
"NGA","Nigeria","Nigeria","Sub Saharan Africa","wdi_real_gdp_per_capita_growth","WDI real GDP per capita growth",20,"2015-2021","contraction",2015,2021,"2015-01-01","2021-01-01",6,-0.0256369547152495,-0.146600385759945,177.715980495564,151.662749199207,85.3399614240055
"NGA","Nigeria","Nigeria","Sub Saharan Africa","wdi_real_gdp_per_capita_growth","WDI real GDP per capita growth",21,"2021-2024","expansion",2021,2024,"2021-01-01","2024-01-01",3,0.0175224606586525,0.0534674722500077,151.662749199207,159.771773033376,105.346747225001
"NIC","Nicaragua","Nicaragua","Latin America","wdi_real_gdp_per_capita_growth","WDI real GDP per capita growth",1,"1961-1967","expansion",1961,1967,"1961-01-01","1967-01-01",6,0.0560289585681926,0.38381233961966,104.332080137814,144.376019912894,138.381233961966
"NIC","Nicaragua","Nicaragua","Latin America","wdi_real_gdp_per_capita_growth","WDI real GDP per capita growth",2,"1967-1968","contraction",1967,1968,"1967-01-01","1968-01-01",1,-0.0178611799160491,-0.0178611799160491,144.376019912894,141.797293845667,98.2138820083951
"NIC","Nicaragua","Nicaragua","Latin America","wdi_real_gdp_per_capita_growth","WDI real GDP per capita growth",3,"1968-1969","expansion",1968,1969,"1968-01-01","1969-01-01",1,0.0295511711044021,0.0295511711044021,141.797293845667,145.987569938241,102.95511711044
"NIC","Nicaragua","Nicaragua","Latin America","wdi_real_gdp_per_capita_growth","WDI real GDP per capita growth",4,"1969-1970","contraction",1969,1970,"1969-01-01","1970-01-01",1,-0.0176940211814291,-0.0176940211814293,145.987569938241,143.404462783529,98.2305978818571
"NIC","Nicaragua","Nicaragua","Latin America","wdi_real_gdp_per_capita_growth","WDI real GDP per capita growth",5,"1970-1971","expansion",1970,1971,"1970-01-01","1971-01-01",1,0.00132665210232247,0.00132665210232275,143.404462783529,143.594710615563,100.132665210232
"NIC","Nicaragua","Nicaragua","Latin America","wdi_real_gdp_per_capita_growth","WDI real GDP per capita growth",6,"1971-1972","contraction",1971,1972,"1971-01-01","1972-01-01",1,-0.00708694819810958,-0.00708694819810962,143.594710615563,142.577062339908,99.291305180189
"NIC","Nicaragua","Nicaragua","Latin America","wdi_real_gdp_per_capita_growth","WDI real GDP per capita growth",7,"1972-1974","expansion",1972,1974,"1972-01-01","1974-01-01",2,0.0705401770485945,0.14470369012141,142.577062339908,163.208489387163,114.470369012141
"NIC","Nicaragua","Nicaragua","Latin America","wdi_real_gdp_per_capita_growth","WDI real GDP per capita growth",8,"1974-1975","contraction",1974,1975,"1974-01-01","1975-01-01",1,-0.0316139943508314,-0.0316139943508313,163.208489387163,158.048817125669,96.8386005649169
"NIC","Nicaragua","Nicaragua","Latin America","wdi_real_gdp_per_capita_growth","WDI real GDP per capita growth",9,"1975-1977","expansion",1975,1977,"1975-01-01","1977-01-01",2,0.0360884873835469,0.0732396741052104,158.048817125669,169.624260984667,107.323967410521
"NIC","Nicaragua","Nicaragua","Latin America","wdi_real_gdp_per_capita_growth","WDI real GDP per capita growth",10,"1977-1979","contraction",1977,1979,"1977-01-01","1979-01-01",2,-0.194501922838228,-0.359245987843394,169.624260984667,108.687425785025,64.0754012156606
"NIC","Nicaragua","Nicaragua","Latin America","wdi_real_gdp_per_capita_growth","WDI real GDP per capita growth",11,"1979-1981","expansion",1979,1981,"1979-01-01","1981-01-01",2,0.0210557412553235,0.0425445618518181,108.687425785025,113.311484693851,104.254456185182
"NIC","Nicaragua","Nicaragua","Latin America","wdi_real_gdp_per_capita_growth","WDI real GDP per capita growth",12,"1981-1982","contraction",1981,1982,"1981-01-01","1982-01-01",1,-0.0350080649950205,-0.0350080649950205,113.311484693851,109.344668873006,96.499193500498
"NIC","Nicaragua","Nicaragua","Latin America","wdi_real_gdp_per_capita_growth","WDI real GDP per capita growth",13,"1982-1983","expansion",1982,1983,"1982-01-01","1983-01-01",1,0.0190068623874957,0.0190068623874957,109.344668873006,111.422967947082,101.90068623875
"NIC","Nicaragua","Nicaragua","Latin America","wdi_real_gdp_per_capita_growth","WDI real GDP per capita growth",14,"1983-1993","contraction",1983,1993,"1983-01-01","1993-01-01",10,-0.0442739219782192,-0.368799802417541,111.422967947082,70.3301993834219,63.1200197582459
"NIC","Nicaragua","Nicaragua","Latin America","wdi_real_gdp_per_capita_growth","WDI real GDP per capita growth",15,"1993-2001","expansion",1993,2001,"1993-01-01","2001-01-01",8,0.029439232372541,0.26034845066498,70.3301993834219,88.640557827855,126.034845066498
"NIC","Nicaragua","Nicaragua","Latin America","wdi_real_gdp_per_capita_growth","WDI real GDP per capita growth",16,"2001-2002","contraction",2001,2002,"2001-01-01","2002-01-01",1,-0.00460685992278769,-0.00460685992278764,88.640557827855,88.2322031944643,99.5393140077212
"NIC","Nicaragua","Nicaragua","Latin America","wdi_real_gdp_per_capita_growth","WDI real GDP per capita growth",17,"2002-2008","expansion",2002,2008,"2002-01-01","2008-01-01",6,0.0275764329652871,0.177006755273936,88.2322031944643,103.849899192587,117.700675527394
"NIC","Nicaragua","Nicaragua","Latin America","wdi_real_gdp_per_capita_growth","WDI real GDP per capita growth",18,"2008-2009","contraction",2008,2009,"2008-01-01","2009-01-01",1,-0.0466051140515347,-0.0466051140515347,103.849899192587,99.0099627964761,95.3394885948465
"NIC","Nicaragua","Nicaragua","Latin America","wdi_real_gdp_per_capita_growth","WDI real GDP per capita growth",19,"2009-2017","expansion",2009,2017,"2009-01-01","2017-01-01",8,0.0367582586938807,0.334544698207271,99.0099627964761,132.133220919736,133.454469820727
"NIC","Nicaragua","Nicaragua","Latin America","wdi_real_gdp_per_capita_growth","WDI real GDP per capita growth",20,"2017-2020","contraction",2017,2020,"2017-01-01","2020-01-01",3,-0.0407659431277233,-0.117413594588857,132.133220919736,116.618984486947,88.2586405411143
"NIC","Nicaragua","Nicaragua","Latin America","wdi_real_gdp_per_capita_growth","WDI real GDP per capita growth",21,"2020-2024","expansion",2020,2024,"2020-01-01","2024-01-01",4,0.0414223621645671,0.174485304855226,116.618984486947,136.967283547058,117.448530485523
"NLD","Netherlands","Netherlands","Western Europe","wdi_real_gdp_per_capita_growth","WDI real GDP per capita growth",1,"1961-1974","expansion",1961,1974,"1961-01-01","1974-01-01",13,0.0424665970261465,0.714146055851774,98.9850024274828,169.674751499548,171.414605585177
"NLD","Netherlands","Netherlands","Western Europe","wdi_real_gdp_per_capita_growth","WDI real GDP per capita growth",2,"1974-1975","contraction",1974,1975,"1974-01-01","1975-01-01",1,-0.0088541810143316,-0.00885418101433155,169.674751499548,168.172420536209,99.1145818985668
"NLD","Netherlands","Netherlands","Western Europe","wdi_real_gdp_per_capita_growth","WDI real GDP per capita growth",3,"1975-1980","expansion",1975,1980,"1975-01-01","1980-01-01",5,0.018948093621491,0.0981231851446878,168.172420536209,184.674034092714,109.812318514469
"NLD","Netherlands","Netherlands","Western Europe","wdi_real_gdp_per_capita_growth","WDI real GDP per capita growth",4,"1980-1982","contraction",1980,1982,"1980-01-01","1982-01-01",2,-0.0157727150926386,-0.0312979814814366,184.674034092714,178.894109593578,96.8702018518563
"NLD","Netherlands","Netherlands","Western Europe","wdi_real_gdp_per_capita_growth","WDI real GDP per capita growth",5,"1982-2001","expansion",1982,2001,"1982-01-01","2001-01-01",19,0.025317533038311,0.606459258999902,178.894109593578,287.386098737147,160.64592589999
"NLD","Netherlands","Netherlands","Western Europe","wdi_real_gdp_per_capita_growth","WDI real GDP per capita growth",6,"2001-2003","contraction",2001,2003,"2001-01-01","2003-01-01",2,-0.00382684162574655,-0.00763904728238274,287.386098737147,285.190742740594,99.2360952717617
"NLD","Netherlands","Netherlands","Western Europe","wdi_real_gdp_per_capita_growth","WDI real GDP per capita growth",7,"2003-2008","expansion",2003,2008,"2003-01-01","2008-01-01",5,0.0244182350930386,0.127992361157258,285.190742740594,321.692979284155,112.799236115726
"NLD","Netherlands","Netherlands","Western Europe","wdi_real_gdp_per_capita_growth","WDI real GDP per capita growth",8,"2008-2009","contraction",2008,2009,"2008-01-01","2009-01-01",1,-0.0415945322331045,-0.0415945322331046,321.692979284155,308.312310288157,95.8405467766895
"NLD","Netherlands","Netherlands","Western Europe","wdi_real_gdp_per_capita_growth","WDI real GDP per capita growth",9,"2009-2011","expansion",2009,2011,"2009-01-01","2011-01-01",2,0.0105035549580505,0.0211112148041197,308.312310288157,314.821157697404,102.111121480412
"NLD","Netherlands","Netherlands","Western Europe","wdi_real_gdp_per_capita_growth","WDI real GDP per capita growth",10,"2011-2013","contraction",2011,2013,"2011-01-01","2013-01-01",2,-0.0083408312026723,-0.0166380573597646,314.821157697404,309.583145217567,98.3361942640235
"NLD","Netherlands","Netherlands","Western Europe","wdi_real_gdp_per_capita_growth","WDI real GDP per capita growth",11,"2013-2019","expansion",2013,2019,"2013-01-01","2019-01-01",6,0.0171141140552442,0.107154493854198,309.583145217567,342.756370449146,110.71544938542
"NLD","Netherlands","Netherlands","Western Europe","wdi_real_gdp_per_capita_growth","WDI real GDP per capita growth",12,"2019-2020","contraction",2019,2020,"2019-01-01","2020-01-01",1,-0.0440052537279003,-0.0440052537279002,342.756370449146,327.673289400678,95.59947462721
"NLD","Netherlands","Netherlands","Western Europe","wdi_real_gdp_per_capita_growth","WDI real GDP per capita growth",13,"2020-2022","expansion",2020,2022,"2020-01-01","2022-01-01",2,0.0486645701959829,0.0996241964875508,327.673289400678,360.317477567653,109.962419648755
"NLD","Netherlands","Netherlands","Western Europe","wdi_real_gdp_per_capita_growth","WDI real GDP per capita growth",14,"2022-2023","contraction",2022,2023,"2022-01-01","2023-01-01",1,-0.0157745734337647,-0.0157745734337648,360.317477567653,354.633623058293,98.4225426566235
"NLD","Netherlands","Netherlands","Western Europe","wdi_real_gdp_per_capita_growth","WDI real GDP per capita growth",15,"2023-2024","expansion",2023,2024,"2023-01-01","2024-01-01",1,0.00427291768689813,0.00427291768689808,354.633623058293,356.148943338628,100.42729176869
"NOR","Norway","Norway","Western Europe","wdi_real_gdp_per_capita_growth","WDI real GDP per capita growth",1,"1961-1981","expansion",1961,1981,"1961-01-01","1981-01-01",20,0.0356124756257043,1.01058040287163,105.432493154733,211.980504562804,201.058040287163
"NOR","Norway","Norway","Western Europe","wdi_real_gdp_per_capita_growth","WDI real GDP per capita growth",2,"1981-1982","contraction",1981,1982,"1981-01-01","1982-01-01",1,-0.00132144883355153,-0.00132144883355167,211.980504562804,211.700383172314,99.8678551166448
"NOR","Norway","Norway","Western Europe","wdi_real_gdp_per_capita_growth","WDI real GDP per capita growth",3,"1982-1987","expansion",1982,1987,"1982-01-01","1987-01-01",5,0.0391414800473189,0.210950234382784,211.700383172314,256.358628621438,121.095023438278
"NOR","Norway","Norway","Western Europe","wdi_real_gdp_per_capita_growth","WDI real GDP per capita growth",4,"1987-1988","contraction",1987,1988,"1987-01-01","1988-01-01",1,-0.00790296442452416,-0.00790296442452432,256.358628621438,254.332635499523,99.2097035575476
"NOR","Norway","Norway","Western Europe","wdi_real_gdp_per_capita_growth","WDI real GDP per capita growth",5,"1988-2007","expansion",1988,2007,"1988-01-01","2007-01-01",19,0.0236879803501192,0.557966278640061,254.332635499523,396.241669665911,155.796627864006
"NOR","Norway","Norway","Western Europe","wdi_real_gdp_per_capita_growth","WDI real GDP per capita growth",6,"2007-2011","contraction",2007,2011,"2007-01-01","2011-01-01",4,-0.0114748536305561,-0.0453918306113014,396.241669665911,378.255534915297,95.4608169388699
"NOR","Norway","Norway","Western Europe","wdi_real_gdp_per_capita_growth","WDI real GDP per capita growth",7,"2011-2012","expansion",2011,2012,"2011-01-01","2012-01-01",1,0.0137764088326504,0.0137764088326504,378.255534915297,383.466537807503,101.377640883265
"NOR","Norway","Norway","Western Europe","wdi_real_gdp_per_capita_growth","WDI real GDP per capita growth",8,"2012-2013","contraction",2012,2013,"2012-01-01","2013-01-01",1,-0.00197883206152966,-0.00197883206152971,383.466537807503,382.707721927966,99.802116793847
"NOR","Norway","Norway","Western Europe","wdi_real_gdp_per_capita_growth","WDI real GDP per capita growth",9,"2013-2019","expansion",2013,2019,"2013-01-01","2019-01-01",6,0.00713072672755753,0.0434786487576988,382.707721927966,399.347336546531,104.34786487577
"NOR","Norway","Norway","Western Europe","wdi_real_gdp_per_capita_growth","WDI real GDP per capita growth",10,"2019-2020","contraction",2019,2020,"2019-01-01","2020-01-01",1,-0.0185769609648001,-0.0185769609648002,399.347336546531,391.928676664109,98.14230390352
"NOR","Norway","Norway","Western Europe","wdi_real_gdp_per_capita_growth","WDI real GDP per capita growth",11,"2020-2022","expansion",2020,2022,"2020-01-01","2022-01-01",2,0.0283865930458125,0.057552376103144,391.928676664109,414.485103269089,105.755237610314
"NOR","Norway","Norway","Western Europe","wdi_real_gdp_per_capita_growth","WDI real GDP per capita growth",12,"2022-2023","contraction",2022,2023,"2022-01-01","2023-01-01",1,-0.0106055299614016,-0.0106055299614015,414.485103269089,410.089269087814,98.9394470038599
"NOR","Norway","Norway","Western Europe","wdi_real_gdp_per_capita_growth","WDI real GDP per capita growth",13,"2023-2024","expansion",2023,2024,"2023-01-01","2024-01-01",1,0.0113204599317447,0.0113204599317449,410.089269087814,414.731668226961,101.132045993174
"NPL","Nepal","Nepal","South and South East Asia","wdi_real_gdp_per_capita_growth","WDI real GDP per capita growth",1,"1961-1963","contraction",1961,1963,"1961-01-01","1963-01-01",2,-0.000700473930941356,-0.00140048531385728,99.9849620107745,99.8449345398718,99.8599514686143
"NPL","Nepal","Nepal","South and South East Asia","wdi_real_gdp_per_capita_growth","WDI real GDP per capita growth",2,"1963-1964","expansion",1963,1964,"1963-01-01","1964-01-01",1,0.0540492265049775,0.0540492265049775,99.8449345398718,105.241476022192,105.404922650498
"NPL","Nepal","Nepal","South and South East Asia","wdi_real_gdp_per_capita_growth","WDI real GDP per capita growth",3,"1964-1965","contraction",1964,1965,"1964-01-01","1965-01-01",1,-0.0321052171467907,-0.0321052171467908,105.241476022192,101.862675581651,96.7894782853209
"NPL","Nepal","Nepal","South and South East Asia","wdi_real_gdp_per_capita_growth","WDI real GDP per capita growth",4,"1965-1966","expansion",1965,1966,"1965-01-01","1966-01-01",1,0.0483298283175135,0.0483298283175135,101.862675581651,106.785681204474,104.832982831751
"NPL","Nepal","Nepal","South and South East Asia","wdi_real_gdp_per_capita_growth","WDI real GDP per capita growth",5,"1966-1968","contraction",1966,1968,"1966-01-01","1968-01-01",2,-0.0255051338302078,-0.050476841439314,106.785681204474,101.395477306327,94.9523158560686
"NPL","Nepal","Nepal","South and South East Asia","wdi_real_gdp_per_capita_growth","WDI real GDP per capita growth",6,"1968-1970","expansion",1968,1970,"1968-01-01","1970-01-01",2,0.0129023476650499,0.0258838790127682,101.395477306327,104.019985573366,102.588387901277
"NPL","Nepal","Nepal","South and South East Asia","wdi_real_gdp_per_capita_growth","WDI real GDP per capita growth",7,"1970-1971","contraction",1970,1971,"1970-01-01","1971-01-01",1,-0.0332438324826668,-0.0332438324826668,104.019985573366,100.561962598116,96.6756167517333
"NPL","Nepal","Nepal","South and South East Asia","wdi_real_gdp_per_capita_growth","WDI real GDP per capita growth",8,"1971-1972","expansion",1971,1972,"1971-01-01","1972-01-01",1,0.00902574752258815,0.00902574752258811,100.561962598116,101.469609482902,100.902574752259
"NPL","Nepal","Nepal","South and South East Asia","wdi_real_gdp_per_capita_growth","WDI real GDP per capita growth",9,"1972-1973","contraction",1972,1973,"1972-01-01","1973-01-01",1,-0.0262170622757225,-0.0262170622757226,101.469609482902,98.8093744119956,97.3782937724277
"NPL","Nepal","Nepal","South and South East Asia","wdi_real_gdp_per_capita_growth","WDI real GDP per capita growth",10,"1973-1974","expansion",1973,1974,"1973-01-01","1974-01-01",1,0.0403586160968226,0.0403586160968226,98.8093744119956,102.797184020657,104.035861609682
"NPL","Nepal","Nepal","South and South East Asia","wdi_real_gdp_per_capita_growth","WDI real GDP per capita growth",11,"1974-1975","contraction",1974,1975,"1974-01-01","1975-01-01",1,-0.00754394199496474,-0.00754394199496478,102.797184020657,102.021688027159,99.2456058005035
"NPL","Nepal","Nepal","South and South East Asia","wdi_real_gdp_per_capita_growth","WDI real GDP per capita growth",12,"1975-1979","expansion",1975,1979,"1975-01-01","1979-01-01",4,0.0122124251403738,0.0495885877658002,102.021688027159,107.080799457909,104.95885877658
"NPL","Nepal","Nepal","South and South East Asia","wdi_real_gdp_per_capita_growth","WDI real GDP per capita growth",13,"1979-1980","contraction",1979,1980,"1979-01-01","1980-01-01",1,-0.0459615404233888,-0.0459615404233886,107.080799457909,102.159200965055,95.4038459576611
"NPL","Nepal","Nepal","South and South East Asia","wdi_real_gdp_per_capita_growth","WDI real GDP per capita growth",14,"1980-1982","expansion",1980,1982,"1980-01-01","1982-01-01",2,0.0360846293486586,0.0729782807992863,102.159200965055,109.614603819314,107.297828079929
"NPL","Nepal","Nepal","South and South East Asia","wdi_real_gdp_per_capita_growth","WDI real GDP per capita growth",15,"1982-1983","contraction",1982,1983,"1982-01-01","1983-01-01",1,-0.0525126113340109,-0.052512611334011,109.614603819314,103.858454732419,94.7487388665989
"NPL","Nepal","Nepal","South and South East Asia","wdi_real_gdp_per_capita_growth","WDI real GDP per capita growth",16,"1983-1986","expansion",1983,1986,"1983-01-01","1986-01-01",3,0.0439348871530574,0.137036921714761,103.858454732419,118.090897663001,113.703692171476
"NPL","Nepal","Nepal","South and South East Asia","wdi_real_gdp_per_capita_growth","WDI real GDP per capita growth",17,"1986-1987","contraction",1986,1987,"1986-01-01","1987-01-01",1,-0.00435088375434745,-0.00435088375434756,118.090897663001,117.577097894823,99.5649116245652
"NPL","Nepal","Nepal","South and South East Asia","wdi_real_gdp_per_capita_growth","WDI real GDP per capita growth",18,"1987-2001","expansion",1987,2001,"1987-01-01","2001-01-01",14,0.0278569082475642,0.466975412469499,117.577097894823,172.482711681224,146.69754124695
"NPL","Nepal","Nepal","South and South East Asia","wdi_real_gdp_per_capita_growth","WDI real GDP per capita growth",19,"2001-2002","contraction",2001,2002,"2001-01-01","2002-01-01",1,-0.0139074360828988,-0.0139074360828987,172.482711681224,170.083919393113,98.6092563917101
"NPL","Nepal","Nepal","South and South East Asia","wdi_real_gdp_per_capita_growth","WDI real GDP per capita growth",20,"2002-2015","expansion",2002,2015,"2002-01-01","2015-01-01",13,0.0355364942323128,0.57347794411613,170.083919393113,267.623295813889,157.347794411613
"NPL","Nepal","Nepal","South and South East Asia","wdi_real_gdp_per_capita_growth","WDI real GDP per capita growth",21,"2015-2016","contraction",2015,2016,"2015-01-01","2016-01-01",1,-0.000405110299060141,-0.000405110299060207,267.623295813889,267.514878860486,99.959488970094
"NPL","Nepal","Nepal","South and South East Asia","wdi_real_gdp_per_capita_growth","WDI real GDP per capita growth",22,"2016-2019","expansion",2016,2019,"2016-01-01","2019-01-01",3,0.0717407499087483,0.230726202264639,267.514878860486,329.237570909251,123.072620226464
"NPL","Nepal","Nepal","South and South East Asia","wdi_real_gdp_per_capita_growth","WDI real GDP per capita growth",23,"2019-2020","contraction",2019,2020,"2019-01-01","2020-01-01",1,-0.0423182776858643,-0.0423182776858643,329.237570909251,315.304803958894,95.7681722314136
"NPL","Nepal","Nepal","South and South East Asia","wdi_real_gdp_per_capita_growth","WDI real GDP per capita growth",24,"2020-2024","expansion",2020,2024,"2020-01-01","2024-01-01",4,0.0341952596789493,0.14374342034001,315.304803958894,360.627794929582,114.374342034001
"NZL","New Zealand","New Zealand","Western Offshoots","wdi_real_gdp_per_capita_growth","WDI real GDP per capita growth",1,"1961-1966","expansion",1961,1966,"1961-01-01","1966-01-01",5,0.0343007241092833,0.183065173474156,101.270429330604,119.809518043814,118.306517347416
"NZL","New Zealand","New Zealand","Western Offshoots","wdi_real_gdp_per_capita_growth","WDI real GDP per capita growth",2,"1966-1968","contraction",1966,1968,"1966-01-01","1968-01-01",2,-0.0359968173044375,-0.0714149942040209,119.809518043814,111.253322007128,92.8585005795979
"NZL","New Zealand","New Zealand","Western Offshoots","wdi_real_gdp_per_capita_growth","WDI real GDP per capita growth",3,"1968-1969","expansion",1968,1969,"1968-01-01","1969-01-01",1,0.0921306183107109,0.0921306183107109,111.253322007128,121.503159352766,109.213061831071
"NZL","New Zealand","New Zealand","Western Offshoots","wdi_real_gdp_per_capita_growth","WDI real GDP per capita growth",4,"1969-1970","contraction",1969,1970,"1969-01-01","1970-01-01",1,-0.0272718054310749,-0.0272718054310749,121.503159352766,118.189548831636,97.2728194568925
"NZL","New Zealand","New Zealand","Western Offshoots","wdi_real_gdp_per_capita_growth","WDI real GDP per capita growth",5,"1970-1974","expansion",1970,1974,"1970-01-01","1974-01-01",4,0.0376001244788705,0.158758253175592,118.189548831636,136.953115147758,115.875825317559
"NZL","New Zealand","New Zealand","Western Offshoots","wdi_real_gdp_per_capita_growth","WDI real GDP per capita growth",6,"1974-1975","contraction",1974,1975,"1974-01-01","1975-01-01",1,-0.0362495241985341,-0.036249524198534,136.953115147758,131.988629886145,96.3750475801466
"NZL","New Zealand","New Zealand","Western Offshoots","wdi_real_gdp_per_capita_growth","WDI real GDP per capita growth",7,"1975-1976","expansion",1975,1976,"1975-01-01","1976-01-01",1,0.000397432614710453,0.00039743261471048,131.988629886145,132.041086472432,100.039743261471
"NZL","New Zealand","New Zealand","Western Offshoots","wdi_real_gdp_per_capita_growth","WDI real GDP per capita growth",8,"1976-1977","contraction",1976,1977,"1976-01-01","1977-01-01",1,-0.0423497789936773,-0.0423497789936773,132.041086472432,126.44917564224,95.7650221006323
"NZL","New Zealand","New Zealand","Western Offshoots","wdi_real_gdp_per_capita_growth","WDI real GDP per capita growth",9,"1977-1981","expansion",1977,1981,"1977-01-01","1981-01-01",4,0.0207258201302501,0.0850460597847225,126.44917564224,137.203179793639,108.504605978472
"NZL","New Zealand","New Zealand","Western Offshoots","wdi_real_gdp_per_capita_growth","WDI real GDP per capita growth",10,"1981-1982","contraction",1981,1982,"1981-01-01","1982-01-01",1,-0.000680685037253141,-0.000680685037253048,137.203179793639,137.10978764209,99.9319314962747
"NZL","New Zealand","New Zealand","Western Offshoots","wdi_real_gdp_per_capita_growth","WDI real GDP per capita growth",11,"1982-1987","expansion",1982,1987,"1982-01-01","1987-01-01",5,0.0196175594846355,0.101550356696386,137.10978764209,151.03333548371,110.155035669639
"NZL","New Zealand","New Zealand","Western Offshoots","wdi_real_gdp_per_capita_growth","WDI real GDP per capita growth",12,"1987-1991","contraction",1987,1991,"1987-01-01","1991-01-01",4,-0.0187025002754578,-0.0737352382124653,151.03333548371,139.896856513795,92.6264761787535
"NZL","New Zealand","New Zealand","Western Offshoots","wdi_real_gdp_per_capita_growth","WDI real GDP per capita growth",13,"1991-1997","expansion",1991,1997,"1991-01-01","1997-01-01",6,0.0248262879461243,0.157491522755314,139.896856513795,161.929425474834,115.749152275531
"NZL","New Zealand","New Zealand","Western Offshoots","wdi_real_gdp_per_capita_growth","WDI real GDP per capita growth",14,"1997-1998","contraction",1997,1998,"1997-01-01","1998-01-01",1,-0.000325316016859745,-0.0003253160168597,161.929425474834,161.876747239127,99.967468398314
"NZL","New Zealand","New Zealand","Western Offshoots","wdi_real_gdp_per_capita_growth","WDI real GDP per capita growth",15,"1998-2007","expansion",1998,2007,"1998-01-01","2007-01-01",9,0.0265195385672395,0.265223605245331,161.876747239127,204.810281747275,126.522360524533
"NZL","New Zealand","New Zealand","Western Offshoots","wdi_real_gdp_per_capita_growth","WDI real GDP per capita growth",16,"2007-2009","contraction",2007,2009,"2007-01-01","2009-01-01",2,-0.0144269712727981,-0.0286626853392206,204.810281747275,198.939869087316,97.1337314660779
"NZL","New Zealand","New Zealand","Western Offshoots","wdi_real_gdp_per_capita_growth","WDI real GDP per capita growth",17,"2009-2019","expansion",2009,2019,"2009-01-01","2019-01-01",10,0.0142148576027643,0.15146192911342,198.939869087316,229.071685436852,115.146192911342
"NZL","New Zealand","New Zealand","Western Offshoots","wdi_real_gdp_per_capita_growth","WDI real GDP per capita growth",18,"2019-2020","contraction",2019,2020,"2019-01-01","2020-01-01",1,-0.0231391634084866,-0.0231391634084868,229.071685436852,223.771158275271,97.6860836591513
"NZL","New Zealand","New Zealand","Western Offshoots","wdi_real_gdp_per_capita_growth","WDI real GDP per capita growth",19,"2020-2022","expansion",2020,2022,"2020-01-01","2022-01-01",2,0.0392001643306738,0.0799236906533396,223.771158275271,241.655775106403,107.992369065334
"NZL","New Zealand","New Zealand","Western Offshoots","wdi_real_gdp_per_capita_growth","WDI real GDP per capita growth",20,"2022-2024","contraction",2022,2024,"2022-01-01","2024-01-01",2,-0.00650009191690685,-0.0129648210706877,241.655775106403,238.52275122145,98.7035178929312
"OMN","Oman","Oman","Middle East and North Africa","wdi_real_gdp_per_capita_growth","WDI real GDP per capita growth",1,"1961-1963","expansion",1961,1963,"1961-01-01","1963-01-01",2,0.102427692822188,0.209355218839392,99.3843596661417,120.19099403326,120.935521883939
"OMN","Oman","Oman","Middle East and North Africa","wdi_real_gdp_per_capita_growth","WDI real GDP per capita growth",2,"1963-1965","contraction",1963,1965,"1963-01-01","1965-01-01",2,-0.0185178663654596,-0.0366944376464329,120.19099403326,115.780653097043,96.3305562353567
"OMN","Oman","Oman","Middle East and North Africa","wdi_real_gdp_per_capita_growth","WDI real GDP per capita growth",3,"1965-1970","expansion",1965,1970,"1965-01-01","1970-01-01",5,0.351755211953758,3.02039925669216,115.780653097043,465.484451650687,402.039925669216
"OMN","Oman","Oman","Middle East and North Africa","wdi_real_gdp_per_capita_growth","WDI real GDP per capita growth",4,"1970-1971","contraction",1970,1971,"1970-01-01","1971-01-01",1,-0.0183325408718696,-0.0183325408718695,465.484451650687,456.950938915581,98.166745912813
"OMN","Oman","Oman","Middle East and North Africa","wdi_real_gdp_per_capita_growth","WDI real GDP per capita growth",5,"1971-1972","expansion",1971,1972,"1971-01-01","1972-01-01",1,0.0677247253363956,0.0677247253363953,456.950938915581,487.897815745847,106.77247253364
"OMN","Oman","Oman","Middle East and North Africa","wdi_real_gdp_per_capita_growth","WDI real GDP per capita growth",6,"1972-1973","contraction",1972,1973,"1972-01-01","1973-01-01",1,-0.166997263585133,-0.166997263585133,487.897815745847,406.420215607127,83.3002736414867
"OMN","Oman","Oman","Middle East and North Africa","wdi_real_gdp_per_capita_growth","WDI real GDP per capita growth",7,"1973-1976","expansion",1973,1976,"1973-01-01","1976-01-01",3,0.140750519159667,0.480416774977355,406.420215607127,601.671304874704,148.041677497736
"OMN","Oman","Oman","Middle East and North Africa","wdi_real_gdp_per_capita_growth","WDI real GDP per capita growth",8,"1976-1979","contraction",1976,1979,"1976-01-01","1979-01-01",3,-0.0444300237930966,-0.128829256060667,601.671304874704,524.158438274645,87.1170743939333
"OMN","Oman","Oman","Middle East and North Africa","wdi_real_gdp_per_capita_growth","WDI real GDP per capita growth",9,"1979-1985","expansion",1979,1985,"1979-01-01","1985-01-01",6,0.0751665417216786,0.539209116677611,524.158438274645,806.789446775832,153.920911667761
"OMN","Oman","Oman","Middle East and North Africa","wdi_real_gdp_per_capita_growth","WDI real GDP per capita growth",10,"1985-1987","contraction",1985,1987,"1985-01-01","1987-01-01",2,-0.0670937594968051,-0.130245384811619,806.789446775832,701.708844818561,86.9754615188381
"OMN","Oman","Oman","Middle East and North Africa","wdi_real_gdp_per_capita_growth","WDI real GDP per capita growth",11,"1987-1989","expansion",1987,1989,"1987-01-01","1989-01-01",2,0.0301752044879987,0.0604229039596453,701.708844818561,744.108130956666,106.042290395965
"OMN","Oman","Oman","Middle East and North Africa","wdi_real_gdp_per_capita_growth","WDI real GDP per capita growth",12,"1989-1990","contraction",1989,1990,"1989-01-01","1990-01-01",1,-0.0509719826830693,-0.0509719826830694,744.108130956666,706.179464191212,94.9028017316931
"OMN","Oman","Oman","Middle East and North Africa","wdi_real_gdp_per_capita_growth","WDI real GDP per capita growth",13,"1990-1997","expansion",1990,1997,"1990-01-01","1997-01-01",7,0.0227814411507361,0.170148142055065,706.179464191212,826.334587980788,117.014814205506
"OMN","Oman","Oman","Middle East and North Africa","wdi_real_gdp_per_capita_growth","WDI real GDP per capita growth",14,"1997-1999","contraction",1997,1999,"1997-01-01","1999-01-01",2,-0.0127650707410498,-0.0253720269827611,826.334587980788,805.368804517751,97.4627973017239
"OMN","Oman","Oman","Middle East and North Africa","wdi_real_gdp_per_capita_growth","WDI real GDP per capita growth",15,"1999-2001","expansion",1999,2001,"1999-01-01","2001-01-01",2,0.0408700085186483,0.083354775546238,805.368804517751,872.50014045027,108.335477554624
"OMN","Oman","Oman","Middle East and North Africa","wdi_real_gdp_per_capita_growth","WDI real GDP per capita growth",16,"2001-2003","contraction",2001,2003,"2001-01-01","2003-01-01",2,-0.0261234530142369,-0.0516114278924655,872.50014045027,827.469162365255,94.8388572107534
"OMN","Oman","Oman","Middle East and North Africa","wdi_real_gdp_per_capita_growth","WDI real GDP per capita growth",17,"2003-2009","expansion",2003,2009,"2003-01-01","2009-01-01",6,0.0268898070302957,0.171077412483336,827.469162365255,969.030445572456,117.107741248334
"OMN","Oman","Oman","Middle East and North Africa","wdi_real_gdp_per_capita_growth","WDI real GDP per capita growth",18,"2009-2014","contraction",2009,2014,"2009-01-01","2014-01-01",5,-0.0384119622336112,-0.179366298752236,969.030445572456,795.219041171895,82.0633701247764
"OMN","Oman","Oman","Middle East and North Africa","wdi_real_gdp_per_capita_growth","WDI real GDP per capita growth",19,"2014-2016","expansion",2014,2016,"2014-01-01","2016-01-01",2,0.0027850197208609,0.00557523742885158,795.219041171895,799.652576134372,100.557523742885
"OMN","Oman","Oman","Middle East and North Africa","wdi_real_gdp_per_capita_growth","WDI real GDP per capita growth",20,"2016-2020","contraction",2016,2020,"2016-01-01","2020-01-01",4,-0.0146923095076706,-0.0577102965736894,799.652576134372,753.504388809742,94.2289703426311
"OMN","Oman","Oman","Middle East and North Africa","wdi_real_gdp_per_capita_growth","WDI real GDP per capita growth",21,"2020-2022","expansion",2020,2022,"2020-01-01","2022-01-01",2,0.0291244609818689,0.059094168186798,753.504388809742,798.032103891556,105.90941681868
"OMN","Oman","Oman","Middle East and North Africa","wdi_real_gdp_per_capita_growth","WDI real GDP per capita growth",22,"2022-2024","contraction",2022,2024,"2022-01-01","2024-01-01",2,-0.039159028604721,-0.0769008418743486,798.032103891556,736.662763259537,92.3099158125651
"PAK","Pakistan","Pakistan","South and South East Asia","wdi_real_gdp_per_capita_growth","WDI real GDP per capita growth",1,"1961-1970","expansion",1961,1970,"1961-01-01","1970-01-01",9,0.0445643814618678,0.477693978216708,103.249714911996,152.571481978048,147.769397821671
"PAK","Pakistan","Pakistan","South and South East Asia","wdi_real_gdp_per_capita_growth","WDI real GDP per capita growth",2,"1970-1972","contraction",1970,1972,"1970-01-01","1972-01-01",2,-0.021002867199832,-0.0415672487937929,152.571481978048,146.229505227829,95.8432751206207
"PAK","Pakistan","Pakistan","South and South East Asia","wdi_real_gdp_per_capita_growth","WDI real GDP per capita growth",3,"1972-1992","expansion",1972,1992,"1972-01-01","1992-01-01",20,0.0261255123021635,0.671183914793545,146.229505227829,244.376397004966,167.118391479354
"PAK","Pakistan","Pakistan","South and South East Asia","wdi_real_gdp_per_capita_growth","WDI real GDP per capita growth",4,"1992-1993","contraction",1992,1993,"1992-01-01","1993-01-01",1,-0.0102474092628785,-0.0102474092628786,244.376397004966,241.872172050668,98.9752590737121
"PAK","Pakistan","Pakistan","South and South East Asia","wdi_real_gdp_per_capita_growth","WDI real GDP per capita growth",5,"1993-1996","expansion",1993,1996,"1993-01-01","1996-01-01",3,0.0153022912606881,0.0465694770146303,241.872172050668,253.136032607461,104.656947701463
"PAK","Pakistan","Pakistan","South and South East Asia","wdi_real_gdp_per_capita_growth","WDI real GDP per capita growth",6,"1996-1998","contraction",1996,1998,"1996-01-01","1998-01-01",2,-0.0102263670114595,-0.0204089805320066,253.136032607461,247.969784246026,97.9591019467993
"PAK","Pakistan","Pakistan","South and South East Asia","wdi_real_gdp_per_capita_growth","WDI real GDP per capita growth",7,"1998-2007","expansion",1998,2007,"1998-01-01","2007-01-01",9,0.0236601921194333,0.232689001192147,247.969784246026,305.669625668065,123.268900119215
"PAK","Pakistan","Pakistan","South and South East Asia","wdi_real_gdp_per_capita_growth","WDI real GDP per capita growth",8,"2007-2008","contraction",2007,2008,"2007-01-01","2008-01-01",1,-0.00577212099008804,-0.00577212099008806,305.669625668065,303.905263605714,99.4227879009912
"PAK","Pakistan","Pakistan","South and South East Asia","wdi_real_gdp_per_capita_growth","WDI real GDP per capita growth",9,"2008-2009","expansion",2008,2009,"2008-01-01","2009-01-01",1,0.0087615081009595,0.00876150810095955,303.905263605714,306.56793203472,100.876150810096
"PAK","Pakistan","Pakistan","South and South East Asia","wdi_real_gdp_per_capita_growth","WDI real GDP per capita growth",10,"2009-2010","contraction",2009,2010,"2009-01-01","2010-01-01",1,-0.0097547471765489,-0.00975474717654878,306.56793203472,303.577439365284,99.0245252823451
"PAK","Pakistan","Pakistan","South and South East Asia","wdi_real_gdp_per_capita_growth","WDI real GDP per capita growth",11,"2010-2019","expansion",2010,2019,"2010-01-01","2019-01-01",9,0.0254302921816229,0.252359009622089,303.577439365284,380.187941307117,125.235900962209
"PAK","Pakistan","Pakistan","South and South East Asia","wdi_real_gdp_per_capita_growth","WDI real GDP per capita growth",12,"2019-2020","contraction",2019,2020,"2019-01-01","2020-01-01",1,-0.0303889328268374,-0.0303889328268374,380.187941307117,368.634435497161,96.9611067173163
"PAK","Pakistan","Pakistan","South and South East Asia","wdi_real_gdp_per_capita_growth","WDI real GDP per capita growth",13,"2020-2022","expansion",2020,2022,"2020-01-01","2022-01-01",2,0.0374277426195392,0.0761954388125028,368.634435497161,396.722698071267,107.61954388125
"PAK","Pakistan","Pakistan","South and South East Asia","wdi_real_gdp_per_capita_growth","WDI real GDP per capita growth",14,"2022-2023","contraction",2022,2023,"2022-01-01","2023-01-01",1,-0.0194543125066376,-0.0194543125066378,396.722698071267,389.004730724512,98.0545687493362
"PAK","Pakistan","Pakistan","South and South East Asia","wdi_real_gdp_per_capita_growth","WDI real GDP per capita growth",15,"2023-2024","expansion",2023,2024,"2023-01-01","2024-01-01",1,0.0150503969652753,0.0150503969652755,389.004730724512,394.859406343286,101.505039696528
"PAN","Panama","Panama","Latin America","wdi_real_gdp_per_capita_growth","WDI real GDP per capita growth",1,"1961-1973","expansion",1961,1973,"1961-01-01","1973-01-01",12,0.0429591674790699,0.654212820997928,107.687844693493,178.13861335761,165.421282099793
"PAN","Panama","Panama","Latin America","wdi_real_gdp_per_capita_growth","WDI real GDP per capita growth",2,"1973-1977","contraction",1973,1977,"1973-01-01","1977-01-01",4,-0.00843188451919842,-0.0333357926377542,178.13861335761,172.200221481943,96.6664207362246
"PAN","Panama","Panama","Latin America","wdi_real_gdp_per_capita_growth","WDI real GDP per capita growth",3,"1977-1982","expansion",1977,1982,"1977-01-01","1982-01-01",5,0.0583456039729304,0.325062798814701,172.200221481943,228.176107433375,132.50627988147
"PAN","Panama","Panama","Latin America","wdi_real_gdp_per_capita_growth","WDI real GDP per capita growth",4,"1982-1983","contraction",1982,1983,"1982-01-01","1983-01-01",1,-0.0671122580136897,-0.0671122580136897,228.176107433375,212.862693638747,93.288774198631
"PAN","Panama","Panama","Latin America","wdi_real_gdp_per_capita_growth","WDI real GDP per capita growth",5,"1983-1986","expansion",1983,1986,"1983-01-01","1986-01-01",3,0.0137927674295759,0.0418262084038141,212.862693638747,221.765933024279,104.182620840381
"PAN","Panama","Panama","Latin America","wdi_real_gdp_per_capita_growth","WDI real GDP per capita growth",6,"1986-1989","contraction",1986,1989,"1986-01-01","1989-01-01",3,-0.0660452790555475,-0.190980572223957,221.765933024279,179.412948235522,80.9019427776043
"PAN","Panama","Panama","Latin America","wdi_real_gdp_per_capita_growth","WDI real GDP per capita growth",7,"1989-1994","expansion",1989,1994,"1989-01-01","1994-01-01",5,0.0458820815636702,0.249936963428377,179.412948235522,224.254875717241,124.993696342838
"PAN","Panama","Panama","Latin America","wdi_real_gdp_per_capita_growth","WDI real GDP per capita growth",8,"1994-1995","contraction",1994,1995,"1994-01-01","1995-01-01",1,-0.00302769545385956,-0.00302769545385961,224.254875717241,223.575900249526,99.697230454614
"PAN","Panama","Panama","Latin America","wdi_real_gdp_per_capita_growth","WDI real GDP per capita growth",9,"1995-2000","expansion",1995,2000,"1995-01-01","2000-01-01",5,0.0382699300065234,0.205709041628956,223.575900249526,269.567484421188,120.570904162896
"PAN","Panama","Panama","Latin America","wdi_real_gdp_per_capita_growth","WDI real GDP per capita growth",10,"2000-2001","contraction",2000,2001,"2000-01-01","2001-01-01",1,-0.00995989550927675,-0.00995989550927689,269.567484421188,266.882620443654,99.0040104490723
"PAN","Panama","Panama","Latin America","wdi_real_gdp_per_capita_growth","WDI real GDP per capita growth",11,"2001-2008","expansion",2001,2008,"2001-01-01","2008-01-01",7,0.0616976183530972,0.515669290242616,266.882620443654,404.505791905922,151.566929024262
"PAN","Panama","Panama","Latin America","wdi_real_gdp_per_capita_growth","WDI real GDP per capita growth",12,"2008-2009","contraction",2008,2009,"2008-01-01","2009-01-01",1,-0.00205009199670286,-0.0020500919967027,404.505791905922,403.676517819316,99.7949908003297
"PAN","Panama","Panama","Latin America","wdi_real_gdp_per_capita_growth","WDI real GDP per capita growth",13,"2009-2019","expansion",2009,2019,"2009-01-01","2019-01-01",10,0.0430253892525239,0.519669412317149,403.676517819316,613.454856600713,151.966941231715
"PAN","Panama","Panama","Latin America","wdi_real_gdp_per_capita_growth","WDI real GDP per capita growth",14,"2019-2020","contraction",2019,2020,"2019-01-01","2020-01-01",1,-0.189421659787374,-0.189421659787374,613.454856600713,497.253219458781,81.0578340212626
"PAN","Panama","Panama","Latin America","wdi_real_gdp_per_capita_growth","WDI real GDP per capita growth",15,"2020-2024","expansion",2020,2024,"2020-01-01","2024-01-01",4,0.0798468623578622,0.353886988971551,497.253219458781,673.224664049458,135.388698897155
"PER","Peru","Peru","Latin America","wdi_real_gdp_per_capita_growth","WDI real GDP per capita growth",1,"1961-1967","expansion",1961,1967,"1961-01-01","1967-01-01",6,0.0341858627110994,0.221979192157177,104.262545762705,127.406661443361,122.197919215718
"PER","Peru","Peru","Latin America","wdi_real_gdp_per_capita_growth","WDI real GDP per capita growth",2,"1967-1968","contraction",1967,1968,"1967-01-01","1968-01-01",1,-0.026259559071006,-0.0262595590710059,127.406661443361,124.061018691149,97.3740440928994
"PER","Peru","Peru","Latin America","wdi_real_gdp_per_capita_growth","WDI real GDP per capita growth",3,"1968-1975","expansion",1968,1975,"1968-01-01","1975-01-01",7,0.023183800518015,0.172465698348948,124.061018691149,145.4572889176,117.246569834895
"PER","Peru","Peru","Latin America","wdi_real_gdp_per_capita_growth","WDI real GDP per capita growth",4,"1975-1978","contraction",1975,1978,"1975-01-01","1978-01-01",3,-0.0272009001901325,-0.0798254364303262,145.4572889176,133.846097347781,92.0174563569674
"PER","Peru","Peru","Latin America","wdi_real_gdp_per_capita_growth","WDI real GDP per capita growth",5,"1978-1981","expansion",1978,1981,"1978-01-01","1981-01-01",3,0.0260499746163459,0.080110035373848,133.846097347781,144.568512940963,108.011003537385
"PER","Peru","Peru","Latin America","wdi_real_gdp_per_capita_growth","WDI real GDP per capita growth",6,"1981-1983","contraction",1981,1983,"1981-01-01","1983-01-01",2,-0.0763975136736456,-0.149427426889322,144.568512940963,122.966012042979,85.0572573110678
"PER","Peru","Peru","Latin America","wdi_real_gdp_per_capita_growth","WDI real GDP per capita growth",7,"1983-1984","expansion",1983,1984,"1983-01-01","1984-01-01",1,0.0107540329810783,0.0107540329810782,122.966012042979,124.288392592041,101.075403298108
"PER","Peru","Peru","Latin America","wdi_real_gdp_per_capita_growth","WDI real GDP per capita growth",8,"1984-1985","contraction",1984,1985,"1984-01-01","1985-01-01",1,-0.00398366079209637,-0.00398366079209622,124.288392592041,123.79326979556,99.6016339207904
"PER","Peru","Peru","Latin America","wdi_real_gdp_per_capita_growth","WDI real GDP per capita growth",9,"1985-1987","expansion",1985,1987,"1985-01-01","1987-01-01",2,0.0706072215671957,0.146196385070578,123.79326979556,141.891398335737,114.619638507058
"PER","Peru","Peru","Latin America","wdi_real_gdp_per_capita_growth","WDI real GDP per capita growth",10,"1987-1990","contraction",1987,1990,"1987-01-01","1990-01-01",3,-0.109316332571737,-0.294570318191694,141.891398335737,100.094403979315,70.5429681808306
"PER","Peru","Peru","Latin America","wdi_real_gdp_per_capita_growth","WDI real GDP per capita growth",11,"1990-1991","expansion",1990,1991,"1990-01-01","1991-01-01",1,0.000869996669868414,0.0008699966698682,100.094403979315,100.181485777449,100.086999666987
"PER","Peru","Peru","Latin America","wdi_real_gdp_per_capita_growth","WDI real GDP per capita growth",12,"1991-1992","contraction",1991,1992,"1991-01-01","1992-01-01",1,-0.0254546849500791,-0.025454684950079,100.181485777449,97.6313976191535,97.4545315049921
"PER","Peru","Peru","Latin America","wdi_real_gdp_per_capita_growth","WDI real GDP per capita growth",13,"1992-1997","expansion",1992,1997,"1992-01-01","1997-01-01",5,0.0480216542592571,0.261649879701112,97.6313976191535,123.176641061256,126.164987970111
"PER","Peru","Peru","Latin America","wdi_real_gdp_per_capita_growth","WDI real GDP per capita growth",14,"1997-1999","contraction",1997,1999,"1997-01-01","1999-01-01",2,-0.012150537513532,-0.0242479177180618,123.176641061256,120.189864004016,97.5752082281938
"PER","Peru","Peru","Latin America","wdi_real_gdp_per_capita_growth","WDI real GDP per capita growth",15,"1999-2000","expansion",1999,2000,"1999-01-01","2000-01-01",1,0.0110433498225969,0.0110433498225968,120.189864004016,121.517162717343,101.10433498226
"PER","Peru","Peru","Latin America","wdi_real_gdp_per_capita_growth","WDI real GDP per capita growth",16,"2000-2001","contraction",2000,2001,"2000-01-01","2001-01-01",1,-0.00748837166204879,-0.00748837166204896,121.517162717343,120.607197039597,99.2511628337951
"PER","Peru","Peru","Latin America","wdi_real_gdp_per_capita_growth","WDI real GDP per capita growth",17,"2001-2019","expansion",2001,2019,"2001-01-01","2019-01-01",18,0.0404589515868027,1.03155822488666,120.607197039597,245.02054312632,203.155822488666
"PER","Peru","Peru","Latin America","wdi_real_gdp_per_capita_growth","WDI real GDP per capita growth",18,"2019-2020","contraction",2019,2020,"2019-01-01","2020-01-01",1,-0.11989123385761,-0.11989123385761,245.02054312632,215.644727890444,88.010876614239
"PER","Peru","Peru","Latin America","wdi_real_gdp_per_capita_growth","WDI real GDP per capita growth",19,"2020-2022","expansion",2020,2022,"2020-01-01","2022-01-01",2,0.0705267989673146,0.143297502371777,215.644727890444,246.546078796786,114.329750237178
"PER","Peru","Peru","Latin America","wdi_real_gdp_per_capita_growth","WDI real GDP per capita growth",20,"2022-2023","contraction",2022,2023,"2022-01-01","2023-01-01",1,-0.0149255980889144,-0.0149255980889144,246.546078796786,242.866231114267,98.5074401911086
"PER","Peru","Peru","Latin America","wdi_real_gdp_per_capita_growth","WDI real GDP per capita growth",21,"2023-2024","expansion",2023,2024,"2023-01-01","2024-01-01",1,0.0218017278753871,0.021801727875387,242.866231114267,248.161134595142,102.180172787539
"PHL","Philippines","Philippines","South and South East Asia","wdi_real_gdp_per_capita_growth","WDI real GDP per capita growth",1,"1961-1982","expansion",1961,1982,"1961-01-01","1982-01-01",21,0.0242329169820499,0.649653534846784,102.388983243734,168.906348137394,164.965353484678
"PHL","Philippines","Philippines","South and South East Asia","wdi_real_gdp_per_capita_growth","WDI real GDP per capita growth",2,"1982-1985","contraction",1982,1985,"1982-01-01","1985-01-01",3,-0.066950887442758,-0.18990900525366,168.906348137394,136.829511581593,81.009099474634
"PHL","Philippines","Philippines","South and South East Asia","wdi_real_gdp_per_capita_growth","WDI real GDP per capita growth",3,"1985-1990","expansion",1985,1990,"1985-01-01","1990-01-01",5,0.0208570732072472,0.108222577840351,136.829511581593,151.63755404959,110.822257784035
"PHL","Philippines","Philippines","South and South East Asia","wdi_real_gdp_per_capita_growth","WDI real GDP per capita growth",4,"1990-1993","contraction",1990,1993,"1990-01-01","1993-01-01",3,-0.016595318702946,-0.0491296432386461,151.63755404959,144.187655117552,95.0870356761354
"PHL","Philippines","Philippines","South and South East Asia","wdi_real_gdp_per_capita_growth","WDI real GDP per capita growth",5,"1993-1997","expansion",1993,1997,"1993-01-01","1997-01-01",4,0.0266830484651976,0.111027562823844,144.187655117552,160.196459054539,111.102756282384
"PHL","Philippines","Philippines","South and South East Asia","wdi_real_gdp_per_capita_growth","WDI real GDP per capita growth",6,"1997-1998","contraction",1997,1998,"1997-01-01","1998-01-01",1,-0.0298474954559696,-0.0298474954559697,160.196459054539,155.414995970846,97.015250454403
"PHL","Philippines","Philippines","South and South East Asia","wdi_real_gdp_per_capita_growth","WDI real GDP per capita growth",7,"1998-2008","expansion",1998,2008,"1998-01-01","2008-01-01",10,0.0264176225359731,0.296829485364298,155.414995970846,201.546749242767,129.68294853643
"PHL","Philippines","Philippines","South and South East Asia","wdi_real_gdp_per_capita_growth","WDI real GDP per capita growth",8,"2008-2009","contraction",2008,2009,"2008-01-01","2009-01-01",1,-0.00362955289837316,-0.00362955289837297,201.546749242767,200.815224654895,99.6370447101627
"PHL","Philippines","Philippines","South and South East Asia","wdi_real_gdp_per_capita_growth","WDI real GDP per capita growth",9,"2009-2019","expansion",2009,2019,"2009-01-01","2019-01-01",10,0.047155633565612,0.584544346491924,200.815224654895,318.20062891642,158.454434649192
"PHL","Philippines","Philippines","South and South East Asia","wdi_real_gdp_per_capita_growth","WDI real GDP per capita growth",10,"2019-2020","contraction",2019,2020,"2019-01-01","2020-01-01",1,-0.105488615065624,-0.105488615065624,318.20062891642,284.634085259016,89.4511384934376
"PHL","Philippines","Philippines","South and South East Asia","wdi_real_gdp_per_capita_growth","WDI real GDP per capita growth",11,"2020-2024","expansion",2020,2024,"2020-01-01","2024-01-01",4,0.052545757595441,0.227169002692515,284.634085259016,349.294126539604,122.716900269252
"POL","Poland","Poland","Eastern Europe","wdi_real_gdp_per_capita_growth","WDI real GDP per capita growth",1,"1991-2019","expansion",1991,2019,"1991-01-01","2019-01-01",28,0.0427253322278824,2.21400790569214,92.6552090038275,297.794574241859,321.400790569214
"POL","Poland","Poland","Eastern Europe","wdi_real_gdp_per_capita_growth","WDI real GDP per capita growth",2,"2019-2020","contraction",2019,2020,"2019-01-01","2020-01-01",1,-0.00861202002378917,-0.00861202002378902,297.794574241859,295.229961405512,99.1387979976211
"POL","Poland","Poland","Eastern Europe","wdi_real_gdp_per_capita_growth","WDI real GDP per capita growth",3,"2020-2024","expansion",2020,2024,"2020-01-01","2024-01-01",4,0.0454758032616412,0.192858690371971,295.229961405512,352.167625120747,119.285869037197
"PRI","Puerto Rico (US)","Puerto Rico","Latin America","wdi_real_gdp_per_capita_growth","WDI real GDP per capita growth",1,"1961-1974","expansion",1961,1974,"1961-01-01","1974-01-01",13,0.0547583344200909,0.995900802849153,105.180691477427,209.930226564025,199.590080284915
"PRI","Puerto Rico (US)","Puerto Rico","Latin America","wdi_real_gdp_per_capita_growth","WDI real GDP per capita growth",2,"1974-1975","contraction",1974,1975,"1974-01-01","1975-01-01",1,-0.0246962901165594,-0.0246962901165594,209.930226564025,204.745728784565,97.5303709883441
"PRI","Puerto Rico (US)","Puerto Rico","Latin America","wdi_real_gdp_per_capita_growth","WDI real GDP per capita growth",3,"1975-1981","expansion",1975,1981,"1975-01-01","1981-01-01",6,0.0401068939979703,0.264537130475313,204.745728784565,258.90857635431,126.453713047531
"PRI","Puerto Rico (US)","Puerto Rico","Latin America","wdi_real_gdp_per_capita_growth","WDI real GDP per capita growth",4,"1981-1983","contraction",1981,1983,"1981-01-01","1983-01-01",2,-0.0297021085027211,-0.0585353434082747,258.90857635431,243.753273926063,94.1464656591725
"PRI","Puerto Rico (US)","Puerto Rico","Latin America","wdi_real_gdp_per_capita_growth","WDI real GDP per capita growth",5,"1983-1989","expansion",1983,1989,"1983-01-01","1989-01-01",6,0.0400509684548667,0.265325833163547,243.753273926063,308.427314416838,126.532583316355
"PRI","Puerto Rico (US)","Puerto Rico","Latin America","wdi_real_gdp_per_capita_growth","WDI real GDP per capita growth",6,"1989-1990","contraction",1989,1990,"1989-01-01","1990-01-01",1,-0.037017081142227,-0.037017081142227,308.427314416838,297.010235492591,96.2982918857773
"PRI","Puerto Rico (US)","Puerto Rico","Latin America","wdi_real_gdp_per_capita_growth","WDI real GDP per capita growth",7,"1990-2002","expansion",1990,2002,"1990-01-01","2002-01-01",12,0.0339854121034752,0.491454665852802,297.010235492591,442.977301531464,149.14546658528
"PRI","Puerto Rico (US)","Puerto Rico","Latin America","wdi_real_gdp_per_capita_growth","WDI real GDP per capita growth",8,"2002-2003","contraction",2002,2003,"2002-01-01","2003-01-01",1,-9.18394623066376e-05,-9.18394623067309e-05,442.977301531464,442.936618734278,99.9908160537693
"PRI","Puerto Rico (US)","Puerto Rico","Latin America","wdi_real_gdp_per_capita_growth","WDI real GDP per capita growth",9,"2003-2004","expansion",2003,2004,"2003-01-01","2004-01-01",1,0.0872642633155034,0.0872642633155032,442.936618734278,481.589156463584,108.72642633155
"PRI","Puerto Rico (US)","Puerto Rico","Latin America","wdi_real_gdp_per_capita_growth","WDI real GDP per capita growth",10,"2004-2009","contraction",2004,2009,"2004-01-01","2009-01-01",5,-0.0122031642456643,-0.0595876413930415,481.589156463584,452.892394509455,94.0412358606958
"PRI","Puerto Rico (US)","Puerto Rico","Latin America","wdi_real_gdp_per_capita_growth","WDI real GDP per capita growth",11,"2009-2016","expansion",2009,2016,"2009-01-01","2016-01-01",7,0.00376590461536852,0.0266335201903563,452.892394509455,464.954513242681,102.663352019036
"PRI","Puerto Rico (US)","Puerto Rico","Latin America","wdi_real_gdp_per_capita_growth","WDI real GDP per capita growth",12,"2016-2018","contraction",2016,2018,"2016-01-01","2018-01-01",2,-0.00886614752419519,-0.0176537155999482,464.954513242681,456.746338498983,98.2346284400052
"PRI","Puerto Rico (US)","Puerto Rico","Latin America","wdi_real_gdp_per_capita_growth","WDI real GDP per capita growth",13,"2018-2019","expansion",2018,2019,"2018-01-01","2019-01-01",1,0.0130600530158883,0.013060053015888,456.746338498983,462.711469894592,101.306005301589
"PRI","Puerto Rico (US)","Puerto Rico","Latin America","wdi_real_gdp_per_capita_growth","WDI real GDP per capita growth",14,"2019-2020","contraction",2019,2020,"2019-01-01","2020-01-01",1,-0.0356474634356229,-0.0356474634356226,462.711469894592,446.216979690282,96.4352536564377
"PRI","Puerto Rico (US)","Puerto Rico","Latin America","wdi_real_gdp_per_capita_growth","WDI real GDP per capita growth",15,"2020-2024","expansion",2020,2024,"2020-01-01","2024-01-01",4,0.0243071875689164,0.100428766168529,446.216979690282,491.030000404024,110.042876616853
"PRT","Portugal","Portugal","Western Europe","wdi_real_gdp_per_capita_growth","WDI real GDP per capita growth",1,"1961-1973","expansion",1961,1973,"1961-01-01","1973-01-01",12,0.0728758836595208,1.31988806695515,104.688668546947,242.865992907484,231.988806695515
"PRT","Portugal","Portugal","Western Europe","wdi_real_gdp_per_capita_growth","WDI real GDP per capita growth",2,"1973-1975","contraction",1973,1975,"1973-01-01","1975-01-01",2,-0.0408638656874809,-0.0815234032228089,242.865992907484,223.066730638579,91.8476596777191
"PRT","Portugal","Portugal","Western Europe","wdi_real_gdp_per_capita_growth","WDI real GDP per capita growth",3,"1975-1982","expansion",1975,1982,"1975-01-01","1982-01-01",7,0.0290474274692108,0.221099069684652,223.066730638579,272.386577260366,122.109906968465
"PRT","Portugal","Portugal","Western Europe","wdi_real_gdp_per_capita_growth","WDI real GDP per capita growth",4,"1982-1984","contraction",1982,1984,"1982-01-01","1984-01-01",2,-0.0144589022671987,-0.0287744662834539,272.386577260366,264.548798876922,97.1225533716546
"PRT","Portugal","Portugal","Western Europe","wdi_real_gdp_per_capita_growth","WDI real GDP per capita growth",5,"1984-1992","expansion",1984,1992,"1984-01-01","1992-01-01",8,0.0464179843402955,0.435452950877428,264.548798876922,379.747353998957,143.545295087743
"PRT","Portugal","Portugal","Western Europe","wdi_real_gdp_per_capita_growth","WDI real GDP per capita growth",6,"1992-1993","contraction",1992,1993,"1992-01-01","1993-01-01",1,-0.0216302137348492,-0.0216302137348492,379.747353998957,371.533337566716,97.8369786265151
"PRT","Portugal","Portugal","Western Europe","wdi_real_gdp_per_capita_growth","WDI real GDP per capita growth",7,"1993-2002","expansion",1993,2002,"1993-01-01","2002-01-01",9,0.026449416308609,0.263728277048625,371.533337566716,469.517184549312,126.372827704862
"PRT","Portugal","Portugal","Western Europe","wdi_real_gdp_per_capita_growth","WDI real GDP per capita growth",8,"2002-2003","contraction",2002,2003,"2002-01-01","2003-01-01",1,-0.0130174193891358,-0.0130174193891358,469.517184549312,463.405282447627,98.6982580610864
"PRT","Portugal","Portugal","Western Europe","wdi_real_gdp_per_capita_growth","WDI real GDP per capita growth",9,"2003-2008","expansion",2003,2008,"2003-01-01","2008-01-01",5,0.012125694814405,0.0619707208820044,463.405282447627,492.122841861435,106.1970720882
"PRT","Portugal","Portugal","Western Europe","wdi_real_gdp_per_capita_growth","WDI real GDP per capita growth",10,"2008-2009","contraction",2008,2009,"2008-01-01","2009-01-01",1,-0.0321438882343172,-0.0321438882343172,492.122841861435,476.304100235087,96.7856111765683
"PRT","Portugal","Portugal","Western Europe","wdi_real_gdp_per_capita_growth","WDI real GDP per capita growth",11,"2009-2010","expansion",2009,2010,"2009-01-01","2010-01-01",1,0.0169092747575826,0.0169092747575825,476.304100235087,484.358057134125,101.690927475758
"PRT","Portugal","Portugal","Western Europe","wdi_real_gdp_per_capita_growth","WDI real GDP per capita growth",12,"2010-2013","contraction",2010,2013,"2010-01-01","2013-01-01",3,-0.0188972315372251,-0.0558901414265148,484.358057134125,457.287216819827,94.4109858573485
"PRT","Portugal","Portugal","Western Europe","wdi_real_gdp_per_capita_growth","WDI real GDP per capita growth",13,"2013-2019","expansion",2013,2019,"2013-01-01","2019-01-01",6,0.0250390209253068,0.159775810112201,457.287216819827,530.350652341168,115.97758101122
"PRT","Portugal","Portugal","Western Europe","wdi_real_gdp_per_capita_growth","WDI real GDP per capita growth",14,"2019-2020","contraction",2019,2020,"2019-01-01","2020-01-01",1,-0.0830107079726919,-0.0830107079726918,530.350652341168,486.325869216549,91.6989292027308
"PRT","Portugal","Portugal","Western Europe","wdi_real_gdp_per_capita_growth","WDI real GDP per capita growth",15,"2020-2024","expansion",2020,2024,"2020-01-01","2024-01-01",4,0.034666493517518,0.145038006205284,486.325869216549,556.861603653769,114.503800620528
"PRY","Paraguay","Paraguay","Latin America","wdi_real_gdp_per_capita_growth","WDI real GDP per capita growth",1,"1961-1965","expansion",1961,1965,"1961-01-01","1965-01-01",4,0.0207387057422009,0.0853740277680579,104.466541023812,113.385270398011,108.537402776806
"PRY","Paraguay","Paraguay","Latin America","wdi_real_gdp_per_capita_growth","WDI real GDP per capita growth",2,"1965-1966","contraction",1965,1966,"1965-01-01","1966-01-01",1,-0.00463083360483466,-0.00463083360483452,113.385270398011,112.860202077559,99.5369166395165
"PRY","Paraguay","Paraguay","Latin America","wdi_real_gdp_per_capita_growth","WDI real GDP per capita growth",3,"1966-1981","expansion",1966,1981,"1966-01-01","1981-01-01",15,0.0555790336114972,1.24224349822142,112.860202077559,253.060054316363,224.224349822142
"PRY","Paraguay","Paraguay","Latin America","wdi_real_gdp_per_capita_growth","WDI real GDP per capita growth",4,"1981-1984","contraction",1981,1984,"1981-01-01","1984-01-01",3,-0.0329127349853755,-0.0963473838885139,253.060054316363,228.678380116296,90.3652616111486
"PRY","Paraguay","Paraguay","Latin America","wdi_real_gdp_per_capita_growth","WDI real GDP per capita growth",5,"1984-1991","expansion",1984,1991,"1984-01-01","1991-01-01",7,0.0247953228649842,0.186338458536713,228.678380116296,271.289956967839,118.633845853671
"PRY","Paraguay","Paraguay","Latin America","wdi_real_gdp_per_capita_growth","WDI real GDP per capita growth",6,"1991-1992","contraction",1991,1992,"1991-01-01","1992-01-01",1,-0.0091522118243283,-0.00915221182432846,271.289956967839,268.807053815856,99.0847788175672
"PRY","Paraguay","Paraguay","Latin America","wdi_real_gdp_per_capita_growth","WDI real GDP per capita growth",7,"1992-1995","expansion",1992,1995,"1992-01-01","1995-01-01",3,0.0312135829266275,0.0964827949909937,268.807053815856,294.742309681305,109.648279499099
"PRY","Paraguay","Paraguay","Latin America","wdi_real_gdp_per_capita_growth","WDI real GDP per capita growth",8,"1995-1996","contraction",1995,1996,"1995-01-01","1996-01-01",1,-0.00760754495670795,-0.00760754495670801,294.742309681305,292.50004430976,99.2392455043292
"PRY","Paraguay","Paraguay","Latin America","wdi_real_gdp_per_capita_growth","WDI real GDP per capita growth",9,"1996-1997","expansion",1996,1997,"1996-01-01","1997-01-01",1,0.0191891657612904,0.0191891657612904,292.50004430976,298.112876145205,101.918916576129
"PRY","Paraguay","Paraguay","Latin America","wdi_real_gdp_per_capita_growth","WDI real GDP per capita growth",10,"1997-2002","contraction",1997,2002,"1997-01-01","2002-01-01",5,-0.0271757058578974,-0.128910171187326,298.112876145205,259.683094248181,87.1089828812674
"PRY","Paraguay","Paraguay","Latin America","wdi_real_gdp_per_capita_growth","WDI real GDP per capita growth",11,"2002-2008","expansion",2002,2008,"2002-01-01","2008-01-01",6,0.0341720165782767,0.222708100982034,259.683094248181,317.516623025331,122.270810098203
"PRY","Paraguay","Paraguay","Latin America","wdi_real_gdp_per_capita_growth","WDI real GDP per capita growth",12,"2008-2009","contraction",2008,2009,"2008-01-01","2009-01-01",1,-0.0127522707846056,-0.0127522707846055,317.516623025331,313.467565069899,98.7247729215395
"PRY","Paraguay","Paraguay","Latin America","wdi_real_gdp_per_capita_growth","WDI real GDP per capita growth",13,"2009-2011","expansion",2009,2011,"2009-01-01","2011-01-01",2,0.063573486013751,0.130001207274405,313.467565069899,354.218726970354,113.000120727441
"PRY","Paraguay","Paraguay","Latin America","wdi_real_gdp_per_capita_growth","WDI real GDP per capita growth",14,"2011-2012","contraction",2011,2012,"2011-01-01","2012-01-01",1,-0.0209516519053814,-0.0209516519053814,354.218726970354,346.797259504504,97.9048348094619
"PRY","Paraguay","Paraguay","Latin America","wdi_real_gdp_per_capita_growth","WDI real GDP per capita growth",15,"2012-2018","expansion",2012,2018,"2012-01-01","2018-01-01",6,0.0331197737811113,0.214898728885918,346.797259504504,421.323549753141,121.489872888592
"PRY","Paraguay","Paraguay","Latin America","wdi_real_gdp_per_capita_growth","WDI real GDP per capita growth",16,"2018-2020","contraction",2018,2020,"2018-01-01","2020-01-01",2,-0.0194692922159514,-0.0385637228612418,421.323549753141,405.075745145547,96.1436277138758
"PRY","Paraguay","Paraguay","Latin America","wdi_real_gdp_per_capita_growth","WDI real GDP per capita growth",17,"2020-2021","expansion",2020,2021,"2020-01-01","2021-01-01",1,0.027649134745394,0.027649134745394,405.075745145547,416.275739005167,102.764913474539
"PRY","Paraguay","Paraguay","Latin America","wdi_real_gdp_per_capita_growth","WDI real GDP per capita growth",18,"2021-2022","contraction",2021,2022,"2021-01-01","2022-01-01",1,-0.00954302474160954,-0.00954302474160951,416.275739005167,412.303209328509,99.045697525839
"PRY","Paraguay","Paraguay","Latin America","wdi_real_gdp_per_capita_growth","WDI real GDP per capita growth",19,"2022-2024","expansion",2022,2024,"2022-01-01","2024-01-01",2,0.0334322136996864,0.0679682868758069,412.303209328509,440.326752139964,106.796828687581
"PSE","West Bank and Gaza","State of Palestine","Middle East and North Africa","wdi_real_gdp_per_capita_growth","WDI real GDP per capita growth",1,"1995-1996","contraction",1995,1996,"1995-01-01","1996-01-01",1,-0.0321774919288964,-0.0321774919288964,102.427065970946,99.1312198823653,96.7822508071104
"PSE","West Bank and Gaza","State of Palestine","Middle East and North Africa","wdi_real_gdp_per_capita_growth","WDI real GDP per capita growth",2,"1996-1999","expansion",1996,1999,"1996-01-01","1999-01-01",3,0.0888153020715785,0.289808875511648,99.1312198823653,127.860327244571,128.980887551165
"PSE","West Bank and Gaza","State of Palestine","Middle East and North Africa","wdi_real_gdp_per_capita_growth","WDI real GDP per capita growth",3,"1999-2002","contraction",1999,2002,"1999-01-01","2002-01-01",3,-0.123859621892742,-0.32782077123067,127.860327244571,85.9450561574502,67.217922876933
"PSE","West Bank and Gaza","State of Palestine","Middle East and North Africa","wdi_real_gdp_per_capita_growth","WDI real GDP per capita growth",4,"2002-2005","expansion",2002,2005,"2002-01-01","2005-01-01",3,0.128235094057989,0.432920154555704,85.9450561574502,123.152403152432,143.29201545557
"PSE","West Bank and Gaza","State of Palestine","Middle East and North Africa","wdi_real_gdp_per_capita_growth","WDI real GDP per capita growth",5,"2005-2006","contraction",2005,2006,"2005-01-01","2006-01-01",1,-0.0349430234961132,-0.0349430234961132,123.152403152432,118.849085835474,96.5056976503887
"PSE","West Bank and Gaza","State of Palestine","Middle East and North Africa","wdi_real_gdp_per_capita_growth","WDI real GDP per capita growth",6,"2006-2013","expansion",2006,2013,"2006-01-01","2013-01-01",7,0.0386811732702246,0.302867131896629,118.849085835474,154.844567591,130.286713189663
"PSE","West Bank and Gaza","State of Palestine","Middle East and North Africa","wdi_real_gdp_per_capita_growth","WDI real GDP per capita growth",7,"2013-2014","contraction",2013,2014,"2013-01-01","2014-01-01",1,-0.0247102630481804,-0.0247102630481804,154.844567591,151.018317594245,97.528973695182
"PSE","West Bank and Gaza","State of Palestine","Middle East and North Africa","wdi_real_gdp_per_capita_growth","WDI real GDP per capita growth",8,"2014-2016","expansion",2014,2016,"2014-01-01","2016-01-01",2,0.039096232746345,0.0790773246317662,151.018317594245,162.960442119988,107.907732463177
"PSE","West Bank and Gaza","State of Palestine","Middle East and North Africa","wdi_real_gdp_per_capita_growth","WDI real GDP per capita growth",9,"2016-2020","contraction",2016,2020,"2016-01-01","2020-01-01",4,-0.0413260940818895,-0.160957532012352,162.960442119988,136.730731540713,83.9042467987648
"PSE","West Bank and Gaza","State of Palestine","Middle East and North Africa","wdi_real_gdp_per_capita_growth","WDI real GDP per capita growth",10,"2020-2022","expansion",2020,2022,"2020-01-01","2022-01-01",2,0.0300163002937357,0.060733903512197,136.730731540713,145.034922597259,106.07339035122
"PSE","West Bank and Gaza","State of Palestine","Middle East and North Africa","wdi_real_gdp_per_capita_growth","WDI real GDP per capita growth",11,"2022-2024","contraction",2022,2024,"2022-01-01","2024-01-01",2,-0.175417980938156,-0.331575377455946,145.034922597259,96.9449133927788,66.8424622544054
"QAT","Qatar","Qatar","Middle East and North Africa","wdi_real_gdp_per_capita_growth","WDI real GDP per capita growth",1,"1971-1972","contraction",1971,1972,"1971-01-01","1972-01-01",1,-0.00414771470266828,-0.00414771470266817,97.4480649654025,97.0438781935989,99.5852285297332
"QAT","Qatar","Qatar","Middle East and North Africa","wdi_real_gdp_per_capita_growth","WDI real GDP per capita growth",2,"1972-1973","expansion",1972,1973,"1972-01-01","1973-01-01",1,0.00287639462417232,0.00287639462417233,97.0438781935989,97.3230146831438,100.287639462417
"QAT","Qatar","Qatar","Middle East and North Africa","wdi_real_gdp_per_capita_growth","WDI real GDP per capita growth",3,"1973-1975","contraction",1973,1975,"1973-01-01","1975-01-01",2,-0.0303804776093821,-0.0598466481436408,97.3230146831438,91.4985584671233,94.0153351856359
"QAT","Qatar","Qatar","Middle East and North Africa","wdi_real_gdp_per_capita_growth","WDI real GDP per capita growth",4,"1975-1976","expansion",1975,1976,"1975-01-01","1976-01-01",1,0.000744618436574314,0.000744618436574251,91.4985584671233,91.5666899806779,100.074461843657
"QAT","Qatar","Qatar","Middle East and North Africa","wdi_real_gdp_per_capita_growth","WDI real GDP per capita growth",5,"1976-1977","contraction",1976,1977,"1976-01-01","1977-01-01",1,-0.139845769515456,-0.139845769515456,91.5666899806779,78.7614757583468,86.0154230484544
"QAT","Qatar","Qatar","Middle East and North Africa","wdi_real_gdp_per_capita_growth","WDI real GDP per capita growth",6,"1977-1978","expansion",1977,1978,"1977-01-01","1978-01-01",1,0.0142461574895229,0.0142461574895227,78.7614757583468,79.8835241461074,101.424615748952
"QAT","Qatar","Qatar","Middle East and North Africa","wdi_real_gdp_per_capita_growth","WDI real GDP per capita growth",7,"1978-1985","contraction",1978,1985,"1978-01-01","1985-01-01",7,-0.0589178224845753,-0.34959648855942,79.8835241461074,51.9565246108767,65.040351144058
"QAT","Qatar","Qatar","Middle East and North Africa","wdi_real_gdp_per_capita_growth","WDI real GDP per capita growth",8,"1985-1986","expansion",1985,1986,"1985-01-01","1986-01-01",1,0.00795921093693323,0.0079592109369333,51.9565246108767,52.3700575498046,100.795921093693
"QAT","Qatar","Qatar","Middle East and North Africa","wdi_real_gdp_per_capita_growth","WDI real GDP per capita growth",9,"1986-1987","contraction",1986,1987,"1986-01-01","1987-01-01",1,-0.0362991473556784,-0.0362991473556785,52.3700575498046,50.4690691137789,96.3700852644321
"QAT","Qatar","Qatar","Middle East and North Africa","wdi_real_gdp_per_capita_growth","WDI real GDP per capita growth",10,"1987-1990","expansion",1987,1990,"1987-01-01","1990-01-01",3,0.0162225115363705,0.0492559129876797,50.4690691137789,52.9549691906164,104.925591298768
"QAT","Qatar","Qatar","Middle East and North Africa","wdi_real_gdp_per_capita_growth","WDI real GDP per capita growth",11,"1990-1991","contraction",1990,1991,"1990-01-01","1991-01-01",1,-0.0483556929422517,-0.0483556929422516,52.9549691906164,50.3942949606685,95.1644307057748
"QAT","Qatar","Qatar","Middle East and North Africa","wdi_real_gdp_per_capita_growth","WDI real GDP per capita growth",12,"1991-1992","expansion",1991,1992,"1991-01-01","1992-01-01",1,0.0782129196669182,0.0782129196669181,50.3942949606685,54.3357799040983,107.821291966692
"QAT","Qatar","Qatar","Middle East and North Africa","wdi_real_gdp_per_capita_growth","WDI real GDP per capita growth",13,"1992-1995","contraction",1992,1995,"1992-01-01","1995-01-01",3,-0.021757268327862,-0.0642399638505835,54.3357799040983,50.8452513672657,93.5760036149417
"QAT","Qatar","Qatar","Middle East and North Africa","wdi_real_gdp_per_capita_growth","WDI real GDP per capita growth",14,"1995-1998","expansion",1995,1998,"1995-01-01","1998-01-01",3,0.106257775929904,0.337083848085633,50.8452513672657,67.984364355025,133.708384808563
"QAT","Qatar","Qatar","Middle East and North Africa","wdi_real_gdp_per_capita_growth","WDI real GDP per capita growth",15,"1998-1999","contraction",1998,1999,"1998-01-01","1999-01-01",1,-0.0115743551900648,-0.0115743551900649,67.984364355025,67.1974891746091,98.8425644809935
"QAT","Qatar","Qatar","Middle East and North Africa","wdi_real_gdp_per_capita_growth","WDI real GDP per capita growth",16,"1999-2000","expansion",1999,2000,"1999-01-01","2000-01-01",1,0.0258659735173823,0.0258659735173823,67.1974891746091,68.9356176500342,102.586597351738
"QAT","Qatar","Qatar","Middle East and North Africa","wdi_real_gdp_per_capita_growth","WDI real GDP per capita growth",17,"2000-2001","contraction",2000,2001,"2000-01-01","2001-01-01",1,-0.0114955560400423,-0.0114955560400422,68.9356176500342,68.1431643941833,98.8504443959958
"QAT","Qatar","Qatar","Middle East and North Africa","wdi_real_gdp_per_capita_growth","WDI real GDP per capita growth",18,"2001-2002","expansion",2001,2002,"2001-01-01","2002-01-01",1,0.0216668917936438,0.0216668917936438,68.1431643941833,69.6196149635885,102.166689179364
"QAT","Qatar","Qatar","Middle East and North Africa","wdi_real_gdp_per_capita_growth","WDI real GDP per capita growth",19,"2002-2003","contraction",2002,2003,"2002-01-01","2003-01-01",1,-0.00942747091301968,-0.00942747091301965,69.6196149635885,68.9632780685437,99.057252908698
"QAT","Qatar","Qatar","Middle East and North Africa","wdi_real_gdp_per_capita_growth","WDI real GDP per capita growth",20,"2003-2006","expansion",2003,2006,"2003-01-01","2006-01-01",3,0.0752114870457402,0.237698253371689,68.9632780685437,85.3557288122226,123.769825337169
"QAT","Qatar","Qatar","Middle East and North Africa","wdi_real_gdp_per_capita_growth","WDI real GDP per capita growth",21,"2006-2009","contraction",2006,2009,"2006-01-01","2009-01-01",3,-0.0202548857534505,-0.0602155056756041,85.3557288122226,80.2159904394849,93.9784494324396
"QAT","Qatar","Qatar","Middle East and North Africa","wdi_real_gdp_per_capita_growth","WDI real GDP per capita growth",22,"2009-2011","expansion",2009,2011,"2009-01-01","2011-01-01",2,0.15913821060253,0.34264542572609,80.2159904394849,107.701632633662,134.264542572609
"QAT","Qatar","Qatar","Middle East and North Africa","wdi_real_gdp_per_capita_growth","WDI real GDP per capita growth",23,"2011-2020","contraction",2011,2020,"2011-01-01","2020-01-01",9,-0.0373028360632817,-0.292112357354887,107.701632633662,76.2406548340731,70.7887642645113
"QAT","Qatar","Qatar","Middle East and North Africa","wdi_real_gdp_per_capita_growth","WDI real GDP per capita growth",24,"2020-2021","expansion",2020,2021,"2020-01-01","2021-01-01",1,0.133616375901992,0.133616375901992,76.2406548340731,86.4276548293966,113.361637590199
"QAT","Qatar","Qatar","Middle East and North Africa","wdi_real_gdp_per_capita_growth","WDI real GDP per capita growth",25,"2021-2022","contraction",2021,2022,"2021-01-01","2022-01-01",1,-0.0179101615520977,-0.0179101615520977,86.4276548293966,84.8797215688332,98.2089838447902
"QAT","Qatar","Qatar","Middle East and North Africa","wdi_real_gdp_per_capita_growth","WDI real GDP per capita growth",26,"2022-2023","expansion",2022,2023,"2022-01-01","2023-01-01",1,0.0158952825429188,0.0158952825429188,84.8797215688332,86.2289087253341,101.589528254292
"QAT","Qatar","Qatar","Middle East and North Africa","wdi_real_gdp_per_capita_growth","WDI real GDP per capita growth",27,"2023-2024","contraction",2023,2024,"2023-01-01","2024-01-01",1,-0.0486788389922177,-0.0486788389922178,86.2289087253341,82.0313855610189,95.1321161007782
"ROU","Romania","Romania","Eastern Europe","wdi_real_gdp_per_capita_growth","WDI real GDP per capita growth",1,"1991-1992","contraction",1991,1992,"1991-01-01","1992-01-01",1,-0.0793923952826758,-0.0793923952826758,87.8415586587482,80.8676069114665,92.0607604717324
"ROU","Romania","Romania","Eastern Europe","wdi_real_gdp_per_capita_growth","WDI real GDP per capita growth",2,"1992-1996","expansion",1992,1996,"1992-01-01","1996-01-01",4,0.0410161211683626,0.173816476327441,80.8676069114665,94.9237293938502,117.381647632744
"ROU","Romania","Romania","Eastern Europe","wdi_real_gdp_per_capita_growth","WDI real GDP per capita growth",3,"1996-1999","contraction",1996,1999,"1996-01-01","1999-01-01",3,-0.022072349863256,-0.0652422361400101,94.9237293938502,88.7306930254462,93.475776385999
"ROU","Romania","Romania","Eastern Europe","wdi_real_gdp_per_capita_growth","WDI real GDP per capita growth",4,"1999-2008","expansion",1999,2008,"1999-01-01","2008-01-01",9,0.0722762605509752,0.867627290499529,88.7306930254462,165.71586379926,186.762729049953
"ROU","Romania","Romania","Eastern Europe","wdi_real_gdp_per_capita_growth","WDI real GDP per capita growth",5,"2008-2010","contraction",2008,2010,"2008-01-01","2010-01-01",2,-0.0402982075370223,-0.0790209762885843,165.71586379926,152.620834455336,92.0979023711416
"ROU","Romania","Romania","Eastern Europe","wdi_real_gdp_per_capita_growth","WDI real GDP per capita growth",6,"2010-2019","expansion",2010,2019,"2010-01-01","2019-01-01",9,0.0433000410018136,0.461655792959543,152.620834455336,223.079126807961,146.165579295954
"ROU","Romania","Romania","Eastern Europe","wdi_real_gdp_per_capita_growth","WDI real GDP per capita growth",7,"2019-2020","contraction",2019,2020,"2019-01-01","2020-01-01",1,-0.0306561724934225,-0.0306561724934226,223.079126807961,216.240374616854,96.9343827506577
"ROU","Romania","Romania","Eastern Europe","wdi_real_gdp_per_capita_growth","WDI real GDP per capita growth",8,"2020-2024","expansion",2020,2024,"2020-01-01","2024-01-01",4,0.0353086318474781,0.147950475477326,216.240374616854,248.233240858813,114.795047547733
"RUS","Russian Federation","Russian Federation","Eastern Europe","wdi_real_gdp_per_capita_growth","WDI real GDP per capita growth",1,"1990-1996","contraction",1990,1996,"1990-01-01","1996-01-01",6,-0.0813831715849054,-0.402910807826704,96.837164027033,57.8204240412541,59.7089192173296
"RUS","Russian Federation","Russian Federation","Eastern Europe","wdi_real_gdp_per_capita_growth","WDI real GDP per capita growth",2,"1996-1997","expansion",1996,1997,"1996-01-01","1997-01-01",1,0.0156770414975504,0.0156770414975504,57.8204240412541,58.7268772283548,101.567704149755
"RUS","Russian Federation","Russian Federation","Eastern Europe","wdi_real_gdp_per_capita_growth","WDI real GDP per capita growth",3,"1997-1998","contraction",1997,1998,"1997-01-01","1998-01-01",1,-0.0514311536211871,-0.051431153621187,58.7268772283548,55.7064861839307,94.8568846378813
"RUS","Russian Federation","Russian Federation","Eastern Europe","wdi_real_gdp_per_capita_growth","WDI real GDP per capita growth",4,"1998-2008","expansion",1998,2008,"1998-01-01","2008-01-01",10,0.0726366639902096,1.01388141355296,55.7064861839307,112.186257140163,201.388141355296
"RUS","Russian Federation","Russian Federation","Eastern Europe","wdi_real_gdp_per_capita_growth","WDI real GDP per capita growth",5,"2008-2009","contraction",2008,2009,"2008-01-01","2009-01-01",1,-0.078277499767233,-0.078277499767233,112.186257140163,103.404597422987,92.1722500232767
"RUS","Russian Federation","Russian Federation","Eastern Europe","wdi_real_gdp_per_capita_growth","WDI real GDP per capita growth",6,"2009-2013","expansion",2009,2013,"2009-01-01","2013-01-01",4,0.0346148486894722,0.145512774217436,103.404597422987,118.451287260843,114.551277421744
"RUS","Russian Federation","Russian Federation","Eastern Europe","wdi_real_gdp_per_capita_growth","WDI real GDP per capita growth",7,"2013-2016","contraction",2013,2016,"2013-01-01","2016-01-01",3,-0.0116287934299962,-0.0346004854284228,118.451287260843,114.352815221996,96.5399514571577
"RUS","Russian Federation","Russian Federation","Eastern Europe","wdi_real_gdp_per_capita_growth","WDI real GDP per capita growth",8,"2016-2019","expansion",2016,2019,"2016-01-01","2019-01-01",3,0.0215749740767371,0.0661003341919628,114.352815221996,121.911574523962,106.610033419196
"RUS","Russian Federation","Russian Federation","Eastern Europe","wdi_real_gdp_per_capita_growth","WDI real GDP per capita growth",9,"2019-2020","contraction",2019,2020,"2019-01-01","2020-01-01",1,-0.0252680431743222,-0.0252680431743223,121.911574523962,118.831107595441,97.4731956825678
"RUS","Russian Federation","Russian Federation","Eastern Europe","wdi_real_gdp_per_capita_growth","WDI real GDP per capita growth",10,"2020-2021","expansion",2020,2021,"2020-01-01","2021-01-01",1,0.0621857740869952,0.0621857740869951,118.831107595441,126.220712006878,106.2185774087
"RUS","Russian Federation","Russian Federation","Eastern Europe","wdi_real_gdp_per_capita_growth","WDI real GDP per capita growth",11,"2021-2022","contraction",2021,2022,"2021-01-01","2022-01-01",1,-0.0109717176252111,-0.010971717625211,126.220712006878,124.835853996286,98.9028282374789
"RUS","Russian Federation","Russian Federation","Eastern Europe","wdi_real_gdp_per_capita_growth","WDI real GDP per capita growth",12,"2022-2024","expansion",2022,2024,"2022-01-01","2024-01-01",2,0.0446688598190375,0.0913322278863378,124.835853996286,136.23739066186,109.133222788634
"RWA","Rwanda","Rwanda","Sub Saharan Africa","wdi_real_gdp_per_capita_growth","WDI real GDP per capita growth",1,"1961-1962","expansion",1961,1962,"1961-01-01","1962-01-01",1,0.0856459279549708,0.0856459279549708,93.0999639216799,101.073596724326,108.564592795497
"RWA","Rwanda","Rwanda","Sub Saharan Africa","wdi_real_gdp_per_capita_growth","WDI real GDP per capita growth",2,"1962-1964","contraction",1962,1964,"1962-01-01","1964-01-01",2,-0.131475887422822,-0.245837694469723,101.073596724326,76.2258967338555,75.4162305530276
"RWA","Rwanda","Rwanda","Sub Saharan Africa","wdi_real_gdp_per_capita_growth","WDI real GDP per capita growth",3,"1964-1970","expansion",1964,1970,"1964-01-01","1970-01-01",6,0.0436710469568009,0.291536106000793,76.2258967338555,98.4484978440622,129.153610600079
"RWA","Rwanda","Rwanda","Sub Saharan Africa","wdi_real_gdp_per_capita_growth","WDI real GDP per capita growth",4,"1970-1972","contraction",1970,1972,"1970-01-01","1972-01-01",2,-0.0216737333654545,-0.04289597692811,98.4484978440622,94.2254533519362,95.710402307189
"RWA","Rwanda","Rwanda","Sub Saharan Africa","wdi_real_gdp_per_capita_growth","WDI real GDP per capita growth",5,"1972-1973","expansion",1972,1973,"1972-01-01","1973-01-01",1,0.00469197160162111,0.00469197160162138,94.2254533519362,94.6675565032134,100.469197160162
"RWA","Rwanda","Rwanda","Sub Saharan Africa","wdi_real_gdp_per_capita_growth","WDI real GDP per capita growth",6,"1973-1975","contraction",1973,1975,"1973-01-01","1975-01-01",2,-0.0323399670087087,-0.0639284887991708,94.6675565032134,88.6156026776529,93.6071511200829
"RWA","Rwanda","Rwanda","Sub Saharan Africa","wdi_real_gdp_per_capita_growth","WDI real GDP per capita growth",7,"1975-1976","expansion",1975,1976,"1975-01-01","1976-01-01",1,0.160240041023873,0.160240041023873,88.6156026776529,102.815370486075,116.024004102387
"RWA","Rwanda","Rwanda","Sub Saharan Africa","wdi_real_gdp_per_capita_growth","WDI real GDP per capita growth",8,"1976-1977","contraction",1976,1977,"1976-01-01","1977-01-01",1,-0.00974716489156066,-0.00974716489156058,102.815370486075,101.813212116561,99.0252835108439
"RWA","Rwanda","Rwanda","Sub Saharan Africa","wdi_real_gdp_per_capita_growth","WDI real GDP per capita growth",9,"1977-1981","expansion",1977,1981,"1977-01-01","1981-01-01",4,0.0556125730399199,0.240534237522158,101.813212116561,126.302775462699,124.053423752216
"RWA","Rwanda","Rwanda","Sub Saharan Africa","wdi_real_gdp_per_capita_growth","WDI real GDP per capita growth",10,"1981-1982","contraction",1981,1982,"1981-01-01","1982-01-01",1,-0.0147471993877728,-0.0147471993877728,126.302775462699,124.440163249722,98.5252800612227
"RWA","Rwanda","Rwanda","Sub Saharan Africa","wdi_real_gdp_per_capita_growth","WDI real GDP per capita growth",11,"1982-1983","expansion",1982,1983,"1982-01-01","1983-01-01",1,0.0250297769042768,0.0250297769042769,124.440163249722,127.554872773794,102.502977690428
"RWA","Rwanda","Rwanda","Sub Saharan Africa","wdi_real_gdp_per_capita_growth","WDI real GDP per capita growth",12,"1983-1984","contraction",1983,1984,"1983-01-01","1984-01-01",1,-0.0741281107784167,-0.0741281107784166,127.554872773794,118.099471034491,92.5871889221583
"RWA","Rwanda","Rwanda","Sub Saharan Africa","wdi_real_gdp_per_capita_growth","WDI real GDP per capita growth",13,"1984-1986","expansion",1984,1986,"1984-01-01","1986-01-01",2,0.0147240805859227,0.0296364797298587,118.099471034491,121.599523613912,102.963647972986
"RWA","Rwanda","Rwanda","Sub Saharan Africa","wdi_real_gdp_per_capita_growth","WDI real GDP per capita growth",14,"1986-1987","contraction",1986,1987,"1986-01-01","1987-01-01",1,-0.0324738480397652,-0.0324738480397652,121.599523613912,117.650719162366,96.7526151960235
"RWA","Rwanda","Rwanda","Sub Saharan Africa","wdi_real_gdp_per_capita_growth","WDI real GDP per capita growth",15,"1987-1988","expansion",1987,1988,"1987-01-01","1988-01-01",1,0.0122085262911764,0.0122085262911764,117.650719162366,119.087061060436,101.220852629118
"RWA","Rwanda","Rwanda","Sub Saharan Africa","wdi_real_gdp_per_capita_growth","WDI real GDP per capita growth",16,"1988-1991","contraction",1988,1991,"1988-01-01","1991-01-01",3,-0.0415028308447768,-0.119503874380915,119.087061060436,104.855695875077,88.0496125619085
"RWA","Rwanda","Rwanda","Sub Saharan Africa","wdi_real_gdp_per_capita_growth","WDI real GDP per capita growth",17,"1991-1992","expansion",1991,1992,"1991-01-01","1992-01-01",1,0.0371896576533675,0.0371896576533675,104.855695875077,108.755243307677,103.718965765337
"RWA","Rwanda","Rwanda","Sub Saharan Africa","wdi_real_gdp_per_capita_growth","WDI real GDP per capita growth",18,"1992-1994","contraction",1992,1994,"1992-01-01","1994-01-01",2,-0.265394020043716,-0.482857683153878,108.755243307677,56.2419384932957,51.7142316846122
"RWA","Rwanda","Rwanda","Sub Saharan Africa","wdi_real_gdp_per_capita_growth","WDI real GDP per capita growth",19,"1994-1995","expansion",1994,1995,"1994-01-01","1995-01-01",1,0.618735350146221,0.618735350146221,56.2419384932957,91.0408139998472,161.873535014622
"RWA","Rwanda","Rwanda","Sub Saharan Africa","wdi_real_gdp_per_capita_growth","WDI real GDP per capita growth",20,"1995-1997","contraction",1995,1997,"1995-01-01","1997-01-01",2,-0.0307758005704259,-0.0608492825040069,91.0408139998472,85.5010457893757,93.9150717495993
"RWA","Rwanda","Rwanda","Sub Saharan Africa","wdi_real_gdp_per_capita_growth","WDI real GDP per capita growth",21,"1997-2002","expansion",1997,2002,"1997-01-01","2002-01-01",5,0.0693202315506037,0.395617753788212,85.5010457893757,119.326777471112,139.561775378821
"RWA","Rwanda","Rwanda","Sub Saharan Africa","wdi_real_gdp_per_capita_growth","WDI real GDP per capita growth",22,"2002-2003","contraction",2002,2003,"2002-01-01","2003-01-01",1,-0.000196868446927851,-0.000196868446928011,119.326777471112,119.303285793754,99.9803131553072
"RWA","Rwanda","Rwanda","Sub Saharan Africa","wdi_real_gdp_per_capita_growth","WDI real GDP per capita growth",23,"2003-2019","expansion",2003,2019,"2003-01-01","2019-01-01",16,0.0502271065778945,1.18555215503551,119.303285793754,260.743553369357,218.555215503551
"RWA","Rwanda","Rwanda","Sub Saharan Africa","wdi_real_gdp_per_capita_growth","WDI real GDP per capita growth",24,"2019-2020","contraction",2019,2020,"2019-01-01","2020-01-01",1,-0.0551636902603423,-0.0551636902603423,260.743553369357,246.359976753909,94.4836309739658
"RWA","Rwanda","Rwanda","Sub Saharan Africa","wdi_real_gdp_per_capita_growth","WDI real GDP per capita growth",25,"2020-2024","expansion",2020,2024,"2020-01-01","2024-01-01",4,0.0668825256519718,0.295330708024016,246.359976753909,319.117643117421,129.533070802402
"SAU","Saudi Arabia","Saudi Arabia","Middle East and North Africa","wdi_real_gdp_per_capita_growth","WDI real GDP per capita growth",1,"1961-1974","expansion",1961,1974,"1961-01-01","1974-01-01",13,0.105112146701077,2.46417120376067,107.849483363409,373.609074607988,346.417120376067
"SAU","Saudi Arabia","Saudi Arabia","Middle East and North Africa","wdi_real_gdp_per_capita_growth","WDI real GDP per capita growth",2,"1974-1975","contraction",1974,1975,"1974-01-01","1975-01-01",1,-0.103141640716088,-0.103141640716088,373.609074607988,335.074421666501,89.6858359283912
"SAU","Saudi Arabia","Saudi Arabia","Middle East and North Africa","wdi_real_gdp_per_capita_growth","WDI real GDP per capita growth",3,"1975-1977","expansion",1975,1977,"1975-01-01","1977-01-01",2,0.0467645012362995,0.0936761934696035,335.074421666501,366.462918017247,109.36761934696
"SAU","Saudi Arabia","Saudi Arabia","Middle East and North Africa","wdi_real_gdp_per_capita_growth","WDI real GDP per capita growth",4,"1977-1978","contraction",1977,1978,"1977-01-01","1978-01-01",1,-0.0539014013310828,-0.0539014013310829,366.462918017247,346.71005320024,94.6098598668917
"SAU","Saudi Arabia","Saudi Arabia","Middle East and North Africa","wdi_real_gdp_per_capita_growth","WDI real GDP per capita growth",5,"1978-1979","expansion",1978,1979,"1978-01-01","1979-01-01",1,0.0470345970186847,0.0470345970186847,346.71005320024,363.01742083484,104.703459701868
"SAU","Saudi Arabia","Saudi Arabia","Middle East and North Africa","wdi_real_gdp_per_capita_growth","WDI real GDP per capita growth",6,"1979-1987","contraction",1979,1987,"1979-01-01","1987-01-01",8,-0.0943828556342728,-0.557089581311511,363.01742083484,160.784197853174,44.2910418688489
"SAU","Saudi Arabia","Saudi Arabia","Middle East and North Africa","wdi_real_gdp_per_capita_growth","WDI real GDP per capita growth",7,"1987-1988","expansion",1987,1988,"1987-01-01","1988-01-01",1,0.0107644808188448,0.010764480818845,160.784197853174,162.514956266938,101.076448081884
"SAU","Saudi Arabia","Saudi Arabia","Middle East and North Africa","wdi_real_gdp_per_capita_growth","WDI real GDP per capita growth",8,"1988-1989","contraction",1988,1989,"1988-01-01","1989-01-01",1,-0.0453427601402096,-0.0453427601402098,162.514956266938,155.14607958573,95.465723985979
"SAU","Saudi Arabia","Saudi Arabia","Middle East and North Africa","wdi_real_gdp_per_capita_growth","WDI real GDP per capita growth",9,"1989-1991","expansion",1989,1991,"1989-01-01","1991-01-01",2,0.0366790877309968,0.0746795345910267,155.14607958573,166.732316602815,107.467953459103
"SAU","Saudi Arabia","Saudi Arabia","Middle East and North Africa","wdi_real_gdp_per_capita_growth","WDI real GDP per capita growth",10,"1991-1999","contraction",1991,1999,"1991-01-01","1999-01-01",8,-0.0227989972124326,-0.16932694232846,166.732316602815,138.500043245119,83.067305767154
"SAU","Saudi Arabia","Saudi Arabia","Middle East and North Africa","wdi_real_gdp_per_capita_growth","WDI real GDP per capita growth",11,"1999-2000","expansion",1999,2000,"1999-01-01","2000-01-01",1,0.00150492543589365,0.00150492543589364,138.500043245119,138.708475483071,100.150492543589
"SAU","Saudi Arabia","Saudi Arabia","Middle East and North Africa","wdi_real_gdp_per_capita_growth","WDI real GDP per capita growth",12,"2000-2002","contraction",2000,2002,"2000-01-01","2002-01-01",2,-0.051252988371505,-0.0998938787232442,138.708475483071,124.852347855279,90.0106121276756
"SAU","Saudi Arabia","Saudi Arabia","Middle East and North Africa","wdi_real_gdp_per_capita_growth","WDI real GDP per capita growth",13,"2002-2005","expansion",2002,2005,"2002-01-01","2005-01-01",3,0.0293679822628502,0.0905228678774856,124.852347855279,136.154340444376,109.052286787749
"SAU","Saudi Arabia","Saudi Arabia","Middle East and North Africa","wdi_real_gdp_per_capita_growth","WDI real GDP per capita growth",14,"2005-2007","contraction",2005,2007,"2005-01-01","2007-01-01",2,-0.0147838442907093,-0.0293705149644831,136.154340444376,132.155417350876,97.0629485035517
"SAU","Saudi Arabia","Saudi Arabia","Middle East and North Africa","wdi_real_gdp_per_capita_growth","WDI real GDP per capita growth",15,"2007-2008","expansion",2007,2008,"2007-01-01","2008-01-01",1,0.0204298819113291,0.0204298819113291,132.155417350876,134.855336921296,102.042988191133
"SAU","Saudi Arabia","Saudi Arabia","Middle East and North Africa","wdi_real_gdp_per_capita_growth","WDI real GDP per capita growth",16,"2008-2009","contraction",2008,2009,"2008-01-01","2009-01-01",1,-0.0486501611210622,-0.0486501611210622,134.855336921296,128.29460305204,95.1349838878938
"SAU","Saudi Arabia","Saudi Arabia","Middle East and North Africa","wdi_real_gdp_per_capita_growth","WDI real GDP per capita growth",17,"2009-2012","expansion",2009,2012,"2009-01-01","2012-01-01",3,0.0476531435706311,0.14897260273784,128.29460305204,147.406983985921,114.897260273784
"SAU","Saudi Arabia","Saudi Arabia","Middle East and North Africa","wdi_real_gdp_per_capita_growth","WDI real GDP per capita growth",18,"2012-2013","contraction",2012,2013,"2012-01-01","2013-01-01",1,-0.0247720466086211,-0.0247720466086209,147.406983985921,143.755411308185,97.5227953391379
"SAU","Saudi Arabia","Saudi Arabia","Middle East and North Africa","wdi_real_gdp_per_capita_growth","WDI real GDP per capita growth",19,"2013-2014","expansion",2013,2014,"2013-01-01","2014-01-01",1,0.015065962283723,0.015065962283723,143.755411308185,145.921224913035,101.506596228372
"SAU","Saudi Arabia","Saudi Arabia","Middle East and North Africa","wdi_real_gdp_per_capita_growth","WDI real GDP per capita growth",20,"2014-2016","contraction",2014,2016,"2014-01-01","2016-01-01",2,-0.0133460277017767,-0.026562909893444,145.921224913035,142.045132564129,97.3437090106556
"SAU","Saudi Arabia","Saudi Arabia","Middle East and North Africa","wdi_real_gdp_per_capita_growth","WDI real GDP per capita growth",21,"2016-2019","expansion",2016,2019,"2016-01-01","2019-01-01",3,0.0303436096839646,0.093167441867902,142.045132564129,155.279114194916,109.31674418679
"SAU","Saudi Arabia","Saudi Arabia","Middle East and North Africa","wdi_real_gdp_per_capita_growth","WDI real GDP per capita growth",22,"2019-2020","contraction",2019,2020,"2019-01-01","2020-01-01",1,-0.083434729070232,-0.083434729070232,155.279114194916,142.323443371798,91.6565270929768
"SAU","Saudi Arabia","Saudi Arabia","Middle East and North Africa","wdi_real_gdp_per_capita_growth","WDI real GDP per capita growth",23,"2020-2022","expansion",2020,2022,"2020-01-01","2022-01-01",2,0.0816829299221775,0.169936119700278,142.323443371798,166.509337080783,116.993611970028
"SAU","Saudi Arabia","Saudi Arabia","Middle East and North Africa","wdi_real_gdp_per_capita_growth","WDI real GDP per capita growth",24,"2022-2024","contraction",2022,2024,"2022-01-01","2024-01-01",2,-0.0331687223157921,-0.0652859201867977,166.509337080783,155.638621789771,93.4714079813202
"SDN","Sudan","Sudan (Former)","Sub Saharan Africa","wdi_real_gdp_per_capita_growth","WDI real GDP per capita growth",1,"1961-1962","expansion",1961,1962,"1961-01-01","1962-01-01",1,0.0394674534576613,0.0394674534576616,97.3036751877025,101.144003459433,103.946745345766
"SDN","Sudan","Sudan (Former)","Sub Saharan Africa","wdi_real_gdp_per_capita_growth","WDI real GDP per capita growth",2,"1962-1964","contraction",1962,1964,"1962-01-01","1964-01-01",2,-0.0480267517632181,-0.0938094105841589,101.144003459433,91.655744110781,90.6190589415841
"SDN","Sudan","Sudan (Former)","Sub Saharan Africa","wdi_real_gdp_per_capita_growth","WDI real GDP per capita growth",3,"1964-1965","expansion",1964,1965,"1964-01-01","1965-01-01",1,0.036113949470524,0.036113949470524,91.655744110781,94.965795022281,103.611394947052
"SDN","Sudan","Sudan (Former)","Sub Saharan Africa","wdi_real_gdp_per_capita_growth","WDI real GDP per capita growth",4,"1965-1969","contraction",1965,1969,"1965-01-01","1969-01-01",4,-0.0258617687277532,-0.10042156819725,94.965795022281,85.4291809610449,89.9578431802749
"SDN","Sudan","Sudan (Former)","Sub Saharan Africa","wdi_real_gdp_per_capita_growth","WDI real GDP per capita growth",5,"1969-1970","expansion",1969,1970,"1969-01-01","1970-01-01",1,0.0283319514373197,0.0283319514373197,85.4291809610449,87.8495563673633,102.833195143732
"SDN","Sudan","Sudan (Former)","Sub Saharan Africa","wdi_real_gdp_per_capita_growth","WDI real GDP per capita growth",6,"1970-1973","contraction",1970,1973,"1970-01-01","1973-01-01",3,-0.0395300424030974,-0.115272467586449,87.8495563673633,77.7229212285224,88.4727532413551
"SDN","Sudan","Sudan (Former)","Sub Saharan Africa","wdi_real_gdp_per_capita_growth","WDI real GDP per capita growth",7,"1973-1977","expansion",1973,1977,"1973-01-01","1977-01-01",4,0.0874520477657217,0.394581194447221,77.7229212285224,108.3909243228,139.458119444722
"SDN","Sudan","Sudan (Former)","Sub Saharan Africa","wdi_real_gdp_per_capita_growth","WDI real GDP per capita growth",8,"1977-1980","contraction",1977,1980,"1977-01-01","1980-01-01",3,-0.0672594062299524,-0.189862533018711,108.3909243228,87.8115488746338,81.0137466981289
"SDN","Sudan","Sudan (Former)","Sub Saharan Africa","wdi_real_gdp_per_capita_growth","WDI real GDP per capita growth",9,"1980-1982","expansion",1980,1982,"1980-01-01","1982-01-01",2,0.0281532587608048,0.0570618036322172,87.8115488746338,92.822234233159,105.706180363222
"SDN","Sudan","Sudan (Former)","Sub Saharan Africa","wdi_real_gdp_per_capita_growth","WDI real GDP per capita growth",10,"1982-1985","contraction",1982,1985,"1982-01-01","1985-01-01",3,-0.0536092057057024,-0.153673361132595,92.822234233159,78.5579295107125,84.6326638867405
"SDN","Sudan","Sudan (Former)","Sub Saharan Africa","wdi_real_gdp_per_capita_growth","WDI real GDP per capita growth",11,"1985-1987","expansion",1985,1987,"1985-01-01","1987-01-01",2,0.0781746846412707,0.160554378766001,78.5579295107125,91.1707490804482,116.0554378766
"SDN","Sudan","Sudan (Former)","Sub Saharan Africa","wdi_real_gdp_per_capita_growth","WDI real GDP per capita growth",12,"1987-1988","contraction",1987,1988,"1987-01-01","1988-01-01",1,-0.0155520909491457,-0.0155520909491456,91.1707490804482,89.7528532988474,98.4447909050854
"SDN","Sudan","Sudan (Former)","Sub Saharan Africa","wdi_real_gdp_per_capita_growth","WDI real GDP per capita growth",13,"1988-1989","expansion",1988,1989,"1988-01-01","1989-01-01",1,0.07668564257363,0.07668564257363,89.7528532988474,96.6356085268862,107.668564257363
"SDN","Sudan","Sudan (Former)","Sub Saharan Africa","wdi_real_gdp_per_capita_growth","WDI real GDP per capita growth",14,"1989-1990","contraction",1989,1990,"1989-01-01","1990-01-01",1,-0.0712283677545001,-0.0712283677545,96.6356085268862,89.7524118645533,92.87716322455
"SDN","Sudan","Sudan (Former)","Sub Saharan Africa","wdi_real_gdp_per_capita_growth","WDI real GDP per capita growth",15,"1990-1993","expansion",1990,1993,"1990-01-01","1993-01-01",3,0.041308377766895,0.1288869888734,89.7524118645533,101.320329973901,112.88869888734
"SDN","Sudan","Sudan (Former)","Sub Saharan Africa","wdi_real_gdp_per_capita_growth","WDI real GDP per capita growth",16,"1993-1994","contraction",1993,1994,"1993-01-01","1994-01-01",1,-0.0146917150041169,-0.0146917150041168,101.320329973901,99.8317605618011,98.5308284995883
"SDN","Sudan","Sudan (Former)","Sub Saharan Africa","wdi_real_gdp_per_capita_growth","WDI real GDP per capita growth",17,"1994-2008","expansion",1994,2008,"1994-01-01","2008-01-01",14,0.0358281483215364,0.624869446882814,99.8317605618011,162.213577565391,162.486944688281
"SDN","Sudan","Sudan (Former)","Sub Saharan Africa","wdi_real_gdp_per_capita_growth","WDI real GDP per capita growth",18,"2008-2009","contraction",2008,2009,"2008-01-01","2009-01-01",1,-0.0581042185394722,-0.0581042185394722,162.213577565391,152.788284404462,94.1895781460528
"SDN","Sudan","Sudan (Former)","Sub Saharan Africa","wdi_real_gdp_per_capita_growth","WDI real GDP per capita growth",19,"2009-2011","expansion",2009,2011,"2009-01-01","2011-01-01",2,0.0331544361713059,0.0667544903204051,152.788284404462,162.987588456811,106.675449032041
"SDN","Sudan","Sudan (Former)","Sub Saharan Africa","wdi_real_gdp_per_capita_growth","WDI real GDP per capita growth",20,"2011-2013","contraction",2011,2013,"2011-01-01","2013-01-01",2,-0.0378655497790719,-0.0754628452482179,162.987588456811,150.688081291715,92.4537154751782
"SDN","Sudan","Sudan (Former)","Sub Saharan Africa","wdi_real_gdp_per_capita_growth","WDI real GDP per capita growth",21,"2013-2014","expansion",2013,2014,"2013-01-01","2014-01-01",1,0.0186452924090501,0.0186452924090501,150.688081291715,153.497704629957,101.864529240905
"SDN","Sudan","Sudan (Former)","Sub Saharan Africa","wdi_real_gdp_per_capita_growth","WDI real GDP per capita growth",22,"2014-2015","contraction",2014,2015,"2014-01-01","2015-01-01",1,-0.0114810293147822,-0.0114810293147823,153.497704629957,151.735392983349,98.8518970685218
"SDN","Sudan","Sudan (Former)","Sub Saharan Africa","wdi_real_gdp_per_capita_growth","WDI real GDP per capita growth",23,"2015-2016","expansion",2015,2016,"2015-01-01","2016-01-01",1,0.00369473161527822,0.00369473161527845,151.735392983349,152.296014536961,100.369473161528
"SDN","Sudan","Sudan (Former)","Sub Saharan Africa","wdi_real_gdp_per_capita_growth","WDI real GDP per capita growth",24,"2016-2024","contraction",2016,2024,"2016-01-01","2024-01-01",8,-0.0912827163429902,-0.554109318802974,152.296014536961,67.9073736654778,44.5890681197026
"SEN","Senegal","Senegal","Sub Saharan Africa","wdi_real_gdp_per_capita_growth","WDI real GDP per capita growth",1,"1961-1963","contraction",1961,1963,"1961-01-01","1963-01-01",2,-0.0194213907441677,-0.0385599973924483,100.132125345316,96.2710308531,96.1440002607552
"SEN","Senegal","Senegal","Sub Saharan Africa","wdi_real_gdp_per_capita_growth","WDI real GDP per capita growth",2,"1963-1964","expansion",1963,1964,"1963-01-01","1964-01-01",1,0.00977287295701117,0.00977287295701124,96.2710308531,97.2118754070679,100.977287295701
"SEN","Senegal","Senegal","Sub Saharan Africa","wdi_real_gdp_per_capita_growth","WDI real GDP per capita growth",3,"1964-1967","contraction",1964,1967,"1964-01-01","1967-01-01",3,-0.0191678949282461,-0.0568159341598248,97.2118754070679,91.6886918943868,94.3184065840175
"SEN","Senegal","Senegal","Sub Saharan Africa","wdi_real_gdp_per_capita_growth","WDI real GDP per capita growth",4,"1967-1968","expansion",1967,1968,"1967-01-01","1968-01-01",1,0.0316547258589439,0.0316547258589439,91.6886918943868,94.5910723006688,103.165472585894
"SEN","Senegal","Senegal","Sub Saharan Africa","wdi_real_gdp_per_capita_growth","WDI real GDP per capita growth",5,"1968-1969","contraction",1968,1969,"1968-01-01","1969-01-01",1,-0.0930013110963455,-0.0930013110963455,94.5910723006688,85.7939785586974,90.6998688903655
"SEN","Senegal","Senegal","Sub Saharan Africa","wdi_real_gdp_per_capita_growth","WDI real GDP per capita growth",6,"1969-1970","expansion",1969,1970,"1969-01-01","1970-01-01",1,0.0536925292822798,0.0536925292822799,85.7939785586974,90.4004742647036,105.369252928228
"SEN","Senegal","Senegal","Sub Saharan Africa","wdi_real_gdp_per_capita_growth","WDI real GDP per capita growth",7,"1970-1971","contraction",1970,1971,"1970-01-01","1971-01-01",1,-0.0308155418452417,-0.0308155418452418,90.4004742647036,87.6147346671699,96.9184458154758
"SEN","Senegal","Senegal","Sub Saharan Africa","wdi_real_gdp_per_capita_growth","WDI real GDP per capita growth",8,"1971-1972","expansion",1971,1972,"1971-01-01","1972-01-01",1,0.0324739721692009,0.0324739721692009,87.6147346671699,90.4599331223635,103.24739721692
"SEN","Senegal","Senegal","Sub Saharan Africa","wdi_real_gdp_per_capita_growth","WDI real GDP per capita growth",9,"1972-1973","contraction",1972,1973,"1972-01-01","1973-01-01",1,-0.0835765642589806,-0.0835765642589806,90.4599331223635,82.8996027088992,91.6423435741019
"SEN","Senegal","Senegal","Sub Saharan Africa","wdi_real_gdp_per_capita_growth","WDI real GDP per capita growth",10,"1973-1976","expansion",1973,1976,"1973-01-01","1976-01-01",3,0.0396723699760281,0.123147279531679,82.8996027088992,93.1084632567571,112.314727953168
"SEN","Senegal","Senegal","Sub Saharan Africa","wdi_real_gdp_per_capita_growth","WDI real GDP per capita growth",11,"1976-1978","contraction",1976,1978,"1976-01-01","1978-01-01",2,-0.0559879847389999,-0.108874089032769,93.1084632567571,82.9713641384367,89.1125910967231
"SEN","Senegal","Senegal","Sub Saharan Africa","wdi_real_gdp_per_capita_growth","WDI real GDP per capita growth",12,"1978-1982","expansion",1978,1982,"1978-01-01","1982-01-01",4,0.0341270457544807,0.143175185352477,82.9713641384367,94.8508045779052,114.317518535248
"SEN","Senegal","Senegal","Sub Saharan Africa","wdi_real_gdp_per_capita_growth","WDI real GDP per capita growth",13,"1982-1983","contraction",1982,1983,"1982-01-01","1983-01-01",1,-0.0814696183290356,-0.0814696183290355,94.8508045779052,87.1233457307413,91.8530381670964
"SEN","Senegal","Senegal","Sub Saharan Africa","wdi_real_gdp_per_capita_growth","WDI real GDP per capita growth",14,"1983-1987","expansion",1983,1987,"1983-01-01","1987-01-01",4,0.0129122272892749,0.0523867276173162,87.1233457307413,91.6874527126469,105.238672761732
"SEN","Senegal","Senegal","Sub Saharan Africa","wdi_real_gdp_per_capita_growth","WDI real GDP per capita growth",15,"1987-1988","contraction",1987,1988,"1987-01-01","1988-01-01",1,-0.0364784599374907,-0.0364784599374907,91.6874527126469,88.3428356420981,96.3521540062509
"SEN","Senegal","Senegal","Sub Saharan Africa","wdi_real_gdp_per_capita_growth","WDI real GDP per capita growth",16,"1988-1989","expansion",1988,1989,"1988-01-01","1989-01-01",1,0.0102749262715633,0.0102749262715636,88.3428356420981,89.2505517649415,101.027492627156
"SEN","Senegal","Senegal","Sub Saharan Africa","wdi_real_gdp_per_capita_growth","WDI real GDP per capita growth",17,"1989-1994","contraction",1989,1994,"1989-01-01","1994-01-01",5,-0.0186448982982259,-0.0901254512951553,89.2505517649415,81.2068055087845,90.9874548704845
"SEN","Senegal","Senegal","Sub Saharan Africa","wdi_real_gdp_per_capita_growth","WDI real GDP per capita growth",18,"1994-1995","expansion",1994,1995,"1994-01-01","1995-01-01",1,0.0279825042307988,0.0279825042307991,81.2068055087845,83.4791752875038,102.79825042308
"SEN","Senegal","Senegal","Sub Saharan Africa","wdi_real_gdp_per_capita_growth","WDI real GDP per capita growth",19,"1995-1996","contraction",1995,1996,"1995-01-01","1996-01-01",1,-0.00443182026754187,-0.00443182026754207,83.4791752875038,83.1092105865469,99.5568179732458
"SEN","Senegal","Senegal","Sub Saharan Africa","wdi_real_gdp_per_capita_growth","WDI real GDP per capita growth",20,"1996-2001","expansion",1996,2001,"1996-01-01","2001-01-01",5,0.0222289280548194,0.115807414139919,83.1092105865469,92.7338733557849,111.580741413992
"SEN","Senegal","Senegal","Sub Saharan Africa","wdi_real_gdp_per_capita_growth","WDI real GDP per capita growth",21,"2001-2002","contraction",2001,2002,"2001-01-01","2002-01-01",1,-0.0235286664944574,-0.0235286664944574,92.7338733557849,90.5519689768574,97.6471333505543
"SEN","Senegal","Senegal","Sub Saharan Africa","wdi_real_gdp_per_capita_growth","WDI real GDP per capita growth",22,"2002-2005","expansion",2002,2005,"2002-01-01","2005-01-01",3,0.0239931880442278,0.0736819914366085,90.5519689768574,97.2240183795782,107.368199143661
"SEN","Senegal","Senegal","Sub Saharan Africa","wdi_real_gdp_per_capita_growth","WDI real GDP per capita growth",23,"2005-2006","contraction",2005,2006,"2005-01-01","2006-01-01",1,-0.000239030984175912,-0.000239030984175992,97.2240183795782,97.2007788267794,99.9760969015824
"SEN","Senegal","Senegal","Sub Saharan Africa","wdi_real_gdp_per_capita_growth","WDI real GDP per capita growth",24,"2006-2010","expansion",2006,2010,"2006-01-01","2010-01-01",4,0.00768386350860383,0.031061668683674,97.2007788267794,100.219997214492,103.106166868367
"SEN","Senegal","Senegal","Sub Saharan Africa","wdi_real_gdp_per_capita_growth","WDI real GDP per capita growth",25,"2010-2011","contraction",2010,2011,"2010-01-01","2011-01-01",1,-0.0119544188286081,-0.0119544188286083,100.219997214492,99.0219253927879,98.8045581171392
"SEN","Senegal","Senegal","Sub Saharan Africa","wdi_real_gdp_per_capita_growth","WDI real GDP per capita growth",26,"2011-2012","expansion",2011,2012,"2011-01-01","2012-01-01",1,0.012557464643975,0.0125574646439752,99.0219253927879,100.265389719886,101.255746464398
"SEN","Senegal","Senegal","Sub Saharan Africa","wdi_real_gdp_per_capita_growth","WDI real GDP per capita growth",27,"2012-2013","contraction",2012,2013,"2012-01-01","2013-01-01",1,-0.00578035528287558,-0.00578035528287557,100.265389719886,99.6858201447293,99.4219644717124
"SEN","Senegal","Senegal","Sub Saharan Africa","wdi_real_gdp_per_capita_growth","WDI real GDP per capita growth",28,"2013-2019","expansion",2013,2019,"2013-01-01","2019-01-01",6,0.0312224516043891,0.202392958100418,99.6858201447293,119.861528164487,120.239295810042
"SEN","Senegal","Senegal","Sub Saharan Africa","wdi_real_gdp_per_capita_growth","WDI real GDP per capita growth",29,"2019-2020","contraction",2019,2020,"2019-01-01","2020-01-01",1,-0.0129147593329481,-0.0129147593329481,119.861528164487,118.313545374964,98.7085240667052
"SEN","Senegal","Senegal","Sub Saharan Africa","wdi_real_gdp_per_capita_growth","WDI real GDP per capita growth",30,"2020-2024","expansion",2020,2024,"2020-01-01","2024-01-01",4,0.0265452805448817,0.110223463802159,118.313545374964,131.354474160906,111.022346380216
"SGP","Singapore","Singapore","South and South East Asia","wdi_real_gdp_per_capita_growth","WDI real GDP per capita growth",1,"1961-1963","expansion",1961,1963,"1961-01-01","1963-01-01",2,0.0595490056986981,0.122464839209822,104.58037393225,117.387792610366,112.246483920982
"SGP","Singapore","Singapore","South and South East Asia","wdi_real_gdp_per_capita_growth","WDI real GDP per capita growth",2,"1963-1964","contraction",1963,1964,"1963-01-01","1964-01-01",1,-0.0555505367070347,-0.0555505367070347,117.387792610366,110.866837728006,94.4449463292965
"SGP","Singapore","Singapore","South and South East Asia","wdi_real_gdp_per_capita_growth","WDI real GDP per capita growth",3,"1964-1984","expansion",1964,1984,"1964-01-01","1984-01-01",20,0.0762390121584956,3.31528235729247,110.866837728006,478.421708856471,431.528235729247
"SGP","Singapore","Singapore","South and South East Asia","wdi_real_gdp_per_capita_growth","WDI real GDP per capita growth",4,"1984-1985","contraction",1984,1985,"1984-01-01","1985-01-01",1,-0.00758403193169272,-0.00758403193169277,478.421708856471,474.793343339688,99.2415968068307
"SGP","Singapore","Singapore","South and South East Asia","wdi_real_gdp_per_capita_growth","WDI real GDP per capita growth",5,"1985-1997","expansion",1985,1997,"1985-01-01","1997-01-01",12,0.055900872939601,0.914668363749726,474.793343339688,909.071793811463,191.466836374973
"SGP","Singapore","Singapore","South and South East Asia","wdi_real_gdp_per_capita_growth","WDI real GDP per capita growth",6,"1997-1998","contraction",1997,1998,"1997-01-01","1998-01-01",1,-0.0545798667446206,-0.0545798667446206,909.071793811463,859.45477644394,94.5420133255379
"SGP","Singapore","Singapore","South and South East Asia","wdi_real_gdp_per_capita_growth","WDI real GDP per capita growth",7,"1998-2000","expansion",1998,2000,"1998-01-01","2000-01-01",2,0.0602144002177122,0.123923575375416,859.45477644394,965.961485214353,112.392357537542
"SGP","Singapore","Singapore","South and South East Asia","wdi_real_gdp_per_capita_growth","WDI real GDP per capita growth",8,"2000-2001","contraction",2000,2001,"2000-01-01","2001-01-01",1,-0.0370366595204537,-0.0370366595204535,965.961485214353,930.185498576597,96.2963340479546
"SGP","Singapore","Singapore","South and South East Asia","wdi_real_gdp_per_capita_growth","WDI real GDP per capita growth",9,"2001-2007","expansion",2001,2007,"2001-01-01","2007-01-01",6,0.0545768888184839,0.374456631042067,930.185498576597,1278.49962661778,137.445663104207
"SGP","Singapore","Singapore","South and South East Asia","wdi_real_gdp_per_capita_growth","WDI real GDP per capita growth",10,"2007-2009","contraction",2007,2009,"2007-01-01","2009-01-01",2,-0.0313113232185245,-0.061650333557505,1278.49962661778,1199.67969818364,93.8349666442495
"SGP","Singapore","Singapore","South and South East Asia","wdi_real_gdp_per_capita_growth","WDI real GDP per capita growth",11,"2009-2019","expansion",2009,2019,"2009-01-01","2019-01-01",10,0.0358445797115068,0.415713713238418,1199.67969818364,1698.40300021231,141.571371323842
"SGP","Singapore","Singapore","South and South East Asia","wdi_real_gdp_per_capita_growth","WDI real GDP per capita growth",12,"2019-2020","contraction",2019,2020,"2019-01-01","2020-01-01",1,-0.0351423380533573,-0.0351423380533572,1698.40300021231,1638.71714782801,96.4857661946643
"SGP","Singapore","Singapore","South and South East Asia","wdi_real_gdp_per_capita_growth","WDI real GDP per capita growth",13,"2020-2022","expansion",2020,2022,"2020-01-01","2022-01-01",2,0.0757531877673228,0.152545136868405,1638.71714782801,1888.69547943204,115.25451368684
"SGP","Singapore","Singapore","South and South East Asia","wdi_real_gdp_per_capita_growth","WDI real GDP per capita growth",14,"2022-2023","contraction",2022,2023,"2022-01-01","2023-01-01",1,-0.0300715571486563,-0.0300715571486564,1888.69547943204,1831.89946538589,96.9928442851344
"SGP","Singapore","Singapore","South and South East Asia","wdi_real_gdp_per_capita_growth","WDI real GDP per capita growth",15,"2023-2024","expansion",2023,2024,"2023-01-01","2024-01-01",1,0.0232663656705263,0.0232663656705265,1831.89946538589,1874.5211082192,102.326636567053
"SLE","Sierra Leone","Sierra Leone","Sub Saharan Africa","wdi_real_gdp_per_capita_growth","WDI real GDP per capita growth",1,"1961-1962","expansion",1961,1962,"1961-01-01","1962-01-01",1,0.0284424873737809,0.028442487373781,100.224133638565,103.074757294128,102.844248737378
"SLE","Sierra Leone","Sierra Leone","Sub Saharan Africa","wdi_real_gdp_per_capita_growth","WDI real GDP per capita growth",2,"1962-1963","contraction",1962,1963,"1962-01-01","1963-01-01",1,-8.58666259134111e-05,-8.58666259133667e-05,103.074757294128,103.065906612502,99.9914133374087
"SLE","Sierra Leone","Sierra Leone","Sub Saharan Africa","wdi_real_gdp_per_capita_growth","WDI real GDP per capita growth",3,"1963-1965","expansion",1963,1965,"1963-01-01","1965-01-01",2,0.0504453997117483,0.103430987272183,103.065906612502,113.726115087536,110.343098727218
"SLE","Sierra Leone","Sierra Leone","Sub Saharan Africa","wdi_real_gdp_per_capita_growth","WDI real GDP per capita growth",4,"1965-1967","contraction",1965,1967,"1965-01-01","1967-01-01",2,-0.0099349602029445,-0.0198408128366786,113.726115087536,111.469696523442,98.0159187163321
"SLE","Sierra Leone","Sierra Leone","Sub Saharan Africa","wdi_real_gdp_per_capita_growth","WDI real GDP per capita growth",5,"1967-1971","expansion",1967,1971,"1967-01-01","1971-01-01",4,0.0368330064223432,0.153862589498358,111.469696523442,128.620712681135,115.386258949836
"SLE","Sierra Leone","Sierra Leone","Sub Saharan Africa","wdi_real_gdp_per_capita_growth","WDI real GDP per capita growth",6,"1971-1972","contraction",1971,1972,"1971-01-01","1972-01-01",1,-0.00934146897742536,-0.00934146897742538,128.620712681135,127.419206283769,99.0658531022575
"SLE","Sierra Leone","Sierra Leone","Sub Saharan Africa","wdi_real_gdp_per_capita_growth","WDI real GDP per capita growth",7,"1972-1974","expansion",1972,1974,"1972-01-01","1974-01-01",2,0.00992681588628189,0.0199148428558222,127.419206283769,129.956739753724,101.991484285582
"SLE","Sierra Leone","Sierra Leone","Sub Saharan Africa","wdi_real_gdp_per_capita_growth","WDI real GDP per capita growth",8,"1974-1977","contraction",1974,1977,"1974-01-01","1977-01-01",3,-0.0139969996148979,-0.0415198767226383,129.956739753724,124.560951939874,95.8480123277362
"SLE","Sierra Leone","Sierra Leone","Sub Saharan Africa","wdi_real_gdp_per_capita_growth","WDI real GDP per capita growth",9,"1977-1982","expansion",1977,1982,"1977-01-01","1982-01-01",5,0.0183755354351595,0.0950556631450692,124.560951939874,136.401175828499,109.505566314507
"SLE","Sierra Leone","Sierra Leone","Sub Saharan Africa","wdi_real_gdp_per_capita_growth","WDI real GDP per capita growth",10,"1982-1983","contraction",1982,1983,"1982-01-01","1983-01-01",1,-0.041684400763676,-0.041684400763676,136.401175828499,130.715374550628,95.8315599236324
"SLE","Sierra Leone","Sierra Leone","Sub Saharan Africa","wdi_real_gdp_per_capita_growth","WDI real GDP per capita growth",11,"1983-1984","expansion",1983,1984,"1983-01-01","1984-01-01",1,0.0183752207389294,0.0183752207389292,130.715374550628,133.117298411967,101.837522073893
"SLE","Sierra Leone","Sierra Leone","Sub Saharan Africa","wdi_real_gdp_per_capita_growth","WDI real GDP per capita growth",12,"1984-1986","contraction",1984,1986,"1984-01-01","1986-01-01",2,-0.0429555395414513,-0.0850203532431792,133.117298411967,121.799618678204,91.4979646756821
"SLE","Sierra Leone","Sierra Leone","Sub Saharan Africa","wdi_real_gdp_per_capita_growth","WDI real GDP per capita growth",13,"1986-1987","expansion",1986,1987,"1986-01-01","1987-01-01",1,0.0439382684987255,0.0439382684987255,121.799618678204,127.151283026729,104.393826849873
"SLE","Sierra Leone","Sierra Leone","Sub Saharan Africa","wdi_real_gdp_per_capita_growth","WDI real GDP per capita growth",14,"1987-1990","contraction",1987,1990,"1987-01-01","1990-01-01",3,-0.0398962203095131,-0.117277629644917,127.151283026729,112.239281947045,88.2722370355083
"SLE","Sierra Leone","Sierra Leone","Sub Saharan Africa","wdi_real_gdp_per_capita_growth","WDI real GDP per capita growth",15,"1990-1991","expansion",1990,1991,"1990-01-01","1991-01-01",1,0.0116028435358966,0.0116028435358966,112.239281947045,113.541576774057,101.16028435359
"SLE","Sierra Leone","Sierra Leone","Sub Saharan Africa","wdi_real_gdp_per_capita_growth","WDI real GDP per capita growth",16,"1991-1992","contraction",1991,1992,"1991-01-01","1992-01-01",1,-0.174597698249032,-0.174597698249032,113.541576774057,93.7174788137413,82.5402301750968
"SLE","Sierra Leone","Sierra Leone","Sub Saharan Africa","wdi_real_gdp_per_capita_growth","WDI real GDP per capita growth",17,"1992-1993","expansion",1992,1993,"1992-01-01","1993-01-01",1,0.0159977635482602,0.0159977635482602,93.7174788137413,95.2167488801426,101.599776354826
"SLE","Sierra Leone","Sierra Leone","Sub Saharan Africa","wdi_real_gdp_per_capita_growth","WDI real GDP per capita growth",18,"1993-1995","contraction",1993,1995,"1993-01-01","1995-01-01",2,-0.0522810211822867,-0.102672850811415,95.2167488801426,85.4405738276237,89.7327149188585
"SLE","Sierra Leone","Sierra Leone","Sub Saharan Africa","wdi_real_gdp_per_capita_growth","WDI real GDP per capita growth",19,"1995-1996","expansion",1995,1996,"1995-01-01","1996-01-01",1,0.0126843628467385,0.0126843628467386,85.4405738276237,86.5243330678868,101.268436284674
"SLE","Sierra Leone","Sierra Leone","Sub Saharan Africa","wdi_real_gdp_per_capita_growth","WDI real GDP per capita growth",20,"1996-1997","contraction",1996,1997,"1996-01-01","1997-01-01",1,-0.0708314721958494,-0.0708314721958494,86.5243330678868,80.3956871759244,92.9168527804151
"SLE","Sierra Leone","Sierra Leone","Sub Saharan Africa","wdi_real_gdp_per_capita_growth","WDI real GDP per capita growth",21,"1997-1998","expansion",1997,1998,"1997-01-01","1998-01-01",1,0.00788222799625672,0.00788222799625671,80.3956871759244,81.0293843121608,100.788222799626
"SLE","Sierra Leone","Sierra Leone","Sub Saharan Africa","wdi_real_gdp_per_capita_growth","WDI real GDP per capita growth",22,"1998-1999","contraction",1998,1999,"1998-01-01","1999-01-01",1,-0.0248454916239004,-0.0248454916239004,81.0293843121608,79.0161694229432,97.51545083761
"SLE","Sierra Leone","Sierra Leone","Sub Saharan Africa","wdi_real_gdp_per_capita_growth","WDI real GDP per capita growth",23,"1999-2000","expansion",1999,2000,"1999-01-01","2000-01-01",1,0.0410749847441832,0.0410749847441831,79.0161694229432,82.2617573765344,104.107498474418
"SLE","Sierra Leone","Sierra Leone","Sub Saharan Africa","wdi_real_gdp_per_capita_growth","WDI real GDP per capita growth",24,"2000-2001","contraction",2000,2001,"2000-01-01","2001-01-01",1,-0.117160994484665,-0.117160994484665,82.2617573765344,72.6238880742434,88.2839005515335
"SLE","Sierra Leone","Sierra Leone","Sub Saharan Africa","wdi_real_gdp_per_capita_growth","WDI real GDP per capita growth",25,"2001-2008","expansion",2001,2008,"2001-01-01","2008-01-01",7,0.0481558303914964,0.374596736636587,72.6238880742434,99.8285595487157,137.459673663659
"SLE","Sierra Leone","Sierra Leone","Sub Saharan Africa","wdi_real_gdp_per_capita_growth","WDI real GDP per capita growth",26,"2008-2009","contraction",2008,2009,"2008-01-01","2009-01-01",1,-0.011672975048301,-0.011672975048301,99.8285595487157,98.6632632639957,98.8327024951699
"SLE","Sierra Leone","Sierra Leone","Sub Saharan Africa","wdi_real_gdp_per_capita_growth","WDI real GDP per capita growth",27,"2009-2013","expansion",2009,2013,"2009-01-01","2013-01-01",4,0.071273149594183,0.314798987661564,98.6632632639957,129.722358658888,131.479898766156
"SLE","Sierra Leone","Sierra Leone","Sub Saharan Africa","wdi_real_gdp_per_capita_growth","WDI real GDP per capita growth",28,"2013-2015","contraction",2013,2015,"2013-01-01","2015-01-01",2,-0.0827307228029126,-0.158912292998631,129.722358658888,109.107881191213,84.1087707001369
"SLE","Sierra Leone","Sierra Leone","Sub Saharan Africa","wdi_real_gdp_per_capita_growth","WDI real GDP per capita growth",29,"2015-2019","expansion",2015,2019,"2015-01-01","2019-01-01",4,0.0208092454643762,0.0854176358621503,109.107881191213,118.427618456495,108.541763586215
"SLE","Sierra Leone","Sierra Leone","Sub Saharan Africa","wdi_real_gdp_per_capita_growth","WDI real GDP per capita growth",30,"2019-2020","contraction",2019,2020,"2019-01-01","2020-01-01",1,-0.0350677788869559,-0.035067778886956,118.427618456495,114.274624918354,96.4932221113044
"SLE","Sierra Leone","Sierra Leone","Sub Saharan Africa","wdi_real_gdp_per_capita_growth","WDI real GDP per capita growth",31,"2020-2024","expansion",2020,2024,"2020-01-01","2024-01-01",4,0.0300697984013826,0.125747824906035,114.274624918354,128.64441044379,112.574782490604
"SLV","El Salvador","El Salvador","Latin America","wdi_real_gdp_per_capita_growth","WDI real GDP per capita growth",1,"1966-1978","expansion",1966,1978,"1966-01-01","1978-01-01",12,0.0212683519737026,0.285998464961683,104.181853485116,133.977703658722,128.599846496168
"SLV","El Salvador","El Salvador","Latin America","wdi_real_gdp_per_capita_growth","WDI real GDP per capita growth",2,"1978-1986","contraction",1978,1986,"1978-01-01","1986-01-01",8,-0.0508704697021025,-0.34969059547654,133.977703658722,87.1269606857242,65.030940452346
"SLV","El Salvador","El Salvador","Latin America","wdi_real_gdp_per_capita_growth","WDI real GDP per capita growth",3,"1986-1987","expansion",1986,1987,"1986-01-01","1987-01-01",1,0.0050182407492801,0.00501824074928003,87.1269606857242,87.5641847501982,100.501824074928
"SLV","El Salvador","El Salvador","Latin America","wdi_real_gdp_per_capita_growth","WDI real GDP per capita growth",4,"1987-1989","contraction",1987,1989,"1987-01-01","1989-01-01",2,-0.00575165803889753,-0.0114883877812353,87.5641847501982,86.5582134400402,98.8511612218765
"SLV","El Salvador","El Salvador","Latin America","wdi_real_gdp_per_capita_growth","WDI real GDP per capita growth",5,"1989-1990","expansion",1989,1990,"1989-01-01","1990-01-01",1,0.0287694943624557,0.0287694943624557,86.5582134400402,89.0484494736277,102.876949436246
"SLV","El Salvador","El Salvador","Latin America","wdi_real_gdp_per_capita_growth","WDI real GDP per capita growth",6,"1990-1991","contraction",1990,1991,"1990-01-01","1991-01-01",1,-0.00267045668925647,-0.00267045668925636,89.0484494736277,88.8106494460629,99.7329543310744
"SLV","El Salvador","El Salvador","Latin America","wdi_real_gdp_per_capita_growth","WDI real GDP per capita growth",7,"1991-2008","expansion",1991,2008,"1991-01-01","2008-01-01",17,0.0226436696805102,0.460523452881152,88.8106494460629,129.710036381581,146.052345288115
"SLV","El Salvador","El Salvador","Latin America","wdi_real_gdp_per_capita_growth","WDI real GDP per capita growth",8,"2008-2009","contraction",2008,2009,"2008-01-01","2009-01-01",1,-0.0241599153160278,-0.0241599153160278,129.710036381581,126.576252886963,97.5840084683972
"SLV","El Salvador","El Salvador","Latin America","wdi_real_gdp_per_capita_growth","WDI real GDP per capita growth",9,"2009-2019","expansion",2009,2019,"2009-01-01","2019-01-01",10,0.0218617177023183,0.24126672823727,126.576252886963,157.114891293535,124.126672823727
"SLV","El Salvador","El Salvador","Latin America","wdi_real_gdp_per_capita_growth","WDI real GDP per capita growth",10,"2019-2020","contraction",2019,2020,"2019-01-01","2020-01-01",1,-0.0807562588564387,-0.0807562588564388,157.114891293535,144.426880462033,91.9243741143561
"SLV","El Salvador","El Salvador","Latin America","wdi_real_gdp_per_capita_growth","WDI real GDP per capita growth",11,"2020-2024","expansion",2020,2024,"2020-01-01","2024-01-01",4,0.048193380664996,0.203935283337682,144.426880462033,173.880617250635,120.393528333768
"SRB","Serbia","Serbia","Eastern Europe","wdi_real_gdp_per_capita_growth","WDI real GDP per capita growth",1,"1996-1998","expansion",1996,1998,"1996-01-01","1998-01-01",2,0.0752174769958467,0.155786207984477,106.249633378347,122.8018608621,115.578620798448
"SRB","Serbia","Serbia","Eastern Europe","wdi_real_gdp_per_capita_growth","WDI real GDP per capita growth",2,"1998-1999","contraction",1998,1999,"1998-01-01","1999-01-01",1,-0.100003160706524,-0.100003160706524,122.8018608621,110.521286635247,89.9996839293476
"SRB","Serbia","Serbia","Eastern Europe","wdi_real_gdp_per_capita_growth","WDI real GDP per capita growth",3,"1999-2008","expansion",1999,2008,"1999-01-01","2008-01-01",9,0.0623616793100662,0.722790472565496,110.521286635247,190.405019630884,172.27904725655
"SRB","Serbia","Serbia","Eastern Europe","wdi_real_gdp_per_capita_growth","WDI real GDP per capita growth",4,"2008-2009","contraction",2008,2009,"2008-01-01","2009-01-01",1,-0.0275343779759604,-0.0275343779759604,190.405019630884,185.162335851847,97.246562202404
"SRB","Serbia","Serbia","Eastern Europe","wdi_real_gdp_per_capita_growth","WDI real GDP per capita growth",5,"2009-2013","expansion",2009,2013,"2009-01-01","2013-01-01",4,0.0095385699751225,0.0386023142400485,185.162335851847,192.310030525822,103.860231424005
"SRB","Serbia","Serbia","Eastern Europe","wdi_real_gdp_per_capita_growth","WDI real GDP per capita growth",6,"2013-2014","contraction",2013,2014,"2013-01-01","2014-01-01",1,-0.0132558635982964,-0.0132558635982963,192.310030525822,189.760794992587,98.6744136401704
"SRB","Serbia","Serbia","Eastern Europe","wdi_real_gdp_per_capita_growth","WDI real GDP per capita growth",7,"2014-2019","expansion",2014,2019,"2014-01-01","2019-01-01",5,0.0375549058812483,0.20190841701816,189.760794992587,228.075096721648,120.190841701816
"SRB","Serbia","Serbia","Eastern Europe","wdi_real_gdp_per_capita_growth","WDI real GDP per capita growth",8,"2019-2020","contraction",2019,2020,"2019-01-01","2020-01-01",1,-0.00288042264925664,-0.00288042264925648,228.075096721648,227.41814404732,99.7119577350743
"SRB","Serbia","Serbia","Eastern Europe","wdi_real_gdp_per_capita_growth","WDI real GDP per capita growth",9,"2020-2024","expansion",2020,2024,"2020-01-01","2024-01-01",4,0.0580438981035401,0.252415977204879,227.41814404732,284.822117111144,125.241597720488
"STP","Sao Tome and Principe","Sao Tome and Principe","Sub Saharan Africa","wdi_real_gdp_per_capita_growth","WDI real GDP per capita growth",1,"1971-1972","expansion",1971,1972,"1971-01-01","1972-01-01",1,0.00131385641178468,0.00131385641178472,103.111879064414,103.247353267854,100.131385641178
"STP","Sao Tome and Principe","Sao Tome and Principe","Sub Saharan Africa","wdi_real_gdp_per_capita_growth","WDI real GDP per capita growth",2,"1972-1973","contraction",1972,1973,"1972-01-01","1973-01-01",1,-0.00563520035038692,-0.00563520035038689,103.247353267854,102.665533746543,99.4364799649613
"STP","Sao Tome and Principe","Sao Tome and Principe","Sub Saharan Africa","wdi_real_gdp_per_capita_growth","WDI real GDP per capita growth",3,"1973-1975","expansion",1973,1975,"1973-01-01","1975-01-01",2,0.0312421747171361,0.0634555602038753,102.665533746543,109.180232704059,106.345556020388
"STP","Sao Tome and Principe","Sao Tome and Principe","Sub Saharan Africa","wdi_real_gdp_per_capita_growth","WDI real GDP per capita growth",4,"1975-1976","contraction",1975,1976,"1975-01-01","1976-01-01",1,-0.00891295096757773,-0.0089129509675776,109.180232704059,108.207114643339,99.1087049032422
"STP","Sao Tome and Principe","Sao Tome and Principe","Sub Saharan Africa","wdi_real_gdp_per_capita_growth","WDI real GDP per capita growth",5,"1976-1979","expansion",1976,1979,"1976-01-01","1979-01-01",3,0.112453685233818,0.364963804213926,108.207114643339,147.698794846585,136.496380421393
"STP","Sao Tome and Principe","Sao Tome and Principe","Sub Saharan Africa","wdi_real_gdp_per_capita_growth","WDI real GDP per capita growth",6,"1979-1981","contraction",1979,1981,"1979-01-01","1981-01-01",2,-0.0777101058304508,-0.151307628383258,147.698794846585,125.350840483283,84.8692371616742
"STP","Sao Tome and Principe","Sao Tome and Principe","Sub Saharan Africa","wdi_real_gdp_per_capita_growth","WDI real GDP per capita growth",7,"1981-1982","expansion",1981,1982,"1981-01-01","1982-01-01",1,0.0118898448962564,0.0118898448962561,125.350840483283,126.841242534244,101.188984489626
"STP","Sao Tome and Principe","Sao Tome and Principe","Sub Saharan Africa","wdi_real_gdp_per_capita_growth","WDI real GDP per capita growth",8,"1982-1984","contraction",1982,1984,"1982-01-01","1984-01-01",2,-0.0670360518500796,-0.129700520801416,126.841242534244,110.389867318454,87.0299479198584
"STP","Sao Tome and Principe","Sao Tome and Principe","Sub Saharan Africa","wdi_real_gdp_per_capita_growth","WDI real GDP per capita growth",9,"1984-1985","expansion",1984,1985,"1984-01-01","1985-01-01",1,0.0702251169759136,0.0702251169759136,110.389867318454,118.142008663848,107.022511697591
"STP","Sao Tome and Principe","Sao Tome and Principe","Sub Saharan Africa","wdi_real_gdp_per_capita_growth","WDI real GDP per capita growth",10,"1985-1988","contraction",1985,1988,"1985-01-01","1988-01-01",3,-0.0462279156748934,-0.133667881409564,118.142008663848,102.350216660281,86.6332118590436
"STP","Sao Tome and Principe","Sao Tome and Principe","Sub Saharan Africa","wdi_real_gdp_per_capita_growth","WDI real GDP per capita growth",11,"1988-1989","expansion",1988,1989,"1988-01-01","1989-01-01",1,0.00522097002820658,0.00522097002820665,102.350216660281,102.884584073845,100.522097002821
"STP","Sao Tome and Principe","Sao Tome and Principe","Sub Saharan Africa","wdi_real_gdp_per_capita_growth","WDI real GDP per capita growth",12,"1989-1993","contraction",1989,1993,"1989-01-01","1993-01-01",4,-0.0186250986518076,-0.072916013566364,102.884584073845,95.3826503457468,92.7083986433636
"STP","Sao Tome and Principe","Sao Tome and Principe","Sub Saharan Africa","wdi_real_gdp_per_capita_growth","WDI real GDP per capita growth",13,"1993-1995","expansion",1993,1995,"1993-01-01","1995-01-01",2,0.00410238298527389,0.00822138597824229,95.3826503457468,96.166827929867,100.822138597824
"STP","Sao Tome and Principe","Sao Tome and Principe","Sub Saharan Africa","wdi_real_gdp_per_capita_growth","WDI real GDP per capita growth",14,"1995-1997","contraction",1995,1997,"1995-01-01","1997-01-01",2,-0.00230206891995486,-0.00460277427928135,96.166827929867,95.7241937277513,99.5397225720719
"STP","Sao Tome and Principe","Sao Tome and Principe","Sub Saharan Africa","wdi_real_gdp_per_capita_growth","WDI real GDP per capita growth",15,"1997-1999","expansion",1997,1999,"1997-01-01","1999-01-01",2,0.0122561064147573,0.0246620935787449,95.7241937277513,98.084952751215,102.466209357874
"STP","Sao Tome and Principe","Sao Tome and Principe","Sub Saharan Africa","wdi_real_gdp_per_capita_growth","WDI real GDP per capita growth",16,"1999-2000","contraction",1999,2000,"1999-01-01","2000-01-01",1,-0.0065084592250922,-0.00650845922509236,98.084952751215,97.4465708356386,99.3491540774908
"STP","Sao Tome and Principe","Sao Tome and Principe","Sub Saharan Africa","wdi_real_gdp_per_capita_growth","WDI real GDP per capita growth",17,"2000-2009","expansion",2000,2009,"2000-01-01","2009-01-01",9,0.027715428123575,0.276754527842882,97.4465708356386,124.415350537164,127.675452784288
"STP","Sao Tome and Principe","Sao Tome and Principe","Sub Saharan Africa","wdi_real_gdp_per_capita_growth","WDI real GDP per capita growth",18,"2009-2011","contraction",2009,2011,"2009-01-01","2011-01-01",2,-0.00434670268465026,-0.00868478231034642,124.415350537164,123.334830301683,99.1315217689654
"STP","Sao Tome and Principe","Sao Tome and Principe","Sub Saharan Africa","wdi_real_gdp_per_capita_growth","WDI real GDP per capita growth",19,"2011-2014","expansion",2011,2014,"2011-01-01","2014-01-01",3,0.0232041312146654,0.0710805862592236,123.334830301683,132.101542345708,107.108058625922
"STP","Sao Tome and Principe","Sao Tome and Principe","Sub Saharan Africa","wdi_real_gdp_per_capita_growth","WDI real GDP per capita growth",20,"2014-2015","contraction",2014,2015,"2014-01-01","2015-01-01",1,-0.00246825905363622,-0.00246825905363623,132.101542345708,131.775481517814,99.7531740946364
"STP","Sao Tome and Principe","Sao Tome and Principe","Sub Saharan Africa","wdi_real_gdp_per_capita_growth","WDI real GDP per capita growth",21,"2015-2020","expansion",2015,2020,"2015-01-01","2020-01-01",5,0.0197282287961342,0.102250026293766,131.775481517814,145.249527967885,110.225002629377
"STP","Sao Tome and Principe","Sao Tome and Principe","Sub Saharan Africa","wdi_real_gdp_per_capita_growth","WDI real GDP per capita growth",22,"2020-2024","contraction",2020,2024,"2020-01-01","2024-01-01",4,-0.0111195322753194,-0.0438187813978913,145.249527967885,138.884870653713,95.6181218602109
"SVK","Slovak Republic","Slovakia","Eastern Europe","wdi_real_gdp_per_capita_growth","WDI real GDP per capita growth",1,"1991-1992","contraction",1991,1992,"1991-01-01","1992-01-01",1,-0.067517666501482,-0.0675176665014822,85.3600411999675,79.5967304056753,93.2482333498518
"SVK","Slovak Republic","Slovakia","Eastern Europe","wdi_real_gdp_per_capita_growth","WDI real GDP per capita growth",2,"1992-1998","expansion",1992,1998,"1992-01-01","1998-01-01",6,0.0461809191204133,0.310218612928347,79.5967304056753,104.289117705755,131.021861292835
"SVK","Slovak Republic","Slovakia","Eastern Europe","wdi_real_gdp_per_capita_growth","WDI real GDP per capita growth",3,"1998-1999","contraction",1998,1999,"1998-01-01","1999-01-01",1,-0.00574779582477817,-0.00574779582477802,104.289117705755,103.689685150437,99.4252204175222
"SVK","Slovak Republic","Slovakia","Eastern Europe","wdi_real_gdp_per_capita_growth","WDI real GDP per capita growth",4,"1999-2008","expansion",1999,2008,"1999-01-01","2008-01-01",9,0.055873229308611,0.626206003096808,103.689685150437,168.620788450858,162.620600309681
"SVK","Slovak Republic","Slovakia","Eastern Europe","wdi_real_gdp_per_capita_growth","WDI real GDP per capita growth",5,"2008-2009","contraction",2008,2009,"2008-01-01","2009-01-01",1,-0.056311751026805,-0.056311751026805,168.620788450858,159.12545659367,94.3688248973195
"SVK","Slovak Republic","Slovakia","Eastern Europe","wdi_real_gdp_per_capita_growth","WDI real GDP per capita growth",6,"2009-2019","expansion",2009,2019,"2009-01-01","2019-01-01",10,0.0293856655054762,0.334062481758078,159.12545659367,212.283301534238,133.406248175808
"SVK","Slovak Republic","Slovakia","Eastern Europe","wdi_real_gdp_per_capita_growth","WDI real GDP per capita growth",7,"2019-2020","contraction",2019,2020,"2019-01-01","2020-01-01",1,-0.0266902849173539,-0.026690284917354,212.283301534238,206.617399733093,97.3309715082646
"SVK","Slovak Republic","Slovakia","Eastern Europe","wdi_real_gdp_per_capita_growth","WDI real GDP per capita growth",8,"2020-2024","expansion",2020,2024,"2020-01-01","2024-01-01",4,0.027363291179375,0.113281675928426,206.617399733093,230.023365050831,111.328167592843
"SVN","Slovenia","Slovenia","Eastern Europe","wdi_real_gdp_per_capita_growth","WDI real GDP per capita growth",1,"1991-1992","contraction",1991,1992,"1991-01-01","1992-01-01",1,-0.053249118126253,-0.053249118126253,91.0421182438684,86.1942057350363,94.6750881873747
"SVN","Slovenia","Slovenia","Eastern Europe","wdi_real_gdp_per_capita_growth","WDI real GDP per capita growth",2,"1992-2008","expansion",1992,2008,"1992-01-01","2008-01-01",16,0.0406357814022583,0.889530315670916,86.1942057350363,162.866564771527,188.953031567092
"SVN","Slovenia","Slovenia","Eastern Europe","wdi_real_gdp_per_capita_growth","WDI real GDP per capita growth",3,"2008-2009","contraction",2008,2009,"2008-01-01","2009-01-01",1,-0.0842208868943828,-0.0842208868943829,162.866564771527,149.149798241028,91.5779113105617
"SVN","Slovenia","Slovenia","Eastern Europe","wdi_real_gdp_per_capita_growth","WDI real GDP per capita growth",4,"2009-2011","expansion",2009,2011,"2009-01-01","2011-01-01",2,0.00559364403195872,0.0112173044543273,149.149798241028,150.822856937199,101.121730445433
"SVN","Slovenia","Slovenia","Eastern Europe","wdi_real_gdp_per_capita_growth","WDI real GDP per capita growth",5,"2011-2013","contraction",2011,2013,"2011-01-01","2013-01-01",2,-0.0203875903761749,-0.0404762675411012,150.822856937199,144.718110628495,95.9523732458899
"SVN","Slovenia","Slovenia","Eastern Europe","wdi_real_gdp_per_capita_growth","WDI real GDP per capita growth",6,"2013-2019","expansion",2013,2019,"2013-01-01","2019-01-01",6,0.0330523809454108,0.215129642053699,144.718110628495,175.851265966691,121.51296420537
"SVN","Slovenia","Slovenia","Eastern Europe","wdi_real_gdp_per_capita_growth","WDI real GDP per capita growth",7,"2019-2020","contraction",2019,2020,"2019-01-01","2020-01-01",1,-0.0472524968037921,-0.0472524968037922,175.851265966691,167.541854583657,95.2747503196208
"SVN","Slovenia","Slovenia","Eastern Europe","wdi_real_gdp_per_capita_growth","WDI real GDP per capita growth",8,"2020-2024","expansion",2020,2024,"2020-01-01","2024-01-01",4,0.0349264191961522,0.145662394625593,167.541854583657,191.946402322326,114.566239462559
"SWE","Sweden","Sweden","Western Europe","wdi_real_gdp_per_capita_growth","WDI real GDP per capita growth",1,"1961-1976","expansion",1961,1976,"1961-01-01","1976-01-01",15,0.0303839898645932,0.563799324730434,105.184618726023,164.487635735782,156.379932473043
"SWE","Sweden","Sweden","Western Europe","wdi_real_gdp_per_capita_growth","WDI real GDP per capita growth",2,"1976-1977","contraction",1976,1977,"1976-01-01","1977-01-01",1,-0.019451271570977,-0.0194512715709773,164.487635735782,161.288142063018,98.0548728429023
"SWE","Sweden","Sweden","Western Europe","wdi_real_gdp_per_capita_growth","WDI real GDP per capita growth",3,"1977-1989","expansion",1977,1989,"1977-01-01","1989-01-01",12,0.0213272943473903,0.287437625000366,161.288142063018,207.648422558333,128.743762500037
"SWE","Sweden","Sweden","Western Europe","wdi_real_gdp_per_capita_growth","WDI real GDP per capita growth",4,"1989-1993","contraction",1989,1993,"1989-01-01","1993-01-01",4,-0.0155192828542515,-0.060821482295436,207.648422558333,195.018937702026,93.9178517704564
"SWE","Sweden","Sweden","Western Europe","wdi_real_gdp_per_capita_growth","WDI real GDP per capita growth",5,"1993-2007","expansion",1993,2007,"1993-01-01","2007-01-01",14,0.0295647888713522,0.502477526212208,195.018937702026,293.011571083073,150.247752621221
"SWE","Sweden","Sweden","Western Europe","wdi_real_gdp_per_capita_growth","WDI real GDP per capita growth",6,"2007-2009","contraction",2007,2009,"2007-01-01","2009-01-01",2,-0.0337987828812322,-0.0667401160276009,293.011571083073,273.455944831559,93.3259883972399
"SWE","Sweden","Sweden","Western Europe","wdi_real_gdp_per_capita_growth","WDI real GDP per capita growth",7,"2009-2011","expansion",2009,2011,"2009-01-01","2011-01-01",2,0.0362041153471087,0.0735670300039386,273.455944831559,293.573286529738,107.356703000394
"SWE","Sweden","Sweden","Western Europe","wdi_real_gdp_per_capita_growth","WDI real GDP per capita growth",8,"2011-2012","contraction",2011,2012,"2011-01-01","2012-01-01",1,-0.0114837721022437,-0.0114837721022439,293.573286529738,290.201957811923,98.8516227897756
"SWE","Sweden","Sweden","Western Europe","wdi_real_gdp_per_capita_growth","WDI real GDP per capita growth",9,"2012-2019","expansion",2012,2019,"2012-01-01","2019-01-01",7,0.0120052767412044,0.0867931426087873,290.201957811923,315.389497721643,108.679314260879
"SWE","Sweden","Sweden","Western Europe","wdi_real_gdp_per_capita_growth","WDI real GDP per capita growth",10,"2019-2020","contraction",2019,2020,"2019-01-01","2020-01-01",1,-0.0263997048116038,-0.0263997048116038,315.389497721643,307.063308081111,97.3600295188396
"SWE","Sweden","Sweden","Western Europe","wdi_real_gdp_per_capita_growth","WDI real GDP per capita growth",11,"2020-2022","expansion",2020,2022,"2020-01-01","2022-01-01",2,0.0258221473104829,0.0519056331296361,307.063308081111,323.001623497942,105.190563312964
"SWE","Sweden","Sweden","Western Europe","wdi_real_gdp_per_capita_growth","WDI real GDP per capita growth",12,"2022-2023","contraction",2022,2023,"2022-01-01","2023-01-01",1,-0.00674701257933236,-0.0067470125793323,323.001623497942,320.822327481057,99.3252987420668
"SWE","Sweden","Sweden","Western Europe","wdi_real_gdp_per_capita_growth","WDI real GDP per capita growth",13,"2023-2024","expansion",2023,2024,"2023-01-01","2024-01-01",1,0.00504564017875396,0.00504564017875397,320.822327481057,322.441081506836,100.504564017875
"SWZ","Eswatini","Swaziland","Sub Saharan Africa","wdi_real_gdp_per_capita_growth","WDI real GDP per capita growth",1,"1971-1975","expansion",1971,1975,"1971-01-01","1975-01-01",4,0.0548484894149748,0.235778648605012,110.740056666082,136.850197573253,123.577864860501
"SWZ","Eswatini","Swaziland","Sub Saharan Africa","wdi_real_gdp_per_capita_growth","WDI real GDP per capita growth",2,"1975-1979","contraction",1975,1979,"1975-01-01","1979-01-01",4,-0.0235477764052048,-0.0914868276873195,136.850197573253,124.330207128894,90.851317231268
"SWZ","Eswatini","Swaziland","Sub Saharan Africa","wdi_real_gdp_per_capita_growth","WDI real GDP per capita growth",3,"1979-1981","expansion",1979,1981,"1979-01-01","1981-01-01",2,0.098389891191955,0.206349109291313,124.330207128894,149.985634627945,120.634910929131
"SWZ","Eswatini","Swaziland","Sub Saharan Africa","wdi_real_gdp_per_capita_growth","WDI real GDP per capita growth",4,"1981-1983","contraction",1981,1983,"1981-01-01","1983-01-01",2,-0.0210214401425749,-0.0416010848699698,149.985634627945,143.746069512512,95.839891513003
"SWZ","Eswatini","Swaziland","Sub Saharan Africa","wdi_real_gdp_per_capita_growth","WDI real GDP per capita growth",5,"1983-1990","expansion",1983,1990,"1983-01-01","1990-01-01",7,0.0667744258421248,0.559315547154557,143.746069512512,224.145481033219,155.931554715456
"SWZ","Eswatini","Swaziland","Sub Saharan Africa","wdi_real_gdp_per_capita_growth","WDI real GDP per capita growth",6,"1990-1992","contraction",1990,1992,"1990-01-01","1992-01-01",2,-0.0143739996370431,-0.0286068608717985,224.145481033219,217.73338244226,97.1393139128201
"SWZ","Eswatini","Swaziland","Sub Saharan Africa","wdi_real_gdp_per_capita_growth","WDI real GDP per capita growth",7,"1992-2017","expansion",1992,2017,"1992-01-01","2017-01-01",25,0.0244864493446403,0.82553683685942,217.73338244226,397.480310262345,182.553683685942
"SWZ","Eswatini","Swaziland","Sub Saharan Africa","wdi_real_gdp_per_capita_growth","WDI real GDP per capita growth",8,"2017-2018","contraction",2017,2018,"2017-01-01","2018-01-01",1,-0.00853481330729949,-0.00853481330729944,397.480310262345,394.087890020928,99.1465186692701
"SWZ","Eswatini","Swaziland","Sub Saharan Africa","wdi_real_gdp_per_capita_growth","WDI real GDP per capita growth",9,"2018-2019","expansion",2018,2019,"2018-01-01","2019-01-01",1,0.054445627805287,0.0544456278052869,394.087890020928,415.544252603579,105.444562780529
"SWZ","Eswatini","Swaziland","Sub Saharan Africa","wdi_real_gdp_per_capita_growth","WDI real GDP per capita growth",10,"2019-2020","contraction",2019,2020,"2019-01-01","2020-01-01",1,-0.039978006899122,-0.0399780068991219,415.544252603579,398.931621606102,96.0021993100878
"SWZ","Eswatini","Swaziland","Sub Saharan Africa","wdi_real_gdp_per_capita_growth","WDI real GDP per capita growth",11,"2020-2021","expansion",2020,2021,"2020-01-01","2021-01-01",1,0.0303852368946784,0.0303852368946784,398.931621606102,411.053253433382,103.038523689468
"SWZ","Eswatini","Swaziland","Sub Saharan Africa","wdi_real_gdp_per_capita_growth","WDI real GDP per capita growth",12,"2021-2022","contraction",2021,2022,"2021-01-01","2022-01-01",1,-0.00628894036514311,-0.00628894036514316,411.053253433382,408.468164035642,99.3711059634857
"SWZ","Eswatini","Swaziland","Sub Saharan Africa","wdi_real_gdp_per_capita_growth","WDI real GDP per capita growth",13,"2022-2024","expansion",2022,2024,"2022-01-01","2024-01-01",2,0.0225548425097741,0.0456092846571008,408.468164035642,427.098104802506,104.56092846571
"SYC","Seychelles","Seychelles","Sub Saharan Africa","wdi_real_gdp_per_capita_growth","WDI real GDP per capita growth",1,"1961-1964","expansion",1961,1964,"1961-01-01","1964-01-01",3,0.054134366110026,0.170913720709726,92.4808010458102,108.287038846765,117.091372070973
"SYC","Seychelles","Seychelles","Sub Saharan Africa","wdi_real_gdp_per_capita_growth","WDI real GDP per capita growth",2,"1964-1965","contraction",1964,1965,"1964-01-01","1965-01-01",1,-0.0351426890611373,-0.0351426890611373,108.287038846765,104.481541111222,96.4857310938863
"SYC","Seychelles","Seychelles","Sub Saharan Africa","wdi_real_gdp_per_capita_growth","WDI real GDP per capita growth",3,"1965-1966","expansion",1965,1966,"1965-01-01","1966-01-01",1,0.110923039068889,0.110923039068889,104.481541111222,116.07095117788,111.092303906889
"SYC","Seychelles","Seychelles","Sub Saharan Africa","wdi_real_gdp_per_capita_growth","WDI real GDP per capita growth",4,"1966-1967","contraction",1966,1967,"1966-01-01","1967-01-01",1,-0.0193583964967725,-0.0193583964967725,116.07095117788,113.824003683221,98.0641603503228
"SYC","Seychelles","Seychelles","Sub Saharan Africa","wdi_real_gdp_per_capita_growth","WDI real GDP per capita growth",5,"1967-1968","expansion",1967,1968,"1967-01-01","1968-01-01",1,0.0498082576722285,0.0498082576722285,113.824003683221,119.49337898796,104.980825767223
"SYC","Seychelles","Seychelles","Sub Saharan Africa","wdi_real_gdp_per_capita_growth","WDI real GDP per capita growth",6,"1968-1969","contraction",1968,1969,"1968-01-01","1969-01-01",1,-0.0235080683662751,-0.0235080683662751,119.49337898796,116.684320465394,97.6491931633725
"SYC","Seychelles","Seychelles","Sub Saharan Africa","wdi_real_gdp_per_capita_growth","WDI real GDP per capita growth",7,"1969-1973","expansion",1969,1973,"1969-01-01","1973-01-01",4,0.0776822368712097,0.345915612384071,116.684320465394,157.047248634799,134.591561238407
"SYC","Seychelles","Seychelles","Sub Saharan Africa","wdi_real_gdp_per_capita_growth","WDI real GDP per capita growth",8,"1973-1974","contraction",1973,1974,"1973-01-01","1974-01-01",1,-0.00524332931383341,-0.00524332931383342,157.047248634799,156.223798192376,99.4756670686167
"SYC","Seychelles","Seychelles","Sub Saharan Africa","wdi_real_gdp_per_capita_growth","WDI real GDP per capita growth",9,"1974-1976","expansion",1974,1976,"1974-01-01","1976-01-01",2,0.0738394843358762,0.14882202927357,156.223798192376,179.47334086019,114.882202927357
"SYC","Seychelles","Seychelles","Sub Saharan Africa","wdi_real_gdp_per_capita_growth","WDI real GDP per capita growth",10,"1976-1977","contraction",1976,1977,"1976-01-01","1977-01-01",1,-0.0813668927005799,-0.0813668927005801,179.47334086019,164.870152791804,91.863310729942
"SYC","Seychelles","Seychelles","Sub Saharan Africa","wdi_real_gdp_per_capita_growth","WDI real GDP per capita growth",11,"1977-1979","expansion",1977,1979,"1977-01-01","1979-01-01",2,0.176231832119603,0.382726675932395,164.870152791804,227.970358330277,138.272667593239
"SYC","Seychelles","Seychelles","Sub Saharan Africa","wdi_real_gdp_per_capita_growth","WDI real GDP per capita growth",12,"1979-1983","contraction",1979,1983,"1979-01-01","1983-01-01",4,-0.0353584665003984,-0.134950224386617,227.970358330277,197.205707320109,86.5049775613383
"SYC","Seychelles","Seychelles","Sub Saharan Africa","wdi_real_gdp_per_capita_growth","WDI real GDP per capita growth",13,"1983-1993","expansion",1983,1993,"1983-01-01","1993-01-01",10,0.0484100243093704,0.596700649872882,197.205707320109,314.878481036659,159.670064987288
"SYC","Seychelles","Seychelles","Sub Saharan Africa","wdi_real_gdp_per_capita_growth","WDI real GDP per capita growth",14,"1993-1995","contraction",1993,1995,"1993-01-01","1995-01-01",2,-0.0299224198936356,-0.0593538130605175,314.878481036659,296.18924253643,94.0646186939482
"SYC","Seychelles","Seychelles","Sub Saharan Africa","wdi_real_gdp_per_capita_growth","WDI real GDP per capita growth",15,"1995-1998","expansion",1995,1998,"1995-01-01","1998-01-01",3,0.065878696068832,0.207750124036611,296.18924253643,357.722594411683,120.775012403661
"SYC","Seychelles","Seychelles","Sub Saharan Africa","wdi_real_gdp_per_capita_growth","WDI real GDP per capita growth",16,"1998-1999","contraction",1998,1999,"1998-01-01","1999-01-01",1,-0.00109437696562779,-0.00109437696562775,357.722594411683,357.331111044274,99.8905623034372
"SYC","Seychelles","Seychelles","Sub Saharan Africa","wdi_real_gdp_per_capita_growth","WDI real GDP per capita growth",17,"1999-2000","expansion",1999,2000,"1999-01-01","2000-01-01",1,0.0332671456371403,0.0332671456371403,357.331111044274,369.218497156065,103.326714563714
"SYC","Seychelles","Seychelles","Sub Saharan Africa","wdi_real_gdp_per_capita_growth","WDI real GDP per capita growth",18,"2000-2004","contraction",2000,2004,"2000-01-01","2004-01-01",4,-0.0287440171829766,-0.110363451203305,369.218497156065,328.470269561824,88.9636548796695
"SYC","Seychelles","Seychelles","Sub Saharan Africa","wdi_real_gdp_per_capita_growth","WDI real GDP per capita growth",19,"2004-2007","expansion",2004,2007,"2004-01-01","2007-01-01",3,0.0799229885785687,0.259384515695719,328.470269561824,413.67037135256,125.938451569572
"SYC","Seychelles","Seychelles","Sub Saharan Africa","wdi_real_gdp_per_capita_growth","WDI real GDP per capita growth",20,"2007-2009","contraction",2007,2009,"2007-01-01","2009-01-01",2,-0.0386927524398609,-0.0759899521493559,413.67037135256,382.235579627873,92.4010047850644
"SYC","Seychelles","Seychelles","Sub Saharan Africa","wdi_real_gdp_per_capita_growth","WDI real GDP per capita growth",21,"2009-2012","expansion",2009,2012,"2009-01-01","2012-01-01",3,0.0538602868664697,0.166602810412893,382.235579627873,445.917101433678,116.660281041289
"SYC","Seychelles","Seychelles","Sub Saharan Africa","wdi_real_gdp_per_capita_growth","WDI real GDP per capita growth",22,"2012-2013","contraction",2012,2013,"2012-01-01","2013-01-01",1,-0.00599133304568014,-0.00599133304568011,445.917101433678,443.245463568224,99.400866695432
"SYC","Seychelles","Seychelles","Sub Saharan Africa","wdi_real_gdp_per_capita_growth","WDI real GDP per capita growth",23,"2013-2019","expansion",2013,2019,"2013-01-01","2019-01-01",6,0.0562917880864875,0.386563084501373,443.245463568224,614.587797156398,138.656308450137
"SYC","Seychelles","Seychelles","Sub Saharan Africa","wdi_real_gdp_per_capita_growth","WDI real GDP per capita growth",24,"2019-2022","contraction",2019,2022,"2019-01-01","2022-01-01",3,-0.0647363074639051,-0.185403851788859,614.587797156398,500.640852301172,81.4596148211141
"SYC","Seychelles","Seychelles","Sub Saharan Africa","wdi_real_gdp_per_capita_growth","WDI real GDP per capita growth",25,"2022-2024","expansion",2022,2024,"2022-01-01","2024-01-01",2,0.0223331467599725,0.045163726975513,500.640852301172,523.25165906729,104.516372697551
"SYR","Syrian Arab Republic","Syrian Arab Republic","Middle East and North Africa","wdi_real_gdp_per_capita_growth","WDI real GDP per capita growth",1,"1961-1962","expansion",1961,1962,"1961-01-01","1962-01-01",1,0.209088452912335,0.209088452912335,107.565565645495,130.056283352952,120.908845291234
"SYR","Syrian Arab Republic","Syrian Arab Republic","Middle East and North Africa","wdi_real_gdp_per_capita_growth","WDI real GDP per capita growth",2,"1962-1963","contraction",1962,1963,"1962-01-01","1963-01-01",1,-0.113540724715268,-0.113540724715268,130.056283352952,115.289598687284,88.6459275284732
"SYR","Syrian Arab Republic","Syrian Arab Republic","Middle East and North Africa","wdi_real_gdp_per_capita_growth","WDI real GDP per capita growth",3,"1963-1964","expansion",1963,1964,"1963-01-01","1964-01-01",1,0.0598187100656062,0.0598187100656062,115.289598687284,122.186073764738,105.981871006561
"SYR","Syrian Arab Republic","Syrian Arab Republic","Middle East and North Africa","wdi_real_gdp_per_capita_growth","WDI real GDP per capita growth",4,"1964-1966","contraction",1964,1966,"1964-01-01","1966-01-01",2,-0.0567417412821476,-0.112612041464834,122.186073764738,108.426450559519,88.7387958535166
"SYR","Syrian Arab Republic","Syrian Arab Republic","Middle East and North Africa","wdi_real_gdp_per_capita_growth","WDI real GDP per capita growth",5,"1966-1969","expansion",1966,1969,"1966-01-01","1969-01-01",3,0.0677290804067653,0.211431407335047,108.426450559519,131.351207593661,121.143140733505
"SYR","Syrian Arab Republic","Syrian Arab Republic","Middle East and North Africa","wdi_real_gdp_per_capita_growth","WDI real GDP per capita growth",6,"1969-1970","contraction",1969,1970,"1969-01-01","1970-01-01",1,-0.04958800136859,-0.0495880013685901,131.351207593661,124.837763731741,95.041199863141
"SYR","Syrian Arab Republic","Syrian Arab Republic","Middle East and North Africa","wdi_real_gdp_per_capita_growth","WDI real GDP per capita growth",7,"1970-1972","expansion",1970,1972,"1970-01-01","1972-01-01",2,0.134145864285199,0.279806348799012,124.837763731741,159.768162593753,127.980634879901
"SYR","Syrian Arab Republic","Syrian Arab Republic","Middle East and North Africa","wdi_real_gdp_per_capita_growth","WDI real GDP per capita growth",8,"1972-1973","contraction",1972,1973,"1972-01-01","1973-01-01",1,-0.1344091594747,-0.1344091594747,159.768162593753,138.29385814871,86.55908405253
"SYR","Syrian Arab Republic","Syrian Arab Republic","Middle East and North Africa","wdi_real_gdp_per_capita_growth","WDI real GDP per capita growth",9,"1973-1976","expansion",1973,1976,"1973-01-01","1976-01-01",3,0.141917311370776,0.483912960973019,138.29385814871,205.216048529834,148.391296097302
"SYR","Syrian Arab Republic","Syrian Arab Republic","Middle East and North Africa","wdi_real_gdp_per_capita_growth","WDI real GDP per capita growth",10,"1976-1977","contraction",1976,1977,"1976-01-01","1977-01-01",1,-0.0511532068218789,-0.051153206821879,205.216048529834,194.718589556219,94.8846793178121
"SYR","Syrian Arab Republic","Syrian Arab Republic","Middle East and North Africa","wdi_real_gdp_per_capita_growth","WDI real GDP per capita growth",11,"1977-1978","expansion",1977,1978,"1977-01-01","1978-01-01",1,0.0623626397704619,0.0623626397704622,194.718589556219,206.861754813326,106.236263977046
"SYR","Syrian Arab Republic","Syrian Arab Republic","Middle East and North Africa","wdi_real_gdp_per_capita_growth","WDI real GDP per capita growth",12,"1978-1979","contraction",1978,1979,"1978-01-01","1979-01-01",1,-0.0247983251594501,-0.0247983251594502,206.861754813326,201.73192975441,97.520167484055
"SYR","Syrian Arab Republic","Syrian Arab Republic","Middle East and North Africa","wdi_real_gdp_per_capita_growth","WDI real GDP per capita growth",13,"1979-1981","expansion",1979,1981,"1979-01-01","1981-01-01",2,0.0748122248030217,0.154167540521473,201.73192975441,232.832445209299,115.416754052147
"SYR","Syrian Arab Republic","Syrian Arab Republic","Middle East and North Africa","wdi_real_gdp_per_capita_growth","WDI real GDP per capita growth",14,"1981-1984","contraction",1981,1984,"1981-01-01","1984-01-01",3,-0.0415738688058248,-0.122855201798275,232.832445209299,204.227768167924,87.7144798201725
"SYR","Syrian Arab Republic","Syrian Arab Republic","Middle East and North Africa","wdi_real_gdp_per_capita_growth","WDI real GDP per capita growth",15,"1984-1985","expansion",1984,1985,"1984-01-01","1985-01-01",1,0.0557112088824223,0.0557112088824223,204.227768167924,215.605544019918,105.571120888242
"SYR","Syrian Arab Republic","Syrian Arab Republic","Middle East and North Africa","wdi_real_gdp_per_capita_growth","WDI real GDP per capita growth",16,"1985-1987","contraction",1985,1987,"1985-01-01","1987-01-01",2,-0.064364773082309,-0.126769274329008,215.605544019918,188.273385663202,87.3230725670992
"SYR","Syrian Arab Republic","Syrian Arab Republic","Middle East and North Africa","wdi_real_gdp_per_capita_growth","WDI real GDP per capita growth",17,"1987-1988","expansion",1987,1988,"1987-01-01","1988-01-01",1,0.140714371824984,0.140714371824984,188.273385663202,214.766156858163,114.071437182498
"SYR","Syrian Arab Republic","Syrian Arab Republic","Middle East and North Africa","wdi_real_gdp_per_capita_growth","WDI real GDP per capita growth",18,"1988-1989","contraction",1988,1989,"1988-01-01","1989-01-01",1,-0.164606695006472,-0.164606695006472,214.766156858163,179.414209578499,83.5393304993528
"SYR","Syrian Arab Republic","Syrian Arab Republic","Middle East and North Africa","wdi_real_gdp_per_capita_growth","WDI real GDP per capita growth",19,"1989-1998","expansion",1989,1998,"1989-01-01","1998-01-01",9,0.0430240987560158,0.457337955597535,179.414209578499,261.467137392277,145.733795559754
"SYR","Syrian Arab Republic","Syrian Arab Republic","Middle East and North Africa","wdi_real_gdp_per_capita_growth","WDI real GDP per capita growth",20,"1998-2001","contraction",1998,2001,"1998-01-01","2001-01-01",3,-0.0306108012895121,-0.0896778301691348,261.467137392277,238.019331850403,91.0322169830865
"SYR","Syrian Arab Republic","Syrian Arab Republic","Middle East and North Africa","wdi_real_gdp_per_capita_growth","WDI real GDP per capita growth",21,"2001-2006","expansion",2001,2006,"2001-01-01","2006-01-01",5,0.0292271725155115,0.154241002284922,238.019331850403,274.731672158197,115.424100228492
"SYR","Syrian Arab Republic","Syrian Arab Republic","Middle East and North Africa","wdi_real_gdp_per_capita_growth","WDI real GDP per capita growth",22,"2006-2007","contraction",2006,2007,"2006-01-01","2007-01-01",1,-0.00635804298088587,-0.00635804298088594,274.731672158197,272.984916378404,99.3641957019114
"SYR","Syrian Arab Republic","Syrian Arab Republic","Middle East and North Africa","wdi_real_gdp_per_capita_growth","WDI real GDP per capita growth",23,"2007-2011","expansion",2007,2011,"2007-01-01","2011-01-01",4,0.0225327467552442,0.0928175916823468,272.984916378404,298.322718882254,109.281759168235
"SYR","Syrian Arab Republic","Syrian Arab Republic","Middle East and North Africa","wdi_real_gdp_per_capita_growth","WDI real GDP per capita growth",24,"2011-2014","contraction",2011,2014,"2011-01-01","2014-01-01",3,-0.175618146903302,-0.450541827089686,298.322718882254,163.915856054681,54.9458172910314
"SYR","Syrian Arab Republic","Syrian Arab Republic","Middle East and North Africa","wdi_real_gdp_per_capita_growth","WDI real GDP per capita growth",25,"2014-2015","expansion",2014,2015,"2014-01-01","2015-01-01",1,8.46503865736281e-05,8.46503865734594e-05,163.915856054681,163.929731595261,100.008465038657
"SYR","Syrian Arab Republic","Syrian Arab Republic","Middle East and North Africa","wdi_real_gdp_per_capita_growth","WDI real GDP per capita growth",26,"2015-2022","contraction",2015,2022,"2015-01-01","2022-01-01",7,-0.0244204852313216,-0.159790373083194,163.929731595261,137.735338624227,84.0209626916806
"TCD","Chad","Chad","Sub Saharan Africa","wdi_real_gdp_per_capita_growth","WDI real GDP per capita growth",1,"1961-1962","expansion",1961,1962,"1961-01-01","1962-01-01",1,0.0324830071213836,0.0324830071213835,99.3740226814247,102.601989767866,103.248300712138
"TCD","Chad","Chad","Sub Saharan Africa","wdi_real_gdp_per_capita_growth","WDI real GDP per capita growth",2,"1962-1968","contraction",1962,1968,"1962-01-01","1968-01-01",6,-0.0278676776455961,-0.156384614222506,102.601989767866,86.5566171795568,84.3615385777494
"TCD","Chad","Chad","Sub Saharan Africa","wdi_real_gdp_per_capita_growth","WDI real GDP per capita growth",3,"1968-1969","expansion",1968,1969,"1968-01-01","1969-01-01",1,0.0474778993785957,0.0474778993785956,86.5566171795568,90.6661435405594,104.74778993786
"TCD","Chad","Chad","Sub Saharan Africa","wdi_real_gdp_per_capita_growth","WDI real GDP per capita growth",4,"1969-1973","contraction",1969,1973,"1969-01-01","1973-01-01",4,-0.0402968122918808,-0.154764450694266,90.6661435405594,76.6342476389373,84.5235549305734
"TCD","Chad","Chad","Sub Saharan Africa","wdi_real_gdp_per_capita_growth","WDI real GDP per capita growth",5,"1973-1977","expansion",1973,1977,"1973-01-01","1977-01-01",4,0.0263753930727587,0.108473541653134,76.6342476389373,84.9470358922561,110.847354165313
"TCD","Chad","Chad","Sub Saharan Africa","wdi_real_gdp_per_capita_growth","WDI real GDP per capita growth",6,"1977-1980","contraction",1977,1980,"1977-01-01","1980-01-01",3,-0.105351490494146,-0.295286891547152,84.9470358922561,59.8632897174875,70.4713108452848
"TCD","Chad","Chad","Sub Saharan Africa","wdi_real_gdp_per_capita_growth","WDI real GDP per capita growth",7,"1980-1985","expansion",1980,1985,"1980-01-01","1985-01-01",5,0.0656057471346942,0.355997013861749,59.8632897174875,81.1744420968537,135.599701386175
"TCD","Chad","Chad","Sub Saharan Africa","wdi_real_gdp_per_capita_growth","WDI real GDP per capita growth",8,"1985-1987","contraction",1985,1987,"1985-01-01","1987-01-01",2,-0.0632942827624512,-0.122616025842739,81.1744420968537,71.221154606936,87.7383974157261
"TCD","Chad","Chad","Sub Saharan Africa","wdi_real_gdp_per_capita_growth","WDI real GDP per capita growth",9,"1987-1989","expansion",1987,1989,"1987-01-01","1989-01-01",2,0.0651311262066314,0.13187827039122,71.221154606936,80.6136772917644,113.187827039122
"TCD","Chad","Chad","Sub Saharan Africa","wdi_real_gdp_per_capita_growth","WDI real GDP per capita growth",10,"1989-1990","contraction",1989,1990,"1989-01-01","1990-01-01",1,-0.0679304926645887,-0.0679304926645886,80.6136772917644,75.1375504778307,93.2069507335411
"TCD","Chad","Chad","Sub Saharan Africa","wdi_real_gdp_per_capita_growth","WDI real GDP per capita growth",11,"1990-1992","expansion",1990,1992,"1990-01-01","1992-01-01",2,0.0407618652263629,0.0831537315164541,75.1375504778307,81.3855181770682,108.315373151645
"TCD","Chad","Chad","Sub Saharan Africa","wdi_real_gdp_per_capita_growth","WDI real GDP per capita growth",12,"1992-1993","contraction",1992,1993,"1992-01-01","1993-01-01",1,-0.176741907151847,-0.176741907151847,81.3855181770682,67.0012864799119,82.3258092848153
"TCD","Chad","Chad","Sub Saharan Africa","wdi_real_gdp_per_capita_growth","WDI real GDP per capita growth",13,"1993-1994","expansion",1993,1994,"1993-01-01","1994-01-01",1,0.0763158983937645,0.0763158983937644,67.0012864799119,72.1145498511643,107.631589839376
"TCD","Chad","Chad","Sub Saharan Africa","wdi_real_gdp_per_capita_growth","WDI real GDP per capita growth",14,"1994-1996","contraction",1994,1996,"1994-01-01","1996-01-01",2,-0.0267090283463439,-0.0527255619993903,72.1145498511643,68.3122696819286,94.727443800061
"TCD","Chad","Chad","Sub Saharan Africa","wdi_real_gdp_per_capita_growth","WDI real GDP per capita growth",15,"1996-1998","expansion",1996,1998,"1996-01-01","1998-01-01",2,0.0270162635600521,0.0547223255994354,68.3122696819286,72.0504759458996,105.472232559944
"TCD","Chad","Chad","Sub Saharan Africa","wdi_real_gdp_per_capita_growth","WDI real GDP per capita growth",16,"1998-2000","contraction",1998,2000,"1998-01-01","2000-01-01",2,-0.0418049420840823,-0.0818627071951979,72.0504759458996,66.1522289302657,91.8137292804802
"TCD","Chad","Chad","Sub Saharan Africa","wdi_real_gdp_per_capita_growth","WDI real GDP per capita growth",17,"2000-2005","expansion",2000,2005,"2000-01-01","2005-01-01",5,0.126927745317065,0.795837382565048,66.1522289302657,118.798645652972,179.583738256505
"TCD","Chad","Chad","Sub Saharan Africa","wdi_real_gdp_per_capita_growth","WDI real GDP per capita growth",18,"2005-2006","contraction",2005,2006,"2005-01-01","2006-01-01",1,-0.0405733919622048,-0.0405733919622047,118.798645652972,113.978581638315,95.9426608037795
"TCD","Chad","Chad","Sub Saharan Africa","wdi_real_gdp_per_capita_growth","WDI real GDP per capita growth",19,"2006-2007","expansion",2006,2007,"2006-01-01","2007-01-01",1,0.00671852923392407,0.00671852923392402,113.978581638315,114.744350071093,100.671852923392
"TCD","Chad","Chad","Sub Saharan Africa","wdi_real_gdp_per_capita_growth","WDI real GDP per capita growth",20,"2007-2009","contraction",2007,2009,"2007-01-01","2009-01-01",2,-0.0266610705855212,-0.0530964903563107,114.744350071093,108.651827794102,94.6903509643689
"TCD","Chad","Chad","Sub Saharan Africa","wdi_real_gdp_per_capita_growth","WDI real GDP per capita growth",21,"2009-2012","expansion",2009,2012,"2009-01-01","2012-01-01",3,0.0532511902920924,0.166309411611473,108.651827794102,126.721649345051,116.630941161147
"TCD","Chad","Chad","Sub Saharan Africa","wdi_real_gdp_per_capita_growth","WDI real GDP per capita growth",22,"2012-2014","contraction",2012,2014,"2012-01-01","2014-01-01",2,-0.0114217961804817,-0.0227271485716695,126.721649345051,123.841627593139,97.7272851428331
"TCD","Chad","Chad","Sub Saharan Africa","wdi_real_gdp_per_capita_growth","WDI real GDP per capita growth",23,"2014-2015","expansion",2014,2015,"2014-01-01","2015-01-01",1,0.000674074942708955,0.000674074942708991,123.841627593139,123.925106131164,100.067407494271
"TCD","Chad","Chad","Sub Saharan Africa","wdi_real_gdp_per_capita_growth","WDI real GDP per capita growth",24,"2015-2017","contraction",2015,2017,"2015-01-01","2017-01-01",2,-0.0595112886084088,-0.115609564159144,123.925106131164,109.598178622964,88.4390435840856
"TCD","Chad","Chad","Sub Saharan Africa","wdi_real_gdp_per_capita_growth","WDI real GDP per capita growth",25,"2017-2019","expansion",2017,2019,"2017-01-01","2019-01-01",2,0.0214566311779156,0.0433726084345636,109.598178622964,114.351737509519,104.337260843456
"TCD","Chad","Chad","Sub Saharan Africa","wdi_real_gdp_per_capita_growth","WDI real GDP per capita growth",26,"2019-2021","contraction",2019,2021,"2019-01-01","2021-01-01",2,-0.0330764426531543,-0.0650630594175625,114.351737509519,106.911663617436,93.4936940582437
"TCD","Chad","Chad","Sub Saharan Africa","wdi_real_gdp_per_capita_growth","WDI real GDP per capita growth",27,"2021-2022","expansion",2021,2022,"2021-01-01","2022-01-01",1,0.00591759077197977,0.00591759077197973,106.911663617436,107.544323091476,100.591759077198
"TCD","Chad","Chad","Sub Saharan Africa","wdi_real_gdp_per_capita_growth","WDI real GDP per capita growth",28,"2022-2024","contraction",2022,2024,"2022-01-01","2024-01-01",2,-0.00750217590413108,-0.0149487309974681,107.544323091476,105.936671935276,98.5051269002532
"TGO","Togo","Togo","Sub Saharan Africa","wdi_real_gdp_per_capita_growth","WDI real GDP per capita growth",1,"1961-1969","expansion",1961,1969,"1961-01-01","1969-01-01",8,0.0545307589651575,0.519408355476445,110.218906951513,167.467528153609,151.940835547644
"TGO","Togo","Togo","Sub Saharan Africa","wdi_real_gdp_per_capita_growth","WDI real GDP per capita growth",2,"1969-1971","contraction",1969,1971,"1969-01-01","1971-01-01",2,-0.021428391773295,-0.0425006742662098,167.467528153609,160.350045289386,95.749932573379
"TGO","Togo","Togo","Sub Saharan Africa","wdi_real_gdp_per_capita_growth","WDI real GDP per capita growth",3,"1971-1974","expansion",1971,1974,"1971-01-01","1974-01-01",3,0.0264595817237739,0.0811753633495123,160.350045289386,173.366518478862,108.117536334951
"TGO","Togo","Togo","Sub Saharan Africa","wdi_real_gdp_per_capita_growth","WDI real GDP per capita growth",4,"1974-1976","contraction",1974,1976,"1974-01-01","1976-01-01",2,-0.0222899588417592,-0.0445532485716603,173.366518478862,165.64247688707,95.544675142834
"TGO","Togo","Togo","Sub Saharan Africa","wdi_real_gdp_per_capita_growth","WDI real GDP per capita growth",5,"1976-1978","expansion",1976,1978,"1976-01-01","1978-01-01",2,0.0640464188014265,0.131801558320048,165.64247688707,187.474413464778,113.180155832005
"TGO","Togo","Togo","Sub Saharan Africa","wdi_real_gdp_per_capita_growth","WDI real GDP per capita growth",6,"1978-1979","contraction",1978,1979,"1978-01-01","1979-01-01",1,-0.0756224667485871,-0.0756224667485872,187.474413464778,173.297135866327,92.4377533251413
"TGO","Togo","Togo","Sub Saharan Africa","wdi_real_gdp_per_capita_growth","WDI real GDP per capita growth",7,"1979-1980","expansion",1979,1980,"1979-01-01","1980-01-01",1,0.113980264657862,0.113980264657862,173.297135866327,193.049589276821,111.398026465786
"TGO","Togo","Togo","Sub Saharan Africa","wdi_real_gdp_per_capita_growth","WDI real GDP per capita growth",8,"1980-1983","contraction",1980,1983,"1980-01-01","1983-01-01",3,-0.071970141346895,-0.200882767457536,193.049589276821,154.269253526352,79.9117232542464
"TGO","Togo","Togo","Sub Saharan Africa","wdi_real_gdp_per_capita_growth","WDI real GDP per capita growth",9,"1983-1985","expansion",1983,1985,"1983-01-01","1985-01-01",2,0.0215426231063722,0.0435486812562706,154.269253526352,160.987476075814,104.354868125627
"TGO","Togo","Togo","Sub Saharan Africa","wdi_real_gdp_per_capita_growth","WDI real GDP per capita growth",10,"1985-1987","contraction",1985,1987,"1985-01-01","1987-01-01",2,-0.019868390924713,-0.0393684128105416,160.987476075814,154.649654660334,96.0631587189458
"TGO","Togo","Togo","Sub Saharan Africa","wdi_real_gdp_per_capita_growth","WDI real GDP per capita growth",11,"1987-1989","expansion",1987,1989,"1987-01-01","1989-01-01",2,0.0224076053602983,0.0451668524519537,154.649654660334,161.634692794123,104.516685245195
"TGO","Togo","Togo","Sub Saharan Africa","wdi_real_gdp_per_capita_growth","WDI real GDP per capita growth",12,"1989-1993","contraction",1989,1993,"1989-01-01","1993-01-01",4,-0.0696636377055104,-0.254630485447047,161.634692794123,120.477572502871,74.5369514552953
"TGO","Togo","Togo","Sub Saharan Africa","wdi_real_gdp_per_capita_growth","WDI real GDP per capita growth",13,"1993-1997","expansion",1993,1997,"1993-01-01","1997-01-01",4,0.0837316272386782,0.374557919835148,120.477572502871,165.603401446335,137.455791983515
"TGO","Togo","Togo","Sub Saharan Africa","wdi_real_gdp_per_capita_growth","WDI real GDP per capita growth",14,"1997-2001","contraction",1997,2001,"1997-01-01","2001-01-01",4,-0.0267182032558764,-0.103246278265716,165.603401446335,148.505466578858,89.6753721734284
"TGO","Togo","Togo","Sub Saharan Africa","wdi_real_gdp_per_capita_growth","WDI real GDP per capita growth",15,"2001-2003","expansion",2001,2003,"2001-01-01","2003-01-01",2,0.0263533656672734,0.0532009738397381,148.505466578858,156.406102021378,105.320097383974
"TGO","Togo","Togo","Sub Saharan Africa","wdi_real_gdp_per_capita_growth","WDI real GDP per capita growth",16,"2003-2007","contraction",2003,2007,"2003-01-01","2007-01-01",4,-0.0369202084525792,-0.140810354780326,156.406102021378,134.38250330594,85.9189645219674
"TGO","Togo","Togo","Sub Saharan Africa","wdi_real_gdp_per_capita_growth","WDI real GDP per capita growth",17,"2007-2019","expansion",2007,2019,"2007-01-01","2019-01-01",12,0.0248592407899769,0.342268079876664,134.38250330594,180.377344681483,134.226807987666
"TGO","Togo","Togo","Sub Saharan Africa","wdi_real_gdp_per_capita_growth","WDI real GDP per capita growth",18,"2019-2020","contraction",2019,2020,"2019-01-01","2020-01-01",1,-0.00272860217710488,-0.0027286021771048,180.377344681483,179.885166666085,99.7271397822895
"TGO","Togo","Togo","Sub Saharan Africa","wdi_real_gdp_per_capita_growth","WDI real GDP per capita growth",19,"2020-2024","expansion",2020,2024,"2020-01-01","2024-01-01",4,0.035986715402286,0.151836153171872,179.885166666085,207.198238385344,115.183615317187
"THA","Thailand","Thailand","South and South East Asia","wdi_real_gdp_per_capita_growth","WDI real GDP per capita growth",1,"1961-1996","expansion",1961,1996,"1961-01-01","1996-01-01",35,0.0538612066684187,5.21383848914282,102.319114693873,635.794453059809,621.383848914282
"THA","Thailand","Thailand","South and South East Asia","wdi_real_gdp_per_capita_growth","WDI real GDP per capita growth",2,"1996-1998","contraction",1996,1998,"1996-01-01","1998-01-01",2,-0.0643706459871423,-0.125171364041157,635.794453059809,556.211194120512,87.4828635958843
"THA","Thailand","Thailand","South and South East Asia","wdi_real_gdp_per_capita_growth","WDI real GDP per capita growth",3,"1998-2008","expansion",1998,2008,"1998-01-01","2008-01-01",10,0.0385546343707858,0.458342539766862,556.211194120512,811.146445480466,145.834253976686
"THA","Thailand","Thailand","South and South East Asia","wdi_real_gdp_per_capita_growth","WDI real GDP per capita growth",4,"2008-2009","contraction",2008,2009,"2008-01-01","2009-01-01",1,-0.0142135866699509,-0.014213586669951,811.146445480466,799.617145175607,98.5786413330049
"THA","Thailand","Thailand","South and South East Asia","wdi_real_gdp_per_capita_growth","WDI real GDP per capita growth",5,"2009-2019","expansion",2009,2019,"2009-01-01","2019-01-01",10,0.031307516531167,0.35822614960733,799.617145175607,1086.06091625187,135.822614960733
"THA","Thailand","Thailand","South and South East Asia","wdi_real_gdp_per_capita_growth","WDI real GDP per capita growth",6,"2019-2020","contraction",2019,2020,"2019-01-01","2020-01-01",1,-0.0620637326420599,-0.0620637326420599,1086.06091625187,1018.65592191262,93.793626735794
"THA","Thailand","Thailand","South and South East Asia","wdi_real_gdp_per_capita_growth","WDI real GDP per capita growth",7,"2020-2024","expansion",2020,2024,"2020-01-01","2024-01-01",4,0.0216379785175488,0.0893551237235402,1018.65592191262,1109.67804784684,108.935512372354
"TJK","Tajikistan","Tajikistan","Eastern Europe","wdi_real_gdp_per_capita_growth","WDI real GDP per capita growth",1,"1986-1987","contraction",1986,1987,"1986-01-01","1987-01-01",1,-0.0453903608213079,-0.0453903608213078,100.178726963701,95.6315784001993,95.4609639178692
"TJK","Tajikistan","Tajikistan","Eastern Europe","wdi_real_gdp_per_capita_growth","WDI real GDP per capita growth",2,"1987-1988","expansion",1987,1988,"1987-01-01","1988-01-01",1,0.0998241159562197,0.0998241159562197,95.6315784001993,105.177916171497,109.982411595622
"TJK","Tajikistan","Tajikistan","Eastern Europe","wdi_real_gdp_per_capita_growth","WDI real GDP per capita growth",3,"1988-1996","contraction",1988,1996,"1988-01-01","1996-01-01",8,-0.155977329231526,-0.75190036866998,105.177916171497,26.0946022262082,24.809963133002
"TJK","Tajikistan","Tajikistan","Eastern Europe","wdi_real_gdp_per_capita_growth","WDI real GDP per capita growth",4,"1996-2024","expansion",1996,2024,"1996-01-01","2024-01-01",28,0.0513548318318915,3.04486897738136,26.0946022262082,105.549247021896,404.486897738136
"TKM","Turkmenistan","Turkmenistan","Eastern Europe","wdi_real_gdp_per_capita_growth","WDI real GDP per capita growth",1,"1988-1989","contraction",1988,1989,"1988-01-01","1989-01-01",1,-0.0695047420490647,-0.0695047420490646,107.69755768557,100.21206671932,93.0495257950935
"TKM","Turkmenistan","Turkmenistan","Eastern Europe","wdi_real_gdp_per_capita_growth","WDI real GDP per capita growth",2,"1989-1990","expansion",1989,1990,"1989-01-01","1990-01-01",1,0.318527372518528,0.318527372518528,100.21206671932,132.132353026077,131.852737251853
"TKM","Turkmenistan","Turkmenistan","Eastern Europe","wdi_real_gdp_per_capita_growth","WDI real GDP per capita growth",3,"1990-1995","contraction",1990,1995,"1990-01-01","1995-01-01",5,-0.104789604022689,-0.433041568689599,132.132353026077,74.9135515970167,56.6958431310401
"TKM","Turkmenistan","Turkmenistan","Eastern Europe","wdi_real_gdp_per_capita_growth","WDI real GDP per capita growth",4,"1995-1996","expansion",1995,1996,"1995-01-01","1996-01-01",1,0.0488281215588242,0.048828121558824,74.9135515970167,78.571439600799,104.882812155882
"TKM","Turkmenistan","Turkmenistan","Eastern Europe","wdi_real_gdp_per_capita_growth","WDI real GDP per capita growth",5,"1996-1997","contraction",1996,1997,"1996-01-01","1997-01-01",1,-0.128895821438518,-0.128895821438518,78.571439600799,68.4439093518471,87.1104178561482
"TKM","Turkmenistan","Turkmenistan","Eastern Europe","wdi_real_gdp_per_capita_growth","WDI real GDP per capita growth",6,"1997-2001","expansion",1997,2001,"1997-01-01","2001-01-01",4,0.063377476737047,0.273650008930881,68.4439093518471,87.1735857572445,127.365000893088
"TKM","Turkmenistan","Turkmenistan","Eastern Europe","wdi_real_gdp_per_capita_growth","WDI real GDP per capita growth",7,"2001-2002","contraction",2001,2002,"2001-01-01","2002-01-01",1,-0.0171993686168285,-0.0171993686168284,87.1735857572445,85.6742551221549,98.2800631383172
"TKM","Turkmenistan","Turkmenistan","Eastern Europe","wdi_real_gdp_per_capita_growth","WDI real GDP per capita growth",8,"2002-2024","expansion",2002,2024,"2002-01-01","2024-01-01",22,0.0608234346041311,2.6315949853699,85.6742551221549,311.134195276919,363.15949853699
"TTO","Trinidad and Tobago","Trinidad and Tobago","Latin America","wdi_real_gdp_per_capita_growth","WDI real GDP per capita growth",1,"1961-1964","expansion",1961,1964,"1961-01-01","1964-01-01",3,0.0337547301830779,0.104074129423672,111.632386678776,123.250430137857,110.407412942367
"TTO","Trinidad and Tobago","Trinidad and Tobago","Latin America","wdi_real_gdp_per_capita_growth","WDI real GDP per capita growth",2,"1964-1965","contraction",1964,1965,"1964-01-01","1965-01-01",1,-0.0098310619137763,-0.00983106191377636,123.250430137857,122.038747528272,99.0168938086224
"TTO","Trinidad and Tobago","Trinidad and Tobago","Latin America","wdi_real_gdp_per_capita_growth","WDI real GDP per capita growth",3,"1965-1970","expansion",1965,1970,"1965-01-01","1970-01-01",5,0.0216449811126693,0.112700859277459,122.038747528272,135.792619239853,111.270085927746
"TTO","Trinidad and Tobago","Trinidad and Tobago","Latin America","wdi_real_gdp_per_capita_growth","WDI real GDP per capita growth",4,"1970-1971","contraction",1970,1971,"1970-01-01","1971-01-01",1,-0.000797310915841081,-0.000797310915841232,135.792619239853,135.684350302242,99.9202689084159
"TTO","Trinidad and Tobago","Trinidad and Tobago","Latin America","wdi_real_gdp_per_capita_growth","WDI real GDP per capita growth",5,"1971-1982","expansion",1971,1982,"1971-01-01","1982-01-01",11,0.0422115951103361,0.568921017907702,135.684350302242,212.878028990339,156.89210179077
"TTO","Trinidad and Tobago","Trinidad and Tobago","Latin America","wdi_real_gdp_per_capita_growth","WDI real GDP per capita growth",6,"1982-1989","contraction",1982,1989,"1982-01-01","1989-01-01",7,-0.0574199235704002,-0.340843450765157,212.878028990339,140.319946997187,65.9156549234843
"TTO","Trinidad and Tobago","Trinidad and Tobago","Latin America","wdi_real_gdp_per_capita_growth","WDI real GDP per capita growth",7,"1989-1992","expansion",1989,1992,"1989-01-01","1992-01-01",3,0.0407266628392225,0.125075670890984,140.319946997187,157.870558507248,112.507567089098
"TTO","Trinidad and Tobago","Trinidad and Tobago","Latin America","wdi_real_gdp_per_capita_growth","WDI real GDP per capita growth",8,"1992-1993","contraction",1992,1993,"1992-01-01","1993-01-01",1,-0.0135114548259963,-0.0135114548259961,157.870558507248,155.737497587622,98.6488545174004
"TTO","Trinidad and Tobago","Trinidad and Tobago","Latin America","wdi_real_gdp_per_capita_growth","WDI real GDP per capita growth",9,"1993-2008","expansion",1993,2008,"1993-01-01","2008-01-01",15,0.0699236755631817,1.73711775276437,155.737497587622,426.271869418178,273.711775276437
"TTO","Trinidad and Tobago","Trinidad and Tobago","Latin America","wdi_real_gdp_per_capita_growth","WDI real GDP per capita growth",10,"2008-2009","contraction",2008,2009,"2008-01-01","2009-01-01",1,-0.0450258208171535,-0.0450258208171535,426.271869418178,407.078628606362,95.4974179182847
"TTO","Trinidad and Tobago","Trinidad and Tobago","Latin America","wdi_real_gdp_per_capita_growth","WDI real GDP per capita growth",11,"2009-2010","expansion",2009,2010,"2009-01-01","2010-01-01",1,0.0272667409792857,0.0272667409792857,407.078628606362,418.178336130775,102.726674097929
"TTO","Trinidad and Tobago","Trinidad and Tobago","Latin America","wdi_real_gdp_per_capita_growth","WDI real GDP per capita growth",12,"2010-2011","contraction",2010,2011,"2010-01-01","2011-01-01",1,-0.0106803812728484,-0.0106803812728483,418.178336130775,413.712032060853,98.9319618727152
"TTO","Trinidad and Tobago","Trinidad and Tobago","Latin America","wdi_real_gdp_per_capita_growth","WDI real GDP per capita growth",13,"2011-2014","expansion",2011,2014,"2011-01-01","2014-01-01",3,0.0413134458122834,0.128815809070725,413.712032060853,467.004682193065,112.881580907073
"TTO","Trinidad and Tobago","Trinidad and Tobago","Latin America","wdi_real_gdp_per_capita_growth","WDI real GDP per capita growth",14,"2014-2018","contraction",2014,2018,"2014-01-01","2018-01-01",4,-0.03686805925463,-0.141116655031523,467.004682193065,401.10254355792,85.8883344968477
"TTO","Trinidad and Tobago","Trinidad and Tobago","Latin America","wdi_real_gdp_per_capita_growth","WDI real GDP per capita growth",15,"2018-2019","expansion",2018,2019,"2018-01-01","2019-01-01",1,0.00114767755861862,0.00114767755861833,401.10254355792,401.562879945867,100.114767755862
"TTO","Trinidad and Tobago","Trinidad and Tobago","Latin America","wdi_real_gdp_per_capita_growth","WDI real GDP per capita growth",16,"2019-2021","contraction",2019,2021,"2019-01-01","2021-01-01",2,-0.0487443662574749,-0.0967914413341611,401.562879945867,362.695030009609,90.3208558665839
"TTO","Trinidad and Tobago","Trinidad and Tobago","Latin America","wdi_real_gdp_per_capita_growth","WDI real GDP per capita growth",17,"2021-2024","expansion",2021,2024,"2021-01-01","2024-01-01",3,0.0159274005821285,0.0484886451570268,362.695030009609,380.281620619963,104.848864515703
"TUN","Tunisia","Tunisia","Middle East and North Africa","wdi_real_gdp_per_capita_growth","WDI real GDP per capita growth",1,"1962-1965","contraction",1962,1965,"1962-01-01","1965-01-01",3,-0.0732536132268925,-0.205619514898368,94.2556421294029,74.8748427183208,79.4380485101632
"TUN","Tunisia","Tunisia","Middle East and North Africa","wdi_real_gdp_per_capita_growth","WDI real GDP per capita growth",2,"1965-1966","expansion",1965,1966,"1965-01-01","1966-01-01",1,0.0143344178523851,0.0143344178523854,74.8748427183208,75.9481300004769,101.433441785239
"TUN","Tunisia","Tunisia","Middle East and North Africa","wdi_real_gdp_per_capita_growth","WDI real GDP per capita growth",3,"1966-1967","contraction",1966,1967,"1966-01-01","1967-01-01",1,-0.0212453567816645,-0.0212453567816647,75.9481300004769,74.3345848817165,97.8754643218335
"TUN","Tunisia","Tunisia","Middle East and North Africa","wdi_real_gdp_per_capita_growth","WDI real GDP per capita growth",4,"1967-1972","expansion",1967,1972,"1967-01-01","1972-01-01",5,0.0691250185136525,0.390223267440623,74.3345848817165,103.341669478102,139.022326744062
"TUN","Tunisia","Tunisia","Middle East and North Africa","wdi_real_gdp_per_capita_growth","WDI real GDP per capita growth",5,"1972-1973","contraction",1972,1973,"1972-01-01","1973-01-01",1,-0.0317871622274407,-0.0317871622274407,103.341669478102,100.056731065547,96.8212837772559
"TUN","Tunisia","Tunisia","Middle East and North Africa","wdi_real_gdp_per_capita_growth","WDI real GDP per capita growth",6,"1973-1981","expansion",1973,1981,"1973-01-01","1981-01-01",8,0.0393587576510555,0.360867502632287,100.056731065547,136.163953726722,136.086750263229
"TUN","Tunisia","Tunisia","Middle East and North Africa","wdi_real_gdp_per_capita_growth","WDI real GDP per capita growth",7,"1981-1982","contraction",1981,1982,"1981-01-01","1982-01-01",1,-0.0265936763686149,-0.0265936763686149,136.163953726722,132.542853608242,97.3406323631385
"TUN","Tunisia","Tunisia","Middle East and North Africa","wdi_real_gdp_per_capita_growth","WDI real GDP per capita growth",8,"1982-1985","expansion",1982,1985,"1982-01-01","1985-01-01",3,0.0292775006077217,0.0904131900507208,132.542853608242,144.526475821389,109.041319005072
"TUN","Tunisia","Tunisia","Middle East and North Africa","wdi_real_gdp_per_capita_growth","WDI real GDP per capita growth",9,"1985-1986","contraction",1985,1986,"1985-01-01","1986-01-01",1,-0.0391587698845028,-0.0391587698845028,144.526475821389,138.866996812481,96.0841230115497
"TUN","Tunisia","Tunisia","Middle East and North Africa","wdi_real_gdp_per_capita_growth","WDI real GDP per capita growth",10,"1986-1987","expansion",1986,1987,"1986-01-01","1987-01-01",1,0.0410319522235456,0.0410319522235454,138.866996812481,144.564980791118,104.103195222355
"TUN","Tunisia","Tunisia","Middle East and North Africa","wdi_real_gdp_per_capita_growth","WDI real GDP per capita growth",11,"1987-1989","contraction",1987,1989,"1987-01-01","1989-01-01",2,-0.0135393657802403,-0.0269743827738336,144.564980791118,140.665429663566,97.3025617226166
"TUN","Tunisia","Tunisia","Middle East and North Africa","wdi_real_gdp_per_capita_growth","WDI real GDP per capita growth",12,"1989-2010","expansion",1989,2010,"1989-01-01","2010-01-01",21,0.0325454147165727,0.953173137155179,140.665429663566,274.743938545269,195.317313715518
"TUN","Tunisia","Tunisia","Middle East and North Africa","wdi_real_gdp_per_capita_growth","WDI real GDP per capita growth",13,"2010-2011","contraction",2010,2011,"2010-01-01","2011-01-01",1,-0.031268978636142,-0.031268978636142,274.743938545269,266.152976200488,96.8731021363858
"TUN","Tunisia","Tunisia","Middle East and North Africa","wdi_real_gdp_per_capita_growth","WDI real GDP per capita growth",14,"2011-2014","expansion",2011,2014,"2011-01-01","2014-01-01",3,0.0204681137422505,0.0625824167428175,266.152976200488,282.809472674408,106.258241674282
"TUN","Tunisia","Tunisia","Middle East and North Africa","wdi_real_gdp_per_capita_growth","WDI real GDP per capita growth",15,"2014-2015","contraction",2014,2015,"2014-01-01","2015-01-01",1,-0.00165402101671091,-0.00165402101671086,282.809472674408,282.341699862879,99.8345978983289
"TUN","Tunisia","Tunisia","Middle East and North Africa","wdi_real_gdp_per_capita_growth","WDI real GDP per capita growth",16,"2015-2019","expansion",2015,2019,"2015-01-01","2019-01-01",4,0.00852236703637289,0.0344542590232726,282.341699862879,292.069573923026,103.445425902327
"TUN","Tunisia","Tunisia","Middle East and North Africa","wdi_real_gdp_per_capita_growth","WDI real GDP per capita growth",17,"2019-2020","contraction",2019,2020,"2019-01-01","2020-01-01",1,-0.0972752601384167,-0.0972752601384166,292.069573923026,263.658430141147,90.2724739861583
"TUN","Tunisia","Tunisia","Middle East and North Africa","wdi_real_gdp_per_capita_growth","WDI real GDP per capita growth",18,"2020-2022","expansion",2020,2022,"2020-01-01","2022-01-01",2,0.0312031191407324,0.0632862581424907,263.658430141147,280.344385612504,106.328625814249
"TUN","Tunisia","Tunisia","Middle East and North Africa","wdi_real_gdp_per_capita_growth","WDI real GDP per capita growth",19,"2022-2023","contraction",2022,2023,"2022-01-01","2023-01-01",1,-0.00481913639518325,-0.00481913639518339,280.344385612504,278.993367780613,99.5180863604817
"TUN","Tunisia","Tunisia","Middle East and North Africa","wdi_real_gdp_per_capita_growth","WDI real GDP per capita growth",20,"2023-2024","expansion",2023,2024,"2023-01-01","2024-01-01",1,0.00979801739421518,0.00979801739421515,278.993367780613,281.726949650998,100.979801739422
"TUR","Turkiye","Turkey","Middle East and North Africa","wdi_real_gdp_per_capita_growth","WDI real GDP per capita growth",1,"1961-1977","expansion",1961,1977,"1961-01-01","1977-01-01",16,0.034739481261291,0.719484460006562,98.4140150840905,169.221369583945,171.948446000656
"TUR","Turkiye","Turkey","Middle East and North Africa","wdi_real_gdp_per_capita_growth","WDI real GDP per capita growth",2,"1977-1980","contraction",1977,1980,"1977-01-01","1980-01-01",3,-0.0248601061204632,-0.0731034926164527,169.221369583945,156.850696442019,92.6896507383547
"TUR","Turkiye","Turkey","Middle East and North Africa","wdi_real_gdp_per_capita_growth","WDI real GDP per capita growth",3,"1980-1988","expansion",1980,1988,"1980-01-01","1988-01-01",8,0.0315857685628044,0.280416868227807,156.850696442019,200.83427751764,128.041686822781
"TUR","Turkiye","Turkey","Middle East and North Africa","wdi_real_gdp_per_capita_growth","WDI real GDP per capita growth",4,"1988-1989","contraction",1988,1989,"1988-01-01","1989-01-01",1,-0.0165638739150337,-0.0165638739150334,200.83427751764,197.507683867021,98.3436126084967
"TUR","Turkiye","Turkey","Middle East and North Africa","wdi_real_gdp_per_capita_growth","WDI real GDP per capita growth",5,"1989-1990","expansion",1989,1990,"1989-01-01","1990-01-01",1,0.0723962032231525,0.0723962032231524,197.507683867021,211.806490286392,107.239620322315
"TUR","Turkiye","Turkey","Middle East and North Africa","wdi_real_gdp_per_capita_growth","WDI real GDP per capita growth",6,"1990-1991","contraction",1990,1991,"1990-01-01","1991-01-01",1,-0.0103629423936702,-0.0103629423936701,211.806490286392,209.611551828949,98.963705760633
"TUR","Turkiye","Turkey","Middle East and North Africa","wdi_real_gdp_per_capita_growth","WDI real GDP per capita growth",7,"1991-1993","expansion",1991,1993,"1991-01-01","1993-01-01",2,0.04535152387813,0.0925972515024651,209.611551828949,229.021005411476,109.259725150247
"TUR","Turkiye","Turkey","Middle East and North Africa","wdi_real_gdp_per_capita_growth","WDI real GDP per capita growth",8,"1993-1994","contraction",1993,1994,"1993-01-01","1994-01-01",1,-0.0631116935299956,-0.0631116935299956,229.021005411476,214.567101906016,93.6888306470004
"TUR","Turkiye","Turkey","Middle East and North Africa","wdi_real_gdp_per_capita_growth","WDI real GDP per capita growth",9,"1994-1998","expansion",1994,1998,"1994-01-01","1998-01-01",4,0.0449966363216605,0.191309534848446,214.567101906016,255.615834365435,119.130953484845
"TUR","Turkiye","Turkey","Middle East and North Africa","wdi_real_gdp_per_capita_growth","WDI real GDP per capita growth",10,"1998-1999","contraction",1998,1999,"1998-01-01","1999-01-01",1,-0.0433986843724782,-0.0433986843724784,255.615834365435,244.522443449201,95.6601315627522
"TUR","Turkiye","Turkey","Middle East and North Africa","wdi_real_gdp_per_capita_growth","WDI real GDP per capita growth",11,"1999-2000","expansion",1999,2000,"1999-01-01","2000-01-01",1,0.0562145840894716,0.0562145840894717,244.522443449201,258.26817090824,105.621458408947
"TUR","Turkiye","Turkey","Middle East and North Africa","wdi_real_gdp_per_capita_growth","WDI real GDP per capita growth",12,"2000-2001","contraction",2000,2001,"2000-01-01","2001-01-01",1,-0.0662846843803128,-0.0662846843803127,258.26817090824,241.148946714106,93.3715315619687
"TUR","Turkiye","Turkey","Middle East and North Africa","wdi_real_gdp_per_capita_growth","WDI real GDP per capita growth",13,"2001-2007","expansion",2001,2007,"2001-01-01","2007-01-01",6,0.0621803568748096,0.435185897520868,241.148946714106,346.093567526097,143.518589752087
"TUR","Turkiye","Turkey","Middle East and North Africa","wdi_real_gdp_per_capita_growth","WDI real GDP per capita growth",14,"2007-2009","contraction",2007,2009,"2007-01-01","2009-01-01",2,-0.0326783150434293,-0.0651406678365104,346.093567526097,323.548801403526,93.485933216349
"TUR","Turkiye","Turkey","Middle East and North Africa","wdi_real_gdp_per_capita_growth","WDI real GDP per capita growth",15,"2009-2018","expansion",2009,2018,"2009-01-01","2018-01-01",9,0.0499013427283268,0.546314525274513,323.548801403526,500.308211245431,154.631452527451
"TUR","Turkiye","Turkey","Middle East and North Africa","wdi_real_gdp_per_capita_growth","WDI real GDP per capita growth",16,"2018-2019","contraction",2018,2019,"2018-01-01","2019-01-01",1,-0.00136378469205951,-0.00136378469205956,500.308211245431,499.625898565623,99.863621530794
"TUR","Turkiye","Turkey","Middle East and North Africa","wdi_real_gdp_per_capita_growth","WDI real GDP per capita growth",17,"2019-2024","expansion",2019,2024,"2019-01-01","2024-01-01",5,0.0474794989259556,0.257938941805096,499.625898565623,628.498874140061,125.79389418051
"TZA","Tanzania","U.R. of Tanzania: Mainland","Sub Saharan Africa","wdi_real_gdp_per_capita_growth","WDI real GDP per capita growth",1,"1961-1968","expansion",1961,1968,"1961-01-01","1968-01-01",7,0.037549723285627,0.292207669378505,98.2944562016702,127.016850161188,129.220766937851
"TZA","Tanzania","U.R. of Tanzania: Mainland","Sub Saharan Africa","wdi_real_gdp_per_capita_growth","WDI real GDP per capita growth",2,"1968-1970","contraction",1968,1970,"1968-01-01","1970-01-01",2,-0.242121269757108,-0.483369539888332,127.016850161188,65.6207737407093,51.6630460111668
"TZA","Tanzania","U.R. of Tanzania: Mainland","Sub Saharan Africa","wdi_real_gdp_per_capita_growth","WDI real GDP per capita growth",3,"1970-1973","expansion",1970,1973,"1970-01-01","1973-01-01",3,0.0204533428962868,0.0623787409836862,65.6207737407093,69.71411498903,106.237874098369
"TZA","Tanzania","U.R. of Tanzania: Mainland","Sub Saharan Africa","wdi_real_gdp_per_capita_growth","WDI real GDP per capita growth",4,"1973-1974","contraction",1973,1974,"1973-01-01","1974-01-01",1,-0.0150567320144003,-0.0150567320144002,69.71411498903,68.6644482420191,98.49432679856
"TZA","Tanzania","U.R. of Tanzania: Mainland","Sub Saharan Africa","wdi_real_gdp_per_capita_growth","WDI real GDP per capita growth",5,"1974-1975","expansion",1974,1975,"1974-01-01","1975-01-01",1,0.0027319379109008,0.00273193791090054,68.6644482420191,68.8520352513026,100.27319379109
"TZA","Tanzania","U.R. of Tanzania: Mainland","Sub Saharan Africa","wdi_real_gdp_per_capita_growth","WDI real GDP per capita growth",6,"1975-1983","contraction",1975,1983,"1975-01-01","1983-01-01",8,-0.0220193786366876,-0.163890932745869,68.8520352513026,57.5678109725152,83.6109067254131
"TZA","Tanzania","U.R. of Tanzania: Mainland","Sub Saharan Africa","wdi_real_gdp_per_capita_growth","WDI real GDP per capita growth",7,"1983-1984","expansion",1983,1984,"1983-01-01","1984-01-01",1,0.0131693001082563,0.0131693001082562,57.5678109725152,58.3259387517876,101.316930010826
"TZA","Tanzania","U.R. of Tanzania: Mainland","Sub Saharan Africa","wdi_real_gdp_per_capita_growth","WDI real GDP per capita growth",8,"1984-1985","contraction",1984,1985,"1984-01-01","1985-01-01",1,-0.0200228811171158,-0.0200228811171159,58.3259387517876,57.1580854141164,97.9977118882884
"TZA","Tanzania","U.R. of Tanzania: Mainland","Sub Saharan Africa","wdi_real_gdp_per_capita_growth","WDI real GDP per capita growth",9,"1985-1990","expansion",1985,1990,"1985-01-01","1990-01-01",5,0.0258036821725452,0.135361832552873,57.1580854141164,64.8951086009848,113.536183255287
"TZA","Tanzania","U.R. of Tanzania: Mainland","Sub Saharan Africa","wdi_real_gdp_per_capita_growth","WDI real GDP per capita growth",10,"1990-1994","contraction",1990,1994,"1990-01-01","1994-01-01",4,-0.0163333539604491,-0.0638401009999778,64.8951086009848,60.7521983134934,93.6159899000022
"TZA","Tanzania","U.R. of Tanzania: Mainland","Sub Saharan Africa","wdi_real_gdp_per_capita_growth","WDI real GDP per capita growth",11,"1994-2019","expansion",1994,2019,"1994-01-01","2019-01-01",25,0.0296833800646497,1.07460300172465,60.7521983134934,126.036692982545,207.460300172465
"TZA","Tanzania","U.R. of Tanzania: Mainland","Sub Saharan Africa","wdi_real_gdp_per_capita_growth","WDI real GDP per capita growth",12,"2019-2020","contraction",2019,2020,"2019-01-01","2020-01-01",1,-0.00998987836780785,-0.00998987836780796,126.036692982545,124.777601749768,99.0010121632192
"TZA","Tanzania","U.R. of Tanzania: Mainland","Sub Saharan Africa","wdi_real_gdp_per_capita_growth","WDI real GDP per capita growth",13,"2020-2024","expansion",2020,2024,"2020-01-01","2024-01-01",4,0.018579640585034,0.076363818882905,124.777601749768,134.306095930431,107.636381888291
"UGA","Uganda","Uganda","Sub Saharan Africa","wdi_real_gdp_per_capita_growth","WDI real GDP per capita growth",1,"1983-1986","contraction",1983,1986,"1983-01-01","1986-01-01",3,-0.0381713578653279,-0.110545267951785,103.15519965112,91.7518804650669,88.9454732048215
"UGA","Uganda","Uganda","Sub Saharan Africa","wdi_real_gdp_per_capita_growth","WDI real GDP per capita growth",2,"1986-1991","expansion",1986,1991,"1986-01-01","1991-01-01",5,0.0277620577979812,0.146253407816401,91.7518804650669,105.170905656646,114.62534078164
"UGA","Uganda","Uganda","Sub Saharan Africa","wdi_real_gdp_per_capita_growth","WDI real GDP per capita growth",3,"1991-1992","contraction",1991,1992,"1991-01-01","1992-01-01",1,-0.000452355171633343,-0.000452355171633334,105.170905656646,105.123331053567,99.9547644828367
"UGA","Uganda","Uganda","Sub Saharan Africa","wdi_real_gdp_per_capita_growth","WDI real GDP per capita growth",4,"1992-1999","expansion",1992,1999,"1992-01-01","1999-01-01",7,0.0439447072803143,0.349158967068746,105.123331053567,141.828084739056,134.915896706875
"UGA","Uganda","Uganda","Sub Saharan Africa","wdi_real_gdp_per_capita_growth","WDI real GDP per capita growth",5,"1999-2000","contraction",1999,2000,"1999-01-01","2000-01-01",1,-0.000506112736721605,-0.000506112736721742,141.828084739056,141.756303738945,99.9493887263278
"UGA","Uganda","Uganda","Sub Saharan Africa","wdi_real_gdp_per_capita_growth","WDI real GDP per capita growth",6,"2000-2016","expansion",2000,2016,"2000-01-01","2016-01-01",16,0.0345768731719532,0.717699476675565,141.756303738945,243.494728747848,171.769947667556
"UGA","Uganda","Uganda","Sub Saharan Africa","wdi_real_gdp_per_capita_growth","WDI real GDP per capita growth",7,"2016-2017","contraction",2016,2017,"2016-01-01","2017-01-01",1,-0.00406390812740796,-0.00406390812740787,243.494728747848,242.505188540709,99.5936091872592
"UGA","Uganda","Uganda","Sub Saharan Africa","wdi_real_gdp_per_capita_growth","WDI real GDP per capita growth",8,"2017-2019","expansion",2017,2019,"2017-01-01","2019-01-01",2,0.0282129536376785,0.0572214116548935,242.505188540709,256.381677762644,105.722141165489
"UGA","Uganda","Uganda","Sub Saharan Africa","wdi_real_gdp_per_capita_growth","WDI real GDP per capita growth",9,"2019-2020","contraction",2019,2020,"2019-01-01","2020-01-01",1,-0.00423922683361482,-0.00423922683361455,256.381677762644,255.294817674626,99.5760773166385
"UGA","Uganda","Uganda","Sub Saharan Africa","wdi_real_gdp_per_capita_growth","WDI real GDP per capita growth",10,"2020-2024","expansion",2020,2024,"2020-01-01","2024-01-01",4,0.018374700596586,0.0753025906400322,255.294817674626,274.5191788225,107.530259064003
"UKR","Ukraine","Ukraine","Eastern Europe","wdi_real_gdp_per_capita_growth","WDI real GDP per capita growth",1,"1988-1989","expansion",1988,1989,"1988-01-01","1989-01-01",1,0.0348703210893358,0.0348703210893357,102.1517886837,105.713854354951,103.487032108934
"UKR","Ukraine","Ukraine","Eastern Europe","wdi_real_gdp_per_capita_growth","WDI real GDP per capita growth",2,"1989-1998","contraction",1989,1998,"1989-01-01","1998-01-01",9,-0.0959934739380416,-0.605083330497868,105.713854354951,41.7481632820907,39.4916669502132
"UKR","Ukraine","Ukraine","Eastern Europe","wdi_real_gdp_per_capita_growth","WDI real GDP per capita growth",3,"1998-2008","expansion",1998,2008,"1998-01-01","2008-01-01",10,0.0700650489467525,0.95769015909357,41.7481632820907,81.7299684175805,195.769015909357
"UKR","Ukraine","Ukraine","Eastern Europe","wdi_real_gdp_per_capita_growth","WDI real GDP per capita growth",4,"2008-2009","contraction",2008,2009,"2008-01-01","2009-01-01",1,-0.147807201233911,-0.147807201233911,81.7299684175805,69.6496905288419,85.2192798766089
"UKR","Ukraine","Ukraine","Eastern Europe","wdi_real_gdp_per_capita_growth","WDI real GDP per capita growth",5,"2009-2013","expansion",2009,2013,"2009-01-01","2013-01-01",4,0.0271020142348871,0.111621128685362,69.6496905288419,77.4240675982574,111.162112868536
"UKR","Ukraine","Ukraine","Eastern Europe","wdi_real_gdp_per_capita_growth","WDI real GDP per capita growth",6,"2013-2015","contraction",2013,2015,"2013-01-01","2015-01-01",2,-0.0718266771707543,-0.138932849700232,77.4240675982574,66.6673212514481,86.1067150299768
"UKR","Ukraine","Ukraine","Eastern Europe","wdi_real_gdp_per_capita_growth","WDI real GDP per capita growth",7,"2015-2019","expansion",2015,2019,"2015-01-01","2019-01-01",4,0.0344350443104676,0.144954999358384,66.6673212514481,76.3310827606769,114.495499935838
"UKR","Ukraine","Ukraine","Eastern Europe","wdi_real_gdp_per_capita_growth","WDI real GDP per capita growth",8,"2019-2020","contraction",2019,2020,"2019-01-01","2020-01-01",1,-0.0308458576352871,-0.0308458576352871,76.3310827606769,73.9765850486938,96.9154142364713
"UKR","Ukraine","Ukraine","Eastern Europe","wdi_real_gdp_per_capita_growth","WDI real GDP per capita growth",9,"2020-2021","expansion",2020,2021,"2020-01-01","2021-01-01",1,0.0441050883289091,0.0441050883289089,73.9765850486938,77.2393288665375,104.410508832891
"UKR","Ukraine","Ukraine","Eastern Europe","wdi_real_gdp_per_capita_growth","WDI real GDP per capita growth",10,"2021-2022","contraction",2021,2022,"2021-01-01","2022-01-01",1,-0.227456813021158,-0.227456813021158,77.2393288665375,59.6707172826617,77.2543186978842
"UKR","Ukraine","Ukraine","Eastern Europe","wdi_real_gdp_per_capita_growth","WDI real GDP per capita growth",11,"2022-2024","expansion",2022,2024,"2022-01-01","2024-01-01",2,0.0898960182410434,0.18370221147674,59.6707172826617,70.63236000789,118.370221147674
"URY","Uruguay","Uruguay","Latin America","wdi_real_gdp_per_capita_growth","WDI real GDP per capita growth",1,"1961-1963","contraction",1961,1963,"1961-01-01","1963-01-01",2,-0.0187675416614933,-0.0372610086558723,101.209416673583,97.4382517228529,96.2738991344128
"URY","Uruguay","Uruguay","Latin America","wdi_real_gdp_per_capita_growth","WDI real GDP per capita growth",2,"1963-1964","expansion",1963,1964,"1963-01-01","1964-01-01",1,0.0130483248104743,0.0130483248104742,97.4382517228529,98.7096576802974,101.304832481047
"URY","Uruguay","Uruguay","Latin America","wdi_real_gdp_per_capita_growth","WDI real GDP per capita growth",3,"1964-1965","contraction",1964,1965,"1964-01-01","1965-01-01",1,-9.22143855120794e-05,-9.22143855121016e-05,98.7096576802974,98.7005552298703,99.9907785614488
"URY","Uruguay","Uruguay","Latin America","wdi_real_gdp_per_capita_growth","WDI real GDP per capita growth",4,"1965-1966","expansion",1965,1966,"1965-01-01","1966-01-01",1,0.0205504500374775,0.0205504500374776,98.7005552298703,100.728896058793,102.055045003748
"URY","Uruguay","Uruguay","Latin America","wdi_real_gdp_per_capita_growth","WDI real GDP per capita growth",5,"1966-1967","contraction",1966,1967,"1966-01-01","1967-01-01",1,-0.0452535092826649,-0.0452535092826648,100.728896058793,96.1705600259639,95.4746490717335
"URY","Uruguay","Uruguay","Latin America","wdi_real_gdp_per_capita_growth","WDI real GDP per capita growth",6,"1967-1970","expansion",1967,1970,"1967-01-01","1970-01-01",3,0.0263485479198575,0.0806617897071575,96.1705600259639,103.927849514798,108.066178970716
"URY","Uruguay","Uruguay","Latin America","wdi_real_gdp_per_capita_growth","WDI real GDP per capita growth",7,"1970-1973","contraction",1970,1973,"1970-01-01","1973-01-01",3,-0.00976964477565004,-0.029087416014278,103.927849514798,100.904856920492,97.0912583985722
"URY","Uruguay","Uruguay","Latin America","wdi_real_gdp_per_capita_growth","WDI real GDP per capita growth",8,"1973-1981","expansion",1973,1981,"1973-01-01","1981-01-01",8,0.0360521241877028,0.325832279235766,100.904856920492,133.782916436854,132.583227923577
"URY","Uruguay","Uruguay","Latin America","wdi_real_gdp_per_capita_growth","WDI real GDP per capita growth",9,"1981-1984","contraction",1981,1984,"1981-01-01","1984-01-01",3,-0.0746551707554752,-0.210010644658055,133.782916436854,105.687079911716,78.9989355341945
"URY","Uruguay","Uruguay","Latin America","wdi_real_gdp_per_capita_growth","WDI real GDP per capita growth",10,"1984-1989","expansion",1984,1989,"1984-01-01","1989-01-01",5,0.0359945405256036,0.190114904551579,105.687079911716,125.779769021467,119.011490455158
"URY","Uruguay","Uruguay","Latin America","wdi_real_gdp_per_capita_growth","WDI real GDP per capita growth",11,"1989-1990","contraction",1989,1990,"1989-01-01","1990-01-01",1,-0.00288978937190848,-0.00288978937190842,125.779769021467,125.416291981747,99.7110210628092
"URY","Uruguay","Uruguay","Latin America","wdi_real_gdp_per_capita_growth","WDI real GDP per capita growth",12,"1990-1994","expansion",1990,1994,"1990-01-01","1994-01-01",4,0.0477970660212857,0.204197036635401,125.416291981747,151.02592715022,120.41970366354
"URY","Uruguay","Uruguay","Latin America","wdi_real_gdp_per_capita_growth","WDI real GDP per capita growth",13,"1994-1995","contraction",1994,1995,"1994-01-01","1995-01-01",1,-0.0196071762661492,-0.0196071762661493,151.02592715022,148.064735175827,98.0392823733851
"URY","Uruguay","Uruguay","Latin America","wdi_real_gdp_per_capita_growth","WDI real GDP per capita growth",14,"1995-1998","expansion",1995,1998,"1995-01-01","1998-01-01",3,0.0566707455600128,0.179382153502556,148.064735175827,174.624906229453,117.938215350256
"URY","Uruguay","Uruguay","Latin America","wdi_real_gdp_per_capita_growth","WDI real GDP per capita growth",15,"1998-2002","contraction",1998,2002,"1998-01-01","2002-01-01",4,-0.0405128745943478,-0.153490347766664,174.624906229453,147.821668643573,84.6509652233336
"URY","Uruguay","Uruguay","Latin America","wdi_real_gdp_per_capita_growth","WDI real GDP per capita growth",16,"2002-2017","expansion",2002,2017,"2002-01-01","2017-01-01",15,0.0400658545348291,0.795861565421154,147.821668643573,265.467253253414,179.586156542115
"URY","Uruguay","Uruguay","Latin America","wdi_real_gdp_per_capita_growth","WDI real GDP per capita growth",17,"2017-2018","contraction",2017,2018,"2017-01-01","2018-01-01",1,-0.000151011267874139,-0.000151011267874201,265.467253253414,265.427164706921,99.9848988732126
"URY","Uruguay","Uruguay","Latin America","wdi_real_gdp_per_capita_growth","WDI real GDP per capita growth",18,"2018-2019","expansion",2018,2019,"2018-01-01","2019-01-01",1,0.00848968097010115,0.00848968097010139,265.427164706921,267.680556656081,100.84896809701
"URY","Uruguay","Uruguay","Latin America","wdi_real_gdp_per_capita_growth","WDI real GDP per capita growth",19,"2019-2020","contraction",2019,2020,"2019-01-01","2020-01-01",1,-0.0740535234478858,-0.074053523447886,267.680556656081,247.857868277207,92.5946476552114
"URY","Uruguay","Uruguay","Latin America","wdi_real_gdp_per_capita_growth","WDI real GDP per capita growth",20,"2020-2024","expansion",2020,2024,"2020-01-01","2024-01-01",4,0.0363988505721774,0.152963828188586,247.857868277207,285.771156655551,115.296382818859
"USA","United States","United States","Western Offshoots","wdi_real_gdp_per_capita_growth","WDI real GDP per capita growth",1,"1961-1969","expansion",1961,1969,"1961-01-01","1969-01-01",8,0.0366635526183943,0.332968880403832,100.618121192655,134.12082435451,133.296888040383
"USA","United States","United States","Western Offshoots","wdi_real_gdp_per_capita_growth","WDI real GDP per capita growth",2,"1969-1970","contraction",1969,1970,"1969-01-01","1970-01-01",1,-0.00944145118142501,-0.00944145118142492,134.12082435451,132.854529138955,99.0558548818575
"USA","United States","United States","Western Offshoots","wdi_real_gdp_per_capita_growth","WDI real GDP per capita growth",3,"1970-1973","expansion",1970,1973,"1970-01-01","1973-01-01",3,0.0359060664840484,0.111426839570574,132.854529138955,147.658089443545,111.142683957057
"USA","United States","United States","Western Offshoots","wdi_real_gdp_per_capita_growth","WDI real GDP per capita growth",4,"1973-1975","contraction",1973,1975,"1973-01-01","1975-01-01",2,-0.0131493791788722,-0.0261275472582395,147.658089443545,143.800145733547,97.3872452741761
"USA","United States","United States","Western Offshoots","wdi_real_gdp_per_capita_growth","WDI real GDP per capita growth",5,"1975-1979","expansion",1975,1979,"1975-01-01","1979-01-01",4,0.0360628929382697,0.152041432384154,143.800145733547,165.663725867926,115.204143238415
"USA","United States","United States","Western Offshoots","wdi_real_gdp_per_capita_growth","WDI real GDP per capita growth",6,"1979-1980","contraction",1979,1980,"1979-01-01","1980-01-01",1,-0.0120932407186373,-0.0120932407186373,165.663725867926,163.660314552659,98.7906759281363
"USA","United States","United States","Western Offshoots","wdi_real_gdp_per_capita_growth","WDI real GDP per capita growth",7,"1980-1981","expansion",1980,1981,"1980-01-01","1981-01-01",1,0.0153630241816711,0.0153630241816711,163.660314552659,166.174631922711,101.536302418167
"USA","United States","United States","Western Offshoots","wdi_real_gdp_per_capita_growth","WDI real GDP per capita growth",8,"1981-1982","contraction",1981,1982,"1981-01-01","1982-01-01",1,-0.0273469491239689,-0.027346949123969,166.174631922711,161.630262717827,97.2653050876031
"USA","United States","United States","Western Offshoots","wdi_real_gdp_per_capita_growth","WDI real GDP per capita growth",9,"1982-1990","expansion",1982,1990,"1982-01-01","1990-01-01",8,0.0311424321197653,0.277038026543476,161.630262717827,206.407991730877,127.703802654348
"USA","United States","United States","Western Offshoots","wdi_real_gdp_per_capita_growth","WDI real GDP per capita growth",10,"1990-1991","contraction",1990,1991,"1990-01-01","1991-01-01",1,-0.0143424757841728,-0.0143424757841728,206.407991730877,203.447590107817,98.5657524215827
"USA","United States","United States","Western Offshoots","wdi_real_gdp_per_capita_growth","WDI real GDP per capita growth",11,"1991-2000","expansion",1991,2000,"1991-01-01","2000-01-01",9,0.0258801470228306,0.258254986708885,203.447590107817,255.988944787066,125.825498670889
"USA","United States","United States","Western Offshoots","wdi_real_gdp_per_capita_growth","WDI real GDP per capita growth",12,"2000-2001","contraction",2000,2001,"2000-01-01","2001-01-01",1,-0.000387319237247254,-0.000387319237247108,255.988944787066,255.889795344228,99.9612680762753
"USA","United States","United States","Western Offshoots","wdi_real_gdp_per_capita_growth","WDI real GDP per capita growth",13,"2001-2007","expansion",2001,2007,"2001-01-01","2007-01-01",6,0.0182314725294477,0.114314795361415,255.889795344228,285.141784934077,111.431479536142
"USA","United States","United States","Western Offshoots","wdi_real_gdp_per_capita_growth","WDI real GDP per capita growth",14,"2007-2009","contraction",2007,2009,"2007-01-01","2009-01-01",2,-0.0212786002867977,-0.0422731545455232,285.141784934077,273.087942192173,95.7726845454477
"USA","United States","United States","Western Offshoots","wdi_real_gdp_per_capita_growth","WDI real GDP per capita growth",15,"2009-2019","expansion",2009,2019,"2009-01-01","2019-01-01",10,0.016448960658467,0.177086496737371,273.087942192173,321.448129176202,117.708649673737
"USA","United States","United States","Western Offshoots","wdi_real_gdp_per_capita_growth","WDI real GDP per capita growth",16,"2019-2020","contraction",2019,2020,"2019-01-01","2020-01-01",1,-0.0256180738534749,-0.0256180738534748,321.448129176202,313.213247262905,97.4381926146525
"USA","United States","United States","Western Offshoots","wdi_real_gdp_per_capita_growth","WDI real GDP per capita growth",17,"2020-2024","expansion",2020,2024,"2020-01-01","2024-01-01",4,0.0291049874875745,0.120982253624585,313.213247262905,351.106491781846,112.098225362458
"UZB","Uzbekistan","Uzbekistan","Eastern Europe","wdi_real_gdp_per_capita_growth","WDI real GDP per capita growth",1,"1988-1989","expansion",1988,1989,"1988-01-01","1989-01-01",1,0.00425647010976732,0.00425647010976737,106.163109938861,106.614990043076,100.425647010977
"UZB","Uzbekistan","Uzbekistan","Eastern Europe","wdi_real_gdp_per_capita_growth","WDI real GDP per capita growth",2,"1989-1996","contraction",1989,1996,"1989-01-01","1996-01-01",7,-0.0454746285122722,-0.283076693629837,106.614990043076,76.4347711703039,71.6923306370163
"UZB","Uzbekistan","Uzbekistan","Eastern Europe","wdi_real_gdp_per_capita_growth","WDI real GDP per capita growth",3,"1996-2019","expansion",1996,2019,"1996-01-01","2019-01-01",23,0.0470902403400626,1.87377078559553,76.4347711703039,219.656012392899,287.377078559553
"UZB","Uzbekistan","Uzbekistan","Eastern Europe","wdi_real_gdp_per_capita_growth","WDI real GDP per capita growth",4,"2019-2020","contraction",2019,2020,"2019-01-01","2020-01-01",1,-0.00316556159759102,-0.00316556159759118,219.656012392899,218.960677755388,99.6834438402409
"UZB","Uzbekistan","Uzbekistan","Eastern Europe","wdi_real_gdp_per_capita_growth","WDI real GDP per capita growth",5,"2020-2024","expansion",2020,2024,"2020-01-01","2024-01-01",4,0.046098438419666,0.197400360902324,218.960677755388,262.183594567719,119.740036090232
"VEN","Venezuela, RB","Venezuela (Bolivarian Republic of)","Latin America","wdi_real_gdp_per_capita_growth","WDI real GDP per capita growth",1,"1961-1965","expansion",1961,1965,"1961-01-01","1965-01-01",4,0.0332997513042672,0.138179026661466,99.5823924374974,113.342590497131,113.817902666147
"VEN","Venezuela, RB","Venezuela (Bolivarian Republic of)","Latin America","wdi_real_gdp_per_capita_growth","WDI real GDP per capita growth",2,"1965-1967","contraction",1965,1967,"1965-01-01","1967-01-01",2,-0.0114003780512696,-0.0227145477943822,113.342590497131,110.768064808145,97.7285452205618
"VEN","Venezuela, RB","Venezuela (Bolivarian Republic of)","Latin America","wdi_real_gdp_per_capita_growth","WDI real GDP per capita growth",3,"1967-1968","expansion",1967,1968,"1967-01-01","1968-01-01",1,0.0393559259699741,0.0393559259699741,110.768064808145,115.127444566571,103.935592596997
"VEN","Venezuela, RB","Venezuela (Bolivarian Republic of)","Latin America","wdi_real_gdp_per_capita_growth","WDI real GDP per capita growth",4,"1968-1969","contraction",1968,1969,"1968-01-01","1969-01-01",1,-0.0242042323129607,-0.0242042323129608,115.127444566571,112.340873152685,97.5795767687039
"VEN","Venezuela, RB","Venezuela (Bolivarian Republic of)","Latin America","wdi_real_gdp_per_capita_growth","WDI real GDP per capita growth",5,"1969-1970","expansion",1969,1970,"1969-01-01","1970-01-01",1,0.0442497570687192,0.0442497570687193,112.340873152685,117.311929498579,104.424975706872
"VEN","Venezuela, RB","Venezuela (Bolivarian Republic of)","Latin America","wdi_real_gdp_per_capita_growth","WDI real GDP per capita growth",6,"1970-1972","contraction",1970,1972,"1970-01-01","1972-01-01",2,-0.0164454725573731,-0.0326209945453925,117.311929498579,113.485097686296,96.7379005454607
"VEN","Venezuela, RB","Venezuela (Bolivarian Republic of)","Latin America","wdi_real_gdp_per_capita_growth","WDI real GDP per capita growth",7,"1972-1973","expansion",1972,1973,"1972-01-01","1973-01-01",1,0.0397872292299488,0.0397872292299488,113.485097686296,118.000355282124,103.978722922995
"VEN","Venezuela, RB","Venezuela (Bolivarian Republic of)","Latin America","wdi_real_gdp_per_capita_growth","WDI real GDP per capita growth",8,"1973-1975","contraction",1973,1975,"1973-01-01","1975-01-01",2,-0.00476982518028144,-0.0095337440098141,118.000355282124,116.875370101797,99.0466255990186
"VEN","Venezuela, RB","Venezuela (Bolivarian Republic of)","Latin America","wdi_real_gdp_per_capita_growth","WDI real GDP per capita growth",9,"1975-1977","expansion",1975,1977,"1975-01-01","1977-01-01",2,0.0393437883896609,0.080186169288528,116.875370101797,126.247158314439,108.018616928853
"VEN","Venezuela, RB","Venezuela (Bolivarian Republic of)","Latin America","wdi_real_gdp_per_capita_growth","WDI real GDP per capita growth",10,"1977-1983","contraction",1977,1983,"1977-01-01","1983-01-01",6,-0.0434576780642375,-0.238607961389003,126.247158314439,96.123581237876,76.1392038610997
"VEN","Venezuela, RB","Venezuela (Bolivarian Republic of)","Latin America","wdi_real_gdp_per_capita_growth","WDI real GDP per capita growth",11,"1983-1984","expansion",1983,1984,"1983-01-01","1984-01-01",1,0.0245984940470106,0.0245984940470105,96.123581237876,98.4880765787332,102.459849404701
"VEN","Venezuela, RB","Venezuela (Bolivarian Republic of)","Latin America","wdi_real_gdp_per_capita_growth","WDI real GDP per capita growth",12,"1984-1985","contraction",1984,1985,"1984-01-01","1985-01-01",1,-0.0174699607571675,-0.0174699607571674,98.4880765787332,96.7674937458538,98.2530039242832
"VEN","Venezuela, RB","Venezuela (Bolivarian Republic of)","Latin America","wdi_real_gdp_per_capita_growth","WDI real GDP per capita growth",13,"1985-1988","expansion",1985,1988,"1985-01-01","1988-01-01",3,0.0309451083196179,0.0956575253592507,96.7674937458538,106.024032732799,109.565752535925
"VEN","Venezuela, RB","Venezuela (Bolivarian Republic of)","Latin America","wdi_real_gdp_per_capita_growth","WDI real GDP per capita growth",14,"1988-1989","contraction",1988,1989,"1988-01-01","1989-01-01",1,-0.160458128500477,-0.160458128500477,106.024032732799,89.0116148644207,83.9541871499523
"VEN","Venezuela, RB","Venezuela (Bolivarian Republic of)","Latin America","wdi_real_gdp_per_capita_growth","WDI real GDP per capita growth",15,"1989-1992","expansion",1989,1992,"1989-01-01","1992-01-01",3,0.0489288681811649,0.153686907393287,89.0116148644207,102.691534675016,115.368690739329
"VEN","Venezuela, RB","Venezuela (Bolivarian Republic of)","Latin America","wdi_real_gdp_per_capita_growth","WDI real GDP per capita growth",16,"1992-1994","contraction",1992,1994,"1992-01-01","1994-01-01",2,-0.0321186159435929,-0.0633626361677472,102.691534675016,96.1847283258952,93.6637363832253
"VEN","Venezuela, RB","Venezuela (Bolivarian Republic of)","Latin America","wdi_real_gdp_per_capita_growth","WDI real GDP per capita growth",17,"1994-1995","expansion",1994,1995,"1994-01-01","1995-01-01",1,0.0175662202828958,0.0175662202828959,96.1847283258952,97.8743304515184,101.75662202829
"VEN","Venezuela, RB","Venezuela (Bolivarian Republic of)","Latin America","wdi_real_gdp_per_capita_growth","WDI real GDP per capita growth",18,"1995-1996","contraction",1995,1996,"1995-01-01","1996-01-01",1,-0.0226024782234198,-0.0226024782234198,97.8743304515184,95.6621280288562,97.739752177658
"VEN","Venezuela, RB","Venezuela (Bolivarian Republic of)","Latin America","wdi_real_gdp_per_capita_growth","WDI real GDP per capita growth",19,"1996-1997","expansion",1996,1997,"1996-01-01","1997-01-01",1,0.0421167918783001,0.0421167918783001,95.6621280288562,99.6911099656828,104.21167918783
"VEN","Venezuela, RB","Venezuela (Bolivarian Republic of)","Latin America","wdi_real_gdp_per_capita_growth","WDI real GDP per capita growth",20,"1997-1999","contraction",1997,1999,"1997-01-01","1999-01-01",2,-0.0474498707780352,-0.0935743899641718,99.6911099656828,90.3625751657929,90.6425610035828
"VEN","Venezuela, RB","Venezuela (Bolivarian Republic of)","Latin America","wdi_real_gdp_per_capita_growth","WDI real GDP per capita growth",21,"1999-2001","expansion",1999,2001,"1999-01-01","2001-01-01",2,0.0163007178159401,0.032865900654784,90.3625751657929,93.3324225841023,103.286590065478
"VEN","Venezuela, RB","Venezuela (Bolivarian Republic of)","Latin America","wdi_real_gdp_per_capita_growth","WDI real GDP per capita growth",22,"2001-2003","contraction",2001,2003,"2001-01-01","2003-01-01",2,-0.0993612820265317,-0.18888043827655,93.3324225841023,75.7037537010049,81.111956172345
"VEN","Venezuela, RB","Venezuela (Bolivarian Republic of)","Latin America","wdi_real_gdp_per_capita_growth","WDI real GDP per capita growth",23,"2003-2008","expansion",2003,2008,"2003-01-01","2008-01-01",5,0.0874082788162663,0.515085416808113,75.7037537010049,114.697653230026,151.508541680811
"VEN","Venezuela, RB","Venezuela (Bolivarian Republic of)","Latin America","wdi_real_gdp_per_capita_growth","WDI real GDP per capita growth",24,"2008-2010","contraction",2008,2010,"2008-01-01","2010-01-01",2,-0.0364081779868569,-0.0715665924229997,114.697653230026,106.489133029438,92.8433407577
"VEN","Venezuela, RB","Venezuela (Bolivarian Republic of)","Latin America","wdi_real_gdp_per_capita_growth","WDI real GDP per capita growth",25,"2010-2013","expansion",2010,2013,"2010-01-01","2013-01-01",3,0.024285412422368,0.0741772295285041,106.489133029438,114.388201892454,107.41772295285
"VEN","Venezuela, RB","Venezuela (Bolivarian Republic of)","Latin America","wdi_real_gdp_per_capita_growth","WDI real GDP per capita growth",26,"2013-2020","contraction",2013,2020,"2013-01-01","2020-01-01",7,-0.166769870150887,-0.730222592015491,114.388201892454,30.8593526105549,26.9777407984509
"VEN","Venezuela, RB","Venezuela (Bolivarian Republic of)","Latin America","wdi_real_gdp_per_capita_growth","WDI real GDP per capita growth",27,"2020-2024","expansion",2020,2024,"2020-01-01","2024-01-01",4,0.0459487867892021,0.195679065758102,30.8593526105549,36.8978818992881,119.56790657581
"VNM","Viet Nam","Viet Nam","South and South East Asia","wdi_real_gdp_per_capita_growth","WDI real GDP per capita growth",1,"1985-2024","expansion",1985,2024,"1985-01-01","2024-01-01",39,0.0499274043812709,5.65214526877902,101.425069010893,674.694292956397,665.214526877902
"YEM","Yemen, Rep.","Yemen","Middle East and North Africa","wdi_real_gdp_per_capita_growth","WDI real GDP per capita growth",1,"1991-2005","expansion",1991,2005,"1991-01-01","2005-01-01",14,0.0172850437802154,0.270077801155253,102.298600984459,129.927182199601,127.007780115525
"YEM","Yemen, Rep.","Yemen","Middle East and North Africa","wdi_real_gdp_per_capita_growth","WDI real GDP per capita growth",2,"2005-2006","contraction",2005,2006,"2005-01-01","2006-01-01",1,-0.00129375630986743,-0.00129375630986728,129.927182199601,129.759088087807,99.8706243690133
"YEM","Yemen, Rep.","Yemen","Middle East and North Africa","wdi_real_gdp_per_capita_growth","WDI real GDP per capita growth",3,"2006-2010","expansion",2006,2010,"2006-01-01","2010-01-01",4,0.0134695161665884,0.0543494055457077,129.759088087807,136.811417389532,105.434940554571
"YEM","Yemen, Rep.","Yemen","Middle East and North Africa","wdi_real_gdp_per_capita_growth","WDI real GDP per capita growth",4,"2010-2012","contraction",2010,2012,"2010-01-01","2012-01-01",2,-0.0800367530678699,-0.159044931118573,136.811417389532,115.05225493458,84.0955068881427
"YEM","Yemen, Rep.","Yemen","Middle East and North Africa","wdi_real_gdp_per_capita_growth","WDI real GDP per capita growth",5,"2012-2013","expansion",2012,2013,"2012-01-01","2013-01-01",1,0.0167911232409898,0.0167911232409901,115.05225493458,116.98411152634,101.679112324099
"YEM","Yemen, Rep.","Yemen","Middle East and North Africa","wdi_real_gdp_per_capita_growth","WDI real GDP per capita growth",6,"2013-2018","contraction",2013,2018,"2013-01-01","2018-01-01",5,-0.110971897501873,-0.464280588581562,116.98411152634,62.6706593721998,53.5719411418438
"ZAF","South Africa","South Africa","Sub Saharan Africa","wdi_real_gdp_per_capita_growth","WDI real GDP per capita growth",1,"1961-1971","expansion",1961,1971,"1961-01-01","1971-01-01",10,0.0258553258734614,0.289795622270054,100.971241813995,130.232265666862,128.979562227005
"ZAF","South Africa","South Africa","Sub Saharan Africa","wdi_real_gdp_per_capita_growth","WDI real GDP per capita growth",2,"1971-1972","contraction",1971,1972,"1971-01-01","1972-01-01",1,-0.0121840842834261,-0.0121840842834262,130.232265666862,128.645504765555,98.7815915716574
"ZAF","South Africa","South Africa","Sub Saharan Africa","wdi_real_gdp_per_capita_growth","WDI real GDP per capita growth",3,"1972-1974","expansion",1972,1974,"1972-01-01","1974-01-01",2,0.0239243736546629,0.0483621147639111,128.645504765555,134.867073430888,104.836211476391
"ZAF","South Africa","South Africa","Sub Saharan Africa","wdi_real_gdp_per_capita_growth","WDI real GDP per capita growth",4,"1974-1977","contraction",1974,1977,"1974-01-01","1977-01-01",3,-0.0144043761473196,-0.0427316719802382,134.867073430888,129.103977888105,95.7268328019762
"ZAF","South Africa","South Africa","Sub Saharan Africa","wdi_real_gdp_per_capita_growth","WDI real GDP per capita growth",5,"1977-1981","expansion",1977,1981,"1977-01-01","1981-01-01",4,0.0162965257075204,0.0665103133006639,129.103977888105,137.690723905805,106.651031330066
"ZAF","South Africa","South Africa","Sub Saharan Africa","wdi_real_gdp_per_capita_growth","WDI real GDP per capita growth",6,"1981-1983","contraction",1981,1983,"1981-01-01","1983-01-01",2,-0.0449232409632169,-0.0878807896918605,137.690723905805,125.590354355719,91.211921030814
"ZAF","South Africa","South Africa","Sub Saharan Africa","wdi_real_gdp_per_capita_growth","WDI real GDP per capita growth",7,"1983-1984","expansion",1983,1984,"1983-01-01","1984-01-01",1,0.0152227888001273,0.0152227888001273,125.590354355719,127.502189795409,101.522278880013
"ZAF","South Africa","South Africa","Sub Saharan Africa","wdi_real_gdp_per_capita_growth","WDI real GDP per capita growth",8,"1984-1987","contraction",1984,1987,"1984-01-01","1987-01-01",3,-0.0287130558991467,-0.0839773791484584,127.502189795409,116.794890060701,91.6022620851542
"ZAF","South Africa","South Africa","Sub Saharan Africa","wdi_real_gdp_per_capita_growth","WDI real GDP per capita growth",9,"1987-1988","expansion",1987,1988,"1987-01-01","1988-01-01",1,0.0107399931732792,0.0107399931732792,116.794890060701,118.049266382627,101.073999317328
"ZAF","South Africa","South Africa","Sub Saharan Africa","wdi_real_gdp_per_capita_growth","WDI real GDP per capita growth",10,"1988-1993","contraction",1988,1993,"1988-01-01","1993-01-01",5,-0.0230380408000741,-0.110436989906896,118.049266382627,105.012260742612,88.9563010093104
"ZAF","South Africa","South Africa","Sub Saharan Africa","wdi_real_gdp_per_capita_growth","WDI real GDP per capita growth",11,"1993-1997","expansion",1993,1997,"1993-01-01","1997-01-01",4,0.0193304368958647,0.0795144508138228,105.012260742612,113.362252984279,107.951445081382
"ZAF","South Africa","South Africa","Sub Saharan Africa","wdi_real_gdp_per_capita_growth","WDI real GDP per capita growth",12,"1997-1998","contraction",1997,1998,"1997-01-01","1998-01-01",1,-0.00711121199354281,-0.0071112119935427,113.362252984279,112.556109971242,99.2888788006457
"ZAF","South Africa","South Africa","Sub Saharan Africa","wdi_real_gdp_per_capita_growth","WDI real GDP per capita growth",13,"1998-2008","expansion",1998,2008,"1998-01-01","2008-01-01",10,0.029529645139978,0.337021284816698,112.556109971242,150.48991476772,133.70212848167
"ZAF","South Africa","South Africa","Sub Saharan Africa","wdi_real_gdp_per_capita_growth","WDI real GDP per capita growth",14,"2008-2009","contraction",2008,2009,"2008-01-01","2009-01-01",1,-0.0270664075062311,-0.027066407506231,150.48991476772,146.416693409039,97.2933592493769
"ZAF","South Africa","South Africa","Sub Saharan Africa","wdi_real_gdp_per_capita_growth","WDI real GDP per capita growth",15,"2009-2013","expansion",2009,2013,"2009-01-01","2013-01-01",4,0.0135795142888402,0.0553814570763485,146.416693409039,154.525463230332,105.538145707635
"ZAF","South Africa","South Africa","Sub Saharan Africa","wdi_real_gdp_per_capita_growth","WDI real GDP per capita growth",16,"2013-2016","contraction",2013,2016,"2013-01-01","2016-01-01",3,-0.00409745245266312,-0.0122481215837575,154.525463230332,152.632816568901,98.7751878416242
"ZAF","South Africa","South Africa","Sub Saharan Africa","wdi_real_gdp_per_capita_growth","WDI real GDP per capita growth",17,"2016-2017","expansion",2016,2017,"2016-01-01","2017-01-01",1,0.0049869596172698,0.0049869596172698,152.632816568901,153.3939902614,100.498695961727
"ZAF","South Africa","South Africa","Sub Saharan Africa","wdi_real_gdp_per_capita_growth","WDI real GDP per capita growth",18,"2017-2020","contraction",2017,2020,"2017-01-01","2020-01-01",3,-0.0306552639670596,-0.0907827577602314,153.3939902614,139.468460801624,90.9217242239769
"ZAF","South Africa","South Africa","Sub Saharan Africa","wdi_real_gdp_per_capita_growth","WDI real GDP per capita growth",19,"2020-2022","expansion",2020,2022,"2020-01-01","2022-01-01",2,0.0194041884967618,0.0390119240054898,139.468460801624,144.90939379558,103.901192400549
"ZAF","South Africa","South Africa","Sub Saharan Africa","wdi_real_gdp_per_capita_growth","WDI real GDP per capita growth",20,"2022-2024","contraction",2022,2024,"2022-01-01","2024-01-01",2,-0.00618694612851733,-0.0123365134829528,144.90939379558,143.121717105214,98.7663486517047
"ZMB","Zambia","Zambia","Sub Saharan Africa","wdi_real_gdp_per_capita_growth","WDI real GDP per capita growth",1,"1961-1962","contraction",1961,1962,"1961-01-01","1962-01-01",1,-0.0551106619023926,-0.0551106619023924,98.2353662031649,92.8215501494846,94.4889338097608
"ZMB","Zambia","Zambia","Sub Saharan Africa","wdi_real_gdp_per_capita_growth","WDI real GDP per capita growth",2,"1962-1965","expansion",1962,1965,"1962-01-01","1965-01-01",3,0.0726682846642249,0.229499701931202,92.8215501494846,114.124068241583,122.94997019312
"ZMB","Zambia","Zambia","Sub Saharan Africa","wdi_real_gdp_per_capita_growth","WDI real GDP per capita growth",3,"1965-1966","contraction",1965,1966,"1965-01-01","1966-01-01",1,-0.0854085446942511,-0.0854085446942511,114.124068241583,104.376897658482,91.4591455305749
"ZMB","Zambia","Zambia","Sub Saharan Africa","wdi_real_gdp_per_capita_growth","WDI real GDP per capita growth",4,"1966-1967","expansion",1966,1967,"1966-01-01","1967-01-01",1,0.0451076211164238,0.0451076211164239,104.376897658482,109.085091211369,104.510762111642
"ZMB","Zambia","Zambia","Sub Saharan Africa","wdi_real_gdp_per_capita_growth","WDI real GDP per capita growth",5,"1967-1969","contraction",1967,1969,"1967-01-01","1969-01-01",2,-0.0276367505297427,-0.0545726278819364,109.085091211369,103.132031121224,94.5427372118064
"ZMB","Zambia","Zambia","Sub Saharan Africa","wdi_real_gdp_per_capita_growth","WDI real GDP per capita growth",6,"1969-1970","expansion",1969,1970,"1969-01-01","1970-01-01",1,0.0177564554646573,0.0177564554646572,103.132031121224,104.963290438808,101.775645546466
"ZMB","Zambia","Zambia","Sub Saharan Africa","wdi_real_gdp_per_capita_growth","WDI real GDP per capita growth",7,"1970-1971","contraction",1970,1971,"1970-01-01","1971-01-01",1,-0.0280303176137348,-0.0280303176137348,104.963290438808,102.021136070025,97.1969682386265
"ZMB","Zambia","Zambia","Sub Saharan Africa","wdi_real_gdp_per_capita_growth","WDI real GDP per capita growth",8,"1971-1972","expansion",1971,1972,"1971-01-01","1972-01-01",1,0.0617866150360003,0.0617866150360002,102.021136070025,108.324676729919,106.1786615036
"ZMB","Zambia","Zambia","Sub Saharan Africa","wdi_real_gdp_per_capita_growth","WDI real GDP per capita growth",9,"1972-1973","contraction",1972,1973,"1972-01-01","1973-01-01",1,-0.0377109414566878,-0.0377109414566877,108.324676729919,104.239651187443,96.2289058543312
"ZMB","Zambia","Zambia","Sub Saharan Africa","wdi_real_gdp_per_capita_growth","WDI real GDP per capita growth",10,"1973-1974","expansion",1973,1974,"1973-01-01","1974-01-01",1,0.0335023893693798,0.0335023893693795,104.239651187443,107.731928569253,103.350238936938
"ZMB","Zambia","Zambia","Sub Saharan Africa","wdi_real_gdp_per_capita_growth","WDI real GDP per capita growth",11,"1974-1975","contraction",1974,1975,"1974-01-01","1975-01-01",1,-0.0515497800444783,-0.0515497800444782,107.731928569253,102.17837134774,94.8450219955522
"ZMB","Zambia","Zambia","Sub Saharan Africa","wdi_real_gdp_per_capita_growth","WDI real GDP per capita growth",12,"1975-1976","expansion",1975,1976,"1975-01-01","1976-01-01",1,0.0304589479742205,0.0304589479742206,102.17837134774,105.290617044712,103.045894797422
"ZMB","Zambia","Zambia","Sub Saharan Africa","wdi_real_gdp_per_capita_growth","WDI real GDP per capita growth",13,"1976-1980","contraction",1976,1980,"1976-01-01","1980-01-01",4,-0.0393842033106607,-0.150019411997716,105.290617044712,89.4949805867872,84.9980588002284
"ZMB","Zambia","Zambia","Sub Saharan Africa","wdi_real_gdp_per_capita_growth","WDI real GDP per capita growth",14,"1980-1981","expansion",1980,1981,"1980-01-01","1981-01-01",1,0.0296593174440794,0.0296593174440796,89.4949805867872,92.1493406256624,102.965931744408
"ZMB","Zambia","Zambia","Sub Saharan Africa","wdi_real_gdp_per_capita_growth","WDI real GDP per capita growth",15,"1981-1987","contraction",1981,1987,"1981-01-01","1987-01-01",6,-0.0303261334199072,-0.169747257404589,92.1493406256624,76.507242782815,83.0252742595411
"ZMB","Zambia","Zambia","Sub Saharan Africa","wdi_real_gdp_per_capita_growth","WDI real GDP per capita growth",16,"1987-1988","expansion",1987,1988,"1987-01-01","1988-01-01",1,0.0340269789036691,0.0340269789036693,76.507242782815,79.1105531189638,103.402697890367
"ZMB","Zambia","Zambia","Sub Saharan Africa","wdi_real_gdp_per_capita_growth","WDI real GDP per capita growth",17,"1988-1992","contraction",1988,1992,"1988-01-01","1992-01-01",4,-0.0329012064551377,-0.125318875436905,79.1105531189638,69.1965075669037,87.4681124563095
"ZMB","Zambia","Zambia","Sub Saharan Africa","wdi_real_gdp_per_capita_growth","WDI real GDP per capita growth",18,"1992-1993","expansion",1992,1993,"1992-01-01","1993-01-01",1,0.0428174982443221,0.0428174982443221,69.1965075669037,72.1593289081628,104.281749824432
"ZMB","Zambia","Zambia","Sub Saharan Africa","wdi_real_gdp_per_capita_growth","WDI real GDP per capita growth",19,"1993-1994","contraction",1993,1994,"1993-01-01","1994-01-01",1,-0.107813280458849,-0.107813280458849,72.1593289081628,64.3795949428647,89.2186719541151
"ZMB","Zambia","Zambia","Sub Saharan Africa","wdi_real_gdp_per_capita_growth","WDI real GDP per capita growth",20,"1994-1997","expansion",1994,1997,"1994-01-01","1997-01-01",3,0.0176092659665472,0.0534800977441419,64.3795949428647,67.8226219731374,105.348009774414
"ZMB","Zambia","Zambia","Sub Saharan Africa","wdi_real_gdp_per_capita_growth","WDI real GDP per capita growth",21,"1997-1998","contraction",1997,1998,"1997-01-01","1998-01-01",1,-0.0296313567721118,-0.0296313567721119,67.8226219731374,65.8129456642313,97.0368643227888
"ZMB","Zambia","Zambia","Sub Saharan Africa","wdi_real_gdp_per_capita_growth","WDI real GDP per capita growth",22,"1998-2014","expansion",1998,2014,"1998-01-01","2014-01-01",16,0.0323727516149757,0.661856554271374,65.8129456642313,109.371675108009,166.185655427137
"ZMB","Zambia","Zambia","Sub Saharan Africa","wdi_real_gdp_per_capita_growth","WDI real GDP per capita growth",23,"2014-2015","contraction",2014,2015,"2014-01-01","2015-01-01",1,-0.00241301067013211,-0.002413010670132,109.371675108009,109.107760088963,99.7586989329868
"ZMB","Zambia","Zambia","Sub Saharan Africa","wdi_real_gdp_per_capita_growth","WDI real GDP per capita growth",24,"2015-2018","expansion",2015,2018,"2015-01-01","2018-01-01",3,0.00648697079765905,0.0195794453887133,109.107760088963,111.244029519109,101.957944538871
"ZMB","Zambia","Zambia","Sub Saharan Africa","wdi_real_gdp_per_capita_growth","WDI real GDP per capita growth",25,"2018-2020","contraction",2018,2020,"2018-01-01","2020-01-01",2,-0.0354334226763438,-0.0700211345135456,111.244029519109,103.454596364323,92.9978865486454
"ZMB","Zambia","Zambia","Sub Saharan Africa","wdi_real_gdp_per_capita_growth","WDI real GDP per capita growth",26,"2020-2024","expansion",2020,2024,"2020-01-01","2024-01-01",4,0.0225880799765068,0.0933111391520198,103.454596364323,113.10806260159,109.331113915202
"ZWE","Zimbabwe","Zimbabwe","Sub Saharan Africa","wdi_real_gdp_per_capita_growth","WDI real GDP per capita growth",1,"1961-1962","contraction",1961,1962,"1961-01-01","1962-01-01",1,-0.0170557793649529,-0.0170557793649531,103.042819298504,101.285343707406,98.2944220635047
"ZWE","Zimbabwe","Zimbabwe","Sub Saharan Africa","wdi_real_gdp_per_capita_growth","WDI real GDP per capita growth",2,"1962-1963","expansion",1962,1963,"1962-01-01","1963-01-01",1,0.0294681504005302,0.0294681504005303,101.285343707406,104.270035449145,102.946815040053
"ZWE","Zimbabwe","Zimbabwe","Sub Saharan Africa","wdi_real_gdp_per_capita_growth","WDI real GDP per capita growth",3,"1963-1964","contraction",1963,1964,"1963-01-01","1964-01-01",1,-0.0417666071409528,-0.0417666071409527,104.270035449145,99.9150298419671,95.8233392859047
"ZWE","Zimbabwe","Zimbabwe","Sub Saharan Africa","wdi_real_gdp_per_capita_growth","WDI real GDP per capita growth",4,"1964-1965","expansion",1964,1965,"1964-01-01","1965-01-01",1,0.0165260899408277,0.0165260899408277,99.9150298419671,101.566234611576,101.652608994083
"ZWE","Zimbabwe","Zimbabwe","Sub Saharan Africa","wdi_real_gdp_per_capita_growth","WDI real GDP per capita growth",5,"1965-1966","contraction",1965,1966,"1965-01-01","1966-01-01",1,-0.0162667456250547,-0.0162667456250548,101.566234611576,99.9140825090548,98.3733254374945
"ZWE","Zimbabwe","Zimbabwe","Sub Saharan Africa","wdi_real_gdp_per_capita_growth","WDI real GDP per capita growth",6,"1966-1967","expansion",1966,1967,"1966-01-01","1967-01-01",1,0.050100854314199,0.050100854314199,99.9140825090548,104.919863400778,105.01008543142
"ZWE","Zimbabwe","Zimbabwe","Sub Saharan Africa","wdi_real_gdp_per_capita_growth","WDI real GDP per capita growth",7,"1967-1968","contraction",1967,1968,"1967-01-01","1968-01-01",1,-0.0119550373833118,-0.0119550373833118,104.919863400778,103.66554251157,98.8044962616688
"ZWE","Zimbabwe","Zimbabwe","Sub Saharan Africa","wdi_real_gdp_per_capita_growth","WDI real GDP per capita growth",8,"1968-1972","expansion",1968,1972,"1968-01-01","1972-01-01",4,0.0963293315190745,0.437546606920999,103.66554251157,149.024048892131,143.7546606921
"ZWE","Zimbabwe","Zimbabwe","Sub Saharan Africa","wdi_real_gdp_per_capita_growth","WDI real GDP per capita growth",9,"1972-1973","contraction",1972,1973,"1972-01-01","1973-01-01",1,-0.00587268320556561,-0.00587268320556544,149.024048892131,148.148877862977,99.4127316794435
"ZWE","Zimbabwe","Zimbabwe","Sub Saharan Africa","wdi_real_gdp_per_capita_growth","WDI real GDP per capita growth",10,"1973-1974","expansion",1973,1974,"1973-01-01","1974-01-01",1,0.0323376685560504,0.0323376685560501,148.148877862977,152.939667172261,103.233766855605
"ZWE","Zimbabwe","Zimbabwe","Sub Saharan Africa","wdi_real_gdp_per_capita_growth","WDI real GDP per capita growth",11,"1974-1978","contraction",1974,1978,"1974-01-01","1978-01-01",4,-0.0521245551062583,-0.193862250254076,152.939667172261,123.290439141137,80.6137749745924
"ZWE","Zimbabwe","Zimbabwe","Sub Saharan Africa","wdi_real_gdp_per_capita_growth","WDI real GDP per capita growth",12,"1978-1981","expansion",1978,1981,"1978-01-01","1981-01-01",3,0.0512207743483132,0.1605822604302,123.290439141137,143.088696547853,116.05822604302
"ZWE","Zimbabwe","Zimbabwe","Sub Saharan Africa","wdi_real_gdp_per_capita_growth","WDI real GDP per capita growth",13,"1981-1984","contraction",1981,1984,"1981-01-01","1984-01-01",3,-0.0294065256235882,-0.0860907717735323,143.088696547853,130.770080229979,91.3909228226468
"ZWE","Zimbabwe","Zimbabwe","Sub Saharan Africa","wdi_real_gdp_per_capita_growth","WDI real GDP per capita growth",14,"1984-1985","expansion",1984,1985,"1984-01-01","1985-01-01",1,0.0330860657633907,0.0330860657633905,130.770080229979,135.096747704352,103.308606576339
"ZWE","Zimbabwe","Zimbabwe","Sub Saharan Africa","wdi_real_gdp_per_capita_growth","WDI real GDP per capita growth",15,"1985-1987","contraction",1985,1987,"1985-01-01","1987-01-01",2,-0.0170141523465056,-0.0337580672415611,135.096747704352,130.536142611233,96.6241932758439
"ZWE","Zimbabwe","Zimbabwe","Sub Saharan Africa","wdi_real_gdp_per_capita_growth","WDI real GDP per capita growth",16,"1987-1991","expansion",1987,1991,"1987-01-01","1991-01-01",4,0.0333238195858529,0.139951173895628,130.536142611233,148.804829005482,113.995117389563
"ZWE","Zimbabwe","Zimbabwe","Sub Saharan Africa","wdi_real_gdp_per_capita_growth","WDI real GDP per capita growth",17,"1991-1993","contraction",1991,1993,"1991-01-01","1993-01-01",2,-0.0598141639740875,-0.119149166629872,148.804829005482,131.074857638978,88.0850833370128
"ZWE","Zimbabwe","Zimbabwe","Sub Saharan Africa","wdi_real_gdp_per_capita_growth","WDI real GDP per capita growth",18,"1993-1994","expansion",1993,1994,"1993-01-01","1994-01-01",1,0.0910603987351351,0.0910603987351351,131.074857638978,143.010586439734,109.106039873514
"ZWE","Zimbabwe","Zimbabwe","Sub Saharan Africa","wdi_real_gdp_per_capita_growth","WDI real GDP per capita growth",19,"1994-1995","contraction",1994,1995,"1994-01-01","1995-01-01",1,-0.0076784253577739,-0.00767842535777397,143.010586439734,141.912490326385,99.2321574642226
"ZWE","Zimbabwe","Zimbabwe","Sub Saharan Africa","wdi_real_gdp_per_capita_growth","WDI real GDP per capita growth",20,"1995-1998","expansion",1995,1998,"1995-01-01","1998-01-01",3,0.0340248612884493,0.103571092571914,141.912490326385,156.61052199909,110.357109257191
"ZWE","Zimbabwe","Zimbabwe","Sub Saharan Africa","wdi_real_gdp_per_capita_growth","WDI real GDP per capita growth",21,"1998-2000","contraction",1998,2000,"1998-01-01","2000-01-01",2,-0.0317722352312051,-0.0625938471760521,156.61052199909,146.807666918918,93.7406152823948
"ZWE","Zimbabwe","Zimbabwe","Sub Saharan Africa","wdi_real_gdp_per_capita_growth","WDI real GDP per capita growth",22,"2000-2001","expansion",2000,2001,"2000-01-01","2001-01-01",1,0.00762971447403842,0.00762971447403871,146.807666918918,147.927767500109,100.762971447404
"ZWE","Zimbabwe","Zimbabwe","Sub Saharan Africa","wdi_real_gdp_per_capita_growth","WDI real GDP per capita growth",23,"2001-2008","contraction",2001,2008,"2001-01-01","2008-01-01",7,-0.0990946492907826,-0.524866709567101,147.927767500109,70.2854069187195,47.5133290432899
"ZWE","Zimbabwe","Zimbabwe","Sub Saharan Africa","wdi_real_gdp_per_capita_growth","WDI real GDP per capita growth",24,"2008-2015","expansion",2008,2015,"2008-01-01","2015-01-01",7,0.0834216221439916,0.727333364318983,70.2854069187195,121.40632839544,172.733336431898
"ZWE","Zimbabwe","Zimbabwe","Sub Saharan Africa","wdi_real_gdp_per_capita_growth","WDI real GDP per capita growth",25,"2015-2016","contraction",2015,2016,"2015-01-01","2016-01-01",1,-0.00633234613329265,-0.00633234613329292,121.40632839544,120.637541501268,99.3667653866707
"ZWE","Zimbabwe","Zimbabwe","Sub Saharan Africa","wdi_real_gdp_per_capita_growth","WDI real GDP per capita growth",26,"2016-2018","expansion",2016,2018,"2016-01-01","2018-01-01",2,0.0334682102713976,0.0680552709580156,120.637541501268,128.847562075846,106.805527095802
"ZWE","Zimbabwe","Zimbabwe","Sub Saharan Africa","wdi_real_gdp_per_capita_growth","WDI real GDP per capita growth",27,"2018-2020","contraction",2018,2020,"2018-01-01","2020-01-01",2,-0.0855977751495792,-0.163928508813306,128.847562075846,107.725773360523,83.6071491186694
"ZWE","Zimbabwe","Zimbabwe","Sub Saharan Africa","wdi_real_gdp_per_capita_growth","WDI real GDP per capita growth",28,"2020-2023","expansion",2020,2023,"2020-01-01","2023-01-01",3,0.048514484087368,0.152461460064514,107.725773360523,124.149802053647,115.246146006451
"ZWE","Zimbabwe","Zimbabwe","Sub Saharan Africa","wdi_real_gdp_per_capita_growth","WDI real GDP per capita growth",29,"2023-2024","contraction",2023,2024,"2023-01-01","2024-01-01",1,-0.000530786093100204,-0.000530786093100311,124.149802053647,124.083905065256,99.94692139069
