Entity,Code,Year,Child mortality,GDP per capita,Population,World Bank's 2025 income classification
Afghanistan,AFG,1957,37.13238,,8588340,Low-income countries
Afghanistan,AFG,1958,36.523033,,8723412,Low-income countries
Afghanistan,AFG,1959,35.951195,,8869270,Low-income countries
Afghanistan,AFG,1960,35.31655,,9035048,Low-income countries
Afghanistan,AFG,1961,34.76084,,9214082,Low-income countries
Afghanistan,AFG,1962,34.226334,,9404410,Low-income countries
Afghanistan,AFG,1963,33.67793,,9604491,Low-income countries
Afghanistan,AFG,1964,33.166885,,9814317,Low-income countries
Afghanistan,AFG,1965,32.653263,,10036003,Low-income countries
Afghanistan,AFG,1966,32.1527,,10266397,Low-income countries
Afghanistan,AFG,1967,31.658115,,10505961,Low-income countries
Afghanistan,AFG,1968,31.160683,,10756924,Low-income countries
Afghanistan,AFG,1969,30.644571,,11017417,Low-income countries
Afghanistan,AFG,1970,30.158764,,11290134,Low-income countries
Afghanistan,AFG,1971,29.653446,,11567672,Low-income countries
Afghanistan,AFG,1972,29.135223,,11853698,Low-income countries
Afghanistan,AFG,1973,28.586727,,12158000,Low-income countries
Afghanistan,AFG,1974,28.062096,,12469127,Low-income countries
Afghanistan,AFG,1975,27.522802,,12773966,Low-income countries
Afghanistan,AFG,1976,26.971333,,13059861,Low-income countries
Afghanistan,AFG,1977,26.380867,,13340758,Low-income countries
Afghanistan,AFG,1978,25.785753,,13611444,Low-income countries
Afghanistan,AFG,1979,25.193243,,13655575,Low-income countries
Afghanistan,AFG,1980,24.570944,,13169313,Low-income countries
Afghanistan,AFG,1981,23.935354,,11937586,Low-income countries
Afghanistan,AFG,1982,27.991531,,10991380,Low-income countries
Afghanistan,AFG,1983,27.435047,,10917985,Low-income countries
Afghanistan,AFG,1984,30.912441,,11190222,Low-income countries
Afghanistan,AFG,1985,30.087952,,11426855,Low-income countries
Afghanistan,AFG,1986,25.313906,,11420074,Low-income countries
Afghanistan,AFG,1987,24.719217,,11387822,Low-income countries
Afghanistan,AFG,1988,21.835342,,11523299,Low-income countries
Afghanistan,AFG,1989,18.711542,,11874089,Low-income countries
Afghanistan,AFG,1990,18.065842,,12045664,Low-income countries
Afghanistan,AFG,1991,17.444633,,12238879,Low-income countries
Afghanistan,AFG,1992,16.852348,,13278983,Low-income countries
Afghanistan,AFG,1993,16.296701,,14943175,Low-income countries
Afghanistan,AFG,1994,15.774502,,16250800,Low-income countries
Afghanistan,AFG,1995,15.2845,,17065837,Low-income countries
Afghanistan,AFG,1996,14.831837,,17763266,Low-income countries
Afghanistan,AFG,1997,14.405286,,18452100,Low-income countries
Afghanistan,AFG,1998,13.986384,,19159996,Low-income countries
Afghanistan,AFG,1999,13.576357,,19887792,Low-income countries
Afghanistan,AFG,2000,13.165716,1617.8264,20130334,Low-income countries
Afghanistan,AFG,2001,12.74307,1454.1108,20284303,Low-income countries
Afghanistan,AFG,2002,12.314151,1774.3087,21378123,Low-income countries
Afghanistan,AFG,2003,11.873096,1815.9282,22733053,Low-income countries
Afghanistan,AFG,2004,11.42366,1776.9182,23560656,Low-income countries
Afghanistan,AFG,2005,10.965268,1908.1147,24404575,Low-income countries
Afghanistan,AFG,2006,10.508516,1929.7239,25424100,Low-income countries
Afghanistan,AFG,2007,10.067157,2155.353,25909852,Low-income countries
Afghanistan,AFG,2008,9.634356,2191.5044,26482631,Low-income countries
Afghanistan,AFG,2009,9.220382,2565.022,27466102,Low-income countries
Afghanistan,AFG,2010,8.830161,2848.5862,28284088,Low-income countries
Afghanistan,AFG,2011,8.462793,2757.0525,29347708,Low-income countries
Afghanistan,AFG,2012,8.120856,2985.319,30560036,Low-income countries
Afghanistan,AFG,2013,7.802299,3046.5798,31622709,Low-income countries
Afghanistan,AFG,2014,7.5123625,3017.9426,32792528,Low-income countries
Afghanistan,AFG,2015,7.2438707,2967.6921,33831767,Low-income countries
Afghanistan,AFG,2016,6.997004,2958.7854,34700613,Low-income countries
Afghanistan,AFG,2017,6.763737,2952.999,35688941,Low-income countries
Afghanistan,AFG,2018,6.5429897,2902.392,36743040,Low-income countries
Afghanistan,AFG,2019,6.332432,2927.245,37856125,Low-income countries
Afghanistan,AFG,2020,6.1305537,2769.6858,39068977,Low-income countries
Afghanistan,AFG,2021,5.9335427,2144.1665,40000410,Low-income countries
Afghanistan,AFG,2022,5.7390637,1981.7102,40578847,Low-income countries
Afghanistan,AFG,2023,5.5507865,1983.8126,41454762,Low-income countries
Africa,OWID_AFR,1966,25.951874,,329207333,
Africa,OWID_AFR,1967,25.337019,,337767952,
Africa,OWID_AFR,1968,24.727356,,346674276,
Africa,OWID_AFR,1969,24.38778,,355911162,
Africa,OWID_AFR,1970,24.004154,,365456903,
Africa,OWID_AFR,1971,23.609362,,375228323,
Africa,OWID_AFR,1972,23.265722,,385211089,
Africa,OWID_AFR,1973,22.761547,,395717739,
Africa,OWID_AFR,1974,22.024858,,406762881,
Africa,OWID_AFR,1975,21.513752,,418322666,
Africa,OWID_AFR,1976,20.702244,,430382650,
Africa,OWID_AFR,1977,20.188063,,442542565,
Africa,OWID_AFR,1978,19.680079,,455417592,
Africa,OWID_AFR,1979,19.18067,,469072946,
Africa,OWID_AFR,1980,18.777973,,482922202,
Africa,OWID_AFR,1981,18.303226,,497487390,
Africa,OWID_AFR,1982,17.886612,,512805436,
Africa,OWID_AFR,1983,18.273657,,528042881,
Africa,OWID_AFR,1984,17.858732,,543411002,
Africa,OWID_AFR,1985,17.452759,,559417482,
Africa,OWID_AFR,1986,16.981216,,575715653,
Africa,OWID_AFR,1987,16.183811,,592341398,
Africa,OWID_AFR,1988,16.242432,,609119477,
Africa,OWID_AFR,1989,15.642093,,626082685,
Africa,OWID_AFR,1990,15.422399,,643490587,
Africa,OWID_AFR,1991,15.500279,,660810865,
Africa,OWID_AFR,1992,15.350199,,678257033,
Africa,OWID_AFR,1993,14.913836,,696302246,
Africa,OWID_AFR,1994,14.800535,,714183914,
Africa,OWID_AFR,1995,14.430265,,732395090,
Africa,OWID_AFR,1996,14.180346,,751187001,
Africa,OWID_AFR,1997,13.891795,,770098458,
Africa,OWID_AFR,1998,13.68979,,789672411,
Africa,OWID_AFR,1999,13.1611395,,809745318,
Africa,OWID_AFR,2000,12.747839,,830226481,
Africa,OWID_AFR,2001,12.320209,,851317075,
Africa,OWID_AFR,2002,11.855377,,873025213,
Africa,OWID_AFR,2003,11.413961,,895336412,
Africa,OWID_AFR,2004,11.020451,,918363272,
Africa,OWID_AFR,2005,10.585162,,942115143,
Africa,OWID_AFR,2006,10.118555,,966491337,
Africa,OWID_AFR,2007,9.70598,,991615906,
Africa,OWID_AFR,2008,9.30388,,1017632831,
Africa,OWID_AFR,2009,9.084125,,1044356804,
Africa,OWID_AFR,2010,8.63882,,1071809929,
Africa,OWID_AFR,2011,8.530827,,1099732995,
Africa,OWID_AFR,2012,8.069806,,1128396676,
Africa,OWID_AFR,2013,7.793536,,1158293959,
Africa,OWID_AFR,2014,7.6755853,,1188685762,
Africa,OWID_AFR,2015,7.493753,,1219484027,
Africa,OWID_AFR,2016,7.311341,,1250551239,
Africa,OWID_AFR,2017,7.1680436,,1282169538,
Africa,OWID_AFR,2018,6.8300962,,1314609397,
Africa,OWID_AFR,2019,6.6576624,,1347162538,
Africa,OWID_AFR,2020,6.4320083,,1379939686,
Africa,OWID_AFR,2021,6.271134,,1412811077,
Africa,OWID_AFR,2022,6.2169724,,1445862695,
Africa,OWID_AFR,2023,5.9054284,,1479690254,
Albania,ALB,1978,9.617006,,2624620,Upper-middle-income countries
Albania,ALB,1979,8.83767,,2681393,Upper-middle-income countries
Albania,ALB,1980,8.122239,,2735424,Upper-middle-income countries
Albania,ALB,1981,7.487396,,2790413,Upper-middle-income countries
Albania,ALB,1982,6.8969345,,2846910,Upper-middle-income countries
Albania,ALB,1983,6.3730793,,2905128,Upper-middle-income countries
Albania,ALB,1984,5.90122,,2964961,Upper-middle-income countries
Albania,ALB,1985,5.476792,,3026245,Upper-middle-income countries
Albania,ALB,1986,5.1101565,,3087658,Upper-middle-income countries
Albania,ALB,1987,4.789001,,3148843,Upper-middle-income countries
Albania,ALB,1988,4.5108523,,3212924,Upper-middle-income countries
Albania,ALB,1989,4.2771726,,3260369,Upper-middle-income countries
Albania,ALB,1990,4.0771465,5560.857,3277965,Upper-middle-income countries
Albania,ALB,1991,3.900312,4027.9055,3282608,Upper-middle-income countries
Albania,ALB,1992,3.7562845,3761.1555,3282506,Upper-middle-income countries
Albania,ALB,1993,3.6189623,4145.92,3277831,Upper-middle-income countries
Albania,ALB,1994,3.4914486,4517.799,3269417,Upper-middle-income countries
Albania,ALB,1995,3.3639576,5151.3975,3258573,Upper-middle-income countries
Albania,ALB,1996,3.238855,5563.793,3245680,Upper-middle-income countries
Albania,ALB,1997,3.108678,4943.004,3229665,Upper-middle-income countries
Albania,ALB,1998,2.977919,5387.5684,3210134,Upper-middle-income countries
Albania,ALB,1999,2.8432622,6086.009,3188598,Upper-middle-income countries
Albania,ALB,2000,2.7098463,6582.0166,3166147,Upper-middle-income countries
Albania,ALB,2001,2.571737,7232.9907,3147943,Upper-middle-income countries
Albania,ALB,2002,2.4314308,7590.49,3134095,Upper-middle-income countries
Albania,ALB,2003,2.2880125,8025.2812,3118093,Upper-middle-income countries
Albania,ALB,2004,2.1426332,8483.294,3098662,Upper-middle-income countries
Albania,ALB,2005,1.9955758,8964.318,3076156,Upper-middle-income countries
Albania,ALB,2006,1.8505739,9564.029,3050805,Upper-middle-income countries
Albania,ALB,2007,1.7096083,10262.967,3022887,Upper-middle-income countries
Albania,ALB,2008,1.5753251,11056.352,2992933,Upper-middle-income countries
Albania,ALB,2009,1.4482747,11430.622,2961487,Upper-middle-income countries
Albania,ALB,2010,1.328039,11829.054,2928731,Upper-middle-income countries
Albania,ALB,2011,1.2169338,12153.114,2911499,Upper-middle-income countries
Albania,ALB,2012,1.1217602,12463.57,2910003,Upper-middle-income countries
Albania,ALB,2013,1.0472205,12873.483,2907571,Upper-middle-income countries
Albania,ALB,2014,0.9925917,13366.56,2903748,Upper-middle-income countries
Albania,ALB,2015,0.9578259,13876.819,2898634,Upper-middle-income countries
Albania,ALB,2016,0.93988985,14643.489,2897868,Upper-middle-income countries
Albania,ALB,2017,0.9336675,15359.461,2898245,Upper-middle-income countries
Albania,ALB,2018,0.93429387,16170.99,2894229,Upper-middle-income countries
Albania,ALB,2019,0.9386445,16761.193,2885011,Upper-middle-income countries
Albania,ALB,2020,0.9433166,16457.787,2871950,Upper-middle-income countries
Albania,ALB,2021,0.9465055,18212.871,2849641,Upper-middle-income countries
Albania,ALB,2022,0.94457114,19388.873,2827614,Upper-middle-income countries
Albania,ALB,2023,0.9370933,20481.035,2811660,Upper-middle-income countries
Albania,ALB,2024,,21641.074,2811660,Upper-middle-income countries
Algeria,DZA,1954,24.202318,,10014393,Upper-middle-income countries
Algeria,DZA,1955,24.153305,,10247429,Upper-middle-income countries
Algeria,DZA,1956,24.074903,,10482183,Upper-middle-income countries
Algeria,DZA,1957,24.016382,,10717503,Upper-middle-income countries
Algeria,DZA,1958,23.987883,,10953641,Upper-middle-income countries
Algeria,DZA,1959,23.95028,,11189621,Upper-middle-income countries
Algeria,DZA,1960,23.955975,,11424930,Upper-middle-income countries
Algeria,DZA,1961,23.993824,,11628877,Upper-middle-income countries
Algeria,DZA,1962,24.09381,,11800768,Upper-middle-income countries
Algeria,DZA,1963,24.203918,,11982121,Upper-middle-income countries
Algeria,DZA,1964,24.324844,,12179807,Upper-middle-income countries
Algeria,DZA,1965,24.469,,12365979,Upper-middle-income countries
Algeria,DZA,1966,24.580713,,12590068,Upper-middle-income countries
Algeria,DZA,1967,24.616829,,12876115,Upper-middle-income countries
Algeria,DZA,1968,24.566874,,13172615,Upper-middle-income countries
Algeria,DZA,1969,24.41472,,13475959,Upper-middle-income countries
Algeria,DZA,1970,24.107986,,13783722,Upper-middle-income countries
Algeria,DZA,1971,23.665953,,14098937,Upper-middle-income countries
Algeria,DZA,1972,23.103058,,14427075,Upper-middle-income countries
Algeria,DZA,1973,22.437082,,14771150,Upper-middle-income countries
Algeria,DZA,1974,21.677132,,15133508,Upper-middle-income countries
Algeria,DZA,1975,20.846615,,15678603,Upper-middle-income countries
Algeria,DZA,1976,19.952932,,16409171,Upper-middle-income countries
Algeria,DZA,1977,19.018974,,17015988,Upper-middle-income countries
Algeria,DZA,1978,18.018059,,17506977,Upper-middle-income countries
Algeria,DZA,1979,16.885098,,18036655,Upper-middle-income countries
Algeria,DZA,1980,15.558591,,18607175,Upper-middle-income countries
Algeria,DZA,1981,14.027447,,19220708,Upper-middle-income countries
Algeria,DZA,1982,12.305085,,19872353,Upper-middle-income countries
Algeria,DZA,1983,10.521477,,20558120,Upper-middle-income countries
Algeria,DZA,1984,8.911387,,21271969,Upper-middle-income countries
Algeria,DZA,1985,7.6081715,,22008542,Upper-middle-income countries
Algeria,DZA,1986,6.6304755,,22745501,Upper-middle-income countries
Algeria,DZA,1987,5.959208,,23443627,Upper-middle-income countries
Algeria,DZA,1988,5.5473948,,24109538,Upper-middle-income countries
Algeria,DZA,1989,5.3047543,,24754488,Upper-middle-income countries
Algeria,DZA,1990,5.1698627,11728.546,25375815,Upper-middle-income countries
Algeria,DZA,1991,5.0935826,11314.864,25987937,Upper-middle-income countries
Algeria,DZA,1992,5.037371,11241.415,26628570,Upper-middle-income countries
Algeria,DZA,1993,4.9801607,10743.706,27277042,Upper-middle-income countries
Algeria,DZA,1994,4.9044476,10414.035,27887277,Upper-middle-income countries
Algeria,DZA,1995,4.8128357,10588.443,28470194,Upper-middle-income countries
Algeria,DZA,1996,4.702417,10808.879,29033045,Upper-middle-income countries
Algeria,DZA,1997,4.5780163,10725.968,29579299,Upper-middle-income countries
Algeria,DZA,1998,4.447211,11094.888,30054135,Upper-middle-income countries
Algeria,DZA,1999,4.309175,11292.037,30474360,Upper-middle-income countries
Algeria,DZA,2000,4.159833,11558.221,30903894,Upper-middle-income countries
Algeria,DZA,2001,4.0071454,11742.595,31331226,Upper-middle-income countries
Algeria,DZA,2002,3.8499603,12213.126,31750832,Upper-middle-income countries
Algeria,DZA,2003,3.6954188,12835.182,32175813,Upper-middle-income countries
Algeria,DZA,2004,3.5424197,13226.765,32628286,Upper-middle-income countries
Algeria,DZA,2005,3.395075,13738.496,33109258,Upper-middle-income countries
Algeria,DZA,2006,3.2562432,13920.694,33623505,Upper-middle-income countries
Algeria,DZA,2007,3.1259868,14114.675,34189420,Upper-middle-income countries
Algeria,DZA,2008,3.0093997,14206.776,34816963,Upper-middle-income countries
Algeria,DZA,2009,2.9039476,14104.428,35490442,Upper-middle-income countries
Algeria,DZA,2010,2.8108792,14496.421,36188237,Upper-middle-income countries
Algeria,DZA,2011,2.7297535,14641.964,36903374,Upper-middle-income countries
Algeria,DZA,2012,2.6584964,14697.54,37646165,Upper-middle-income countries
Algeria,DZA,2013,2.5957139,14778.191,38414176,Upper-middle-income countries
Algeria,DZA,2014,2.5413678,15073.763,39205035,Upper-middle-income countries
Algeria,DZA,2015,2.4929633,15239.518,40019528,Upper-middle-income countries
Algeria,DZA,2016,2.4478455,15511.686,40850719,Upper-middle-income countries
Algeria,DZA,2017,2.4048395,15427.664,41689302,Upper-middle-income countries
Algeria,DZA,2018,2.3650122,15343.426,42505033,Upper-middle-income countries
Algeria,DZA,2019,2.327008,15199.199,43294551,Upper-middle-income countries
Algeria,DZA,2020,2.2933464,14194.155,44042094,Upper-middle-income countries
Algeria,DZA,2021,2.2591164,14496.865,44761099,Upper-middle-income countries
Algeria,DZA,2022,2.2300646,14782.2,45477391,Upper-middle-income countries
Algeria,DZA,2023,2.2000775,15159.324,46164222,Upper-middle-income countries
Algeria,DZA,2024,,15501.92,46164222,Upper-middle-income countries
Andorra,AND,1985,1.72231,,43845,High-income countries
Andorra,AND,1986,1.6306404,,45758,High-income countries
Andorra,AND,1987,1.5436304,,47677,High-income countries
Andorra,AND,1988,1.4476495,,49441,High-income countries
Andorra,AND,1989,1.374395,,50638,High-income countries
Andorra,AND,1990,1.3081735,50036.3,52616,High-income countries
Andorra,AND,1991,1.2334914,47624.97,56691,High-income countries
Andorra,AND,1992,1.1646508,45246.53,60217,High-income countries
Andorra,AND,1993,1.1042455,42605.66,63293,High-income countries
Andorra,AND,1994,1.0471314,42716.367,64631,High-income countries
Andorra,AND,1995,0.99124944,44375.023,63936,High-income countries
Andorra,AND,1996,0.935909,46386.09,64006,High-income countries
Andorra,AND,1997,0.88922626,50032.35,64722,High-income countries
Andorra,AND,1998,0.8428682,51092.223,65400,High-income countries
Andorra,AND,1999,0.79965466,52921.047,65732,High-income countries
Andorra,AND,2000,0.7597609,54809.145,65703,High-income countries
Andorra,AND,2001,0.72384244,59109.016,65874,High-income countries
Andorra,AND,2002,0.6896324,61188.637,66528,High-income countries
Andorra,AND,2003,0.65663046,63656.195,69507,High-income countries
Andorra,AND,2004,0.6248444,64353.484,74342,High-income countries
Andorra,AND,2005,0.59626895,65114.805,77436,High-income countries
Andorra,AND,2006,0.56471974,66390.3,79609,High-income countries
Andorra,AND,2007,0.5363667,65534.117,81901,High-income countries
Andorra,AND,2008,0.50845176,60691.605,83513,High-income countries
Andorra,AND,2009,0.48256087,57203.973,83907,High-income countries
Andorra,AND,2010,0.4586564,58285.06,80727,High-income countries
Andorra,AND,2011,0.43601513,60470.465,77801,High-income countries
Andorra,AND,2012,0.4139674,58172.133,76858,High-income countries
Andorra,AND,2013,0.39355972,57332.16,75220,High-income countries
Andorra,AND,2014,0.3726861,59929.246,73755,High-income countries
Andorra,AND,2015,0.35412213,62105.152,72195,High-income countries
Andorra,AND,2016,0.33655414,64402.81,72197,High-income countries
Andorra,AND,2017,0.3210509,63239.656,73780,High-income countries
Andorra,AND,2018,0.3084017,63048.598,75181,High-income countries
Andorra,AND,2019,0.29661763,63215.9,76492,High-income countries
Andorra,AND,2020,0.28564772,55488.492,77397,High-income countries
Andorra,AND,2021,0.27630726,59332.203,78379,High-income countries
Andorra,AND,2022,0.2668502,63913.383,79722,High-income countries
Andorra,AND,2023,0.25775722,64631.297,80869,High-income countries
Andorra,AND,2024,,65928.305,80869,High-income countries
Angola,AGO,1980,23.813692,,8133867,Lower-middle-income countries
Angola,AGO,1981,23.531618,,8435605,Lower-middle-income countries
Angola,AGO,1982,23.288464,,8751653,Lower-middle-income countries
Angola,AGO,1983,23.004837,,9082985,Lower-middle-income countries
Angola,AGO,1984,22.802856,,9425921,Lower-middle-income countries
Angola,AGO,1985,22.632494,,9779125,Lower-middle-income countries
Angola,AGO,1986,22.50409,,10139459,Lower-middle-income countries
Angola,AGO,1987,22.396803,,10497863,Lower-middle-income countries
Angola,AGO,1988,22.324833,,10861299,Lower-middle-income countries
Angola,AGO,1989,22.283962,,11238562,Lower-middle-income countries
Angola,AGO,1990,22.270363,8368.723,11626361,Lower-middle-income countries
Angola,AGO,1991,22.254208,8172.5054,12023532,Lower-middle-income countries
Angola,AGO,1992,22.243095,7447.494,12423717,Lower-middle-income countries
Angola,AGO,1993,22.203936,5483.2773,12827136,Lower-middle-income countries
Angola,AGO,1994,22.16475,5379.475,13249763,Lower-middle-income countries
Angola,AGO,1995,22.065601,5983.184,13699780,Lower-middle-income countries
Angola,AGO,1996,21.892673,6567.6777,14170973,Lower-middle-income countries
Angola,AGO,1997,21.624767,6810.2163,14660419,Lower-middle-income countries
Angola,AGO,1998,21.256313,6895.026,15159378,Lower-middle-income countries
Angola,AGO,1999,20.816744,6817.057,15667235,Lower-middle-income countries
Angola,AGO,2000,20.300848,6796.4062,16194873,Lower-middle-income countries
Angola,AGO,2001,19.690477,6848.683,16747204,Lower-middle-income countries
Angola,AGO,2002,18.990728,7523.813,17327701,Lower-middle-income countries
Angola,AGO,2003,18.22487,7518.8896,17943718,Lower-middle-income countries
Angola,AGO,2004,17.378122,8081.757,18600426,Lower-middle-income countries
Angola,AGO,2005,16.502043,8895.377,19291160,Lower-middle-income countries
Angola,AGO,2006,15.546783,9588.822,20015281,Lower-middle-income countries
Angola,AGO,2007,14.601996,10437.59,20778570,Lower-middle-income countries
Angola,AGO,2008,13.696062,11134.705,21578656,Lower-middle-income countries
Angola,AGO,2009,12.82249,10933.271,22414775,Lower-middle-income countries
Angola,AGO,2010,11.98198,11077.13,23294822,Lower-middle-income countries
Angola,AGO,2011,11.205281,11037.639,24218358,Lower-middle-income countries
Angola,AGO,2012,10.479058,11519.993,25177398,Lower-middle-income countries
Angola,AGO,2013,9.828977,11626.1875,26165616,Lower-middle-income countries
Angola,AGO,2014,9.276769,11721.664,27160767,Lower-middle-income countries
Angola,AGO,2015,8.815326,11392.906,28157802,Lower-middle-income countries
Angola,AGO,2016,8.405661,10805.712,29183072,Lower-middle-income countries
Angola,AGO,2017,8.047296,10414.236,30234836,Lower-middle-income countries
Angola,AGO,2018,7.7254534,10000.944,31297160,Lower-middle-income countries
Angola,AGO,2019,7.4362893,9648.011,32375633,Lower-middle-income countries
Angola,AGO,2020,7.159693,8960.338,33451139,Lower-middle-income countries
Angola,AGO,2021,6.8997507,8862.281,34532427,Lower-middle-income countries
Angola,AGO,2022,6.6437044,8950.143,35635028,Lower-middle-income countries
Angola,AGO,2023,6.401257,8788.261,36749909,Lower-middle-income countries
Angola,AGO,2024,,8901.888,36749909,Lower-middle-income countries
Anguilla,AIA,1985,2.5010211,,6978,
Anguilla,AIA,1986,2.3705142,,7245,
Anguilla,AIA,1987,2.241823,,7519,
Anguilla,AIA,1988,2.1227226,,7807,
Anguilla,AIA,1989,2.0063655,,8116,
Anguilla,AIA,1990,1.9037544,,8422,
Anguilla,AIA,1991,1.8107805,,8728,
Anguilla,AIA,1992,1.7168256,,9005,
Anguilla,AIA,1993,1.6307299,,9252,
Anguilla,AIA,1994,1.5512288,,9489,
Anguilla,AIA,1995,1.4771645,,9738,
Anguilla,AIA,1996,1.41003,,10000,
Anguilla,AIA,1997,1.3477838,,10278,
Anguilla,AIA,1998,1.2895722,,10557,
Anguilla,AIA,1999,1.2383707,,10864,
Anguilla,AIA,2000,1.1902266,,11196,
Anguilla,AIA,2001,1.1460787,,11497,
Anguilla,AIA,2002,1.1035293,,11714,
Anguilla,AIA,2003,1.0645767,,11903,
Anguilla,AIA,2004,1.0289797,,12092,
Anguilla,AIA,2005,0.99632776,,12290,
Anguilla,AIA,2006,0.96635765,,12493,
Anguilla,AIA,2007,0.9350355,,12697,
Anguilla,AIA,2008,0.90674025,,12911,
Anguilla,AIA,2009,0.88079923,,13138,
Anguilla,AIA,2010,0.8552175,,13372,
Anguilla,AIA,2011,0.83111113,,13593,
Anguilla,AIA,2012,0.80817914,,13401,
Anguilla,AIA,2013,0.7860715,,13272,
Anguilla,AIA,2014,0.76392794,,13748,
Anguilla,AIA,2015,0.74037164,,14235,
Anguilla,AIA,2016,0.7180259,,14344,
Anguilla,AIA,2017,0.6964463,,14450,
Anguilla,AIA,2018,0.6747466,,14747,
Anguilla,AIA,2019,0.6562027,,14845,
Anguilla,AIA,2020,0.6356538,,14864,
Anguilla,AIA,2021,0.61424434,,14503,
Anguilla,AIA,2022,0.59431624,,14202,
Anguilla,AIA,2023,0.5765178,,14435,
Antigua and Barbuda,ATG,1949,12.2573595,,44883,High-income countries
Antigua and Barbuda,ATG,1950,11.912373,,45462,High-income countries
Antigua and Barbuda,ATG,1951,11.547882,,46444,High-income countries
Antigua and Barbuda,ATG,1952,11.19182,,47416,High-income countries
Antigua and Barbuda,ATG,1953,10.842217,,48400,High-income countries
Antigua and Barbuda,ATG,1954,10.494124,,49392,High-income countries
Antigua and Barbuda,ATG,1955,10.159133,,50395,High-income countries
Antigua and Barbuda,ATG,1956,9.8206005,,51400,High-income countries
Antigua and Barbuda,ATG,1957,9.483781,,52426,High-income countries
Antigua and Barbuda,ATG,1958,9.120799,,53473,High-income countries
Antigua and Barbuda,ATG,1959,8.71751,,54549,High-income countries
Antigua and Barbuda,ATG,1960,8.252691,,55621,High-income countries
Antigua and Barbuda,ATG,1961,7.7366915,,56554,High-income countries
Antigua and Barbuda,ATG,1962,7.180125,,57351,High-income countries
Antigua and Barbuda,ATG,1963,6.592878,,58157,High-income countries
Antigua and Barbuda,ATG,1964,5.9953628,,59035,High-income countries
Antigua and Barbuda,ATG,1965,5.406551,,59987,High-income countries
Antigua and Barbuda,ATG,1966,4.855059,,60911,High-income countries
Antigua and Barbuda,ATG,1967,4.3566256,,61857,High-income countries
Antigua and Barbuda,ATG,1968,3.9184194,,62832,High-income countries
Antigua and Barbuda,ATG,1969,3.542758,,63832,High-income countries
Antigua and Barbuda,ATG,1970,3.2271056,,64549,High-income countries
Antigua and Barbuda,ATG,1971,2.9629757,,64747,High-income countries
Antigua and Barbuda,ATG,1972,2.7426195,,64631,High-income countries
Antigua and Barbuda,ATG,1973,2.5572872,,64362,High-income countries
Antigua and Barbuda,ATG,1974,2.3965166,,64074,High-income countries
Antigua and Barbuda,ATG,1975,2.2488437,,63856,High-income countries
Antigua and Barbuda,ATG,1976,2.108631,,63779,High-income countries
Antigua and Barbuda,ATG,1977,1.9709992,,63882,High-income countries
Antigua and Barbuda,ATG,1978,1.8375609,,64055,High-income countries
Antigua and Barbuda,ATG,1979,1.7127486,,64297,High-income countries
Antigua and Barbuda,ATG,1980,1.5994399,,64531,High-income countries
Antigua and Barbuda,ATG,1981,1.4997836,,64686,High-income countries
Antigua and Barbuda,ATG,1982,1.4186993,,64802,High-income countries
Antigua and Barbuda,ATG,1983,1.356561,,64952,High-income countries
Antigua and Barbuda,ATG,1984,1.3128364,,64899,High-income countries
Antigua and Barbuda,ATG,1985,1.288394,,64606,High-income countries
Antigua and Barbuda,ATG,1986,1.2783005,,64292,High-income countries
Antigua and Barbuda,ATG,1987,1.2817508,,63964,High-income countries
Antigua and Barbuda,ATG,1988,1.2966119,,63641,High-income countries
Antigua and Barbuda,ATG,1989,1.3215163,,63346,High-income countries
Antigua and Barbuda,ATG,1990,1.3541257,21074.576,63087,High-income countries
Antigua and Barbuda,ATG,1991,1.3916557,21424.291,63406,High-income countries
Antigua and Barbuda,ATG,1992,1.4316782,21330.273,64422,High-income countries
Antigua and Barbuda,ATG,1993,1.47178,22051.438,65601,High-income countries
Antigua and Barbuda,ATG,1994,1.5072167,23081.664,66860,High-income countries
Antigua and Barbuda,ATG,1995,1.5355084,21639.602,68210,High-income countries
Antigua and Barbuda,ATG,1996,1.5523807,22597.314,69629,High-income countries
Antigua and Barbuda,ATG,1997,1.5536408,23350.309,71071,High-income countries
Antigua and Barbuda,ATG,1998,1.542985,23996.115,72430,High-income countries
Antigua and Barbuda,ATG,1999,1.5204697,24462.203,73681,High-income countries
Antigua and Barbuda,ATG,2000,1.4930061,25547.611,74929,High-income countries
Antigua and Barbuda,ATG,2001,1.4612161,24014.775,76082,High-income countries
Antigua and Barbuda,ATG,2002,1.4292018,23958.164,77049,High-income countries
Antigua and Barbuda,ATG,2003,1.396529,25136.002,77896,High-income countries
Antigua and Barbuda,ATG,2004,1.3640312,26303.617,78734,High-income countries
Antigua and Barbuda,ATG,2005,1.3324667,27692.635,79628,High-income countries
Antigua and Barbuda,ATG,2006,1.3006128,30827.342,80619,High-income countries
Antigua and Barbuda,ATG,2007,1.2711957,33245.27,81716,High-income countries
Antigua and Barbuda,ATG,2008,1.2447481,32756.307,82926,High-income countries
Antigua and Barbuda,ATG,2009,1.2186896,28405.69,84193,High-income countries
Antigua and Barbuda,ATG,2010,1.1944046,25826.61,85337,High-income countries
Antigua and Barbuda,ATG,2011,1.1727024,25023.918,86350,High-income countries
Antigua and Barbuda,ATG,2012,1.1522813,25592.906,87275,High-income countries
Antigua and Barbuda,ATG,2013,1.1334994,25206.846,88074,High-income countries
Antigua and Barbuda,ATG,2014,1.1159517,25557.525,88784,High-income countries
Antigua and Barbuda,ATG,2015,1.0970644,25734.152,89421,High-income countries
Antigua and Barbuda,ATG,2016,1.0809702,26627.715,89980,High-income countries
Antigua and Barbuda,ATG,2017,1.0640228,27199.195,90483,High-income countries
Antigua and Barbuda,ATG,2018,1.0479563,28878.607,90942,High-income countries
Antigua and Barbuda,ATG,2019,1.0279098,29651.863,91377,High-income countries
Antigua and Barbuda,ATG,2020,1.0062652,23930.672,91864,High-income countries
Antigua and Barbuda,ATG,2021,0.9827054,25745.496,92358,High-income countries
Antigua and Barbuda,ATG,2022,0.9583181,27941.785,92850,High-income countries
Antigua and Barbuda,ATG,2023,0.9331014,28474.045,93331,High-income countries
Antigua and Barbuda,ATG,2024,,29371.639,93331,High-income countries
Argentina,ARG,1969,7.247983,,23508716,Upper-middle-income countries
Argentina,ARG,1970,7.1702538,,23878330,Upper-middle-income countries
Argentina,ARG,1971,7.0836434,,24257212,Upper-middle-income countries
Argentina,ARG,1972,6.970385,,24644332,Upper-middle-income countries
Argentina,ARG,1973,6.817575,,25046007,Upper-middle-income countries
Argentina,ARG,1974,6.610052,,25461352,Upper-middle-income countries
Argentina,ARG,1975,6.333517,,25874106,Upper-middle-income countries
Argentina,ARG,1976,5.980978,,26282282,Upper-middle-income countries
Argentina,ARG,1977,5.5635114,,26701815,Upper-middle-income countries
Argentina,ARG,1978,5.120745,,27132162,Upper-middle-income countries
Argentina,ARG,1979,4.684173,,27568894,Upper-middle-income countries
Argentina,ARG,1980,4.2824655,,28011597,Upper-middle-income countries
Argentina,ARG,1981,3.9353552,,28463956,Upper-middle-income countries
Argentina,ARG,1982,3.6500154,,28924268,Upper-middle-income countries
Argentina,ARG,1983,3.4127042,,29391334,Upper-middle-income countries
Argentina,ARG,1984,3.2138765,,29863090,Upper-middle-income countries
Argentina,ARG,1985,3.0571265,,30336448,Upper-middle-income countries
Argentina,ARG,1986,2.9561875,,30811982,Upper-middle-income countries
Argentina,ARG,1987,2.910437,,31291764,Upper-middle-income countries
Argentina,ARG,1988,2.8972652,,31780534,Upper-middle-income countries
Argentina,ARG,1989,2.8927367,,32270958,Upper-middle-income countries
Argentina,ARG,1990,2.8787754,17007.285,32755907,Upper-middle-income countries
Argentina,ARG,1991,2.8361554,18295.61,33230293,Upper-middle-income countries
Argentina,ARG,1992,2.7582154,19476.283,33693532,Upper-middle-income countries
Argentina,ARG,1993,2.6561568,20791.346,34152719,Upper-middle-income countries
Argentina,ARG,1994,2.5418587,21711.844,34613492,Upper-middle-income countries
Argentina,ARG,1995,2.4235198,20819.5,35070016,Upper-middle-income countries
Argentina,ARG,1996,2.3050647,21695.596,35513795,Upper-middle-income countries
Argentina,ARG,1997,2.19156,23172.158,35947790,Upper-middle-income countries
Argentina,ARG,1998,2.0904315,23783.102,36372862,Upper-middle-income countries
Argentina,ARG,1999,2.0052316,22714.512,36794687,Upper-middle-income countries
Argentina,ARG,2000,1.9356622,22281.38,37213986,Upper-middle-income countries
Argentina,ARG,2001,1.8786215,21066.459,37624817,Upper-middle-income countries
Argentina,ARG,2002,1.830576,18571.701,38029345,Upper-middle-income countries
Argentina,ARG,2003,1.7830027,20005.139,38424283,Upper-middle-income countries
Argentina,ARG,2004,1.7294368,21591.45,38815915,Upper-middle-income countries
Argentina,ARG,2005,1.6733358,23262.408,39216786,Upper-middle-income countries
Argentina,ARG,2006,1.6229202,24877.25,39622113,Upper-middle-income countries
Argentina,ARG,2007,1.5797381,26850.664,40016767,Upper-middle-income countries
Argentina,ARG,2008,1.5388768,27658.484,40424151,Upper-middle-income countries
Argentina,ARG,2009,1.4944028,25747.197,40854832,Upper-middle-income countries
Argentina,ARG,2010,1.4440644,28056.258,41288694,Upper-middle-income countries
Argentina,ARG,2011,1.3882676,29425.76,41730655,Upper-middle-income countries
Argentina,ARG,2012,1.3286322,28825.967,42161718,Upper-middle-income countries
Argentina,ARG,2013,1.270497,29227.66,42582453,Upper-middle-income countries
Argentina,ARG,2014,1.2189811,28200.814,43024071,Upper-middle-income countries
Argentina,ARG,2015,1.1746546,28669.207,43477011,Upper-middle-income countries
Argentina,ARG,2016,1.1363106,27802.105,43900312,Upper-middle-income countries
Argentina,ARG,2017,1.1034559,28334.904,44288898,Upper-middle-income countries
Argentina,ARG,2018,1.074551,27367.115,44654876,Upper-middle-income countries
Argentina,ARG,2019,1.0483073,26629.553,44973469,Upper-middle-income countries
Argentina,ARG,2020,1.0258212,23877.094,45191960,Upper-middle-income countries
Argentina,ARG,2021,1.0046852,26300.273,45312282,Upper-middle-income countries
Argentina,ARG,2022,0.9845779,27825.027,45407904,Upper-middle-income countries
Argentina,ARG,2023,0.9648507,27230.396,45538402,Upper-middle-income countries
Argentina,ARG,2024,,26771.965,45538402,Upper-middle-income countries
Armenia,ARM,1976,8.672379,,2818168,Upper-middle-income countries
Armenia,ARM,1977,8.318928,,2912833,Upper-middle-income countries
Armenia,ARM,1978,7.98418,,3012808,Upper-middle-income countries
Armenia,ARM,1979,7.665301,,3078505,Upper-middle-income countries
Armenia,ARM,1980,7.356702,,3107418,Upper-middle-income countries
Armenia,ARM,1981,7.0614533,,3135354,Upper-middle-income countries
Armenia,ARM,1982,6.7842956,,3163145,Upper-middle-income countries
Armenia,ARM,1983,6.515325,,3191549,Upper-middle-income countries
Armenia,ARM,1984,6.255754,,3224549,Upper-middle-income countries
Armenia,ARM,1985,6.0119367,,3260438,Upper-middle-income countries
Armenia,ARM,1986,5.775954,,3294857,Upper-middle-income countries
Armenia,ARM,1987,5.5467215,,3328525,Upper-middle-income countries
Armenia,ARM,1988,9.930127,,3355123,Upper-middle-income countries
Armenia,ARM,1989,5.1138,,3443095,Upper-middle-income countries
Armenia,ARM,1990,4.9007745,6137.6006,3552130,Upper-middle-income countries
Armenia,ARM,1991,4.6926103,5326.753,3613978,Upper-middle-income countries
Armenia,ARM,1992,4.487002,3136.7244,3571870,Upper-middle-income countries
Armenia,ARM,1993,4.287631,2958.8804,3453339,Upper-middle-income countries
Armenia,ARM,1994,4.09274,3200.8965,3364620,Upper-middle-income countries
Armenia,ARM,1995,3.9044511,3480.7559,3307586,Upper-middle-income countries
Armenia,ARM,1996,3.724911,3717.3357,3278738,Upper-middle-income countries
Armenia,ARM,1997,3.5534735,3879.1794,3246292,Upper-middle-income countries
Armenia,ARM,1998,3.3867354,4211.5127,3208399,Upper-middle-income countries
Armenia,ARM,1999,3.2283323,4406.9673,3167282,Upper-middle-income countries
Armenia,ARM,2000,3.0751472,4589.0083,3125630,Upper-middle-income countries
Armenia,ARM,2001,2.9282742,5044.1167,3084350,Upper-middle-income countries
Armenia,ARM,2002,2.7884116,5731.3535,3055636,Upper-middle-income countries
Armenia,ARM,2003,2.6541748,6569.2603,3038976,Upper-middle-income countries
Armenia,ARM,2004,2.522917,7299.4,3022544,Upper-middle-income countries
Armenia,ARM,2005,2.3990436,8362.9,3006360,Upper-middle-income countries
Armenia,ARM,2006,2.2816052,9525.231,2990371,Upper-middle-income countries
Armenia,ARM,2007,2.170619,10898.849,2974825,Upper-middle-income countries
Armenia,ARM,2008,2.0648077,11727.482,2959996,Upper-middle-income countries
Armenia,ARM,2009,1.965073,10143.235,2945518,Upper-middle-income countries
Armenia,ARM,2010,1.8709264,10438.564,2931083,Upper-middle-income countries
Armenia,ARM,2011,1.7814118,10990.177,2923269,Upper-middle-income countries
Armenia,ARM,2012,1.6960075,11796.274,2922529,Upper-middle-income countries
Armenia,ARM,2013,1.6156282,12194.019,2922526,Upper-middle-income countries
Armenia,ARM,2014,1.538044,12667.376,2922433,Upper-middle-income countries
Armenia,ARM,2015,1.4648875,13112.76,2921179,Upper-middle-income countries
Armenia,ARM,2016,1.3970705,13192.994,2918796,Upper-middle-income countries
Armenia,ARM,2017,1.3321825,14243.875,2914966,Upper-middle-income countries
Armenia,ARM,2018,1.2711482,15037.045,2909971,Upper-middle-income countries
Armenia,ARM,2019,1.2132035,16215.36,2903975,Upper-middle-income countries
Armenia,ARM,2020,1.1571444,15052.936,2890893,Upper-middle-income countries
Armenia,ARM,2021,1.1039169,15921.705,2870339,Upper-middle-income countries
Armenia,ARM,2022,1.0530572,17886.178,2880880,Upper-middle-income countries
Armenia,ARM,2023,1.0044454,19402.752,2943398,Upper-middle-income countries
Armenia,ARM,2024,,20078.785,2943398,Upper-middle-income countries
Aruba,ABW,1990,,33063,64452,High-income countries
Aruba,ABW,1991,,33993.207,66564,High-income countries
Aruba,ABW,1992,,34371.164,68889,High-income countries
Aruba,ABW,1993,,34540.336,71091,High-income countries
Aruba,ABW,1994,,35490.723,73475,High-income countries
Aruba,ABW,1995,,35386.86,75930,High-income countries
Aruba,ABW,1996,,34419.43,78497,High-income countries
Aruba,ABW,1997,,35444.58,81123,High-income countries
Aruba,ABW,1998,,35271.906,83788,High-income countries
Aruba,ABW,1999,,35227.477,86483,High-income countries
Aruba,ABW,2000,,37524.035,88772,High-income countries
Aruba,ABW,2001,,38729.457,90320,High-income countries
Aruba,ABW,2002,,38098.906,91393,High-income countries
Aruba,ABW,2003,,38086.01,92324,High-income countries
Aruba,ABW,2004,,40000.562,93223,High-income countries
Aruba,ABW,2005,,38828.215,94239,High-income countries
Aruba,ABW,2006,,38566.8,95403,High-income countries
Aruba,ABW,2007,,39462.586,96604,High-income countries
Aruba,ABW,2008,,39881.59,97815,High-income countries
Aruba,ABW,2009,,34986.15,99040,High-income countries
Aruba,ABW,2010,,33951.625,100127,High-income countries
Aruba,ABW,2011,,34837.94,100995,High-income countries
Aruba,ABW,2012,,33972.34,101774,High-income countries
Aruba,ABW,2013,,35621.785,102570,High-income countries
Aruba,ABW,2014,,35746.863,103381,High-income countries
Aruba,ABW,2015,,36660.633,104200,High-income countries
Aruba,ABW,2016,,36832.902,104989,High-income countries
Aruba,ABW,2017,,38116.832,105737,High-income countries
Aruba,ABW,2018,,39278.83,106447,High-income countries
Aruba,ABW,2019,,39652.633,107089,High-income countries
Aruba,ABW,2020,,30347.637,107411,High-income countries
Aruba,ABW,2021,,35104.785,107565,High-income countries
Aruba,ABW,2022,,38979.836,107792,High-income countries
Aruba,ABW,2023,,41964.77,107946,High-income countries
Aruba,ABW,2024,,44558.93,107946,High-income countries
Asia,OWID_ASI,1969,15.06463,,2085428639,
Asia,OWID_ASI,1970,14.797114,,2136911807,
Asia,OWID_ASI,1971,14.729668,,2187672732,
Asia,OWID_ASI,1972,13.893607,,2237825630,
Asia,OWID_ASI,1973,13.452654,,2288852583,
Asia,OWID_ASI,1974,13.043167,,2339398095,
Asia,OWID_ASI,1975,12.662036,,2388510805,
Asia,OWID_ASI,1976,12.242873,,2436467535,
Asia,OWID_ASI,1977,11.795357,,2484229185,
Asia,OWID_ASI,1978,11.384218,,2531837746,
Asia,OWID_ASI,1979,10.943372,,2580755587,
Asia,OWID_ASI,1980,10.569749,,2631643580,
Asia,OWID_ASI,1981,10.222952,,2683999130,
Asia,OWID_ASI,1982,9.941609,,2738669570,
Asia,OWID_ASI,1983,9.650364,,2794057018,
Asia,OWID_ASI,1984,9.421316,,2849479886,
Asia,OWID_ASI,1985,9.1983595,,2906232641,
Asia,OWID_ASI,1986,8.9677725,,2964898217,
Asia,OWID_ASI,1987,8.760563,,3025641753,
Asia,OWID_ASI,1988,8.56071,,3086642989,
Asia,OWID_ASI,1989,8.352715,,3147693773,
Asia,OWID_ASI,1990,8.150123,,3209094423,
Asia,OWID_ASI,1991,7.9407735,,3268207608,
Asia,OWID_ASI,1992,7.7263412,,3324812378,
Asia,OWID_ASI,1993,7.5117736,,3380039932,
Asia,OWID_ASI,1994,7.2915077,,3433680236,
Asia,OWID_ASI,1995,7.102867,,3486817949,
Asia,OWID_ASI,1996,6.864397,,3539849816,
Asia,OWID_ASI,1997,6.6194363,,3592367920,
Asia,OWID_ASI,1998,6.368787,,3644341780,
Asia,OWID_ASI,1999,6.1111445,,3695620583,
Asia,OWID_ASI,2000,5.8492937,,3746832777,
Asia,OWID_ASI,2001,5.5880513,,3797954107,
Asia,OWID_ASI,2002,5.3322573,,3847359674,
Asia,OWID_ASI,2003,5.044524,,3895799439,
Asia,OWID_ASI,2004,4.8476295,,3944378395,
Asia,OWID_ASI,2005,4.5782623,,3992890580,
Asia,OWID_ASI,2006,4.361989,,4041771416,
Asia,OWID_ASI,2007,4.1564026,,4090564345,
Asia,OWID_ASI,2008,3.9989903,,4139267468,
Asia,OWID_ASI,2009,3.7812283,,4188829464,
Asia,OWID_ASI,2010,3.5990932,,4238694946,
Asia,OWID_ASI,2011,3.429207,,4288350005,
Asia,OWID_ASI,2012,3.2707243,,4338443538,
Asia,OWID_ASI,2013,3.1124527,,4387757369,
Asia,OWID_ASI,2014,2.9609327,,4435744576,
Asia,OWID_ASI,2015,2.8193617,,4482088489,
Asia,OWID_ASI,2016,2.683275,,4527178153,
Asia,OWID_ASI,2017,2.5577104,,4571224645,
Asia,OWID_ASI,2018,2.4440858,,4612352852,
Asia,OWID_ASI,2019,2.3349104,,4651098724,
Asia,OWID_ASI,2020,2.2349489,,4686811214,
Asia,OWID_ASI,2021,2.14643,,4716999164,
Asia,OWID_ASI,2022,2.0665991,,4746329727,
Asia,OWID_ASI,2023,2.0024931,,4776659631,
Australia,AUS,1949,3.2193446,,8025441,High-income countries
Australia,AUS,1950,3.1598706,,8176751,High-income countries
Australia,AUS,1951,3.09709,,8418616,High-income countries
Australia,AUS,1952,3.0269914,,8630707,High-income countries
Australia,AUS,1953,2.9501145,,8816085,High-income countries
Australia,AUS,1954,2.8712509,,8999384,High-income countries
Australia,AUS,1955,2.7959309,,9205189,High-income countries
Australia,AUS,1956,2.7261624,,9424660,High-income countries
Australia,AUS,1957,2.6619,,9638773,High-income countries
Australia,AUS,1958,2.6006274,,9847636,High-income countries
Australia,AUS,1959,2.542416,,10060033,High-income countries
Australia,AUS,1960,2.4851093,,10280815,High-income countries
Australia,AUS,1961,2.427779,,10500441,High-income countries
Australia,AUS,1962,2.371258,,10707235,High-income countries
Australia,AUS,1963,2.3173873,,10913270,High-income countries
Australia,AUS,1964,2.2712243,,11128257,High-income countries
Australia,AUS,1965,2.2353506,,11357479,High-income countries
Australia,AUS,1966,2.211121,,11592485,High-income countries
Australia,AUS,1967,2.197118,,11810521,High-income countries
Australia,AUS,1968,2.1881409,,12030009,High-income countries
Australia,AUS,1969,2.175081,,12272387,High-income countries
Australia,AUS,1970,2.14641,,12599414,High-income countries
Australia,AUS,1971,2.097995,,12997963,High-income countries
Australia,AUS,1972,2.0296338,,13304897,High-income countries
Australia,AUS,1973,1.9421232,,13518689,High-income countries
Australia,AUS,1974,1.8406881,,13719499,High-income countries
Australia,AUS,1975,1.7319953,,13893988,High-income countries
Australia,AUS,1976,1.62309,,14046758,High-income countries
Australia,AUS,1977,1.5231813,,14203511,High-income countries
Australia,AUS,1978,1.4361289,,14367099,High-income countries
Australia,AUS,1979,1.3624452,,14533034,High-income countries
Australia,AUS,1980,1.3028826,,14721345,High-income countries
Australia,AUS,1981,1.255315,,14949210,High-income countries
Australia,AUS,1982,1.2173166,,15192484,High-income countries
Australia,AUS,1983,1.1865537,,15414891,High-income countries
Australia,AUS,1984,1.1584281,,15620653,High-income countries
Australia,AUS,1985,1.1293681,,15835743,High-income countries
Australia,AUS,1986,1.0969621,,16069631,High-income countries
Australia,AUS,1987,1.0602767,,16322272,High-income countries
Australia,AUS,1988,1.018414,,16594104,High-income countries
Australia,AUS,1989,0.9713885,,16869362,High-income countries
Australia,AUS,1990,0.9195259,36267.742,17126304,High-income countries
Australia,AUS,1991,0.86612654,35670.668,17353191,High-income countries
Australia,AUS,1992,0.81515986,35426.285,17549286,High-income countries
Australia,AUS,1993,0.7697954,36533.15,17722905,High-income countries
Australia,AUS,1994,0.7314403,37622.652,17897433,High-income countries
Australia,AUS,1995,0.70101386,38653.336,18095340,High-income countries
Australia,AUS,1996,0.67746997,39663.16,18305305,High-income countries
Australia,AUS,1997,0.65926355,40773.566,18504911,High-income countries
Australia,AUS,1998,0.6445895,42257.17,18701710,High-income countries
Australia,AUS,1999,0.63157356,43899.074,18909980,High-income countries
Australia,AUS,2000,0.6192378,45099.074,19132472,High-income countries
Australia,AUS,2001,0.60771453,45428.2,19365438,High-income countries
Australia,AUS,2002,0.5981983,46688.395,19595356,High-income countries
Australia,AUS,2003,0.5909097,47581.23,19819449,High-income countries
Australia,AUS,2004,0.5832144,49061.277,20046679,High-income countries
Australia,AUS,2005,0.57246214,49997.066,20294490,High-income countries
Australia,AUS,2006,0.55840504,50693.727,20590566,High-income countries
Australia,AUS,2007,0.5413913,51663.242,20954545,High-income countries
Australia,AUS,2008,0.5219288,52473.383,21370595,High-income countries
Australia,AUS,2009,0.50027895,52407.91,21783014,High-income countries
Australia,AUS,2010,0.47694007,52739.27,22141583,High-income countries
Australia,AUS,2011,0.4533925,53257.047,22479779,High-income countries
Australia,AUS,2012,0.431463,54403.883,22852648,High-income countries
Australia,AUS,2013,0.412604,54895.004,23236271,High-income countries
Australia,AUS,2014,0.3979306,55489.07,23595599,High-income countries
Australia,AUS,2015,0.38810223,55879.996,23947997,High-income countries
Australia,AUS,2016,0.38254982,56529.953,24329963,High-income countries
Australia,AUS,2017,0.3798622,56881.855,24731044,High-income countries
Australia,AUS,2018,0.3789004,57647.844,25119700,High-income countries
Australia,AUS,2019,0.37837705,58048.617,25482714,High-income countries
Australia,AUS,2020,0.37729746,57260.465,25743787,High-income countries
Australia,AUS,2021,0.37494925,58327.414,25956417,High-income countries
Australia,AUS,2022,0.37133896,60029.133,26200987,High-income countries
Australia,AUS,2023,0.3665513,60684.96,26451126,High-income countries
Australia,AUS,2024,,60303.98,26451126,High-income countries
Austria,AUT,1949,7.657677,,6917983,High-income countries
Austria,AUT,1950,7.151137,,6936455,High-income countries
Austria,AUT,1951,6.6867895,,6930487,High-income countries
Austria,AUT,1952,6.2729497,,6927254,High-income countries
Austria,AUT,1953,5.920609,,6932083,High-income countries
Austria,AUT,1954,5.623388,,6939893,High-income countries
Austria,AUT,1955,5.3819485,,6946659,High-income countries
Austria,AUT,1956,5.1756253,,6952266,High-income countries
Austria,AUT,1957,4.978635,,6965838,High-income countries
Austria,AUT,1958,4.76798,,6987345,High-income countries
Austria,AUT,1959,4.5374393,,7014270,High-income countries
Austria,AUT,1960,4.2838154,,7047274,High-income countries
Austria,AUT,1961,4.0261064,,7086060,High-income countries
Austria,AUT,1962,3.7907846,,7129581,High-income countries
Austria,AUT,1963,3.5898817,,7175502,High-income countries
Austria,AUT,1964,3.4194438,,7223392,High-income countries
Austria,AUT,1965,3.2726643,,7270413,High-income countries
Austria,AUT,1966,3.1490254,,7321524,High-income countries
Austria,AUT,1967,3.0532105,,7376293,High-income countries
Austria,AUT,1968,2.9839628,,7414627,High-income countries
Austria,AUT,1969,2.936464,,7440306,High-income countries
Austria,AUT,1970,2.9050467,,7466320,High-income countries
Austria,AUT,1971,2.867253,,7499635,High-income countries
Austria,AUT,1972,2.7957532,,7543263,High-income countries
Austria,AUT,1973,2.6741915,,7585107,High-income countries
Austria,AUT,1974,2.5077713,,7597963,High-income countries
Austria,AUT,1975,2.309017,,7577833,High-income countries
Austria,AUT,1976,2.1097004,,7564457,High-income countries
Austria,AUT,1977,1.940975,,7567332,High-income countries
Austria,AUT,1978,1.8131864,,7561203,High-income countries
Austria,AUT,1979,1.712407,,7548345,High-income countries
Austria,AUT,1980,1.6251559,,7548407,High-income countries
Austria,AUT,1981,1.5466976,,7567550,High-income countries
Austria,AUT,1982,1.4738861,,7573078,High-income countries
Austria,AUT,1983,1.4035515,,7561166,High-income countries
Austria,AUT,1984,1.3332428,,7560715,High-income countries
Austria,AUT,1985,1.259244,,7564310,High-income countries
Austria,AUT,1986,1.1852422,,7569397,High-income countries
Austria,AUT,1987,1.1161314,,7574314,High-income countries
Austria,AUT,1988,1.0536567,,7585346,High-income countries
Austria,AUT,1989,0.9985228,,7620405,High-income countries
Austria,AUT,1990,0.95039654,43258.176,7679627,High-income countries
Austria,AUT,1991,0.90394765,44302.42,7757140,High-income countries
Austria,AUT,1992,0.85238594,44734.855,7842715,High-income countries
Austria,AUT,1993,0.79458976,44601.207,7907492,High-income countries
Austria,AUT,1994,0.7362413,45497.137,7938157,High-income countries
Austria,AUT,1995,0.68228966,46639.53,7950322,High-income countries
Austria,AUT,1996,0.63689667,47608.633,7960917,High-income countries
Austria,AUT,1997,0.60194373,48575.16,7969804,High-income countries
Austria,AUT,1998,0.5778166,50216.7,7978465,High-income countries
Austria,AUT,1999,0.56151146,52004.53,7993894,High-income countries
Austria,AUT,2000,0.5498896,53534.344,8012929,High-income countries
Austria,AUT,2001,0.54034287,54032.152,8042233,High-income countries
Austria,AUT,2002,0.53067267,54565.08,8081640,High-income countries
Austria,AUT,2003,0.51878905,54919.79,8122604,High-income countries
Austria,AUT,2004,0.50507617,55980.23,8173496,High-income countries
Austria,AUT,2005,0.49058494,56890.28,8229204,High-income countries
Austria,AUT,2006,0.47655538,58460.24,8269901,High-income countries
Austria,AUT,2007,0.46426508,60470.91,8296948,High-income countries
Austria,AUT,2008,0.45434347,61157.99,8323250,High-income countries
Austria,AUT,2009,0.44440943,58810.44,8345073,High-income countries
Austria,AUT,2010,0.43257803,59730.55,8365087,High-income countries
Austria,AUT,2011,0.4188262,61272.258,8393272,High-income countries
Austria,AUT,2012,0.40476975,61376.723,8431599,High-income countries
Austria,AUT,2013,0.3916989,60863.055,8481411,High-income countries
Austria,AUT,2014,0.38025,60845.66,8547812,High-income countries
Austria,AUT,2015,0.37122437,60951.688,8644037,High-income countries
Austria,AUT,2016,0.3646656,61572.71,8737920,High-income countries
Austria,AUT,2017,0.35938045,62535.9,8798779,High-income countries
Austria,AUT,2018,0.35486177,63778.027,8841653,High-income countries
Austria,AUT,2019,0.3493662,64609.375,8880876,High-income countries
Austria,AUT,2020,0.34205455,60276.414,8921402,High-income countries
Austria,AUT,2021,0.33291292,62968.94,8967053,High-income countries
Austria,AUT,2022,0.32288283,65694.555,9064678,High-income countries
Austria,AUT,2023,0.31263998,64536.297,9130434,High-income countries
Austria,AUT,2024,,63788.08,9130434,High-income countries
Azerbaijan,AZE,1982,10.929349,,6491433,Upper-middle-income countries
Azerbaijan,AZE,1983,10.666452,,6602330,Upper-middle-income countries
Azerbaijan,AZE,1984,10.412335,,6706289,Upper-middle-income countries
Azerbaijan,AZE,1985,10.178488,,6799823,Upper-middle-income countries
Azerbaijan,AZE,1986,9.959863,,6891349,Upper-middle-income countries
Azerbaijan,AZE,1987,9.769867,,6977658,Upper-middle-income countries
Azerbaijan,AZE,1988,9.619936,,7081404,Upper-middle-income countries
Azerbaijan,AZE,1989,9.524454,,7167583,Upper-middle-income countries
Azerbaijan,AZE,1990,9.483023,10776.067,7231084,Upper-middle-income countries
Azerbaijan,AZE,1991,9.496093,10559.212,7314317,Upper-middle-income countries
Azerbaijan,AZE,1992,9.517587,8050.2163,7405781,Upper-middle-income countries
Azerbaijan,AZE,1993,9.523166,6097.4863,7504119,Upper-middle-income countries
Azerbaijan,AZE,1994,9.472733,4830.699,7608894,Upper-middle-income countries
Azerbaijan,AZE,1995,9.339484,4211.721,7719283,Upper-middle-income countries
Azerbaijan,AZE,1996,9.103209,4223.523,7830981,Upper-middle-income countries
Azerbaijan,AZE,1997,8.776468,4425.5884,7936220,Upper-middle-income countries
Azerbaijan,AZE,1998,8.367734,4822.16,8025808,Upper-middle-income countries
Azerbaijan,AZE,1999,7.905941,5133.748,8100472,Upper-middle-income countries
Azerbaijan,AZE,2000,7.4034686,5656.9297,8174784,Upper-middle-income countries
Azerbaijan,AZE,2001,6.902024,6168.9854,8251776,Upper-middle-income countries
Azerbaijan,AZE,2002,6.4126105,6701.0815,8326141,Upper-middle-income countries
Azerbaijan,AZE,2003,5.95717,7329.4062,8400528,Upper-middle-income countries
Azerbaijan,AZE,2004,5.5469613,7937.8594,8489874,Upper-middle-income countries
Azerbaijan,AZE,2005,5.1834774,10054.101,8597248,Upper-middle-income countries
Azerbaijan,AZE,2006,4.849395,13371.658,8711380,Upper-middle-income countries
Azerbaijan,AZE,2007,4.54542,16587.365,8828313,Upper-middle-income countries
Azerbaijan,AZE,2008,4.2672124,17963.021,8942637,Upper-middle-income countries
Azerbaijan,AZE,2009,4.0117445,19242.39,9046336,Upper-middle-income countries
Azerbaijan,AZE,2010,3.7703009,19925.39,9146852,Upper-middle-income countries
Azerbaijan,AZE,2011,3.537578,19358.078,9256156,Upper-middle-income countries
Azerbaijan,AZE,2012,3.3225346,19523.373,9376179,Upper-middle-income countries
Azerbaijan,AZE,2013,3.1248195,20398.646,9504417,Upper-middle-income countries
Azerbaijan,AZE,2014,2.9465487,20709.201,9631136,Upper-middle-income countries
Azerbaijan,AZE,2015,2.780653,20678.754,9752859,Upper-middle-income countries
Azerbaijan,AZE,2016,2.6297116,19822.41,9868434,Upper-middle-income countries
Azerbaijan,AZE,2017,2.4922092,19659.004,9968510,Upper-middle-income countries
Azerbaijan,AZE,2018,2.3615968,19781.852,10039782,Upper-middle-income countries
Azerbaijan,AZE,2019,2.2437232,20101.492,10110483,Upper-middle-income countries
Azerbaijan,AZE,2020,2.1330414,19126.098,10181736,Upper-middle-income countries
Azerbaijan,AZE,2021,2.03674,20111.375,10234372,Upper-middle-income countries
Azerbaijan,AZE,2022,1.9434526,21051.244,10295307,Upper-middle-income countries
Azerbaijan,AZE,2023,1.8555621,21310.738,10318209,Upper-middle-income countries
Azerbaijan,AZE,2024,,22072.148,10318209,Upper-middle-income countries
Bahamas,BHS,1968,2.9406116,,170102,High-income countries
Bahamas,BHS,1969,2.986027,,177993,High-income countries
Bahamas,BHS,1970,3.0318694,,184995,High-income countries
Bahamas,BHS,1971,3.0725622,,190869,High-income countries
Bahamas,BHS,1972,3.1049597,,196060,High-income countries
Bahamas,BHS,1973,3.1284928,,200800,High-income countries
Bahamas,BHS,1974,3.135065,,205357,High-income countries
Bahamas,BHS,1975,3.1265862,,209897,High-income countries
Bahamas,BHS,1976,3.1034358,,214517,High-income countries
Bahamas,BHS,1977,3.071126,,219169,High-income countries
Bahamas,BHS,1978,3.031503,,223770,High-income countries
Bahamas,BHS,1979,2.9893062,,228244,High-income countries
Bahamas,BHS,1980,2.9475706,,232540,High-income countries
Bahamas,BHS,1981,2.908897,,236626,High-income countries
Bahamas,BHS,1982,2.8757937,,240624,High-income countries
Bahamas,BHS,1983,2.8436077,,244718,High-income countries
Bahamas,BHS,1984,2.8149748,,248879,High-income countries
Bahamas,BHS,1985,2.7804046,,253169,High-income countries
Bahamas,BHS,1986,2.7275438,,257547,High-income countries
Bahamas,BHS,1987,2.64899,,261947,High-income countries
Bahamas,BHS,1988,2.5530174,,266457,High-income countries
Bahamas,BHS,1989,2.4459877,,271187,High-income countries
Bahamas,BHS,1990,2.3368104,33072.16,275954,High-income countries
Bahamas,BHS,1991,2.227742,31148.904,280745,High-income countries
Bahamas,BHS,1992,2.1237848,29412.88,285938,High-income countries
Bahamas,BHS,1993,2.0250406,28955.352,291350,High-income countries
Bahamas,BHS,1994,1.9288571,29346.361,296519,High-income countries
Bahamas,BHS,1995,1.8392701,30128.193,301471,High-income countries
Bahamas,BHS,1996,1.7572132,30907.82,306281,High-income countries
Bahamas,BHS,1997,1.6922394,30839.025,310914,High-income countries
Bahamas,BHS,1998,1.6459529,31836.527,315376,High-income countries
Bahamas,BHS,1999,1.6230594,33657.805,319623,High-income countries
Bahamas,BHS,2000,1.6201737,34597.164,323846,High-income countries
Bahamas,BHS,2001,1.632029,35072.367,327847,High-income countries
Bahamas,BHS,2002,1.6520847,35610.68,331625,High-income countries
Bahamas,BHS,2003,1.6727765,34740.76,335625,High-income countries
Bahamas,BHS,2004,1.6856889,34617.805,339794,High-income countries
Bahamas,BHS,2005,1.6869897,35365.465,343905,High-income countries
Bahamas,BHS,2006,1.675071,35789.133,348386,High-income countries
Bahamas,BHS,2007,1.6506997,35797.117,353343,High-income countries
Bahamas,BHS,2008,1.6177768,34498.035,358133,High-income countries
Bahamas,BHS,2009,1.5795146,32630.264,362806,High-income countries
Bahamas,BHS,2010,1.5407716,32711.459,367482,High-income countries
Bahamas,BHS,2011,1.5047101,32535.662,371738,High-income countries
Bahamas,BHS,2012,1.4715221,33667.555,375474,High-income countries
Bahamas,BHS,2013,1.4414649,32402.916,378957,High-income countries
Bahamas,BHS,2014,1.4161323,32712.635,382312,High-income countries
Bahamas,BHS,2015,1.394992,32777.586,385355,High-income countries
Bahamas,BHS,2016,1.3777834,32172.336,388060,High-income countries
Bahamas,BHS,2017,1.3647269,33050.035,390496,High-income countries
Bahamas,BHS,2018,1.3534153,33650.215,392718,High-income countries
Bahamas,BHS,2019,2.3505862,33202.49,394684,High-income countries
Bahamas,BHS,2020,1.3301576,26452.695,395874,High-income countries
Bahamas,BHS,2021,1.3142272,31064.682,396381,High-income countries
Bahamas,BHS,2022,1.2932593,34342.93,397542,High-income countries
Bahamas,BHS,2023,1.268687,35221.27,399452,High-income countries
Bahamas,BHS,2024,,36244.05,399452,High-income countries
Bahrain,BHR,1955,29.88476,,137080,High-income countries
Bahrain,BHR,1956,27.531128,,141931,High-income countries
Bahrain,BHR,1957,25.40514,,147163,High-income countries
Bahrain,BHR,1958,23.405994,,152823,High-income countries
Bahrain,BHR,1959,21.542048,,158935,High-income countries
Bahrain,BHR,1960,19.802692,,165490,High-income countries
Bahrain,BHR,1961,18.179373,,172358,High-income countries
Bahrain,BHR,1962,16.631197,,179361,High-income countries
Bahrain,BHR,1963,15.217998,,186512,High-income countries
Bahrain,BHR,1964,13.899294,,193830,High-income countries
Bahrain,BHR,1965,12.657334,,200877,High-income countries
Bahrain,BHR,1966,11.515302,,207550,High-income countries
Bahrain,BHR,1967,10.45909,,214198,High-income countries
Bahrain,BHR,1968,9.498022,,219347,High-income countries
Bahrain,BHR,1969,8.60281,,222480,High-income countries
Bahrain,BHR,1970,7.7855926,,224817,High-income countries
Bahrain,BHR,1971,7.0450788,,230744,High-income countries
Bahrain,BHR,1972,6.3830023,,242129,High-income countries
Bahrain,BHR,1973,5.8009367,,255334,High-income countries
Bahrain,BHR,1974,5.2876697,,269047,High-income countries
Bahrain,BHR,1975,4.8415728,,283251,High-income countries
Bahrain,BHR,1976,4.453448,,297871,High-income countries
Bahrain,BHR,1977,4.1091857,,312825,High-income countries
Bahrain,BHR,1978,3.8069708,,328059,High-income countries
Bahrain,BHR,1979,3.5360575,,343461,High-income countries
Bahrain,BHR,1980,3.2999582,,358990,High-income countries
Bahrain,BHR,1981,3.0932477,,373534,High-income countries
Bahrain,BHR,1982,2.9132366,,386992,High-income countries
Bahrain,BHR,1983,2.7581275,,400721,High-income countries
Bahrain,BHR,1984,2.6267374,,415164,High-income countries
Bahrain,BHR,1985,2.5192032,,430365,High-income countries
Bahrain,BHR,1986,2.4366736,,446290,High-income countries
Bahrain,BHR,1987,2.3791249,,462862,High-income countries
Bahrain,BHR,1988,2.3443155,,479931,High-income countries
Bahrain,BHR,1989,2.3236597,,497329,High-income countries
Bahrain,BHR,1990,2.305493,41856.543,514799,High-income countries
Bahrain,BHR,1991,2.2731178,47644.023,531883,High-income countries
Bahrain,BHR,1992,2.209133,49511.95,547753,High-income countries
Bahrain,BHR,1993,2.1045692,54433.137,562820,High-income countries
Bahrain,BHR,1994,1.9698185,52886.58,577960,High-income countries
Bahrain,BHR,1995,1.8161077,53537.684,593230,High-income countries
Bahrain,BHR,1996,1.6620667,54289.438,608593,High-income countries
Bahrain,BHR,1997,1.5232315,54512.855,624019,High-income countries
Bahrain,BHR,1998,1.4089011,55638.695,639391,High-income countries
Bahrain,BHR,1999,1.3181643,56522.227,654622,High-income countries
Bahrain,BHR,2000,1.2497482,57968.996,669589,High-income countries
Bahrain,BHR,2001,1.1987858,57280.7,699964,High-income countries
Bahrain,BHR,2002,1.1597456,55096.656,752205,High-income countries
Bahrain,BHR,2003,1.1272212,54431.875,811276,High-income countries
Bahrain,BHR,2004,1.0965567,54045.094,871446,High-income countries
Bahrain,BHR,2005,1.0625355,53478.266,932618,High-income countries
Bahrain,BHR,2006,1.0251168,52691.934,994626,High-income countries
Bahrain,BHR,2007,0.98355633,52731.793,1057419,High-income countries
Bahrain,BHR,2008,0.94018936,52765.39,1120718,High-income countries
Bahrain,BHR,2009,0.89779174,50665.75,1183616,High-income countries
Bahrain,BHR,2010,0.8609957,50704.848,1213248,High-income countries
Bahrain,BHR,2011,0.8302551,53132.33,1206733,High-income countries
Bahrain,BHR,2012,0.80587023,54516.84,1216307,High-income countries
Bahrain,BHR,2013,0.7882259,55376.402,1257206,High-income countries
Bahrain,BHR,2014,0.7759891,55065.82,1312857,High-income countries
Bahrain,BHR,2015,0.76798147,54149.914,1369656,High-income countries
Bahrain,BHR,2016,0.76418656,54107.074,1429609,High-income countries
Bahrain,BHR,2017,0.7652903,53859.773,1482003,High-income countries
Bahrain,BHR,2018,0.7720094,54893.074,1497634,High-income countries
Bahrain,BHR,2019,0.7832957,56749.96,1485675,High-income countries
Bahrain,BHR,2020,0.7989208,53814.246,1483081,High-income countries
Bahrain,BHR,2021,0.8182105,54954.676,1501762,High-income countries
Bahrain,BHR,2022,0.83917713,57572.996,1533460,High-income countries
Bahrain,BHR,2023,0.8595744,57819.906,1569674,High-income countries
Bahrain,BHR,2024,,58891.832,1569674,High-income countries
Bangladesh,BGD,1950,34.769867,,41206857,Lower-middle-income countries
Bangladesh,BGD,1951,33.72605,,42022311,Lower-middle-income countries
Bangladesh,BGD,1952,32.718525,,42893013,Lower-middle-income countries
Bangladesh,BGD,1953,31.760067,,43791390,Lower-middle-income countries
Bangladesh,BGD,1954,30.823366,,44741299,Lower-middle-income countries
Bangladesh,BGD,1955,29.959087,,45767686,Lower-middle-income countries
Bangladesh,BGD,1956,29.128805,,46854418,Lower-middle-income countries
Bangladesh,BGD,1957,28.344147,,48004664,Lower-middle-income countries
Bangladesh,BGD,1958,27.595821,,49184052,Lower-middle-income countries
Bangladesh,BGD,1959,26.86535,,50441766,Lower-middle-income countries
Bangladesh,BGD,1960,26.173588,,51828663,Lower-middle-income countries
Bangladesh,BGD,1961,25.507828,,53310344,Lower-middle-income countries
Bangladesh,BGD,1962,24.879456,,54881154,Lower-middle-income countries
Bangladesh,BGD,1963,24.291405,,56504406,Lower-middle-income countries
Bangladesh,BGD,1964,23.766026,,58178372,Lower-middle-income countries
Bangladesh,BGD,1965,23.338465,,59902522,Lower-middle-income countries
Bangladesh,BGD,1966,23.005922,,61669811,Lower-middle-income countries
Bangladesh,BGD,1967,22.79155,,63510933,Lower-middle-income countries
Bangladesh,BGD,1968,22.677626,,65408278,Lower-middle-income countries
Bangladesh,BGD,1969,22.64683,,67294130,Lower-middle-income countries
Bangladesh,BGD,1970,27.065971,,69058898,Lower-middle-income countries
Bangladesh,BGD,1971,36.66763,,70276757,Lower-middle-income countries
Bangladesh,BGD,1972,22.7666,,71641525,Lower-middle-income countries
Bangladesh,BGD,1973,22.757853,,73722297,Lower-middle-income countries
Bangladesh,BGD,1974,22.678936,,75839352,Lower-middle-income countries
Bangladesh,BGD,1975,22.51806,,77854352,Lower-middle-income countries
Bangladesh,BGD,1976,22.278498,,79855318,Lower-middle-income countries
Bangladesh,BGD,1977,21.942938,,81867267,Lower-middle-income countries
Bangladesh,BGD,1978,21.531078,,83889660,Lower-middle-income countries
Bangladesh,BGD,1979,21.063747,,85935070,Lower-middle-income countries
Bangladesh,BGD,1980,20.577095,,88016435,Lower-middle-income countries
Bangladesh,BGD,1981,20.074463,,90303104,Lower-middle-income countries
Bangladesh,BGD,1982,19.54631,,92814506,Lower-middle-income countries
Bangladesh,BGD,1983,18.993307,,95335162,Lower-middle-income countries
Bangladesh,BGD,1984,18.407822,,97814965,Lower-middle-income countries
Bangladesh,BGD,1985,17.797054,,100253825,Lower-middle-income countries
Bangladesh,BGD,1986,17.160759,,102635569,Lower-middle-income countries
Bangladesh,BGD,1987,16.512285,,104959291,Lower-middle-income countries
Bangladesh,BGD,1988,15.862265,,107216011,Lower-middle-income countries
Bangladesh,BGD,1989,15.222692,,109433805,Lower-middle-income countries
Bangladesh,BGD,1990,14.596899,2069.7822,111633722,Lower-middle-income countries
Bangladesh,BGD,1991,13.983234,2101.3835,113787112,Lower-middle-income countries
Bangladesh,BGD,1992,13.365207,2174.3823,115952198,Lower-middle-income countries
Bangladesh,BGD,1993,12.741966,2234.81,118132363,Lower-middle-income countries
Bangladesh,BGD,1994,12.123201,2279.0942,120343183,Lower-middle-income countries
Bangladesh,BGD,1995,11.511263,2351.7039,122600372,Lower-middle-income countries
Bangladesh,BGD,1996,10.908233,2413.543,124862185,Lower-middle-income countries
Bangladesh,BGD,1997,10.303275,2475.5957,127198070,Lower-middle-income countries
Bangladesh,BGD,1998,9.696193,2555.0613,129622332,Lower-middle-income countries
Bangladesh,BGD,1999,9.104752,2624.0654,132108065,Lower-middle-income countries
Bangladesh,BGD,2000,8.540542,2712.935,134544303,Lower-middle-income countries
Bangladesh,BGD,2001,8.012408,2803.5547,136805810,Lower-middle-income countries
Bangladesh,BGD,2002,7.5278993,2866.4346,138933659,Lower-middle-income countries
Bangladesh,BGD,2003,7.0864334,2958.915,140970355,Lower-middle-income countries
Bangladesh,BGD,2004,6.6858416,3071.838,142902857,Lower-middle-income countries
Bangladesh,BGD,2005,6.316868,3231.6138,144715789,Lower-middle-income countries
Bangladesh,BGD,2006,5.9807696,3407.4272,146405983,Lower-middle-income countries
Bangladesh,BGD,2007,5.6709332,3608.9155,147989282,Lower-middle-income countries
Bangladesh,BGD,2008,5.385991,3787.9382,149474264,Lower-middle-income countries
Bangladesh,BGD,2009,5.1264157,3942.1362,150873716,Lower-middle-income countries
Bangladesh,BGD,2010,4.890594,4125.464,152201978,Lower-middle-income countries
Bangladesh,BGD,2011,4.6746216,4352.4263,153591074,Lower-middle-income countries
Bangladesh,BGD,2012,4.4688725,4592.0483,155070110,Lower-middle-income countries
Bangladesh,BGD,2013,4.270499,4822.726,156532134,Lower-middle-income countries
Bangladesh,BGD,2014,4.073474,5068.6396,157964931,Lower-middle-income countries
Bangladesh,BGD,2015,3.8793344,5352.7114,159383179,Lower-middle-income countries
Bangladesh,BGD,2016,3.6913018,5682.5356,160811934,Lower-middle-income countries
Bangladesh,BGD,2017,3.5182128,6005.707,162186146,Lower-middle-income countries
Bangladesh,BGD,2018,3.3661177,6392.5933,163523109,Lower-middle-income countries
Bangladesh,BGD,2019,3.242516,6838.326,164913060,Lower-middle-income countries
Bangladesh,BGD,2020,3.1544218,7015.1978,166298024,Lower-middle-income countries
Bangladesh,BGD,2021,3.0967205,7441.0693,167658855,Lower-middle-income countries
Bangladesh,BGD,2022,3.0667036,7888.164,169384891,Lower-middle-income countries
Bangladesh,BGD,2023,3.0556235,8242.398,171466986,Lower-middle-income countries
Bangladesh,BGD,2024,,8486.785,171466986,Lower-middle-income countries
Barbados,BRB,1949,19.073816,,208689,High-income countries
Barbados,BRB,1950,18.453484,,209928,High-income countries
Barbados,BRB,1951,17.791588,,213410,High-income countries
Barbados,BRB,1952,17.0289,,216517,High-income countries
Barbados,BRB,1953,16.109287,,219244,High-income countries
Barbados,BRB,1954,15.003599,,221568,High-income countries
Barbados,BRB,1955,13.757662,,223296,High-income countries
Barbados,BRB,1956,12.459248,,224519,High-income countries
Barbados,BRB,1957,11.216507,,225803,High-income countries
Barbados,BRB,1958,10.114165,,227266,High-income countries
Barbados,BRB,1959,9.209109,,228789,High-income countries
Barbados,BRB,1960,8.474542,,230901,High-income countries
Barbados,BRB,1961,7.8584414,,233155,High-income countries
Barbados,BRB,1962,7.3262563,,235236,High-income countries
Barbados,BRB,1963,6.8616757,,237566,High-income countries
Barbados,BRB,1964,6.4532876,,239969,High-income countries
Barbados,BRB,1965,6.0964055,,242421,High-income countries
Barbados,BRB,1966,5.7899714,,245010,High-income countries
Barbados,BRB,1967,5.522512,,247099,High-income countries
Barbados,BRB,1968,5.277336,,248554,High-income countries
Barbados,BRB,1969,5.0333557,,249447,High-income countries
Barbados,BRB,1970,4.791705,,249398,High-income countries
Barbados,BRB,1971,4.5518975,,249177,High-income countries
Barbados,BRB,1972,4.316413,,249666,High-income countries
Barbados,BRB,1973,4.0848384,,250330,High-income countries
Barbados,BRB,1974,3.8623283,,250786,High-income countries
Barbados,BRB,1975,3.6417713,,251188,High-income countries
Barbados,BRB,1976,3.4309306,,251454,High-income countries
Barbados,BRB,1977,3.2298,,251630,High-income countries
Barbados,BRB,1978,3.036339,,251566,High-income countries
Barbados,BRB,1979,2.856658,,251277,High-income countries
Barbados,BRB,1980,2.6932828,,251533,High-income countries
Barbados,BRB,1981,2.5548568,,252274,High-income countries
Barbados,BRB,1982,2.440022,,253098,High-income countries
Barbados,BRB,1983,2.3439975,,253993,High-income countries
Barbados,BRB,1984,2.2632248,,254930,High-income countries
Barbados,BRB,1985,2.1912584,,255831,High-income countries
Barbados,BRB,1986,2.1204472,,256628,High-income countries
Barbados,BRB,1987,2.048102,,257288,High-income countries
Barbados,BRB,1988,1.9717534,,257768,High-income countries
Barbados,BRB,1989,1.8926376,,258113,High-income countries
Barbados,BRB,1990,1.8115315,19613.248,258583,High-income countries
Barbados,BRB,1991,1.7308208,18790.87,259382,High-income countries
Barbados,BRB,1992,1.6552596,17660.324,260272,High-income countries
Barbados,BRB,1993,1.5890932,17748.555,261036,High-income countries
Barbados,BRB,1994,1.5310128,18064.4,261625,High-income countries
Barbados,BRB,1995,1.4862628,18398.75,262046,High-income countries
Barbados,BRB,1996,1.4533252,19112.504,262290,High-income countries
Barbados,BRB,1997,1.4325252,20010.217,262405,High-income countries
Barbados,BRB,1998,1.4226266,20752.81,262434,High-income countries
Barbados,BRB,1999,1.4246286,20815.836,262521,High-income countries
Barbados,BRB,2000,1.436469,21779.22,262071,High-income countries
Barbados,BRB,2001,1.4522336,21234.709,262429,High-income countries
Barbados,BRB,2002,1.4695032,21262.309,264155,High-income countries
Barbados,BRB,2003,1.4822288,21591.791,265789,High-income countries
Barbados,BRB,2004,1.4873087,21771.902,267297,High-income countries
Barbados,BRB,2005,1.4826777,22514.484,268717,High-income countries
Barbados,BRB,2006,1.4697471,23766.607,270011,High-income countries
Barbados,BRB,2007,1.4517862,24145.754,271298,High-income countries
Barbados,BRB,2008,1.4306369,24171.652,272719,High-income countries
Barbados,BRB,2009,1.4085267,22840.885,274137,High-income countries
Barbados,BRB,2010,1.388731,22243.457,275251,High-income countries
Barbados,BRB,2011,1.3688309,22102.482,276150,High-income countries
Barbados,BRB,2012,1.3502433,21286.332,276949,High-income countries
Barbados,BRB,2013,1.331014,20854.568,277669,High-income countries
Barbados,BRB,2014,1.3064114,20959.965,278355,High-income countries
Barbados,BRB,2015,1.2794427,20666.965,278999,High-income countries
Barbados,BRB,2016,1.2476127,20930.633,279604,High-income countries
Barbados,BRB,2017,1.2120866,21035.793,280177,High-income countries
Barbados,BRB,2018,1.1772306,20727.422,280719,High-income countries
Barbados,BRB,2019,1.1408283,20737.979,281216,High-income countries
Barbados,BRB,2020,1.1065013,17728.072,281706,High-income countries
Barbados,BRB,2021,1.0721871,17682.732,282157,High-income countries
Barbados,BRB,2022,1.0383375,20716.285,282324,High-income countries
Barbados,BRB,2023,1.0039747,21318.672,282347,High-income countries
Barbados,BRB,2024,,21837.725,282347,High-income countries
Belarus,BLR,1958,5.5749946,,7944094,Upper-middle-income countries
Belarus,BLR,1959,4.996936,,8081319,Upper-middle-income countries
Belarus,BLR,1960,4.4881916,,8208003,Upper-middle-income countries
Belarus,BLR,1961,4.0495667,,8320428,Upper-middle-income countries
Belarus,BLR,1962,3.67521,,8424480,Upper-middle-income countries
Belarus,BLR,1963,3.3593493,,8517706,Upper-middle-income countries
Belarus,BLR,1964,3.096016,,8602840,Upper-middle-income countries
Belarus,BLR,1965,2.8787744,,8679938,Upper-middle-income countries
Belarus,BLR,1966,2.7030373,,8752970,Upper-middle-income countries
Belarus,BLR,1967,2.5637937,,8823252,Upper-middle-income countries
Belarus,BLR,1968,2.4542363,,8891333,Upper-middle-income countries
Belarus,BLR,1969,2.3693256,,8954603,Upper-middle-income countries
Belarus,BLR,1970,2.3031619,,9014901,Upper-middle-income countries
Belarus,BLR,1971,2.2539084,,9079747,Upper-middle-income countries
Belarus,BLR,1972,2.2204483,,9144638,Upper-middle-income countries
Belarus,BLR,1973,2.1991272,,9205707,Upper-middle-income countries
Belarus,BLR,1974,2.1890566,,9265673,Upper-middle-income countries
Belarus,BLR,1975,2.1831894,,9324290,Upper-middle-income countries
Belarus,BLR,1976,2.1753936,,9380093,Upper-middle-income countries
Belarus,BLR,1977,2.1616306,,9434946,Upper-middle-income countries
Belarus,BLR,1978,2.1398056,,9485806,Upper-middle-income countries
Belarus,BLR,1979,2.1060495,,9537697,Upper-middle-income countries
Belarus,BLR,1980,2.059637,,9603173,Upper-middle-income countries
Belarus,BLR,1981,2.0029054,,9678048,Upper-middle-income countries
Belarus,BLR,1982,1.9409152,,9748285,Upper-middle-income countries
Belarus,BLR,1983,1.8787488,,9815555,Upper-middle-income countries
Belarus,BLR,1984,1.8192052,,9881698,Upper-middle-income countries
Belarus,BLR,1985,1.7597423,,9944184,Upper-middle-income countries
Belarus,BLR,1986,1.6996429,,10004289,Upper-middle-income countries
Belarus,BLR,1987,1.6414593,,10057608,Upper-middle-income countries
Belarus,BLR,1988,1.5888934,,10107636,Upper-middle-income countries
Belarus,BLR,1989,1.5458503,,10158779,Upper-middle-income countries
Belarus,BLR,1990,1.5204314,12351.636,10186258,Upper-middle-income countries
Belarus,BLR,1991,1.5184473,12197.788,10193889,Upper-middle-income countries
Belarus,BLR,1992,1.5331862,11002.602,10217561,Upper-middle-income countries
Belarus,BLR,1993,1.5526814,10143.984,10241320,Upper-middle-income countries
Belarus,BLR,1994,1.5664159,8967.73,10230193,Upper-middle-income countries
Belarus,BLR,1995,1.567265,8061.196,10197466,Upper-middle-income countries
Belarus,BLR,1996,1.5498492,8314.856,10164025,Upper-middle-income countries
Belarus,BLR,1997,1.5108786,9301.327,10122365,Upper-middle-income countries
Belarus,BLR,1998,1.448978,10128.156,10080579,Upper-middle-income countries
Belarus,BLR,1999,1.367833,10519.749,10039221,Upper-middle-income countries
Belarus,BLR,2000,1.2766227,11182.455,9991310,Upper-middle-income countries
Belarus,BLR,2001,1.1834276,11771.087,9938068,Upper-middle-income countries
Belarus,BLR,2002,1.0951508,12443.933,9873451,Upper-middle-income countries
Belarus,BLR,2003,1.015227,13413.927,9803175,Upper-middle-income countries
Belarus,BLR,2004,0.9434834,15052.118,9735089,Upper-middle-income countries
Belarus,BLR,2005,0.87384844,16579.873,9667833,Upper-middle-income countries
Belarus,BLR,2006,0.8014914,18349.871,9608041,Upper-middle-income countries
Belarus,BLR,2007,0.7299737,20019.611,9563135,Upper-middle-income countries
Belarus,BLR,2008,0.664342,22137.947,9529357,Upper-middle-income countries
Belarus,BLR,2009,0.607489,22236.838,9507334,Upper-middle-income countries
Belarus,BLR,2010,0.55929095,24012.613,9490752,Upper-middle-income countries
Belarus,BLR,2011,0.5193559,25404.756,9472738,Upper-middle-income countries
Belarus,BLR,2012,0.4859917,25879.133,9463075,Upper-middle-income countries
Belarus,BLR,2013,0.45767272,26147.625,9464454,Upper-middle-income countries
Belarus,BLR,2014,0.43245456,26564.436,9472704,Upper-middle-income countries
Belarus,BLR,2015,0.40878233,25513.213,9487289,Upper-middle-income countries
Belarus,BLR,2016,0.38536054,24846.83,9499066,Upper-middle-income countries
Belarus,BLR,2017,0.36153972,25503.98,9495793,Upper-middle-income countries
Belarus,BLR,2018,0.33726066,26363.463,9480031,Upper-middle-income countries
Belarus,BLR,2019,0.3132334,26798.82,9435415,Upper-middle-income countries
Belarus,BLR,2020,0.29142,26731.496,9350943,Upper-middle-income countries
Belarus,BLR,2021,0.27269176,27611.18,9251368,Upper-middle-income countries
Belarus,BLR,2022,0.2572298,26537.508,9173240,Upper-middle-income countries
Belarus,BLR,2023,0.24415004,27782.438,9115679,Upper-middle-income countries
Belarus,BLR,2024,,29040.973,9115679,Upper-middle-income countries
Belgium,BEL,1949,6.331955,,8580904,High-income countries
Belgium,BEL,1950,5.9961634,,8617442,High-income countries
Belgium,BEL,1951,5.6783485,,8655755,High-income countries
Belgium,BEL,1952,5.3764005,,8696639,High-income countries
Belgium,BEL,1953,5.088755,,8741858,High-income countries
Belgium,BEL,1954,4.810894,,8788383,High-income countries
Belgium,BEL,1955,4.537374,,8835492,High-income countries
Belgium,BEL,1956,4.2666345,,8882161,High-income countries
Belgium,BEL,1957,4.009779,,8931862,High-income countries
Belgium,BEL,1958,3.776769,,8986120,High-income countries
Belgium,BEL,1959,3.5706673,,9045745,High-income countries
Belgium,BEL,1960,3.393754,,9102172,High-income countries
Belgium,BEL,1961,3.2455502,,9158208,High-income countries
Belgium,BEL,1962,3.1158893,,9217669,High-income countries
Belgium,BEL,1963,2.9979134,,9275198,High-income countries
Belgium,BEL,1964,2.8890636,,9337681,High-income countries
Belgium,BEL,1965,2.7906024,,9399851,High-income countries
Belgium,BEL,1966,2.7033634,,9455000,High-income countries
Belgium,BEL,1967,2.6240613,,9505919,High-income countries
Belgium,BEL,1968,2.550951,,9549702,High-income countries
Belgium,BEL,1969,2.4764562,,9589190,High-income countries
Belgium,BEL,1970,2.3927712,,9630508,High-income countries
Belgium,BEL,1971,2.29512,,9666524,High-income countries
Belgium,BEL,1972,2.1885083,,9694853,High-income countries
Belgium,BEL,1973,2.076473,,9718032,High-income countries
Belgium,BEL,1974,1.9653982,,9735809,High-income countries
Belgium,BEL,1975,1.8592058,,9748472,High-income countries
Belgium,BEL,1976,1.7612013,,9758905,High-income countries
Belgium,BEL,1977,1.672703,,9774018,High-income countries
Belgium,BEL,1978,1.5934868,,9791812,High-income countries
Belgium,BEL,1979,1.5213661,,9811367,High-income countries
Belgium,BEL,1980,1.4533418,,9833093,High-income countries
Belgium,BEL,1981,1.3878702,,9850674,High-income countries
Belgium,BEL,1982,1.3268147,,9862329,High-income countries
Belgium,BEL,1983,1.2705902,,9869136,High-income countries
Belgium,BEL,1984,1.2201259,,9874586,High-income countries
Belgium,BEL,1985,1.1761577,,9880338,High-income countries
Belgium,BEL,1986,1.1375152,,9886981,High-income countries
Belgium,BEL,1987,1.1025215,,9899150,High-income countries
Belgium,BEL,1988,1.0684526,,9916566,High-income countries
Belgium,BEL,1989,1.0340747,,9936575,High-income countries
Belgium,BEL,1990,0.9991146,41640.06,9960968,High-income countries
Belgium,BEL,1991,0.9621984,42246.074,9998962,High-income countries
Belgium,BEL,1992,0.9201267,42719.047,10045988,High-income countries
Belgium,BEL,1993,0.8712263,42143.195,10084932,High-income countries
Belgium,BEL,1994,0.81808954,43369.277,10116005,High-income countries
Belgium,BEL,1995,0.76535314,44310.63,10137264,High-income countries
Belgium,BEL,1996,0.7160292,44808.523,10156972,High-income countries
Belgium,BEL,1997,0.6731843,46396.004,10181465,High-income countries
Belgium,BEL,1998,0.63856566,47205.31,10203185,High-income countries
Belgium,BEL,1999,0.6107216,48765.766,10226681,High-income countries
Belgium,BEL,2000,0.58752245,50455.734,10251719,High-income countries
Belgium,BEL,2001,0.5673077,50835.4,10287005,High-income countries
Belgium,BEL,2002,0.5490598,51471.85,10332975,High-income countries
Belgium,BEL,2003,0.53238976,51788.844,10376262,High-income countries
Belgium,BEL,2004,0.5169421,53406.69,10421298,High-income countries
Belgium,BEL,2005,0.5029735,54346.895,10478883,High-income countries
Belgium,BEL,2006,0.49036333,55367.62,10548445,High-income countries
Belgium,BEL,2007,0.47853133,56983.46,10625488,High-income countries
Belgium,BEL,2008,0.46690625,56787.74,10709711,High-income countries
Belgium,BEL,2009,0.45592925,55258.707,10812936,High-income countries
Belgium,BEL,2010,0.44588512,56240.203,10936619,High-income countries
Belgium,BEL,2011,0.43699524,56585.3,11038624,High-income countries
Belgium,BEL,2012,0.4289416,56356.824,11107522,High-income countries
Belgium,BEL,2013,0.42169386,56263.176,11160277,High-income countries
Belgium,BEL,2014,0.41536066,57002.91,11210113,High-income countries
Belgium,BEL,2015,0.41050914,57509.023,11275332,High-income countries
Belgium,BEL,2016,0.40672266,57901.496,11332707,High-income countries
Belgium,BEL,2017,0.40311328,58529.332,11376583,High-income countries
Belgium,BEL,2018,0.39864054,59357.69,11428608,High-income countries
Belgium,BEL,2019,0.39289662,60479.977,11490623,High-income countries
Belgium,BEL,2020,0.3858776,57333.543,11540102,High-income countries
Belgium,BEL,2021,0.37793818,60669.215,11570843,High-income countries
Belgium,BEL,2022,0.36962554,62561.78,11641814,High-income countries
Belgium,BEL,2023,0.36026093,63095.402,11712891,High-income countries
Belgium,BEL,2024,,63347.785,11712891,High-income countries
Belize,BLZ,1967,11.275571,,111291,Upper-middle-income countries
Belize,BLZ,1968,10.791644,,114731,Upper-middle-income countries
Belize,BLZ,1969,10.334373,,118052,Upper-middle-income countries
Belize,BLZ,1970,9.88907,,120746,Upper-middle-income countries
Belize,BLZ,1971,9.47868,,122820,Upper-middle-income countries
Belize,BLZ,1972,9.076413,,124688,Upper-middle-income countries
Belize,BLZ,1973,8.689071,,126461,Upper-middle-income countries
Belize,BLZ,1974,8.331796,,128200,Upper-middle-income countries
Belize,BLZ,1975,7.9960504,,130403,Upper-middle-income countries
Belize,BLZ,1976,7.672052,,133117,Upper-middle-income countries
Belize,BLZ,1977,7.376086,,135904,Upper-middle-income countries
Belize,BLZ,1978,7.0869813,,138721,Upper-middle-income countries
Belize,BLZ,1979,6.8115983,,141693,Upper-middle-income countries
Belize,BLZ,1980,6.5481486,,145072,Upper-middle-income countries
Belize,BLZ,1981,6.2958355,,148802,Upper-middle-income countries
Belize,BLZ,1982,6.035853,,152561,Upper-middle-income countries
Belize,BLZ,1983,5.779957,,156310,Upper-middle-income countries
Belize,BLZ,1984,5.520081,,160060,Upper-middle-income countries
Belize,BLZ,1985,5.2535887,,163812,Upper-middle-income countries
Belize,BLZ,1986,4.983045,,167568,Upper-middle-income countries
Belize,BLZ,1987,4.7092695,,171349,Upper-middle-income countries
Belize,BLZ,1988,4.436815,,175195,Upper-middle-income countries
Belize,BLZ,1989,4.179195,,179124,Upper-middle-income countries
Belize,BLZ,1990,3.9259248,8251.617,183090,Upper-middle-income countries
Belize,BLZ,1991,3.689493,9028.073,187056,Upper-middle-income countries
Belize,BLZ,1992,3.4803905,9967.777,190995,Upper-middle-income countries
Belize,BLZ,1993,3.2961144,10366.859,194916,Upper-middle-income countries
Belize,BLZ,1994,3.1315413,10146.399,199101,Upper-middle-income countries
Belize,BLZ,1995,2.9858816,9967.847,204165,Upper-middle-income countries
Belize,BLZ,1996,2.8584104,9782.645,210321,Upper-middle-income countries
Belize,BLZ,1997,2.7431972,9862.267,217459,Upper-middle-income countries
Belize,BLZ,1998,2.6367,9894.6,225186,Upper-middle-income countries
Belize,BLZ,1999,2.538094,10460.635,233066,Upper-middle-income countries
Belize,BLZ,2000,2.4465542,11363.687,240809,Upper-middle-income countries
Belize,BLZ,2001,2.3600388,11567.026,248393,Upper-middle-income countries
Belize,BLZ,2002,2.2819996,11828.187,256019,Upper-middle-income countries
Belize,BLZ,2003,2.2135594,12589.268,263794,Upper-middle-income countries
Belize,BLZ,2004,2.1535306,12807.166,271695,Upper-middle-income countries
Belize,BLZ,2005,2.102852,12714.97,279747,Upper-middle-income countries
Belize,BLZ,2006,2.0559542,12912.53,287889,Upper-middle-income countries
Belize,BLZ,2007,2.0135183,12973.207,296117,Upper-middle-income countries
Belize,BLZ,2008,1.9723552,12415.681,304373,Upper-middle-income countries
Belize,BLZ,2009,1.9298673,12033.91,312619,Upper-middle-income countries
Belize,BLZ,2010,1.8829429,11913.664,320256,Upper-middle-income countries
Belize,BLZ,2011,1.8296063,11641.771,327306,Upper-middle-income countries
Belize,BLZ,2012,1.7688423,11843.415,334421,Upper-middle-income countries
Belize,BLZ,2013,1.7019495,12064.797,341635,Upper-middle-income countries
Belize,BLZ,2014,1.6324557,12272.296,348934,Upper-middle-income countries
Belize,BLZ,2015,1.5641712,12348.795,356341,Upper-middle-income countries
Belize,BLZ,2016,1.4992325,12063.06,364717,Upper-middle-income countries
Belize,BLZ,2017,1.4404416,11572.301,373215,Upper-middle-income countries
Belize,BLZ,2018,1.3898332,11451.897,380232,Upper-middle-income countries
Belize,BLZ,2019,1.3482404,11765.975,385833,Upper-middle-income countries
Belize,BLZ,2020,1.3171926,10045.141,390819,Upper-middle-income countries
Belize,BLZ,2021,1.2953691,11716.327,395355,Upper-middle-income countries
Belize,BLZ,2022,1.2820158,12565.364,402741,Upper-middle-income countries
Belize,BLZ,2023,1.2735785,12371.009,411112,Upper-middle-income countries
Belize,BLZ,2024,,12621.408,411112,Upper-middle-income countries
Benin,BEN,1945,37.112946,,2075585,Lower-middle-income countries
Benin,BEN,1946,36.7027,,2112945,Lower-middle-income countries
Benin,BEN,1947,36.307377,,2150978,Lower-middle-income countries
Benin,BEN,1948,35.908516,,2189696,Lower-middle-income countries
Benin,BEN,1949,35.528133,,2227533,Lower-middle-income countries
Benin,BEN,1950,35.16324,,2250476,Lower-middle-income countries
Benin,BEN,1951,34.797306,,2267310,Lower-middle-income countries
Benin,BEN,1952,34.418667,,2285780,Lower-middle-income countries
Benin,BEN,1953,34.07766,,2306205,Lower-middle-income countries
Benin,BEN,1954,33.712975,,2328786,Lower-middle-income countries
Benin,BEN,1955,33.347942,,2353653,Lower-middle-income countries
Benin,BEN,1956,32.947987,,2380894,Lower-middle-income countries
Benin,BEN,1957,32.532745,,2410774,Lower-middle-income countries
Benin,BEN,1958,32.11109,,2443431,Lower-middle-income countries
Benin,BEN,1959,31.662836,,2478921,Lower-middle-income countries
Benin,BEN,1960,31.197992,,2517289,Lower-middle-income countries
Benin,BEN,1961,30.709766,,2559229,Lower-middle-income countries
Benin,BEN,1962,30.19296,,2604667,Lower-middle-income countries
Benin,BEN,1963,29.633362,,2652911,Lower-middle-income countries
Benin,BEN,1964,29.070444,,2704005,Lower-middle-income countries
Benin,BEN,1965,28.538652,,2757936,Lower-middle-income countries
Benin,BEN,1966,28.003067,,2814321,Lower-middle-income countries
Benin,BEN,1967,27.506802,,2873000,Lower-middle-income countries
Benin,BEN,1968,27.032312,,2934261,Lower-middle-income countries
Benin,BEN,1969,26.568197,,2998230,Lower-middle-income countries
Benin,BEN,1970,26.112644,,3065061,Lower-middle-income countries
Benin,BEN,1971,25.666603,,3134768,Lower-middle-income countries
Benin,BEN,1972,25.184284,,3207549,Lower-middle-income countries
Benin,BEN,1973,24.69694,,3283500,Lower-middle-income countries
Benin,BEN,1974,24.179585,,3362629,Lower-middle-income countries
Benin,BEN,1975,23.652893,,3445406,Lower-middle-income countries
Benin,BEN,1976,23.116034,,3532198,Lower-middle-income countries
Benin,BEN,1977,22.5909,,3623200,Lower-middle-income countries
Benin,BEN,1978,22.085436,,3718308,Lower-middle-income countries
Benin,BEN,1979,21.614464,,3818536,Lower-middle-income countries
Benin,BEN,1980,21.167078,,3925258,Lower-middle-income countries
Benin,BEN,1981,20.75187,,4038308,Lower-middle-income countries
Benin,BEN,1982,20.35528,,4156593,Lower-middle-income countries
Benin,BEN,1983,19.969942,,4278981,Lower-middle-income countries
Benin,BEN,1984,19.582047,,4405902,Lower-middle-income countries
Benin,BEN,1985,19.199911,,4538017,Lower-middle-income countries
Benin,BEN,1986,18.809855,,4675421,Lower-middle-income countries
Benin,BEN,1987,18.421017,,4818487,Lower-middle-income countries
Benin,BEN,1988,18.03119,,4967343,Lower-middle-income countries
Benin,BEN,1989,17.630936,,5121659,Lower-middle-income countries
Benin,BEN,1990,17.22055,2207.0679,5281482,Lower-middle-income countries
Benin,BEN,1991,16.8021,2230.4604,5446935,Lower-middle-income countries
Benin,BEN,1992,16.394014,2226.5667,5617847,Lower-middle-income countries
Benin,BEN,1993,15.987715,2254.2456,5872707,Lower-middle-income countries
Benin,BEN,1994,15.60683,2215.3662,6096510,Lower-middle-income countries
Benin,BEN,1995,15.242695,2300.141,6226775,Lower-middle-income countries
Benin,BEN,1996,14.903828,2337.6304,6391861,Lower-middle-income countries
Benin,BEN,1997,14.580673,2399.786,6583375,Lower-middle-income countries
Benin,BEN,1998,14.257099,2419.1,6789492,Lower-middle-income countries
Benin,BEN,1999,13.932491,2470.685,7002818,Lower-middle-income countries
Benin,BEN,2000,13.60878,2536.169,7221618,Lower-middle-income countries
Benin,BEN,2001,13.281587,2591.065,7445599,Lower-middle-income countries
Benin,BEN,2002,12.96001,2630.1807,7675430,Lower-middle-income countries
Benin,BEN,2003,12.647556,2639.0437,7913074,Lower-middle-income countries
Benin,BEN,2004,12.349425,2672.844,8159098,Lower-middle-income countries
Benin,BEN,2005,12.061164,2632.4724,8426145,Lower-middle-income countries
Benin,BEN,2006,11.791301,2652.2185,8693243,Lower-middle-income countries
Benin,BEN,2007,11.539262,2729.1375,8953973,Lower-middle-income countries
Benin,BEN,2008,11.297162,2777.6196,9228468,Lower-middle-income countries
Benin,BEN,2009,11.064816,2758.0725,9509431,Lower-middle-income countries
Benin,BEN,2010,10.836259,2733.574,9797488,Lower-middle-income countries
Benin,BEN,2011,10.6161375,2732.0125,10093626,Lower-middle-income countries
Benin,BEN,2012,10.386865,2779.7266,10397659,Lower-middle-income countries
Benin,BEN,2013,10.160389,2893.0466,10708831,Lower-middle-income countries
Benin,BEN,2014,9.93472,2987.3823,11030008,Lower-middle-income countries
Benin,BEN,2015,9.711578,2952.0022,11360681,Lower-middle-income countries
Benin,BEN,2016,9.497253,2962.6638,11697845,Lower-middle-income countries
Benin,BEN,2017,9.273005,3041.7793,12039777,Lower-middle-income countries
Benin,BEN,2018,9.045701,3155.4512,12383349,Lower-middle-income countries
Benin,BEN,2019,8.800347,3281.1047,12726760,Lower-middle-income countries
Benin,BEN,2020,8.554456,3317.8596,13070169,Lower-middle-income countries
Benin,BEN,2021,8.305831,3464.2886,13413423,Lower-middle-income countries
Benin,BEN,2022,8.043312,3588.3252,13759507,Lower-middle-income countries
Benin,BEN,2023,7.7902117,3721.2126,14111035,Lower-middle-income countries
Benin,BEN,2024,,3901.326,14111035,Lower-middle-income countries
Bermuda,BMU,1990,,79747.484,57584,High-income countries
Bermuda,BMU,1991,,76365.05,58007,High-income countries
Bermuda,BMU,1992,,75766.695,58430,High-income countries
Bermuda,BMU,1993,,77503.46,58834,High-income countries
Bermuda,BMU,1994,,77470.3,59214,High-income countries
Bermuda,BMU,1995,,80427.24,59549,High-income countries
Bermuda,BMU,1996,,82122.78,59836,High-income countries
Bermuda,BMU,1997,,85380.836,60194,High-income countries
Bermuda,BMU,1998,,88034.81,60659,High-income countries
Bermuda,BMU,1999,,90290.56,61142,High-income countries
Bermuda,BMU,2000,,98019.93,61569,High-income countries
Bermuda,BMU,2001,,104560.836,61887,High-income countries
Bermuda,BMU,2002,,102559.766,62163,High-income countries
Bermuda,BMU,2003,,105642.98,62405,High-income countries
Bermuda,BMU,2004,,107803.2,62576,High-income countries
Bermuda,BMU,2005,,109335.38,62730,High-income countries
Bermuda,BMU,2006,,115170.9,62855,High-income countries
Bermuda,BMU,2007,,118691.07,63030,High-income countries
Bermuda,BMU,2008,,115942.73,63319,High-income countries
Bermuda,BMU,2009,,108962.82,63587,High-income countries
Bermuda,BMU,2010,,105968.875,63748,High-income countries
Bermuda,BMU,2011,,101989.93,63753,High-income countries
Bermuda,BMU,2012,,96711.07,63665,High-income countries
Bermuda,BMU,2013,,96549.79,63593,High-income countries
Bermuda,BMU,2014,,93042.27,63551,High-income countries
Bermuda,BMU,2015,,93859.875,63482,High-income countries
Bermuda,BMU,2016,,93265.07,63466,High-income countries
Bermuda,BMU,2017,,96437.195,63603,High-income countries
Bermuda,BMU,2018,,95639.23,63852,High-income countries
Bermuda,BMU,2019,,95519.92,64130,High-income countries
Bermuda,BMU,2020,,88618.086,64404,High-income countries
Bermuda,BMU,2021,,92319.67,64672,High-income countries
Bermuda,BMU,2022,,98145.17,64772,High-income countries
Bermuda,BMU,2023,,103052.35,64721,High-income countries
Bermuda,BMU,2024,,109311.94,64721,High-income countries
Bhutan,BTN,1968,27.386642,,288320,Lower-middle-income countries
Bhutan,BTN,1969,26.74266,,298220,Lower-middle-income countries
Bhutan,BTN,1970,26.159786,,308536,Lower-middle-income countries
Bhutan,BTN,1971,25.51734,,319219,Lower-middle-income countries
Bhutan,BTN,1972,24.89369,,330265,Lower-middle-income countries
Bhutan,BTN,1973,24.250584,,341713,Lower-middle-income countries
Bhutan,BTN,1974,23.601221,,353548,Lower-middle-income countries
Bhutan,BTN,1975,22.927816,,365800,Lower-middle-income countries
Bhutan,BTN,1976,22.264961,,378499,Lower-middle-income countries
Bhutan,BTN,1977,21.579487,,391649,Lower-middle-income countries
Bhutan,BTN,1978,20.870913,,405256,Lower-middle-income countries
Bhutan,BTN,1979,20.188393,,419208,Lower-middle-income countries
Bhutan,BTN,1980,19.466047,,433412,Lower-middle-income countries
Bhutan,BTN,1981,18.743301,,447851,Lower-middle-income countries
Bhutan,BTN,1982,18.038763,,462495,Lower-middle-income countries
Bhutan,BTN,1983,17.325808,,477473,Lower-middle-income countries
Bhutan,BTN,1984,16.622698,,492794,Lower-middle-income countries
Bhutan,BTN,1985,15.930112,,508399,Lower-middle-income countries
Bhutan,BTN,1986,15.269088,,524327,Lower-middle-income countries
Bhutan,BTN,1987,14.62964,,540570,Lower-middle-income countries
Bhutan,BTN,1988,13.995719,,557002,Lower-middle-income countries
Bhutan,BTN,1989,13.390569,,573593,Lower-middle-income countries
Bhutan,BTN,1990,12.819556,3411.3838,589295,Lower-middle-income countries
Bhutan,BTN,1991,12.278719,3338.0095,599789,Lower-middle-income countries
Bhutan,BTN,1992,11.762193,3624.598,577780,Lower-middle-income countries
Bhutan,BTN,1993,11.251526,3850.5513,554680,Lower-middle-income countries
Bhutan,BTN,1994,10.748226,4042.4941,554509,Lower-middle-income countries
Bhutan,BTN,1995,10.24549,4379.8706,547995,Lower-middle-income countries
Bhutan,BTN,1996,9.753951,4616.92,548792,Lower-middle-income countries
Bhutan,BTN,1997,9.264367,4778.705,558698,Lower-middle-income countries
Bhutan,BTN,1998,8.768716,4965.8765,569439,Lower-middle-income countries
Bhutan,BTN,1999,8.301657,5241.3667,582589,Lower-middle-income countries
Bhutan,BTN,2000,7.8481765,5287.574,596871,Lower-middle-income countries
Bhutan,BTN,2001,7.4005675,5545.6304,610801,Lower-middle-income countries
Bhutan,BTN,2002,6.9627757,5991.255,624417,Lower-middle-income countries
Bhutan,BTN,2003,6.5370517,6323.541,637667,Lower-middle-income countries
Bhutan,BTN,2004,6.118288,6517.997,650559,Lower-middle-income countries
Bhutan,BTN,2005,5.7098365,6850.804,661875,Lower-middle-income countries
Bhutan,BTN,2006,5.3234153,7140.856,670803,Lower-middle-income countries
Bhutan,BTN,2007,4.9592576,8195.07,678643,Lower-middle-income countries
Bhutan,BTN,2008,4.6206126,8470.035,686359,Lower-middle-income countries
Bhutan,BTN,2009,4.3079343,9019.118,693994,Lower-middle-income countries
Bhutan,BTN,2010,4.0276585,9985.284,701638,Lower-middle-income countries
Bhutan,BTN,2011,3.7748952,10714.687,709387,Lower-middle-income countries
Bhutan,BTN,2012,3.561176,11143.944,717288,Lower-middle-income countries
Bhutan,BTN,2013,3.3771489,11212.4795,725282,Lower-middle-income countries
Bhutan,BTN,2014,3.217724,11744.519,733151,Lower-middle-income countries
Bhutan,BTN,2015,3.084033,12400.298,740623,Lower-middle-income countries
Bhutan,BTN,2016,2.9606369,13320.976,747878,Lower-middle-income countries
Bhutan,BTN,2017,2.8528686,13482.343,754343,Lower-middle-income countries
Bhutan,BTN,2018,2.7446332,13854.8545,759766,Lower-middle-income countries
Bhutan,BTN,2019,2.645557,14555.188,764830,Lower-middle-income countries
Bhutan,BTN,2020,2.5490575,12979.937,770013,Lower-middle-income countries
Bhutan,BTN,2021,2.46912,13458.8125,775450,Lower-middle-income countries
Bhutan,BTN,2022,2.3863902,14061.3125,780921,Lower-middle-income countries
Bhutan,BTN,2023,2.3058088,14610.296,786386,Lower-middle-income countries
Bolivia,BOL,1960,29.04448,,3702323,Lower-middle-income countries
Bolivia,BOL,1961,28.425001,,3778735,Lower-middle-income countries
Bolivia,BOL,1962,27.811893,,3857495,Lower-middle-income countries
Bolivia,BOL,1963,27.207144,,3938914,Lower-middle-income countries
Bolivia,BOL,1964,26.610931,,4023009,Lower-middle-income countries
Bolivia,BOL,1965,26.001757,,4109800,Lower-middle-income countries
Bolivia,BOL,1966,25.399014,,4199555,Lower-middle-income countries
Bolivia,BOL,1967,24.804432,,4292574,Lower-middle-income countries
Bolivia,BOL,1968,24.181747,,4388946,Lower-middle-income countries
Bolivia,BOL,1969,23.55244,,4488231,Lower-middle-income countries
Bolivia,BOL,1970,22.935848,,4590008,Lower-middle-income countries
Bolivia,BOL,1971,22.303572,,4694351,Lower-middle-income countries
Bolivia,BOL,1972,21.670845,,4800985,Lower-middle-income countries
Bolivia,BOL,1973,21.03733,,4910200,Lower-middle-income countries
Bolivia,BOL,1974,20.390425,,5022480,Lower-middle-income countries
Bolivia,BOL,1975,19.751925,,5137540,Lower-middle-income countries
Bolivia,BOL,1976,19.120045,,5256497,Lower-middle-income countries
Bolivia,BOL,1977,18.511677,,5379169,Lower-middle-income countries
Bolivia,BOL,1978,17.942156,,5504131,Lower-middle-income countries
Bolivia,BOL,1979,17.411024,,5630853,Lower-middle-income countries
Bolivia,BOL,1980,16.91296,,5758905,Lower-middle-income countries
Bolivia,BOL,1981,16.44633,,5888114,Lower-middle-income countries
Bolivia,BOL,1982,15.994307,,6018091,Lower-middle-income countries
Bolivia,BOL,1983,15.548129,,6149066,Lower-middle-income countries
Bolivia,BOL,1984,15.097656,,6281868,Lower-middle-income countries
Bolivia,BOL,1985,14.627913,,6416193,Lower-middle-income countries
Bolivia,BOL,1986,14.146241,,6552481,Lower-middle-income countries
Bolivia,BOL,1987,13.649563,,6692168,Lower-middle-income countries
Bolivia,BOL,1988,13.1532755,,6835507,Lower-middle-income countries
Bolivia,BOL,1989,12.660213,,6981771,Lower-middle-income countries
Bolivia,BOL,1990,12.169809,6247.1045,7130143,Lower-middle-income countries
Bolivia,BOL,1991,11.696279,6440.486,7280294,Lower-middle-income countries
Bolivia,BOL,1992,11.223175,6414.3286,7430337,Lower-middle-income countries
Bolivia,BOL,1993,10.758953,6556.8164,7579196,Lower-middle-income countries
Bolivia,BOL,1994,10.299075,6731.2847,7727320,Lower-middle-income countries
Bolivia,BOL,1995,9.843218,6914.342,7874676,Lower-middle-income countries
Bolivia,BOL,1996,9.38486,7083.6133,8021742,Lower-middle-income countries
Bolivia,BOL,1997,8.926136,7301.5093,8167911,Lower-middle-income countries
Bolivia,BOL,1998,8.466975,7534.5166,8313400,Lower-middle-income countries
Bolivia,BOL,1999,8.01523,7435.7256,8459810,Lower-middle-income countries
Bolivia,BOL,2000,7.571894,7492.4336,8606330,Lower-middle-income countries
Bolivia,BOL,2001,7.142044,7491.1523,8752740,Lower-middle-income countries
Bolivia,BOL,2002,6.7357254,7550.0156,8900358,Lower-middle-income countries
Bolivia,BOL,2003,6.3505483,7625.9053,9050703,Lower-middle-income countries
Bolivia,BOL,2004,5.9862704,7811.5967,9204297,Lower-middle-income countries
Bolivia,BOL,2005,5.639799,8020.6357,9360758,Lower-middle-income countries
Bolivia,BOL,2006,5.3123374,8263.319,9521685,Lower-middle-income countries
Bolivia,BOL,2007,5.003957,8493.948,9685960,Lower-middle-income countries
Bolivia,BOL,2008,4.7165847,8865.272,9850859,Lower-middle-income countries
Bolivia,BOL,2009,4.447876,9011.557,10016279,Lower-middle-income countries
Bolivia,BOL,2010,4.1995797,9230.398,10182345,Lower-middle-income countries
Bolivia,BOL,2011,3.9673285,9554.445,10348931,Lower-middle-income countries
Bolivia,BOL,2012,3.7470658,9884.462,10515814,Lower-middle-income countries
Bolivia,BOL,2013,3.5412426,10391.384,10682612,Lower-middle-income countries
Bolivia,BOL,2014,3.3529816,10790.848,10848889,Lower-middle-income countries
Bolivia,BOL,2015,3.1799557,11144.642,11014707,Lower-middle-income countries
Bolivia,BOL,2016,3.030673,11448.021,11180020,Lower-middle-income countries
Bolivia,BOL,2017,2.9000187,11755.256,11344591,Lower-middle-income countries
Bolivia,BOL,2018,2.7809362,11920.313,11508370,Lower-middle-income countries
Bolivia,BOL,2019,2.671817,11930.916,11671386,Lower-middle-income countries
Bolivia,BOL,2020,2.5734432,10285.659,11816301,Lower-middle-income countries
Bolivia,BOL,2021,2.4814005,11202.441,11937369,Lower-middle-income countries
Bolivia,BOL,2022,2.3943841,11487.715,12077156,Lower-middle-income countries
Bolivia,BOL,2023,2.3103664,11616.157,12244161,Lower-middle-income countries
Bolivia,BOL,2024,,11329.151,12244161,Lower-middle-income countries
Bosnia and Herzegovina,BIH,1984,2.9394176,,4295538,Upper-middle-income countries
Bosnia and Herzegovina,BIH,1985,2.7028475,,4330362,Upper-middle-income countries
Bosnia and Herzegovina,BIH,1986,2.4888296,,4362114,Upper-middle-income countries
Bosnia and Herzegovina,BIH,1987,2.2954159,,4390248,Upper-middle-income countries
Bosnia and Herzegovina,BIH,1988,2.1205084,,4414409,Upper-middle-income countries
Bosnia and Herzegovina,BIH,1989,1.9619261,,4433985,Upper-middle-income countries
Bosnia and Herzegovina,BIH,1990,1.8183647,2413.9482,4448658,Upper-middle-income countries
Bosnia and Herzegovina,BIH,1991,1.6898926,2183.5352,4458350,Upper-middle-income countries
Bosnia and Herzegovina,BIH,1992,5.784343,2150.9197,4234620,Upper-middle-income countries
Bosnia and Herzegovina,BIH,1993,5.8664308,2281.8992,3904484,Upper-middle-income countries
Bosnia and Herzegovina,BIH,1994,1.3954724,2657.814,3725412,Upper-middle-income countries
Bosnia and Herzegovina,BIH,1995,1.9372054,3090.391,3715565,Upper-middle-income countries
Bosnia and Herzegovina,BIH,1996,1.2421336,4569.0015,3875246,Upper-middle-income countries
Bosnia and Herzegovina,BIH,1997,1.1684134,6020.9854,4018228,Upper-middle-income countries
Bosnia and Herzegovina,BIH,1998,1.094524,6899.3257,4089357,Upper-middle-income countries
Bosnia and Herzegovina,BIH,1999,1.0228025,7481.335,4130312,Upper-middle-income countries
Bosnia and Herzegovina,BIH,2000,0.9546044,7830.534,4159785,Upper-middle-income countries
Bosnia and Herzegovina,BIH,2001,0.89283186,7982.552,4179446,Upper-middle-income countries
Bosnia and Herzegovina,BIH,2002,0.8398007,8366.727,4188006,Upper-middle-income countries
Bosnia and Herzegovina,BIH,2003,0.796636,8709.993,4178523,Upper-middle-income countries
Bosnia and Herzegovina,BIH,2004,0.7629861,9344.869,4140990,Upper-middle-income countries
Bosnia and Herzegovina,BIH,2005,0.7383051,9814.511,4096493,Upper-middle-income countries
Bosnia and Herzegovina,BIH,2006,0.72082466,10430.455,4063269,Upper-middle-income countries
Bosnia and Herzegovina,BIH,2007,0.7081642,11178.728,4013420,Upper-middle-income countries
Bosnia and Herzegovina,BIH,2008,0.69840163,11983.77,3947545,Upper-middle-income countries
Bosnia and Herzegovina,BIH,2009,0.69044733,11826.699,3879798,Upper-middle-income countries
Bosnia and Herzegovina,BIH,2010,0.68331,12142.912,3811480,Upper-middle-income countries
Bosnia and Herzegovina,BIH,2011,0.6771825,12487.701,3741799,Upper-middle-income countries
Bosnia and Herzegovina,BIH,2012,0.67269135,12626.979,3670109,Upper-middle-income countries
Bosnia and Herzegovina,BIH,2013,0.6704934,13135.772,3610857,Upper-middle-income countries
Bosnia and Herzegovina,BIH,2014,0.6711037,13458.908,3564831,Upper-middle-income countries
Bosnia and Herzegovina,BIH,2015,0.6738856,14220.149,3518541,Upper-middle-income countries
Bosnia and Herzegovina,BIH,2016,0.677526,14873.703,3472997,Upper-middle-income countries
Bosnia and Herzegovina,BIH,2017,0.6790658,15554.724,3428684,Upper-middle-income countries
Bosnia and Herzegovina,BIH,2018,0.67644715,16349.067,3386999,Upper-middle-income countries
Bosnia and Herzegovina,BIH,2019,0.66946703,17029.367,3345532,Upper-middle-income countries
Bosnia and Herzegovina,BIH,2020,0.6574149,16747.105,3299352,Upper-middle-income countries
Bosnia and Herzegovina,BIH,2021,0.6411012,18286.738,3244912,Upper-middle-income countries
Bosnia and Herzegovina,BIH,2022,0.6227687,19298.197,3204802,Upper-middle-income countries
Bosnia and Herzegovina,BIH,2023,0.60421085,19805,3185072,Upper-middle-income countries
Bosnia and Herzegovina,BIH,2024,,20527.693,3185072,Upper-middle-income countries
Botswana,BWA,1954,20.317245,,454051,Upper-middle-income countries
Botswana,BWA,1955,19.622248,,463935,Upper-middle-income countries
Botswana,BWA,1956,19.01223,,473785,Upper-middle-income countries
Botswana,BWA,1957,18.405249,,483798,Upper-middle-income countries
Botswana,BWA,1958,17.824942,,494112,Upper-middle-income countries
Botswana,BWA,1959,17.276579,,504883,Upper-middle-income countries
Botswana,BWA,1960,16.767305,,516174,Upper-middle-income countries
Botswana,BWA,1961,16.256721,,527952,Upper-middle-income countries
Botswana,BWA,1962,15.791817,,540189,Upper-middle-income countries
Botswana,BWA,1963,15.340005,,552977,Upper-middle-income countries
Botswana,BWA,1964,14.893541,,566282,Upper-middle-income countries
Botswana,BWA,1965,14.4588995,,574670,Upper-middle-income countries
Botswana,BWA,1966,14.037816,,577876,Upper-middle-income countries
Botswana,BWA,1967,13.628718,,580938,Upper-middle-income countries
Botswana,BWA,1968,13.2290535,,583974,Upper-middle-income countries
Botswana,BWA,1969,12.813026,,587078,Upper-middle-income countries
Botswana,BWA,1970,12.371462,,590338,Upper-middle-income countries
Botswana,BWA,1971,11.890308,,600488,Upper-middle-income countries
Botswana,BWA,1972,11.4009695,,622416,Upper-middle-income countries
Botswana,BWA,1973,10.912921,,652420,Upper-middle-income countries
Botswana,BWA,1974,10.411282,,685455,Upper-middle-income countries
Botswana,BWA,1975,9.879425,,720389,Upper-middle-income countries
Botswana,BWA,1976,9.319924,,758514,Upper-middle-income countries
Botswana,BWA,1977,8.7676935,,799587,Upper-middle-income countries
Botswana,BWA,1978,8.234177,,849246,Upper-middle-income countries
Botswana,BWA,1979,7.7391596,,901754,Upper-middle-income countries
Botswana,BWA,1980,7.2905025,,937493,Upper-middle-income countries
Botswana,BWA,1981,6.856857,,970003,Upper-middle-income countries
Botswana,BWA,1982,6.4680367,,1009273,Upper-middle-income countries
Botswana,BWA,1983,6.1198673,,1046148,Upper-middle-income countries
Botswana,BWA,1984,5.8048024,,1083665,Upper-middle-income countries
Botswana,BWA,1985,5.4959135,,1121954,Upper-middle-income countries
Botswana,BWA,1986,5.2209153,,1160655,Upper-middle-income countries
Botswana,BWA,1987,5.0035577,,1199180,Upper-middle-income countries
Botswana,BWA,1988,4.875755,,1235488,Upper-middle-income countries
Botswana,BWA,1989,4.8670983,,1270279,Upper-middle-income countries
Botswana,BWA,1990,5.0065975,10520.918,1305699,Upper-middle-income countries
Botswana,BWA,1991,5.289188,11001.802,1341767,Upper-middle-income countries
Botswana,BWA,1992,5.701318,11008.681,1380038,Upper-middle-income countries
Botswana,BWA,1993,6.1983004,10902.951,1420120,Upper-middle-income countries
Botswana,BWA,1994,6.72133,10989.67,1460030,Upper-middle-income countries
Botswana,BWA,1995,6.7401557,11457.699,1498842,Upper-middle-income countries
Botswana,BWA,1996,7.0994043,11832.938,1535917,Upper-middle-income countries
Botswana,BWA,1997,7.366865,12526.353,1571700,Upper-middle-income countries
Botswana,BWA,1998,7.5694184,12306.25,1606906,Upper-middle-income countries
Botswana,BWA,1999,7.910859,13207.447,1642006,Upper-middle-income countries
Botswana,BWA,2000,8.111994,13185.817,1677384,Upper-middle-income countries
Botswana,BWA,2001,8.124674,12949.641,1712264,Upper-middle-income countries
Botswana,BWA,2002,7.99987,13479.696,1744765,Upper-middle-income countries
Botswana,BWA,2003,7.847751,13857.259,1775744,Upper-middle-income countries
Botswana,BWA,2004,7.6314034,13984.842,1807153,Upper-middle-income countries
Botswana,BWA,2005,7.029879,14361.958,1839881,Upper-middle-income countries
Botswana,BWA,2006,6.434243,15275.583,1874526,Upper-middle-income countries
Botswana,BWA,2007,6.160641,15850.234,1911200,Upper-middle-income countries
Botswana,BWA,2008,6.033595,16040.315,1949973,Upper-middle-income countries
Botswana,BWA,2009,5.778933,13489.951,1990671,Upper-middle-income countries
Botswana,BWA,2010,5.5817657,14545.02,2033110,Upper-middle-income countries
Botswana,BWA,2011,5.675003,15236.719,2073538,Upper-middle-income countries
Botswana,BWA,2012,5.343141,14957.619,2108617,Upper-middle-income countries
Botswana,BWA,2013,5.0991015,16369.426,2140687,Upper-middle-income countries
Botswana,BWA,2014,5.114353,17052.193,2172053,Upper-middle-income countries
Botswana,BWA,2015,4.9805384,15994.964,2203276,Upper-middle-income countries
Botswana,BWA,2016,4.8973966,16905.588,2234784,Upper-middle-income countries
Botswana,BWA,2017,4.6547303,17352.896,2266749,Upper-middle-income countries
Botswana,BWA,2018,4.5876546,17825.02,2299149,Upper-middle-income countries
Botswana,BWA,2019,4.4993906,18106.01,2332082,Upper-middle-income countries
Botswana,BWA,2020,4.3891096,16289.392,2365895,Upper-middle-income countries
Botswana,BWA,2021,4.2025537,17960.625,2401448,Upper-middle-income countries
Botswana,BWA,2022,4.06584,18647.373,2439895,Upper-middle-income countries
Botswana,BWA,2023,3.9568217,18932.48,2480242,Upper-middle-income countries
Botswana,BWA,2024,,18068.506,2480242,Upper-middle-income countries
Brazil,BRA,1934,26.442677,,36670335,Upper-middle-income countries
Brazil,BRA,1935,26.233622,,37421510,Upper-middle-income countries
Brazil,BRA,1936,25.99568,,38188072,Upper-middle-income countries
Brazil,BRA,1937,25.687931,,38970337,Upper-middle-income countries
Brazil,BRA,1938,25.433743,,39768626,Upper-middle-income countries
Brazil,BRA,1939,25.18927,,40633684,Upper-middle-income countries
Brazil,BRA,1940,24.931124,,41568218,Upper-middle-income countries
Brazil,BRA,1941,24.631033,,42575027,Upper-middle-income countries
Brazil,BRA,1942,24.369247,,43657003,Upper-middle-income countries
Brazil,BRA,1943,24.07972,,44817135,Upper-middle-income countries
Brazil,BRA,1944,23.78081,,46008096,Upper-middle-income countries
Brazil,BRA,1945,23.457815,,47230706,Upper-middle-income countries
Brazil,BRA,1946,23.11114,,48485805,Upper-middle-income countries
Brazil,BRA,1947,22.761011,,49774257,Upper-middle-income countries
Brazil,BRA,1948,22.382353,,51096948,Upper-middle-income countries
Brazil,BRA,1949,22.009476,,52489682,Upper-middle-income countries
Brazil,BRA,1950,21.610395,,53408551,Upper-middle-income countries
Brazil,BRA,1951,21.190119,,55018849,Upper-middle-income countries
Brazil,BRA,1952,20.749683,,56694872,Upper-middle-income countries
Brazil,BRA,1953,20.312178,,58433756,Upper-middle-income countries
Brazil,BRA,1954,19.86129,,60235125,Upper-middle-income countries
Brazil,BRA,1955,19.38734,,62101393,Upper-middle-income countries
Brazil,BRA,1956,18.907804,,64033997,Upper-middle-income countries
Brazil,BRA,1957,18.419088,,66031498,Upper-middle-income countries
Brazil,BRA,1958,17.931477,,68092148,Upper-middle-income countries
Brazil,BRA,1959,17.43862,,70214470,Upper-middle-income countries
Brazil,BRA,1960,16.94203,,72388124,Upper-middle-income countries
Brazil,BRA,1961,16.474916,,74605442,Upper-middle-income countries
Brazil,BRA,1962,16.030935,,76865322,Upper-middle-income countries
Brazil,BRA,1963,15.608035,,79164237,Upper-middle-income countries
Brazil,BRA,1964,15.2204,,81488598,Upper-middle-income countries
Brazil,BRA,1965,14.858645,,83817586,Upper-middle-income countries
Brazil,BRA,1966,14.520797,,86139356,Upper-middle-income countries
Brazil,BRA,1967,14.192818,,88446119,Upper-middle-income countries
Brazil,BRA,1968,13.87668,,90741243,Upper-middle-income countries
Brazil,BRA,1969,13.550833,,93045768,Upper-middle-income countries
Brazil,BRA,1970,13.218903,,95375656,Upper-middle-income countries
Brazil,BRA,1971,12.889556,,97739280,Upper-middle-income countries
Brazil,BRA,1972,12.553687,,100146794,Upper-middle-income countries
Brazil,BRA,1973,12.213675,,102600970,Upper-middle-income countries
Brazil,BRA,1974,11.893252,,105089675,Upper-middle-income countries
Brazil,BRA,1975,11.558553,,107619567,Upper-middle-income countries
Brazil,BRA,1976,11.209206,,110213353,Upper-middle-income countries
Brazil,BRA,1977,10.831974,,112875287,Upper-middle-income countries
Brazil,BRA,1978,10.431626,,115600943,Upper-middle-income countries
Brazil,BRA,1979,10.009606,,118380819,Upper-middle-income countries
Brazil,BRA,1980,9.572952,,121207451,Upper-middle-income countries
Brazil,BRA,1981,9.140377,,124063113,Upper-middle-income countries
Brazil,BRA,1982,8.7269125,,126923156,Upper-middle-income countries
Brazil,BRA,1983,8.336735,,129790081,Upper-middle-income countries
Brazil,BRA,1984,7.983525,,132658861,Upper-middle-income countries
Brazil,BRA,1985,7.665448,,135515593,Upper-middle-income countries
Brazil,BRA,1986,7.3761497,,138336371,Upper-middle-income countries
Brazil,BRA,1987,7.1057425,,141104946,Upper-middle-income countries
Brazil,BRA,1988,6.842245,,143826357,Upper-middle-income countries
Brazil,BRA,1989,6.5805726,,146502975,Upper-middle-income countries
Brazil,BRA,1990,6.3075705,12633.288,149143223,Upper-middle-income countries
Brazil,BRA,1991,6.0240865,12546.561,151724253,Upper-middle-income countries
Brazil,BRA,1992,5.7208147,12271.979,154275077,Upper-middle-income countries
Brazil,BRA,1993,5.4070435,12669.429,156794574,Upper-middle-income countries
Brazil,BRA,1994,5.089049,13202.931,159265011,Upper-middle-income countries
Brazil,BRA,1995,4.773891,13550.439,161735079,Upper-middle-income countries
Brazil,BRA,1996,4.473446,13641.63,164202549,Upper-middle-income countries
Brazil,BRA,1997,4.190512,13896.625,166661662,Upper-middle-income countries
Brazil,BRA,1998,3.9260645,13737.703,169159651,Upper-middle-income countries
Brazil,BRA,1999,3.6780028,13602.414,171641544,Upper-middle-income countries
Brazil,BRA,2000,3.4450521,14005.348,174018278,Upper-middle-income countries
Brazil,BRA,2001,3.2211432,14016.132,176301201,Upper-middle-income countries
Brazil,BRA,2002,3.011515,14265.905,178503485,Upper-middle-income countries
Brazil,BRA,2003,2.814794,14259.366,180622688,Upper-middle-income countries
Brazil,BRA,2004,2.630416,14911.261,182675144,Upper-middle-income countries
Brazil,BRA,2005,2.4614625,15221.014,184688101,Upper-middle-income countries
Brazil,BRA,2006,2.307708,15657.4795,186653099,Upper-middle-income countries
Brazil,BRA,2007,2.1725173,16440.584,188552311,Upper-middle-income countries
Brazil,BRA,2008,2.0536501,17113.367,190367297,Upper-middle-income countries
Brazil,BRA,2009,1.9493678,16939.441,192079958,Upper-middle-income countries
Brazil,BRA,2010,1.8613241,18062.158,193701931,Upper-middle-income countries
Brazil,BRA,2011,1.7864642,18627.81,195284736,Upper-middle-income countries
Brazil,BRA,2012,1.724328,18832.219,196876113,Upper-middle-income countries
Brazil,BRA,2013,1.6730375,19241.506,198478290,Upper-middle-income countries
Brazil,BRA,2014,1.6311227,19183.172,200085126,Upper-middle-income countries
Brazil,BRA,2015,1.5963767,18357.068,201675534,Upper-middle-income countries
Brazil,BRA,2016,1.6779025,17620.928,203218108,Upper-middle-income countries
Brazil,BRA,2017,1.5428237,17724.48,204703440,Upper-middle-income countries
Brazil,BRA,2018,1.5211949,17917.75,206107265,Upper-middle-income countries
Brazil,BRA,2019,1.5033846,18018.621,207455459,Upper-middle-income countries
Brazil,BRA,2020,1.4871895,17327.516,208660845,Upper-middle-income countries
Brazil,BRA,2021,1.4733636,18075.705,209550291,Upper-middle-income countries
Brazil,BRA,2022,1.4594444,18554.047,210306411,Upper-middle-income countries
Brazil,BRA,2023,1.4441526,19079.812,211140731,Upper-middle-income countries
Brazil,BRA,2024,,19652.365,211140731,Upper-middle-income countries
British Virgin Islands,VGB,1955,12.211776,,7516,High-income countries
British Virgin Islands,VGB,1956,11.502717,,7557,High-income countries
British Virgin Islands,VGB,1957,10.824701,,7615,High-income countries
British Virgin Islands,VGB,1958,10.191027,,7702,High-income countries
British Virgin Islands,VGB,1959,9.594917,,7832,High-income countries
British Virgin Islands,VGB,1960,9.029015,,7974,High-income countries
British Virgin Islands,VGB,1961,8.481642,,8059,High-income countries
British Virgin Islands,VGB,1962,7.9717846,,8093,High-income countries
British Virgin Islands,VGB,1963,7.4847703,,8136,High-income countries
British Virgin Islands,VGB,1964,7.0176296,,8192,High-income countries
British Virgin Islands,VGB,1965,6.5801616,,8283,High-income countries
British Virgin Islands,VGB,1966,6.1731253,,8438,High-income countries
British Virgin Islands,VGB,1967,5.7943497,,8671,High-income countries
British Virgin Islands,VGB,1968,5.449921,,9023,High-income countries
British Virgin Islands,VGB,1969,5.140152,,9554,High-income countries
British Virgin Islands,VGB,1970,4.858857,,9967,High-income countries
British Virgin Islands,VGB,1971,4.6107655,,10117,High-income countries
British Virgin Islands,VGB,1972,4.3915963,,10256,High-income countries
British Virgin Islands,VGB,1973,4.2090635,,10388,High-income countries
British Virgin Islands,VGB,1974,4.0525813,,10521,High-income countries
British Virgin Islands,VGB,1975,3.9248474,,10627,High-income countries
British Virgin Islands,VGB,1976,3.8208559,,10733,High-income countries
British Virgin Islands,VGB,1977,3.7226124,,10823,High-income countries
British Virgin Islands,VGB,1978,3.637576,,10904,High-income countries
British Virgin Islands,VGB,1979,3.5499527,,10986,High-income countries
British Virgin Islands,VGB,1980,3.456236,,11148,High-income countries
British Virgin Islands,VGB,1981,3.3574662,,11499,High-income countries
British Virgin Islands,VGB,1982,3.251337,,11944,High-income countries
British Virgin Islands,VGB,1983,3.1374454,,12388,High-income countries
British Virgin Islands,VGB,1984,3.0213132,,12844,High-income countries
British Virgin Islands,VGB,1985,2.8978336,,13291,High-income countries
British Virgin Islands,VGB,1986,2.7753284,,13749,High-income countries
British Virgin Islands,VGB,1987,2.6499708,,14213,High-income countries
British Virgin Islands,VGB,1988,2.5277433,,14704,High-income countries
British Virgin Islands,VGB,1989,2.4060426,,15201,High-income countries
British Virgin Islands,VGB,1990,2.293375,,15727,High-income countries
British Virgin Islands,VGB,1991,2.1901262,,16208,High-income countries
British Virgin Islands,VGB,1992,2.0984113,,16615,High-income countries
British Virgin Islands,VGB,1993,2.0162797,,17008,High-income countries
British Virgin Islands,VGB,1994,1.947227,,17430,High-income countries
British Virgin Islands,VGB,1995,1.8855876,,17863,High-income countries
British Virgin Islands,VGB,1996,1.8327649,,18308,High-income countries
British Virgin Islands,VGB,1997,1.7881682,,18783,High-income countries
British Virgin Islands,VGB,1998,1.7481483,,19262,High-income countries
British Virgin Islands,VGB,1999,1.7127179,,19755,High-income countries
British Virgin Islands,VGB,2000,1.682532,,20266,High-income countries
British Virgin Islands,VGB,2001,1.6589267,,20825,High-income countries
British Virgin Islands,VGB,2002,1.633934,,21454,High-income countries
British Virgin Islands,VGB,2003,1.6134783,,22155,High-income countries
British Virgin Islands,VGB,2004,1.5961142,,22905,High-income countries
British Virgin Islands,VGB,2005,1.5850315,,23693,High-income countries
British Virgin Islands,VGB,2006,1.5771222,,24519,High-income countries
British Virgin Islands,VGB,2007,1.5691649,,25391,High-income countries
British Virgin Islands,VGB,2008,1.5655234,,26308,High-income countries
British Virgin Islands,VGB,2009,1.5639393,,27240,High-income countries
British Virgin Islands,VGB,2010,1.5604,,27698,High-income countries
British Virgin Islands,VGB,2011,1.5602689,,28733,High-income countries
British Virgin Islands,VGB,2012,1.5613997,,30369,High-income countries
British Virgin Islands,VGB,2013,1.5641503,,31727,High-income countries
British Virgin Islands,VGB,2014,1.5589978,,32988,High-income countries
British Virgin Islands,VGB,2015,1.5478785,,34523,High-income countries
British Virgin Islands,VGB,2016,1.5237617,,33904,High-income countries
British Virgin Islands,VGB,2017,1.4952109,,32724,High-income countries
British Virgin Islands,VGB,2018,1.4604839,,34682,High-income countries
British Virgin Islands,VGB,2019,1.4257603,,36423,High-income countries
British Virgin Islands,VGB,2020,1.3914775,,37161,High-income countries
British Virgin Islands,VGB,2021,1.3515735,,37833,High-income countries
British Virgin Islands,VGB,2022,1.3132507,,38346,High-income countries
British Virgin Islands,VGB,2023,1.2732028,,39009,High-income countries
Brunei,BRN,1945,29.18658,,44605,High-income countries
Brunei,BRN,1946,27.072699,,45021,High-income countries
Brunei,BRN,1947,25.136309,,45440,High-income countries
Brunei,BRN,1948,23.37051,,45863,High-income countries
Brunei,BRN,1949,21.653118,,46794,High-income countries
Brunei,BRN,1950,20.069115,,48316,High-income countries
Brunei,BRN,1951,18.572756,,51213,High-income countries
Brunei,BRN,1952,17.170374,,54252,High-income countries
Brunei,BRN,1953,15.828046,,57582,High-income countries
Brunei,BRN,1954,14.588762,,61227,High-income countries
Brunei,BRN,1955,13.417352,,65228,High-income countries
Brunei,BRN,1956,12.331135,,69568,High-income countries
Brunei,BRN,1957,11.349266,,74183,High-income countries
Brunei,BRN,1958,10.443684,,78989,High-income countries
Brunei,BRN,1959,9.627412,,83860,High-income countries
Brunei,BRN,1960,8.895122,,88359,High-income countries
Brunei,BRN,1961,8.243609,,92529,High-income countries
Brunei,BRN,1962,7.658867,,96737,High-income countries
Brunei,BRN,1963,7.1492352,,101171,High-income countries
Brunei,BRN,1964,6.7023454,,105936,High-income countries
Brunei,BRN,1965,6.319151,,110856,High-income countries
Brunei,BRN,1966,5.9848385,,115890,High-income countries
Brunei,BRN,1967,5.69404,,121036,High-income countries
Brunei,BRN,1968,5.4233437,,126237,High-income countries
Brunei,BRN,1969,5.1647544,,131456,High-income countries
Brunei,BRN,1970,4.906002,,135157,High-income countries
Brunei,BRN,1971,4.6355586,,137931,High-income countries
Brunei,BRN,1972,4.3543944,,142197,High-income countries
Brunei,BRN,1973,4.0643883,,147381,High-income countries
Brunei,BRN,1974,3.7738383,,152669,High-income countries
Brunei,BRN,1975,3.4865186,,158081,High-income countries
Brunei,BRN,1976,3.2103899,,163621,High-income countries
Brunei,BRN,1977,2.9495394,,169287,High-income countries
Brunei,BRN,1978,2.7052326,,174902,High-income countries
Brunei,BRN,1979,2.4798644,,180430,High-income countries
Brunei,BRN,1980,2.2756684,,186121,High-income countries
Brunei,BRN,1981,2.0926778,,191990,High-income countries
Brunei,BRN,1982,1.9312172,,198177,High-income countries
Brunei,BRN,1983,1.7893058,,204754,High-income countries
Brunei,BRN,1984,1.6678342,,211673,High-income countries
Brunei,BRN,1985,1.566054,,218928,High-income countries
Brunei,BRN,1986,1.4842907,,226510,High-income countries
Brunei,BRN,1987,1.420361,,233876,High-income countries
Brunei,BRN,1988,1.3755645,,240928,High-income countries
Brunei,BRN,1989,1.3477207,,248077,High-income countries
Brunei,BRN,1990,1.3316544,118163.68,255307,High-income countries
Brunei,BRN,1991,1.3222283,118220.69,262604,High-income countries
Brunei,BRN,1992,1.3130524,111457.22,269848,High-income countries
Brunei,BRN,1993,1.2970294,107899.13,276978,High-income countries
Brunei,BRN,1994,1.2702374,106239.234,284098,High-income countries
Brunei,BRN,1995,1.2345542,105043.85,291207,High-income countries
Brunei,BRN,1996,1.1928141,102522.125,298283,High-income countries
Brunei,BRN,1997,1.148138,106503.42,305357,High-income countries
Brunei,BRN,1998,1.1049391,97171.64,312398,High-income countries
Brunei,BRN,1999,1.0654199,99083.32,319412,High-income countries
Brunei,BRN,2000,1.0311058,100323.44,326429,High-income countries
Brunei,BRN,2001,1.0025524,99680.766,333353,High-income countries
Brunei,BRN,2002,0.9800064,101571.586,340108,High-income countries
Brunei,BRN,2003,0.9634445,103226.914,346650,High-income countries
Brunei,BRN,2004,0.9531033,101497.76,352921,High-income countries
Brunei,BRN,2005,0.9482506,99795.69,358930,High-income countries
Brunei,BRN,2006,0.9474933,102248.51,364670,High-income countries
Brunei,BRN,2007,0.950281,96752.62,370883,High-income countries
Brunei,BRN,2008,0.95553786,91275.5,377800,High-income countries
Brunei,BRN,2009,0.9619222,87875.83,384965,High-income countries
Brunei,BRN,2010,0.9701221,88586.516,392340,High-income countries
Brunei,BRN,2011,0.9789101,90279.664,399395,High-income countries
Brunei,BRN,2012,0.9871995,89718.46,405564,High-income countries
Brunei,BRN,2013,0.99416536,86606.65,411205,High-income countries
Brunei,BRN,2014,0.99838203,83310.62,416757,High-income countries
Brunei,BRN,2015,1.0003271,81910.19,422223,High-income countries
Brunei,BRN,2016,0.9999919,78880.625,427571,High-income countries
Brunei,BRN,2017,0.9964506,78966.87,432787,High-income countries
Brunei,BRN,2018,0.99088323,78099.05,437811,High-income countries
Brunei,BRN,2019,0.9834746,80228.16,442690,High-income countries
Brunei,BRN,2020,0.97385,80280.9,447411,High-income countries
Brunei,BRN,2021,0.9643368,78248.8,451722,High-income countries
Brunei,BRN,2022,0.9528431,76357.83,455374,High-income countries
Brunei,BRN,2023,0.9390574,76616.7,458959,High-income countries
Brunei,BRN,2024,,79071.734,458959,High-income countries
Bulgaria,BGR,1949,14.94153,,7098413,High-income countries
Bulgaria,BGR,1950,13.951678,,7248509,High-income countries
Bulgaria,BGR,1951,13.008311,,7314426,High-income countries
Bulgaria,BGR,1952,12.109425,,7361958,High-income countries
Bulgaria,BGR,1953,11.224096,,7415922,High-income countries
Bulgaria,BGR,1954,10.34738,,7476266,High-income countries
Bulgaria,BGR,1955,9.479924,,7533657,High-income countries
Bulgaria,BGR,1956,8.605135,,7587165,High-income countries
Bulgaria,BGR,1957,7.7457376,,7649543,High-income countries
Bulgaria,BGR,1958,6.9123125,,7724893,High-income countries
Bulgaria,BGR,1959,6.1477046,,7794176,High-income countries
Bulgaria,BGR,1960,5.468013,,7862935,High-income countries
Bulgaria,BGR,1961,4.8938046,,7938308,High-income countries
Bulgaria,BGR,1962,4.4317102,,8008328,High-income countries
Bulgaria,BGR,1963,4.0847,,8073731,High-income countries
Bulgaria,BGR,1964,3.855876,,8140074,High-income countries
Bulgaria,BGR,1965,3.7451684,,8202417,High-income countries
Bulgaria,BGR,1966,3.6993165,,8258787,High-income countries
Bulgaria,BGR,1967,3.6439066,,8311127,High-income countries
Bulgaria,BGR,1968,3.5381413,,8370645,High-income countries
Bulgaria,BGR,1969,3.3991296,,8435273,High-income countries
Bulgaria,BGR,1970,3.2499764,,8490822,High-income countries
Bulgaria,BGR,1971,3.1144981,,8538900,High-income countries
Bulgaria,BGR,1972,3.0123894,,8579912,High-income countries
Bulgaria,BGR,1973,2.949292,,8624799,High-income countries
Bulgaria,BGR,1974,2.906253,,8682750,High-income countries
Bulgaria,BGR,1975,2.862874,,8723145,High-income countries
Bulgaria,BGR,1976,2.803643,,8759433,High-income countries
Bulgaria,BGR,1977,2.717982,,8804690,High-income countries
Bulgaria,BGR,1978,2.603774,,8813742,High-income countries
Bulgaria,BGR,1979,2.4861712,,8824994,High-income countries
Bulgaria,BGR,1980,2.383088,,8859539,High-income countries
Bulgaria,BGR,1981,2.2966912,,8887803,High-income countries
Bulgaria,BGR,1982,2.2207727,,8912738,High-income countries
Bulgaria,BGR,1983,2.1483834,,8933328,High-income countries
Bulgaria,BGR,1984,2.066643,,8952608,High-income countries
Bulgaria,BGR,1985,1.9676737,,8958855,High-income countries
Bulgaria,BGR,1986,1.8709025,,8963473,High-income countries
Bulgaria,BGR,1987,1.8027418,,8976206,High-income countries
Bulgaria,BGR,1988,1.7784761,,8985721,High-income countries
Bulgaria,BGR,1989,1.7912732,,8936386,High-income countries
Bulgaria,BGR,1990,1.83457,14954.961,8822366,High-income countries
Bulgaria,BGR,1991,1.8873888,13828.244,8695798,High-income countries
Bulgaria,BGR,1992,1.9204113,12961.038,8559091,High-income countries
Bulgaria,BGR,1993,1.9212424,12871.45,8466533,High-income countries
Bulgaria,BGR,1994,1.9136888,13150.034,8416924,High-income countries
Bulgaria,BGR,1995,1.9233899,13591.41,8357576,High-income countries
Bulgaria,BGR,1996,1.939103,14372.831,8291402,High-income countries
Bulgaria,BGR,1997,1.9320954,12419.431,8217101,High-income countries
Bulgaria,BGR,1998,1.8879094,12976.321,8138193,High-income countries
Bulgaria,BGR,1999,1.8219761,11953.647,8067464,High-income countries
Bulgaria,BGR,2000,1.7500615,12563.888,8000519,High-income countries
Bulgaria,BGR,2001,1.6753203,13306.56,7928455,High-income countries
Bulgaria,BGR,2002,1.5955957,14397.061,7861949,High-income countries
Bulgaria,BGR,2003,1.5104625,15271.547,7804405,High-income countries
Bulgaria,BGR,2004,1.4203329,16389.027,7749430,High-income countries
Bulgaria,BGR,2005,1.3284727,17678.107,7695047,High-income countries
Bulgaria,BGR,2006,1.2449598,19024.623,7640292,High-income countries
Bulgaria,BGR,2007,1.1833146,20440.338,7586896,High-income countries
Bulgaria,BGR,2008,1.1449947,21846.045,7535589,High-income countries
Bulgaria,BGR,2009,1.1163638,21251.305,7488016,High-income countries
Bulgaria,BGR,2010,1.0839646,21724.377,7437594,High-income countries
Bulgaria,BGR,2011,1.0421666,22321.125,7380023,High-income countries
Bulgaria,BGR,2012,0.98984826,22618.904,7317020,High-income countries
Bulgaria,BGR,2013,0.9293638,22954.492,7264605,High-income countries
Bulgaria,BGR,2014,0.8693443,23455.58,7223450,High-income countries
Bulgaria,BGR,2015,0.81592804,24562.75,7177515,High-income countries
Bulgaria,BGR,2016,0.77011555,25636.852,7127436,High-income countries
Bulgaria,BGR,2017,0.7306267,26691.87,7075642,High-income countries
Bulgaria,BGR,2018,0.6965479,27691.01,7024745,High-income countries
Bulgaria,BGR,2019,0.6690523,29150.043,6975466,High-income countries
Bulgaria,BGR,2020,0.6477728,28521.324,6933656,High-income countries
Bulgaria,BGR,2021,0.63125247,30959.111,6877222,High-income countries
Bulgaria,BGR,2022,0.61828554,32433.793,6825862,High-income countries
Bulgaria,BGR,2023,0.607681,33073.816,6795805,High-income countries
Bulgaria,BGR,2024,,34221.53,6795805,High-income countries
Burkina Faso,BFA,1944,39.681316,,3836331,Low-income countries
Burkina Faso,BFA,1945,39.38506,,3897713,Low-income countries
Burkina Faso,BFA,1946,39.109104,,3960076,Low-income countries
Burkina Faso,BFA,1947,38.890907,,4023437,Low-income countries
Burkina Faso,BFA,1948,38.635532,,4087812,Low-income countries
Burkina Faso,BFA,1949,38.317997,,4151266,Low-income countries
Burkina Faso,BFA,1950,38.04522,,4213152,Low-income countries
Burkina Faso,BFA,1951,37.786686,,4260391,Low-income countries
Burkina Faso,BFA,1952,37.477234,,4310353,Low-income countries
Burkina Faso,BFA,1953,37.124268,,4361322,Low-income countries
Burkina Faso,BFA,1954,36.744125,,4413878,Low-income countries
Burkina Faso,BFA,1955,36.40509,,4469051,Low-income countries
Burkina Faso,BFA,1956,36.056465,,4526657,Low-income countries
Burkina Faso,BFA,1957,35.650856,,4586570,Low-income countries
Burkina Faso,BFA,1958,35.278713,,4647287,Low-income countries
Burkina Faso,BFA,1959,34.866123,,4710848,Low-income countries
Burkina Faso,BFA,1960,34.459316,,4778626,Low-income countries
Burkina Faso,BFA,1961,34.068363,,4848222,Low-income countries
Burkina Faso,BFA,1962,33.695812,,4919673,Low-income countries
Burkina Faso,BFA,1963,33.3669,,4993619,Low-income countries
Burkina Faso,BFA,1964,33.050106,,5071040,Low-income countries
Burkina Faso,BFA,1965,32.78055,,5152834,Low-income countries
Burkina Faso,BFA,1966,32.5081,,5237939,Low-income countries
Burkina Faso,BFA,1967,32.24042,,5326349,Low-income countries
Burkina Faso,BFA,1968,32.02866,,5418644,Low-income countries
Burkina Faso,BFA,1969,31.771507,,5513179,Low-income countries
Burkina Faso,BFA,1970,31.490063,,5610307,Low-income countries
Burkina Faso,BFA,1971,31.173851,,5708002,Low-income countries
Burkina Faso,BFA,1972,30.713757,,5807238,Low-income countries
Burkina Faso,BFA,1973,30.091564,,5911926,Low-income countries
Burkina Faso,BFA,1974,29.292892,,6024905,Low-income countries
Burkina Faso,BFA,1975,28.357498,,6147575,Low-income countries
Burkina Faso,BFA,1976,27.322845,,6280638,Low-income countries
Burkina Faso,BFA,1977,26.321472,,6428739,Low-income countries
Burkina Faso,BFA,1978,25.397434,,6590987,Low-income countries
Burkina Faso,BFA,1979,24.59503,,6763902,Low-income countries
Burkina Faso,BFA,1980,23.905891,,6947900,Low-income countries
Burkina Faso,BFA,1981,23.319418,,7140270,Low-income countries
Burkina Faso,BFA,1982,22.809132,,7340199,Low-income countries
Burkina Faso,BFA,1983,22.340914,,7551136,Low-income countries
Burkina Faso,BFA,1984,21.884563,,7772260,Low-income countries
Burkina Faso,BFA,1985,21.431057,,7999935,Low-income countries
Burkina Faso,BFA,1986,20.979013,,8228847,Low-income countries
Burkina Faso,BFA,1987,20.572681,,8457112,Low-income countries
Burkina Faso,BFA,1988,20.226425,,8687441,Low-income countries
Burkina Faso,BFA,1989,19.97593,,8921178,Low-income countries
Burkina Faso,BFA,1990,19.82808,1107.856,9159358,Low-income countries
Burkina Faso,BFA,1991,19.762495,1178.077,9394631,Low-income countries
Burkina Faso,BFA,1992,19.728762,1152.0448,9629280,Low-income countries
Burkina Faso,BFA,1993,19.688625,1162.6493,9871715,Low-income countries
Burkina Faso,BFA,1994,19.59368,1148.6072,10123807,Low-income countries
Burkina Faso,BFA,1995,19.428947,1183.5286,10386723,Low-income countries
Burkina Faso,BFA,1996,19.17839,1280.696,10655943,Low-income countries
Burkina Faso,BFA,1997,18.874193,1326.9423,10934222,Low-income countries
Burkina Faso,BFA,1998,18.538725,1385.0931,11240668,Low-income countries
Burkina Faso,BFA,1999,18.179913,1444.5669,11574930,Low-income countries
Burkina Faso,BFA,2000,17.810503,1428.574,11925548,Low-income countries
Burkina Faso,BFA,2001,17.396694,1477.2849,12294996,Low-income countries
Burkina Faso,BFA,2002,16.931992,1494.678,12680904,Low-income countries
Burkina Faso,BFA,2003,16.425404,1561.8331,13082530,Low-income countries
Burkina Faso,BFA,2004,15.856582,1581.2562,13500536,Low-income countries
Burkina Faso,BFA,2005,15.229831,1664.9955,13932127,Low-income countries
Burkina Faso,BFA,2006,14.571245,1714.7604,14373713,Low-income countries
Burkina Faso,BFA,2007,13.902074,1731.9304,14816313,Low-income countries
Burkina Faso,BFA,2008,13.271068,1779.3271,15258103,Low-income countries
Burkina Faso,BFA,2009,12.681467,1779.323,15710067,Low-income countries
Burkina Faso,BFA,2010,12.152055,1873.9714,16176503,Low-income countries
Burkina Faso,BFA,2011,11.68348,1939.8666,16661907,Low-income countries
Burkina Faso,BFA,2012,11.256548,2003.6647,17172284,Low-income countries
Burkina Faso,BFA,2013,10.855412,2057.064,17695411,Low-income countries
Burkina Faso,BFA,2014,10.471498,2083.1985,18229466,Low-income countries
Burkina Faso,BFA,2015,10.1082535,2101.7026,18777488,Low-income countries
Burkina Faso,BFA,2016,9.766418,2162.7258,19334854,Low-income countries
Burkina Faso,BFA,2017,9.428727,2232.2878,19894413,Low-income countries
Burkina Faso,BFA,2018,9.123023,2316.3943,20438289,Low-income countries
Burkina Faso,BFA,2019,8.824847,2391.5364,20961956,Low-income countries
Burkina Faso,BFA,2020,8.52543,2380.9316,21478691,Low-income countries
Burkina Faso,BFA,2021,8.247054,2486.431,21995249,Low-income countries
Burkina Faso,BFA,2022,7.98947,2469.1995,22509038,Low-income countries
Burkina Faso,BFA,2023,7.7272005,2486.2068,23025777,Low-income countries
Burkina Faso,BFA,2024,,2547.6724,23025777,Low-income countries
Burundi,BDI,1964,24.149868,,3055656,Low-income countries
Burundi,BDI,1965,24.34737,,3141371,Low-income countries
Burundi,BDI,1966,24.535166,,3217962,Low-income countries
Burundi,BDI,1967,24.728977,,3300699,Low-income countries
Burundi,BDI,1968,24.900429,,3380389,Low-income countries
Burundi,BDI,1969,25.028717,,3454598,Low-income countries
Burundi,BDI,1970,25.105677,,3530431,Low-income countries
Burundi,BDI,1971,25.13952,,3617295,Low-income countries
Burundi,BDI,1972,31.869219,,3617134,Low-income countries
Burundi,BDI,1973,25.188335,,3611994,Low-income countries
Burundi,BDI,1974,25.175293,,3703604,Low-income countries
Burundi,BDI,1975,25.119398,,3796617,Low-income countries
Burundi,BDI,1976,24.957705,,3882626,Low-income countries
Burundi,BDI,1977,24.622013,,3983585,Low-income countries
Burundi,BDI,1978,24.085825,,4100342,Low-income countries
Burundi,BDI,1979,23.337051,,4203533,Low-income countries
Burundi,BDI,1980,22.433924,,4383713,Low-income countries
Burundi,BDI,1981,21.40977,,4566017,Low-income countries
Burundi,BDI,1982,20.329159,,4681397,Low-income countries
Burundi,BDI,1983,19.276945,,4808530,Low-income countries
Burundi,BDI,1984,18.355139,,4926477,Low-income countries
Burundi,BDI,1985,17.654211,,5034043,Low-income countries
Burundi,BDI,1986,17.178808,,5129423,Low-income countries
Burundi,BDI,1987,16.918472,,5247790,Low-income countries
Burundi,BDI,1988,16.843836,,5365332,Low-income countries
Burundi,BDI,1989,16.888338,,5471706,Low-income countries
Burundi,BDI,1990,16.984219,1460.2765,5587051,Low-income countries
Burundi,BDI,1991,17.106947,1501.846,5703860,Low-income countries
Burundi,BDI,1992,17.205751,1476.9944,5858405,Low-income countries
Burundi,BDI,1993,19.50114,1429.1213,5676847,Low-income countries
Burundi,BDI,1994,17.218775,1365.4835,5713856,Low-income countries
Burundi,BDI,1995,17.123104,1184.284,6066319,Low-income countries
Burundi,BDI,1996,16.945415,1088.7893,6070510,Low-income countries
Burundi,BDI,1997,16.673346,1071.5594,6070038,Low-income countries
Burundi,BDI,1998,16.30143,1101.2205,6187114,Low-income countries
Burundi,BDI,1999,15.85945,1064.2876,6337155,Low-income countries
Burundi,BDI,2000,15.368624,1033.4719,6470196,Low-income countries
Burundi,BDI,2001,14.850089,1028.6185,6634368,Low-income countries
Burundi,BDI,2002,14.301384,1044.4802,6824139,Low-income countries
Burundi,BDI,2003,13.731548,999.6158,7043158,Low-income countries
Burundi,BDI,2004,13.100327,1009.5892,7310656,Low-income countries
Burundi,BDI,2005,12.41002,981.5332,7587303,Low-income countries
Burundi,BDI,2006,11.681317,998.06946,7865545,Low-income countries
Burundi,BDI,2007,10.970659,994.96356,8161879,Low-income countries
Burundi,BDI,2008,10.284365,1001.6175,8505643,Low-income countries
Burundi,BDI,2009,9.659889,988.19635,8947653,Low-income countries
Burundi,BDI,2010,9.07784,991.0389,9376448,Low-income countries
Burundi,BDI,2011,8.525334,994.6912,9717980,Low-income countries
Burundi,BDI,2012,8.017948,1002.27454,10071033,Low-income countries
Burundi,BDI,2013,7.5460167,1014.5231,10439346,Low-income countries
Burundi,BDI,2014,7.129529,1022.29156,10799789,Low-income countries
Burundi,BDI,2015,6.7557464,995.3191,11047581,Low-income countries
Burundi,BDI,2016,6.4372926,1009.636,11239459,Low-income countries
Burundi,BDI,2017,6.14824,1023.9704,11506764,Low-income countries
Burundi,BDI,2018,5.8992496,1046.5951,11859444,Low-income countries
Burundi,BDI,2019,5.665731,1057.9501,12255339,Low-income countries
Burundi,BDI,2020,5.463195,1030.7703,12617041,Low-income countries
Burundi,BDI,2021,5.264776,1035.5386,12965487,Low-income countries
Burundi,BDI,2022,5.0836725,1031.2542,13321102,Low-income countries
Burundi,BDI,2023,4.9207187,1036.1671,13689455,Low-income countries
Burundi,BDI,2024,,1051.2593,13689455,Low-income countries
Cambodia,KHM,1975,52.51193,,6581373,Lower-middle-income countries
Cambodia,KHM,1976,54.099236,,6134989,Lower-middle-income countries
Cambodia,KHM,1977,52.526897,,5668561,Lower-middle-income countries
Cambodia,KHM,1978,48.45875,,5211654,Lower-middle-income countries
Cambodia,KHM,1979,20.697447,,5088812,Lower-middle-income countries
Cambodia,KHM,1980,18.093779,,5199874,Lower-middle-income countries
Cambodia,KHM,1981,15.8521595,,5284493,Lower-middle-income countries
Cambodia,KHM,1982,14.127026,,5436436,Lower-middle-income countries
Cambodia,KHM,1983,13.013401,,5636206,Lower-middle-income countries
Cambodia,KHM,1984,12.368895,,5845115,Lower-middle-income countries
Cambodia,KHM,1985,12.001566,,6043782,Lower-middle-income countries
Cambodia,KHM,1986,11.788503,,6285699,Lower-middle-income countries
Cambodia,KHM,1987,11.673666,,6557971,Lower-middle-income countries
Cambodia,KHM,1988,11.62761,,6812012,Lower-middle-income countries
Cambodia,KHM,1989,11.62569,,7073472,Lower-middle-income countries
Cambodia,KHM,1990,11.625714,2646.098,7374754,Lower-middle-income countries
Cambodia,KHM,1991,11.619155,2731.3796,7686857,Lower-middle-income countries
Cambodia,KHM,1992,11.652624,2769.4883,8113085,Lower-middle-income countries
Cambodia,KHM,1993,11.738593,2714.5916,8616383,Lower-middle-income countries
Cambodia,KHM,1994,11.864687,1650.391,9239160,Lower-middle-income countries
Cambodia,KHM,1995,11.974468,1672.7393,10018500,Lower-middle-income countries
Cambodia,KHM,1996,12.009854,1643.0157,10801268,Lower-middle-income countries
Cambodia,KHM,1997,11.937988,1595.1713,11570986,Lower-middle-income countries
Cambodia,KHM,1998,11.731542,1602.3837,12058180,Lower-middle-income countries
Cambodia,KHM,1999,11.304322,1775.4124,12265734,Lower-middle-income countries
Cambodia,KHM,2000,10.5946665,1922.0317,12462343,Lower-middle-income countries
Cambodia,KHM,2001,9.649535,2032.0809,12658486,Lower-middle-income countries
Cambodia,KHM,2002,8.6729555,2126.3416,12855249,Lower-middle-income countries
Cambodia,KHM,2003,7.804744,2309.8394,13050977,Lower-middle-income countries
Cambodia,KHM,2004,7.0791454,2491.3093,13244737,Lower-middle-income countries
Cambodia,KHM,2005,6.478498,2781.8904,13439203,Lower-middle-income countries
Cambodia,KHM,2006,5.9751577,3041.1047,13639032,Lower-middle-income countries
Cambodia,KHM,2007,5.5384645,3308.1575,13841773,Lower-middle-income countries
Cambodia,KHM,2008,5.125631,3501.9258,14053479,Lower-middle-income countries
Cambodia,KHM,2009,4.7357717,3587.609,14276819,Lower-middle-income countries
Cambodia,KHM,2010,4.3747187,3711.5376,14500730,Lower-middle-income countries
Cambodia,KHM,2011,4.0504556,3921.979,14722587,Lower-middle-income countries
Cambodia,KHM,2012,3.7717035,4159.1636,14945090,Lower-middle-income countries
Cambodia,KHM,2013,3.5313122,4419.399,15170210,Lower-middle-income countries
Cambodia,KHM,2014,3.3294277,4702.7305,15396771,Lower-middle-income countries
Cambodia,KHM,2015,3.1609986,4968.5728,15623253,Lower-middle-income countries
Cambodia,KHM,2016,3.0155396,5283.7295,15852802,Lower-middle-income countries
Cambodia,KHM,2017,2.8861477,5632.0312,16073374,Lower-middle-income countries
Cambodia,KHM,2018,2.7713223,6050.591,16274522,Lower-middle-income countries
Cambodia,KHM,2019,2.6656976,6448.885,16481305,Lower-middle-income countries
Cambodia,KHM,2020,2.5629373,6128.782,16725484,Lower-middle-income countries
Cambodia,KHM,2021,2.4725292,6225.5327,16974309,Lower-middle-income countries
Cambodia,KHM,2022,2.3829172,6458.368,17201721,Lower-middle-income countries
Cambodia,KHM,2023,2.2897089,6695.292,17423884,Lower-middle-income countries
Cambodia,KHM,2024,,7008.889,17423884,Lower-middle-income countries
Cameroon,CMR,1953,35.384766,,4538446,Lower-middle-income countries
Cameroon,CMR,1954,34.09882,,4616889,Lower-middle-income countries
Cameroon,CMR,1955,32.90728,,4700267,Lower-middle-income countries
Cameroon,CMR,1956,31.775156,,4788341,Lower-middle-income countries
Cameroon,CMR,1957,30.680044,,4878935,Lower-middle-income countries
Cameroon,CMR,1958,29.686247,,4972220,Lower-middle-income countries
Cameroon,CMR,1959,28.78314,,5070072,Lower-middle-income countries
Cameroon,CMR,1960,28.030447,,5159059,Lower-middle-income countries
Cameroon,CMR,1961,27.41318,,5239281,Lower-middle-income countries
Cameroon,CMR,1962,26.88938,,5338626,Lower-middle-income countries
Cameroon,CMR,1963,26.428434,,5456615,Lower-middle-income countries
Cameroon,CMR,1964,25.946867,,5578261,Lower-middle-income countries
Cameroon,CMR,1965,25.378809,,5704688,Lower-middle-income countries
Cameroon,CMR,1966,24.721241,,5837300,Lower-middle-income countries
Cameroon,CMR,1967,23.946842,,5977315,Lower-middle-income countries
Cameroon,CMR,1968,23.069956,,6125860,Lower-middle-income countries
Cameroon,CMR,1969,22.17842,,6283470,Lower-middle-income countries
Cameroon,CMR,1970,21.327553,,6449795,Lower-middle-income countries
Cameroon,CMR,1971,20.589512,,6624415,Lower-middle-income countries
Cameroon,CMR,1972,20.003508,,6806873,Lower-middle-income countries
Cameroon,CMR,1973,19.588676,,6996661,Lower-middle-income countries
Cameroon,CMR,1974,19.317398,,7193589,Lower-middle-income countries
Cameroon,CMR,1975,19.149305,,7397126,Lower-middle-income countries
Cameroon,CMR,1976,19.0165,,7597962,Lower-middle-income countries
Cameroon,CMR,1977,18.863262,,7796510,Lower-middle-income countries
Cameroon,CMR,1978,18.645864,,8011917,Lower-middle-income countries
Cameroon,CMR,1979,18.324059,,8239642,Lower-middle-income countries
Cameroon,CMR,1980,17.910107,,8512217,Lower-middle-income countries
Cameroon,CMR,1981,17.393007,,8816377,Lower-middle-income countries
Cameroon,CMR,1982,16.79179,,9028676,Lower-middle-income countries
Cameroon,CMR,1983,16.152288,,9215395,Lower-middle-income countries
Cameroon,CMR,1984,15.520505,,9475085,Lower-middle-income countries
Cameroon,CMR,1985,14.9242935,,9761728,Lower-middle-income countries
Cameroon,CMR,1986,14.416936,,10060342,Lower-middle-income countries
Cameroon,CMR,1987,14.015144,,10370753,Lower-middle-income countries
Cameroon,CMR,1988,13.751807,,10684972,Lower-middle-income countries
Cameroon,CMR,1989,13.634962,,11002749,Lower-middle-income countries
Cameroon,CMR,1990,13.664565,4517.6187,11331827,Lower-middle-income countries
Cameroon,CMR,1991,13.818603,4220.653,11667186,Lower-middle-income countries
Cameroon,CMR,1992,14.03577,3974.2776,12006362,Lower-middle-income countries
Cameroon,CMR,1993,14.273514,3556.3186,12353131,Lower-middle-income countries
Cameroon,CMR,1994,14.502224,3522.7488,12704900,Lower-middle-income countries
Cameroon,CMR,1995,14.692115,3526.5437,13058517,Lower-middle-income countries
Cameroon,CMR,1996,14.811246,3577.592,13414761,Lower-middle-income countries
Cameroon,CMR,1997,14.853426,3641.7075,13775216,Lower-middle-income countries
Cameroon,CMR,1998,14.803777,3714.132,14144857,Lower-middle-income countries
Cameroon,CMR,1999,14.665503,3780.0623,14525145,Lower-middle-income countries
Cameroon,CMR,2000,14.44486,3822.9443,14912632,Lower-middle-income countries
Cameroon,CMR,2001,14.144259,3884.873,15309489,Lower-middle-income countries
Cameroon,CMR,2002,13.806921,3951.4194,15725534,Lower-middle-income countries
Cameroon,CMR,2003,13.467648,4054.7812,16160340,Lower-middle-income countries
Cameroon,CMR,2004,13.127968,4222.9663,16610485,Lower-middle-income countries
Cameroon,CMR,2005,12.80769,4199.7227,17074599,Lower-middle-income countries
Cameroon,CMR,2006,12.461446,4241.5176,17550403,Lower-middle-income countries
Cameroon,CMR,2007,12.126312,4302.619,18049897,Lower-middle-income countries
Cameroon,CMR,2008,11.7714815,4300.2666,18574052,Lower-middle-income countries
Cameroon,CMR,2009,11.429475,4286.577,19113978,Lower-middle-income countries
Cameroon,CMR,2010,11.003946,4286.583,19668063,Lower-middle-income countries
Cameroon,CMR,2011,10.586427,4307.852,20232312,Lower-middle-income countries
Cameroon,CMR,2012,10.158869,4382.1113,20809530,Lower-middle-income countries
Cameroon,CMR,2013,9.726134,4473.5723,21402379,Lower-middle-income countries
Cameroon,CMR,2014,9.308533,4588.4863,22059894,Lower-middle-income countries
Cameroon,CMR,2015,8.897002,4698.667,22763418,Lower-middle-income countries
Cameroon,CMR,2016,8.561629,4767.132,23454165,Lower-middle-income countries
Cameroon,CMR,2017,8.247285,4797.9756,24128609,Lower-middle-income countries
Cameroon,CMR,2018,7.968493,4851.48,24806377,Lower-middle-income countries
Cameroon,CMR,2019,7.720577,4882.3555,25506095,Lower-middle-income countries
Cameroon,CMR,2020,7.464934,4763.482,26210566,Lower-middle-income countries
Cameroon,CMR,2021,7.2104297,4793.556,26915765,Lower-middle-income countries
Cameroon,CMR,2022,6.9522424,4843.6504,27632770,Lower-middle-income countries
Cameroon,CMR,2023,6.723534,4875.251,28372690,Lower-middle-income countries
Cameroon,CMR,2024,,4916.9336,28372690,Lower-middle-income countries
Canada,CAN,1949,5.11443,,13449459,High-income countries
Canada,CAN,1950,4.856622,,13741740,High-income countries
Canada,CAN,1951,4.612579,,14083298,High-income countries
Canada,CAN,1952,4.3841796,,14482799,High-income countries
Canada,CAN,1953,4.1781917,,14897877,High-income countries
Canada,CAN,1954,3.9981582,,15318987,High-income countries
Canada,CAN,1955,3.8409219,,15728281,High-income countries
Canada,CAN,1956,3.7035396,,16159621,High-income countries
Canada,CAN,1957,3.582936,,16641329,High-income countries
Canada,CAN,1958,3.4709885,,17104091,High-income countries
Canada,CAN,1959,3.3639357,,17515522,High-income countries
Canada,CAN,1960,3.2598393,,17898793,High-income countries
Canada,CAN,1961,3.1549115,,18263078,High-income countries
Canada,CAN,1962,3.0473716,,18613597,High-income countries
Canada,CAN,1963,2.9371057,,18964258,High-income countries
Canada,CAN,1964,2.8241336,,19321670,High-income countries
Canada,CAN,1965,2.71154,,19685517,High-income countries
Canada,CAN,1966,2.6021364,,20053667,High-income countries
Canada,CAN,1967,2.497374,,20408776,High-income countries
Canada,CAN,1968,2.3954659,,20734173,High-income countries
Canada,CAN,1969,2.295389,,21037620,High-income countries
Canada,CAN,1970,2.1947289,,21440022,High-income countries
Canada,CAN,1971,2.0942316,,21895694,High-income countries
Canada,CAN,1972,1.9934474,,22230876,High-income countries
Canada,CAN,1973,1.8928384,,22512229,High-income countries
Canada,CAN,1974,1.7934,,22824085,High-income countries
Canada,CAN,1975,1.6953638,,23148981,High-income countries
Canada,CAN,1976,1.5994005,,23455783,High-income countries
Canada,CAN,1977,1.5063549,,23730341,High-income countries
Canada,CAN,1978,1.4167324,,23978742,High-income countries
Canada,CAN,1979,1.331768,,24237173,High-income countries
Canada,CAN,1980,1.2527875,,24533779,High-income countries
Canada,CAN,1981,1.1808676,,24844977,High-income countries
Canada,CAN,1982,1.1168677,,25140164,High-income countries
Canada,CAN,1983,1.0613362,,25412605,High-income countries
Canada,CAN,1984,1.0149355,,25670376,High-income countries
Canada,CAN,1985,0.9760154,,25927463,High-income countries
Canada,CAN,1986,0.9423645,,26211036,High-income countries
Canada,CAN,1987,0.9120598,,26540913,High-income countries
Canada,CAN,1988,0.8833745,,26927938,High-income countries
Canada,CAN,1989,0.8544595,,27366046,High-income countries
Canada,CAN,1990,0.824832,40475.113,27789437,High-income countries
Canada,CAN,1991,0.7958098,39139.312,28157154,High-income countries
Canada,CAN,1992,0.767914,39023.184,28500066,High-income countries
Canada,CAN,1993,0.74129486,39622.48,28830635,High-income countries
Canada,CAN,1994,0.71599936,40952.137,29147383,High-income countries
Canada,CAN,1995,0.6926347,41617.723,29459138,High-income countries
Canada,CAN,1996,0.67151964,41880.55,29767210,High-income countries
Canada,CAN,1997,0.6534962,43241.242,30059088,High-income countries
Canada,CAN,1998,0.6392,44553.28,30329971,High-income countries
Canada,CAN,1999,0.6291383,46464.547,30599458,High-income countries
Canada,CAN,2000,0.62285525,48399.305,30891800,High-income countries
Canada,CAN,2001,0.61949086,48774.168,31213578,High-income countries
Canada,CAN,2002,0.6179,49695.008,31535579,High-income countries
Canada,CAN,2003,0.61651313,50139.785,31836483,High-income countries
Canada,CAN,2004,0.61375713,51210.68,32132680,High-income countries
Canada,CAN,2005,0.6094578,52356.56,32440172,High-income countries
Canada,CAN,2006,0.60356313,53195.78,32759174,High-income countries
Canada,CAN,2007,0.596187,53761.863,33092171,High-income countries
Canada,CAN,2008,0.58832157,53711.68,33449088,High-income countries
Canada,CAN,2009,0.5802781,51552.42,33826370,High-income countries
Canada,CAN,2010,0.5726002,52558.44,34196900,High-income countries
Canada,CAN,2011,0.56495726,53681.13,34555449,High-income countries
Canada,CAN,2012,0.55732584,54034.805,34922513,High-income countries
Canada,CAN,2013,0.54975545,54712.18,35293421,High-income countries
Canada,CAN,2014,0.5423323,55723.484,35634265,High-income countries
Canada,CAN,2015,0.53515506,55660.867,35962236,High-income countries
Canada,CAN,2016,0.5286647,55606.156,36353345,High-income countries
Canada,CAN,2017,0.5230551,56612.33,36808498,High-income countries
Canada,CAN,2018,0.51853734,57337.492,37294996,High-income countries
Canada,CAN,2019,0.51473707,57583.848,37782934,High-income countries
Canada,CAN,2020,0.5118379,54092.88,38171903,High-income countries
Canada,CAN,2021,0.5099996,56995.117,38454058,High-income countries
Canada,CAN,2022,0.5088053,58321.062,38821259,High-income countries
Canada,CAN,2023,0.5064306,57517.44,39299098,High-income countries
Canada,CAN,2024,,56706.824,39299098,High-income countries
Cape Verde,CPV,1945,23.71415,,200066,Upper-middle-income countries
Cape Verde,CPV,1946,23.16523,,195759,Upper-middle-income countries
Cape Verde,CPV,1947,22.58738,,191544,Upper-middle-income countries
Cape Verde,CPV,1948,22.017023,,187421,Upper-middle-income countries
Cape Verde,CPV,1949,21.455658,,185234,Upper-middle-income countries
Cape Verde,CPV,1950,20.917675,,184986,Upper-middle-income countries
Cape Verde,CPV,1951,20.414583,,187208,Upper-middle-income countries
Cape Verde,CPV,1952,19.95108,,189445,Upper-middle-income countries
Cape Verde,CPV,1953,19.516697,,191560,Upper-middle-income countries
Cape Verde,CPV,1954,19.127295,,193557,Upper-middle-income countries
Cape Verde,CPV,1955,18.7725,,195622,Upper-middle-income countries
Cape Verde,CPV,1956,18.461878,,197856,Upper-middle-income countries
Cape Verde,CPV,1957,18.145727,,200300,Upper-middle-income countries
Cape Verde,CPV,1958,17.8356,,203100,Upper-middle-income countries
Cape Verde,CPV,1959,17.530903,,206367,Upper-middle-income countries
Cape Verde,CPV,1960,17.22904,,210034,Upper-middle-income countries
Cape Verde,CPV,1961,16.917665,,215095,Upper-middle-income countries
Cape Verde,CPV,1962,16.563019,,221930,Upper-middle-income countries
Cape Verde,CPV,1963,16.23006,,229386,Upper-middle-income countries
Cape Verde,CPV,1964,15.851079,,237017,Upper-middle-income countries
Cape Verde,CPV,1965,15.433748,,244868,Upper-middle-income countries
Cape Verde,CPV,1966,14.970316,,252989,Upper-middle-income countries
Cape Verde,CPV,1967,14.492028,,261409,Upper-middle-income countries
Cape Verde,CPV,1968,13.94632,,270172,Upper-middle-income countries
Cape Verde,CPV,1969,13.376297,,279254,Upper-middle-income countries
Cape Verde,CPV,1970,12.752074,,287895,Upper-middle-income countries
Cape Verde,CPV,1971,12.106499,,294052,Upper-middle-income countries
Cape Verde,CPV,1972,11.451069,,297388,Upper-middle-income countries
Cape Verde,CPV,1973,10.799323,,299890,Upper-middle-income countries
Cape Verde,CPV,1974,10.176436,,302578,Upper-middle-income countries
Cape Verde,CPV,1975,9.601948,,305853,Upper-middle-income countries
Cape Verde,CPV,1976,9.08794,,309462,Upper-middle-income countries
Cape Verde,CPV,1977,8.647421,,312843,Upper-middle-income countries
Cape Verde,CPV,1978,8.274182,,316163,Upper-middle-income countries
Cape Verde,CPV,1979,8.003213,,319485,Upper-middle-income countries
Cape Verde,CPV,1980,7.8217964,,323310,Upper-middle-income countries
Cape Verde,CPV,1981,7.7152762,,327859,Upper-middle-income countries
Cape Verde,CPV,1982,7.6529117,,332729,Upper-middle-income countries
Cape Verde,CPV,1983,7.585039,,337661,Upper-middle-income countries
Cape Verde,CPV,1984,7.4583364,,342511,Upper-middle-income countries
Cape Verde,CPV,1985,7.253065,,347370,Upper-middle-income countries
Cape Verde,CPV,1986,6.9547844,,352321,Upper-middle-income countries
Cape Verde,CPV,1987,6.586215,,357308,Upper-middle-income countries
Cape Verde,CPV,1988,6.2110925,,362339,Upper-middle-income countries
Cape Verde,CPV,1989,5.88302,,367820,Upper-middle-income countries
Cape Verde,CPV,1990,5.638497,1848.7587,375437,Upper-middle-income countries
Cape Verde,CPV,1991,5.4981284,1830.076,384603,Upper-middle-income countries
Cape Verde,CPV,1992,5.457225,1984.6807,393426,Upper-middle-income countries
Cape Verde,CPV,1993,5.463346,2111.6213,401977,Upper-middle-income countries
Cape Verde,CPV,1994,5.4527884,2465.994,410230,Upper-middle-income countries
Cape Verde,CPV,1995,5.3721175,2763.3972,418116,Upper-middle-income countries
Cape Verde,CPV,1996,5.1721625,3022.8882,425592,Upper-middle-income countries
Cape Verde,CPV,1997,4.843465,3302.974,432803,Upper-middle-income countries
Cape Verde,CPV,1998,4.435978,3657.381,439789,Upper-middle-income countries
Cape Verde,CPV,1999,4.002113,4006.4797,446528,Upper-middle-income countries
Cape Verde,CPV,2000,3.6012905,4510.1357,453335,Upper-middle-income countries
Cape Verde,CPV,2001,3.2782044,4540.907,460300,Upper-middle-income countries
Cape Verde,CPV,2002,3.0481837,4710.241,467056,Upper-middle-income countries
Cape Verde,CPV,2003,2.9004695,4841.2656,473384,Upper-middle-income countries
Cape Verde,CPV,2004,2.8245275,5268.303,479377,Upper-middle-income countries
Cape Verde,CPV,2005,2.7992232,5565.7695,485128,Upper-middle-income countries
Cape Verde,CPV,2006,2.798566,5941.3823,490728,Upper-middle-income countries
Cape Verde,CPV,2007,2.801561,6767.4067,496196,Upper-middle-income countries
Cape Verde,CPV,2008,2.7908013,7169.1396,501362,Upper-middle-income countries
Cape Verde,CPV,2009,2.7502973,6994.574,506148,Upper-middle-income countries
Cape Verde,CPV,2010,2.673957,7072.1216,509793,Upper-middle-income countries
Cape Verde,CPV,2011,2.563281,7325.784,511453,Upper-middle-income countries
Cape Verde,CPV,2012,2.4220858,7397.8223,511966,Upper-middle-income countries
Cape Verde,CPV,2013,2.2601702,7440.6626,512231,Upper-middle-income countries
Cape Verde,CPV,2014,2.0854805,7491.022,512334,Upper-middle-income countries
Cape Verde,CPV,2015,1.9134196,7560.1367,512405,Upper-middle-income countries
Cape Verde,CPV,2016,1.7563168,7881.303,512556,Upper-middle-income countries
Cape Verde,CPV,2017,1.6207463,8234.56,512899,Upper-middle-income countries
Cape Verde,CPV,2018,1.5063989,8531.13,513418,Upper-middle-income countries
Cape Verde,CPV,2019,1.4120892,9111.63,514116,Upper-middle-income countries
Cape Verde,CPV,2020,1.3346168,7207.8687,514683,Upper-middle-income countries
Cape Verde,CPV,2021,1.2683951,7685.4194,516655,Upper-middle-income countries
Cape Verde,CPV,2022,1.2107797,8850.106,519750,Upper-middle-income countries
Cape Verde,CPV,2023,1.1589525,9228.461,522335,Upper-middle-income countries
Cape Verde,CPV,2024,,9848.953,522335,Upper-middle-income countries
Cayman Islands,CYM,2006,,92213.08,48252,High-income countries
Cayman Islands,CYM,2007,,92343.73,49709,High-income countries
Cayman Islands,CYM,2008,,89380.15,51175,High-income countries
Cayman Islands,CYM,2009,,80631.84,52639,High-income countries
Cayman Islands,CYM,2010,,76294.766,54120,High-income countries
Cayman Islands,CYM,2011,,75094.83,55630,High-income countries
Cayman Islands,CYM,2012,,73982.68,57155,High-income countries
Cayman Islands,CYM,2013,,72988.7,58678,High-income countries
Cayman Islands,CYM,2014,,73051.81,60179,High-income countries
Cayman Islands,CYM,2015,,73315.38,61665,High-income countries
Cayman Islands,CYM,2016,,73941.86,63121,High-income countries
Cayman Islands,CYM,2017,,74599.68,64561,High-income countries
Cayman Islands,CYM,2018,,76124.55,65962,High-income countries
Cayman Islands,CYM,2019,,77476.84,67346,High-income countries
Cayman Islands,CYM,2020,,72183.13,68703,High-income countries
Cayman Islands,CYM,2021,,74160.49,70126,High-income countries
Cayman Islands,CYM,2022,,76818.8,71610,High-income countries
Cayman Islands,CYM,2023,,79675.86,73055,High-income countries
Central African Republic,CAF,1959,28.849173,,1671336,Low-income countries
Central African Republic,CAF,1960,28.313568,,1702346,Low-income countries
Central African Republic,CAF,1961,27.756042,,1734583,Low-income countries
Central African Republic,CAF,1962,27.206783,,1768124,Low-income countries
Central African Republic,CAF,1963,26.647657,,1803067,Low-income countries
Central African Republic,CAF,1964,26.07297,,1839582,Low-income countries
Central African Republic,CAF,1965,25.486977,,1877856,Low-income countries
Central African Republic,CAF,1966,24.898895,,1918087,Low-income countries
Central African Republic,CAF,1967,24.315334,,1960450,Low-income countries
Central African Republic,CAF,1968,23.740206,,2005104,Low-income countries
Central African Republic,CAF,1969,23.151077,,2051517,Low-income countries
Central African Republic,CAF,1970,22.62987,,2097513,Low-income countries
Central African Republic,CAF,1971,22.1382,,2141455,Low-income countries
Central African Republic,CAF,1972,21.669645,,2183773,Low-income countries
Central African Republic,CAF,1973,21.223482,,2226007,Low-income countries
Central African Republic,CAF,1974,20.795547,,2269345,Low-income countries
Central African Republic,CAF,1975,20.40081,,2313925,Low-income countries
Central African Republic,CAF,1976,20.03618,,2348567,Low-income countries
Central African Republic,CAF,1977,19.689363,,2372932,Low-income countries
Central African Republic,CAF,1978,19.369108,,2397963,Low-income countries
Central African Republic,CAF,1979,19.063116,,2423800,Low-income countries
Central African Republic,CAF,1980,18.79975,,2450537,Low-income countries
Central African Republic,CAF,1981,18.56531,,2478413,Low-income countries
Central African Republic,CAF,1982,18.370512,,2507374,Low-income countries
Central African Republic,CAF,1983,18.212246,,2537407,Low-income countries
Central African Republic,CAF,1984,18.078745,,2568610,Low-income countries
Central African Republic,CAF,1985,17.977081,,2600939,Low-income countries
Central African Republic,CAF,1986,17.909931,,2634262,Low-income countries
Central African Republic,CAF,1987,17.849201,,2669154,Low-income countries
Central African Republic,CAF,1988,17.81359,,2713967,Low-income countries
Central African Republic,CAF,1989,17.777805,,2783977,Low-income countries
Central African Republic,CAF,1990,17.749464,1481.2526,2871915,Low-income countries
Central African Republic,CAF,1991,17.707256,1427.6902,2963195,Low-income countries
Central African Republic,CAF,1992,17.659264,1294.2025,3058837,Low-income countries
Central African Republic,CAF,1993,17.602232,1257.8284,3157842,Low-income countries
Central African Republic,CAF,1994,17.5295,1278.915,3257956,Low-income countries
Central African Republic,CAF,1995,17.447407,1334.1033,3348062,Low-income countries
Central African Republic,CAF,1996,17.333439,1247.9688,3435973,Low-income countries
Central African Republic,CAF,1997,17.195953,1278.4883,3531700,Low-income countries
Central African Republic,CAF,1998,17.01709,1302.7515,3628833,Low-income countries
Central African Republic,CAF,1999,16.797548,1313.2357,3729452,Low-income countries
Central African Republic,CAF,2000,16.554848,1245.814,3833421,Low-income countries
Central African Republic,CAF,2001,16.280022,1272.857,3919498,Low-income countries
Central African Republic,CAF,2002,15.944989,1290.3832,4006079,Low-income countries
Central African Republic,CAF,2003,15.595261,1191.8732,4103092,Low-income countries
Central African Republic,CAF,2004,15.223697,1236.2854,4192828,Low-income countries
Central African Republic,CAF,2005,14.835647,1219.594,4288814,Low-income countries
Central African Republic,CAF,2006,14.376072,1251.8708,4377582,Low-income countries
Central African Republic,CAF,2007,13.9529,1284.5529,4462777,Low-income countries
Central African Republic,CAF,2008,13.562315,1283.2728,4558989,Low-income countries
Central African Republic,CAF,2009,47.893196,1402.6816,4529051,Low-income countries
Central African Republic,CAF,2010,14.922666,1479.4137,4493003,Low-income countries
Central African Republic,CAF,2011,12.538317,1517.1484,4565023,Low-income countries
Central African Republic,CAF,2012,12.225683,1577.9806,4610848,Low-income countries
Central African Republic,CAF,2013,13.355032,996.89636,4642423,Low-income countries
Central African Republic,CAF,2014,18.25779,1001.85596,4623187,Low-income countries
Central African Republic,CAF,2015,11.414055,1043.9218,4629322,Low-income countries
Central African Republic,CAF,2016,12.607498,1073.9448,4713663,Low-income countries
Central African Republic,CAF,2017,15.237345,1103.8661,4793512,Low-income countries
Central African Republic,CAF,2018,11.978867,1125.7009,4878663,Low-income countries
Central African Republic,CAF,2019,24.312054,1145.0956,4944708,Low-income countries
Central African Republic,CAF,2020,12.262269,1136.5706,5026629,Low-income countries
Central African Republic,CAF,2021,17.125242,1128.5524,5112103,Low-income countries
Central African Republic,CAF,2022,38.74425,1136.8018,5098038,Low-income countries
Central African Republic,CAF,2023,9.219586,1132.6764,5152415,Low-income countries
Central African Republic,CAF,2024,,1111.2194,5152415,Low-income countries
Chad,TCD,1944,28.66374,,2278600,Low-income countries
Chad,TCD,1945,28.516945,,2315057,Low-income countries
Chad,TCD,1946,28.396488,,2352098,Low-income countries
Chad,TCD,1947,28.25853,,2389732,Low-income countries
Chad,TCD,1948,28.137714,,2427968,Low-income countries
Chad,TCD,1949,27.9927,,2468924,Low-income countries
Chad,TCD,1950,27.85623,,2525457,Low-income countries
Chad,TCD,1951,27.734596,,2570410,Low-income countries
Chad,TCD,1952,27.596033,,2616313,Low-income countries
Chad,TCD,1953,27.488504,,2663776,Low-income countries
Chad,TCD,1954,27.384184,,2713010,Low-income countries
Chad,TCD,1955,27.286547,,2764252,Low-income countries
Chad,TCD,1956,27.18152,,2817660,Low-income countries
Chad,TCD,1957,27.055286,,2873095,Low-income countries
Chad,TCD,1958,26.951818,,2930371,Low-income countries
Chad,TCD,1959,26.841787,,2989326,Low-income countries
Chad,TCD,1960,26.722643,,3049843,Low-income countries
Chad,TCD,1961,26.624727,,3111956,Low-income countries
Chad,TCD,1962,26.516039,,3175599,Low-income countries
Chad,TCD,1963,26.394855,,3240909,Low-income countries
Chad,TCD,1964,26.258383,,3307482,Low-income countries
Chad,TCD,1965,26.142448,,3374220,Low-income countries
Chad,TCD,1966,26.001865,,3440907,Low-income countries
Chad,TCD,1967,25.86035,,3508513,Low-income countries
Chad,TCD,1968,25.708326,,3578228,Low-income countries
Chad,TCD,1969,25.557373,,3651121,Low-income countries
Chad,TCD,1970,25.4289,,3727834,Low-income countries
Chad,TCD,1971,25.281868,,3807326,Low-income countries
Chad,TCD,1972,25.150906,,3893253,Low-income countries
Chad,TCD,1973,24.98421,,3985914,Low-income countries
Chad,TCD,1974,24.844385,,4078363,Low-income countries
Chad,TCD,1975,24.687294,,4167237,Low-income countries
Chad,TCD,1976,24.54539,,4251299,Low-income countries
Chad,TCD,1977,24.390312,,4331668,Low-income countries
Chad,TCD,1978,24.220295,,4411370,Low-income countries
Chad,TCD,1979,24.049166,,4505384,Low-income countries
Chad,TCD,1980,23.8444,,4515461,Low-income countries
Chad,TCD,1981,23.63627,,4520965,Low-income countries
Chad,TCD,1982,23.401857,,4738486,Low-income countries
Chad,TCD,1983,23.156567,,4979137,Low-income countries
Chad,TCD,1984,22.893963,,5045152,Low-income countries
Chad,TCD,1985,22.61282,,5096274,Low-income countries
Chad,TCD,1986,22.330566,,5251074,Low-income countries
Chad,TCD,1987,22.042662,,5438311,Low-income countries
Chad,TCD,1988,21.753769,,5625601,Low-income countries
Chad,TCD,1989,21.449915,,5819588,Low-income countries
Chad,TCD,1990,21.162123,1711.3699,5982838,Low-income countries
Chad,TCD,1991,20.875937,1790.7379,6205688,Low-income countries
Chad,TCD,1992,20.596045,1853.6766,6474651,Low-income countries
Chad,TCD,1993,20.330526,1526.0543,6629147,Low-income countries
Chad,TCD,1994,20.06718,1642.5165,6783456,Low-income countries
Chad,TCD,1995,19.809532,1591.1416,7089063,Low-income countries
Chad,TCD,1996,19.54834,1555.914,7410107,Low-income countries
Chad,TCD,1997,19.275944,1588.0986,7670371,Low-income countries
Chad,TCD,1998,18.989061,1641.0571,7938841,Low-income countries
Chad,TCD,1999,18.681028,1573.5853,8222710,Low-income countries
Chad,TCD,2000,18.355343,1506.7158,8512092,Low-income countries
Chad,TCD,2001,18.020676,1626.5668,8804122,Low-income countries
Chad,TCD,2002,17.67784,1704.273,9116195,Low-income countries
Chad,TCD,2003,17.34145,1878.5858,9487830,Low-income countries
Chad,TCD,2004,17.003162,2400.97,9920036,Low-income countries
Chad,TCD,2005,16.652428,2705.8164,10328094,Low-income countries
Chad,TCD,2006,16.285067,2596.0325,10706426,Low-income countries
Chad,TCD,2007,15.915532,2613.4739,11081667,Low-income countries
Chad,TCD,2008,15.537126,2601.3613,11476299,Low-income countries
Chad,TCD,2009,15.154651,2474.7075,11893753,Low-income countries
Chad,TCD,2010,14.76896,2717.4055,12312580,Low-income countries
Chad,TCD,2011,14.388588,2741.0708,12755004,Low-income countries
Chad,TCD,2012,14.009753,2886.2747,13211006,Low-income countries
Chad,TCD,2013,13.648114,2864.113,13691081,Low-income countries
Chad,TCD,2014,13.295155,2820.678,14188680,Low-income countries
Chad,TCD,2015,12.927415,2822.5793,14647626,Low-income countries
Chad,TCD,2016,12.566349,2622.598,15114652,Low-income countries
Chad,TCD,2017,12.1979885,2496.2622,15622756,Low-income countries
Chad,TCD,2018,11.833426,2552.3704,16156535,Low-income countries
Chad,TCD,2019,11.463444,2604.5315,16685223,Low-income countries
Chad,TCD,2020,11.100515,2513.0293,17224686,Low-income countries
Chad,TCD,2021,10.757295,2435.0728,17828274,Low-income countries
Chad,TCD,2022,10.433331,2449.4824,18455319,Low-income countries
Chad,TCD,2023,10.1131525,2433.0989,19319075,Low-income countries
Chad,TCD,2024,,2412.866,19319075,Low-income countries
Chile,CHL,1954,14.886774,,7180570,High-income countries
Chile,CHL,1955,14.915592,,7332311,High-income countries
Chile,CHL,1956,15.0248575,,7489537,High-income countries
Chile,CHL,1957,15.213857,,7651307,High-income countries
Chile,CHL,1958,15.432515,,7815995,High-income countries
Chile,CHL,1959,15.518758,,7983432,High-income countries
Chile,CHL,1960,15.318181,,8153356,High-income countries
Chile,CHL,1961,14.864567,,8324802,High-income countries
Chile,CHL,1962,14.28424,,8497068,High-income countries
Chile,CHL,1963,13.608096,,8670148,High-income countries
Chile,CHL,1964,12.7174635,,8842536,High-income countries
Chile,CHL,1965,11.555213,,9012944,High-income countries
Chile,CHL,1966,10.348478,,9181729,High-income countries
Chile,CHL,1967,9.359966,,9348941,High-income countries
Chile,CHL,1968,8.686662,,9514712,High-income countries
Chile,CHL,1969,8.261482,,9680281,High-income countries
Chile,CHL,1970,8.007929,,9845347,High-income countries
Chile,CHL,1971,7.856197,,10009698,High-income countries
Chile,CHL,1972,7.73223,,10174678,High-income countries
Chile,CHL,1973,7.540527,,10340367,High-income countries
Chile,CHL,1974,7.142042,,10505817,High-income countries
Chile,CHL,1975,6.460715,,10671567,High-income countries
Chile,CHL,1976,5.6347847,,10838255,High-income countries
Chile,CHL,1977,4.8532577,,11005518,High-income countries
Chile,CHL,1978,4.20442,,11172698,High-income countries
Chile,CHL,1979,3.6898077,,11339778,High-income countries
Chile,CHL,1980,3.2945054,,11508553,High-income countries
Chile,CHL,1981,2.9799335,,11678714,High-income countries
Chile,CHL,1982,2.7072546,,11850214,High-income countries
Chile,CHL,1983,2.4691272,,12026139,High-income countries
Chile,CHL,1984,2.3023384,,12207731,High-income countries
Chile,CHL,1985,2.2317128,,12395277,High-income countries
Chile,CHL,1986,2.220053,,12588923,High-income countries
Chile,CHL,1987,2.2022262,,12790156,High-income countries
Chile,CHL,1988,2.1377966,,12999426,High-income countries
Chile,CHL,1989,2.0345252,,13215015,High-income countries
Chile,CHL,1990,1.905571,10952.655,13437181,High-income countries
Chile,CHL,1991,1.764884,11607.53,13662482,High-income countries
Chile,CHL,1992,1.6250782,12735.602,13884579,High-income countries
Chile,CHL,1993,1.4970917,13377.306,14102276,High-income countries
Chile,CHL,1994,1.3902317,13846.349,14316263,High-income countries
Chile,CHL,1995,1.3108242,14908.035,14527382,High-income countries
Chile,CHL,1996,1.2559805,15744.738,14734049,High-income countries
Chile,CHL,1997,1.2185609,16683.906,14932436,High-income countries
Chile,CHL,1998,1.1892884,17156.973,15127799,High-income countries
Chile,CHL,1999,1.1518441,16896.125,15319311,High-income countries
Chile,CHL,2000,1.0938047,17525.271,15503638,High-income countries
Chile,CHL,2001,1.0279518,17870.3,15683852,High-income countries
Chile,CHL,2002,0.97647524,18240.201,15857926,High-income countries
Chile,CHL,2003,0.9473691,18902.871,16024755,High-income countries
Chile,CHL,2004,0.92973566,19961.984,16187324,High-income countries
Chile,CHL,2005,0.91287196,20918.527,16348780,High-income countries
Chile,CHL,2006,0.89731497,21968.537,16509195,High-income countries
Chile,CHL,2007,0.88803566,22878.883,16671571,High-income countries
Chile,CHL,2008,0.88544774,23509.781,16838987,High-income countries
Chile,CHL,2009,0.8829222,23013.582,17009730,High-income countries
Chile,CHL,2010,0.87313205,24116.77,17181463,High-income countries
Chile,CHL,2011,0.8569593,25366.27,17351810,High-income countries
Chile,CHL,2012,0.83910316,26670.498,17519116,High-income countries
Chile,CHL,2013,0.8223878,27291.357,17687006,High-income countries
Chile,CHL,2014,0.80660605,27505.049,17864192,High-income countries
Chile,CHL,2015,0.7915858,27811.375,18047630,High-income countries
Chile,CHL,2016,0.7744484,27958.729,18267225,High-income countries
Chile,CHL,2017,0.7519815,27892.994,18558868,High-income countries
Chile,CHL,2018,0.72443473,28492.662,18893185,High-income countries
Chile,CHL,2019,0.6972991,28218.535,19197748,High-income countries
Chile,CHL,2020,0.6766095,26248.562,19370621,High-income countries
Chile,CHL,2021,0.6689394,29089.85,19456323,High-income countries
Chile,CHL,2022,0.681752,29569.479,19553033,High-income countries
Chile,CHL,2023,0.7164152,29563.678,19658833,High-income countries
Chile,CHL,2024,,30182.787,19658833,High-income countries
China,CHN,1969,11.911738,,802140341,Upper-middle-income countries
China,CHN,1970,11.305526,,823308964,Upper-middle-income countries
China,CHN,1971,10.729376,,844069870,Upper-middle-income countries
China,CHN,1972,10.168625,,863677810,Upper-middle-income countries
China,CHN,1973,9.608592,,882576945,Upper-middle-income countries
China,CHN,1974,9.050562,,900307580,Upper-middle-income countries
China,CHN,1975,8.502481,,916116796,Upper-middle-income countries
China,CHN,1976,7.971752,,930372293,Upper-middle-income countries
China,CHN,1977,7.469358,,943546374,Upper-middle-income countries
China,CHN,1978,7.0144114,,956161482,Upper-middle-income countries
China,CHN,1979,6.6200805,,969288071,Upper-middle-income countries
China,CHN,1980,6.283188,,983163540,Upper-middle-income countries
China,CHN,1981,6.002981,,997721072,Upper-middle-income countries
China,CHN,1982,5.7841167,,1013588177,Upper-middle-income countries
China,CHN,1983,5.6139035,,1029064952,Upper-middle-income countries
China,CHN,1984,5.5003233,,1043849645,Upper-middle-income countries
China,CHN,1985,5.4312387,,1059807818,Upper-middle-income countries
China,CHN,1986,5.402014,,1077233607,Upper-middle-income countries
China,CHN,1987,5.396355,,1096217445,Upper-middle-income countries
China,CHN,1988,5.398772,,1115244168,Upper-middle-income countries
China,CHN,1989,5.392247,,1133991006,Upper-middle-income countries
China,CHN,1990,5.3664117,1666.9277,1153582725,Upper-middle-income countries
China,CHN,1991,5.3126817,1798.2761,1170788533,Upper-middle-income countries
China,CHN,1992,5.2167892,2030.3864,1184574236,Upper-middle-income countries
China,CHN,1993,5.083169,2286.7598,1197308574,Upper-middle-income countries
China,CHN,1994,4.926665,2556.6406,1209003099,Upper-middle-income countries
China,CHN,1995,4.7467475,2808.034,1220133929,Upper-middle-income countries
China,CHN,1996,4.5577455,3055.9697,1230944809,Upper-middle-income countries
China,CHN,1997,4.356507,3305.7905,1241139623,Upper-middle-income countries
China,CHN,1998,4.142165,3533.566,1250847122,Upper-middle-income countries
China,CHN,1999,3.9130049,3774.1377,1260176650,Upper-middle-income countries
China,CHN,2000,3.6715713,4066.0364,1269581174,Upper-middle-income countries
China,CHN,2001,3.4152765,4372.157,1278725061,Upper-middle-income countries
China,CHN,2002,3.1512027,4744.3984,1286866835,Upper-middle-income countries
China,CHN,2003,2.887433,5192.006,1294517323,Upper-middle-income countries
China,CHN,2004,2.635397,5684.169,1302100316,Upper-middle-income countries
China,CHN,2005,2.402667,6298.323,1310027135,Upper-middle-income countries
China,CHN,2006,2.193804,7057.1,1318054030,Upper-middle-income countries
China,CHN,2007,2.0096698,8013.716,1325813576,Upper-middle-income countries
China,CHN,2008,1.8474529,8743.745,1333821011,Upper-middle-income countries
China,CHN,2009,1.705606,9518.433,1342522717,Upper-middle-income countries
China,CHN,2010,1.575948,10476.3125,1351561505,Upper-middle-income countries
China,CHN,2011,1.4571805,11405.018,1360250658,Upper-middle-income countries
China,CHN,2012,1.3482286,12217.8545,1369520866,Upper-middle-income countries
China,CHN,2013,1.2471666,13080.829,1379008040,Upper-middle-income countries
China,CHN,2014,1.154472,13968.581,1387951970,Upper-middle-income countries
China,CHN,2015,1.0704888,14856.78,1396134171,Upper-middle-income countries
China,CHN,2016,0.993478,15772.765,1404052628,Upper-middle-income countries
China,CHN,2017,0.9237643,16757.973,1412354730,Upper-middle-income countries
China,CHN,2018,0.86086315,17806.791,1419008954,Upper-middle-income countries
China,CHN,2019,0.8039205,18820.514,1423520357,Upper-middle-income countries
China,CHN,2020,0.7516634,19215.154,1426106093,Upper-middle-income countries
China,CHN,2021,0.70396256,20843.297,1426437269,Upper-middle-income countries
China,CHN,2022,0.65950465,21499.383,1425179562,Upper-middle-income countries
China,CHN,2023,0.6190351,22687.076,1422584930,Upper-middle-income countries
China,CHN,2024,,23845.62,1422584930,Upper-middle-income countries
Colombia,COL,1952,17.53347,,12405851,Upper-middle-income countries
Colombia,COL,1953,16.953138,,12746037,Upper-middle-income countries
Colombia,COL,1954,16.397211,,13100844,Upper-middle-income countries
Colombia,COL,1955,15.871237,,13473060,Upper-middle-income countries
Colombia,COL,1956,15.361062,,13861805,Upper-middle-income countries
Colombia,COL,1957,14.856749,,14270276,Upper-middle-income countries
Colombia,COL,1958,14.367644,,14693292,Upper-middle-income countries
Colombia,COL,1959,13.894043,,15136219,Upper-middle-income countries
Colombia,COL,1960,13.433826,,15606209,Upper-middle-income countries
Colombia,COL,1961,12.994951,,16095207,Upper-middle-income countries
Colombia,COL,1962,12.579772,,16599031,Upper-middle-income countries
Colombia,COL,1963,12.189803,,17113824,Upper-middle-income countries
Colombia,COL,1964,11.818735,,17637416,Upper-middle-income countries
Colombia,COL,1965,11.464299,,18169053,Upper-middle-income countries
Colombia,COL,1966,11.11861,,18702693,Upper-middle-income countries
Colombia,COL,1967,10.774246,,19235624,Upper-middle-income countries
Colombia,COL,1968,10.434325,,19766802,Upper-middle-income countries
Colombia,COL,1969,10.080022,,20291937,Upper-middle-income countries
Colombia,COL,1970,9.722432,,20811790,Upper-middle-income countries
Colombia,COL,1971,9.360255,,21319099,Upper-middle-income countries
Colombia,COL,1972,8.986677,,21819572,Upper-middle-income countries
Colombia,COL,1973,8.601396,,22325375,Upper-middle-income countries
Colombia,COL,1974,8.200817,,22833475,Upper-middle-income countries
Colombia,COL,1975,7.796442,,23344650,Upper-middle-income countries
Colombia,COL,1976,7.388442,,23858815,Upper-middle-income countries
Colombia,COL,1977,6.9804053,,24393499,Upper-middle-income countries
Colombia,COL,1978,6.5844707,,24950342,Upper-middle-income countries
Colombia,COL,1979,6.2018175,,25515627,Upper-middle-income countries
Colombia,COL,1980,5.8363566,,26104503,Upper-middle-income countries
Colombia,COL,1981,5.496102,,26713267,Upper-middle-income countries
Colombia,COL,1982,5.173442,,27338334,Upper-middle-income countries
Colombia,COL,1983,4.882344,,27988176,Upper-middle-income countries
Colombia,COL,1984,4.6165853,,28642690,Upper-middle-income countries
Colombia,COL,1985,4.8854527,,29268470,Upper-middle-income countries
Colombia,COL,1986,4.172821,,29879114,Upper-middle-income countries
Colombia,COL,1987,3.9929543,,30499471,Upper-middle-income countries
Colombia,COL,1988,3.8354409,,31130530,Upper-middle-income countries
Colombia,COL,1989,3.69681,,31776280,Upper-middle-income countries
Colombia,COL,1990,3.5686653,9998.811,32440064,Upper-middle-income countries
Colombia,COL,1991,3.4476955,9996.098,33098373,Upper-middle-income countries
Colombia,COL,1992,3.3299384,10196.433,33760571,Upper-middle-income countries
Colombia,COL,1993,3.2146764,10533.115,34441479,Upper-middle-income countries
Colombia,COL,1994,3.102172,10927.938,35127408,Upper-middle-income countries
Colombia,COL,1995,2.9918592,11279,35804670,Upper-middle-income countries
Colombia,COL,1996,2.8832624,11303.131,36462740,Upper-middle-income countries
Colombia,COL,1997,2.7797046,11483.505,37121155,Upper-middle-income countries
Colombia,COL,1998,2.6824746,11343.88,37792169,Upper-middle-income countries
Colombia,COL,1999,2.5926766,10679.709,38454861,Upper-middle-income countries
Colombia,COL,2000,2.508404,10813.494,39089939,Upper-middle-income countries
Colombia,COL,2001,2.4288576,10823.45,39709263,Upper-middle-income countries
Colombia,COL,2002,2.3543491,10925.148,40324684,Upper-middle-income countries
Colombia,COL,2003,2.2834404,11183.291,40937426,Upper-middle-income countries
Colombia,COL,2004,2.2151916,11607.938,41543177,Upper-middle-income countries
Colombia,COL,2005,2.1495404,11999.255,42128978,Upper-middle-income countries
Colombia,COL,2006,2.0857804,12636.625,42691081,Upper-middle-income countries
Colombia,COL,2007,2.0215259,13318.304,43235374,Upper-middle-income countries
Colombia,COL,2008,1.9576356,13591.061,43758805,Upper-middle-income countries
Colombia,COL,2009,1.8947967,13586.752,44271543,Upper-middle-income countries
Colombia,COL,2010,1.8337232,14037.064,44777325,Upper-middle-income countries
Colombia,COL,2011,1.7742897,14852.37,45259614,Upper-middle-income countries
Colombia,COL,2012,1.7154831,15279.479,45715807,Upper-middle-income countries
Colombia,COL,2013,1.6588675,15912.247,46151583,Upper-middle-income countries
Colombia,COL,2014,1.6058611,16480.363,46565426,Upper-middle-income countries
Colombia,COL,2015,1.5558618,16821.38,46969938,Upper-middle-income countries
Colombia,COL,2016,1.5053065,17003.244,47437513,Upper-middle-income countries
Colombia,COL,2017,1.4581968,16986.033,48131076,Upper-middle-income countries
Colombia,COL,2018,1.4106319,17104.13,49024463,Upper-middle-income countries
Colombia,COL,2019,1.3678353,17336.771,49907987,Upper-middle-income countries
Colombia,COL,2020,1.3240182,15861.5,50629997,Upper-middle-income countries
Colombia,COL,2021,1.2805582,17383.09,51188174,Upper-middle-income countries
Colombia,COL,2022,1.2419199,18458.72,51737944,Upper-middle-income countries
Colombia,COL,2023,1.202878,18382.998,52321152,Upper-middle-income countries
Colombia,COL,2024,,18477.215,52321152,Upper-middle-income countries
Comoros,COM,1970,23.158829,,244196,Lower-middle-income countries
Comoros,COM,1971,22.539917,,251878,Lower-middle-income countries
Comoros,COM,1972,21.949745,,260085,Lower-middle-income countries
Comoros,COM,1973,21.376606,,268827,Lower-middle-income countries
Comoros,COM,1974,20.827702,,278084,Lower-middle-income countries
Comoros,COM,1975,20.26095,,287702,Lower-middle-income countries
Comoros,COM,1976,19.686552,,297547,Lower-middle-income countries
Comoros,COM,1977,19.118458,,307588,Lower-middle-income countries
Comoros,COM,1978,18.548075,,317695,Lower-middle-income countries
Comoros,COM,1979,17.96653,,327805,Lower-middle-income countries
Comoros,COM,1980,17.385845,,337728,Lower-middle-income countries
Comoros,COM,1981,16.804045,,347393,Lower-middle-income countries
Comoros,COM,1982,16.221119,,357150,Lower-middle-income countries
Comoros,COM,1983,15.645325,,367241,Lower-middle-income countries
Comoros,COM,1984,15.090775,,377644,Lower-middle-income countries
Comoros,COM,1985,14.549514,,388357,Lower-middle-income countries
Comoros,COM,1986,14.039338,,399328,Lower-middle-income countries
Comoros,COM,1987,13.533486,,410445,Lower-middle-income countries
Comoros,COM,1988,13.037644,,421697,Lower-middle-income countries
Comoros,COM,1989,12.566758,,433110,Lower-middle-income countries
Comoros,COM,1990,12.0922985,3114.5618,444601,Lower-middle-income countries
Comoros,COM,1991,11.610199,2852.1768,455563,Lower-middle-income countries
Comoros,COM,1992,11.134092,2999.1226,465118,Lower-middle-income countries
Comoros,COM,1993,10.664362,3019.8838,473681,Lower-middle-income countries
Comoros,COM,1994,10.209214,2848.619,482148,Lower-middle-income countries
Comoros,COM,1995,9.780135,2957.409,490594,Lower-middle-income countries
Comoros,COM,1996,9.374743,2892.0825,499113,Lower-middle-income countries
Comoros,COM,1997,8.996952,2968.0771,507779,Lower-middle-income countries
Comoros,COM,1998,8.631923,2918.133,516606,Lower-middle-income countries
Comoros,COM,1999,8.280451,2943.9202,525894,Lower-middle-income countries
Comoros,COM,2000,7.9577622,2858.857,536084,Lower-middle-income countries
Comoros,COM,2001,7.6531177,2952.4424,547221,Lower-middle-income countries
Comoros,COM,2002,7.3591895,3023.5244,558927,Lower-middle-income countries
Comoros,COM,2003,7.074731,3023.19,569808,Lower-middle-income countries
Comoros,COM,2004,6.7992344,3058.3833,580711,Lower-middle-income countries
Comoros,COM,2005,6.547153,3166.3628,592679,Lower-middle-income countries
Comoros,COM,2006,6.311243,3048.6924,604752,Lower-middle-income countries
Comoros,COM,2007,6.0847683,3012.5474,616935,Lower-middle-income countries
Comoros,COM,2008,5.876702,3070.3696,629314,Lower-middle-income countries
Comoros,COM,2009,5.685741,3107.453,641949,Lower-middle-income countries
Comoros,COM,2010,5.5085206,3161.3748,654846,Lower-middle-income countries
Comoros,COM,2011,5.3557343,3227.2166,668064,Lower-middle-income countries
Comoros,COM,2012,5.2146845,3263.163,681637,Lower-middle-income countries
Comoros,COM,2013,5.083524,3337.5986,696203,Lower-middle-income countries
Comoros,COM,2014,4.970884,3334.5752,711512,Lower-middle-income countries
Comoros,COM,2015,4.8702807,3302.3862,726685,Lower-middle-income countries
Comoros,COM,2016,4.7623873,3342.7668,741745,Lower-middle-income countries
Comoros,COM,2017,4.663485,3401.8523,756672,Lower-middle-income countries
Comoros,COM,2018,4.561188,3457.587,771597,Lower-middle-income countries
Comoros,COM,2019,4.4580455,3451.4214,786582,Lower-middle-income countries
Comoros,COM,2020,4.352619,3377.7456,802172,Lower-middle-income countries
Comoros,COM,2021,4.2376475,3377.8853,818178,Lower-middle-income countries
Comoros,COM,2022,4.113517,3399.2783,834191,Lower-middle-income countries
Comoros,COM,2023,3.9818938,3434.4019,850390,Lower-middle-income countries
Comoros,COM,2024,,3482.535,850390,Lower-middle-income countries
Congo,COG,1944,31.775764,,748604,Lower-middle-income countries
Congo,COG,1945,31.023077,,762079,Lower-middle-income countries
Congo,COG,1946,30.31002,,775797,Lower-middle-income countries
Congo,COG,1947,29.701057,,789761,Lower-middle-income countries
Congo,COG,1948,29.08045,,803977,Lower-middle-income countries
Congo,COG,1949,28.443111,,819090,Lower-middle-income countries
Congo,COG,1950,27.787539,,835269,Lower-middle-income countries
Congo,COG,1951,27.041878,,853643,Lower-middle-income countries
Congo,COG,1952,26.301472,,872684,Lower-middle-income countries
Congo,COG,1953,25.519814,,892461,Lower-middle-income countries
Congo,COG,1954,24.655674,,913023,Lower-middle-income countries
Congo,COG,1955,23.76372,,934435,Lower-middle-income countries
Congo,COG,1956,22.836145,,956825,Lower-middle-income countries
Congo,COG,1957,21.895859,,980204,Lower-middle-income countries
Congo,COG,1958,21.011633,,1004629,Lower-middle-income countries
Congo,COG,1959,20.1783,,1030164,Lower-middle-income countries
Congo,COG,1960,19.368582,,1056738,Lower-middle-income countries
Congo,COG,1961,18.637402,,1084392,Lower-middle-income countries
Congo,COG,1962,17.951412,,1113180,Lower-middle-income countries
Congo,COG,1963,17.313492,,1143269,Lower-middle-income countries
Congo,COG,1964,16.69201,,1174823,Lower-middle-income countries
Congo,COG,1965,16.106483,,1207886,Lower-middle-income countries
Congo,COG,1966,15.565365,,1242544,Lower-middle-income countries
Congo,COG,1967,15.05747,,1278697,Lower-middle-income countries
Congo,COG,1968,14.5978775,,1316525,Lower-middle-income countries
Congo,COG,1969,14.15348,,1356188,Lower-middle-income countries
Congo,COG,1970,13.728103,,1397640,Lower-middle-income countries
Congo,COG,1971,13.353502,,1441047,Lower-middle-income countries
Congo,COG,1972,12.982994,,1486478,Lower-middle-income countries
Congo,COG,1973,12.641198,,1533685,Lower-middle-income countries
Congo,COG,1974,12.349868,,1582304,Lower-middle-income countries
Congo,COG,1975,12.060953,,1627033,Lower-middle-income countries
Congo,COG,1976,11.78017,,1667233,Lower-middle-income countries
Congo,COG,1977,11.50437,,1707572,Lower-middle-income countries
Congo,COG,1978,11.244016,,1748098,Lower-middle-income countries
Congo,COG,1979,10.971064,,1788523,Lower-middle-income countries
Congo,COG,1980,10.720813,,1828991,Lower-middle-income countries
Congo,COG,1981,10.466545,,1869764,Lower-middle-income countries
Congo,COG,1982,10.209311,,1910429,Lower-middle-income countries
Congo,COG,1983,9.947818,,1950328,Lower-middle-income countries
Congo,COG,1984,9.681347,,1999533,Lower-middle-income countries
Congo,COG,1985,9.4403,,2059317,Lower-middle-income countries
Congo,COG,1986,9.249575,,2120604,Lower-middle-income countries
Congo,COG,1987,9.114032,,2183478,Lower-middle-income countries
Congo,COG,1988,9.0447445,,2247653,Lower-middle-income countries
Congo,COG,1989,9.049093,,2313562,Lower-middle-income countries
Congo,COG,1990,9.147798,8699.526,2380562,Lower-middle-income countries
Congo,COG,1991,9.312091,8658.161,2449235,Lower-middle-income countries
Congo,COG,1992,9.544112,8636.637,2519467,Lower-middle-income countries
Congo,COG,1993,9.838614,8302.697,2595127,Lower-middle-income countries
Congo,COG,1994,10.160559,7617.6074,2673147,Lower-middle-income countries
Congo,COG,1995,10.517985,7701.3247,2749464,Lower-middle-income countries
Congo,COG,1996,10.8673,7812.048,2826786,Lower-middle-income countries
Congo,COG,1997,11.194832,7599.0483,2887862,Lower-middle-income countries
Congo,COG,1998,11.416883,7711.6323,2952062,Lower-middle-income countries
Congo,COG,1999,11.487144,7312.3267,3032876,Lower-middle-income countries
Congo,COG,2000,11.371658,7570.583,3151349,Lower-middle-income countries
Congo,COG,2001,11.069403,7567.439,3272542,Lower-middle-income countries
Congo,COG,2002,10.604851,7729.3887,3350770,Lower-middle-income countries
Congo,COG,2003,10.010648,7577.4565,3445758,Lower-middle-income countries
Congo,COG,2004,9.348133,7577.446,3565565,Lower-middle-income countries
Congo,COG,2005,8.661812,7876.118,3696399,Lower-middle-income countries
Congo,COG,2006,8.015298,8192.58,3837411,Lower-middle-income countries
Congo,COG,2007,7.434259,7375.8247,3980430,Lower-middle-income countries
Congo,COG,2008,6.9488554,7587.288,4113514,Lower-middle-income countries
Congo,COG,2009,6.551187,8138.45,4281218,Lower-middle-income countries
Congo,COG,2010,6.2522564,8583.662,4462304,Lower-middle-income countries
Congo,COG,2011,6.0157366,8492.421,4609728,Lower-middle-income countries
Congo,COG,2012,5.8163166,9079.687,4740457,Lower-middle-income countries
Congo,COG,2013,5.6351595,8798.494,4857104,Lower-middle-income countries
Congo,COG,2014,5.4528785,9159.257,4975887,Lower-middle-income countries
Congo,COG,2015,5.2668376,8977.707,5097583,Lower-middle-income countries
Congo,COG,2016,5.092693,8001.8257,5222545,Lower-middle-income countries
Congo,COG,2017,4.9271526,7372.7705,5351013,Lower-middle-income countries
Congo,COG,2018,4.7713914,7029.3364,5483128,Lower-middle-income countries
Congo,COG,2019,5.238375,6939.369,5616656,Lower-middle-income countries
Congo,COG,2020,4.4732423,6350.5093,5752792,Lower-middle-income countries
Congo,COG,2021,4.331054,6263.2114,5892187,Lower-middle-income countries
Congo,COG,2022,4.186377,6205.105,6035104,Lower-middle-income countries
Congo,COG,2023,4.0513673,6172.2876,6182890,Lower-middle-income countries
Congo,COG,2024,,6181.4707,6182890,Lower-middle-income countries
Cook Islands,COK,1951,19.301975,,15075,
Cook Islands,COK,1952,18.218365,,15363,
Cook Islands,COK,1953,17.21171,,15631,
Cook Islands,COK,1954,16.227589,,15908,
Cook Islands,COK,1955,15.289888,,16189,
Cook Islands,COK,1956,14.378229,,16455,
Cook Islands,COK,1957,13.493391,,16710,
Cook Islands,COK,1958,12.625764,,16988,
Cook Islands,COK,1959,11.792037,,17315,
Cook Islands,COK,1960,10.979594,,17685,
Cook Islands,COK,1961,10.190971,,18060,
Cook Islands,COK,1962,9.438828,,18310,
Cook Islands,COK,1963,8.723147,,18445,
Cook Islands,COK,1964,8.051949,,18609,
Cook Islands,COK,1965,7.428143,,18804,
Cook Islands,COK,1966,6.8341203,,19039,
Cook Islands,COK,1967,6.2856693,,19348,
Cook Islands,COK,1968,5.782139,,19712,
Cook Islands,COK,1969,5.332514,,20100,
Cook Islands,COK,1970,4.9253654,,20512,
Cook Islands,COK,1971,4.5616803,,20889,
Cook Islands,COK,1972,4.247238,,20795,
Cook Islands,COK,1973,3.9798799,,20211,
Cook Islands,COK,1974,3.7578595,,19583,
Cook Islands,COK,1975,3.5691965,,18920,
Cook Islands,COK,1976,3.413,,18270,
Cook Islands,COK,1977,3.2722516,,17933,
Cook Islands,COK,1978,3.1461394,,17872,
Cook Islands,COK,1979,3.0276737,,17799,
Cook Islands,COK,1980,2.9186485,,17719,
Cook Islands,COK,1981,2.8208463,,17623,
Cook Islands,COK,1982,2.7301002,,17498,
Cook Islands,COK,1983,2.6489167,,17304,
Cook Islands,COK,1984,2.5778484,,17085,
Cook Islands,COK,1985,2.5126913,,16853,
Cook Islands,COK,1986,2.4621801,,16626,
Cook Islands,COK,1987,2.423076,,16601,
Cook Islands,COK,1988,2.3962889,,16771,
Cook Islands,COK,1989,2.3821008,,16958,
Cook Islands,COK,1990,2.3739574,,17146,
Cook Islands,COK,1991,2.3692527,,17329,
Cook Islands,COK,1992,2.3616765,,17495,
Cook Islands,COK,1993,2.3454804,,17615,
Cook Islands,COK,1994,2.3131123,,17710,
Cook Islands,COK,1995,2.2645087,,17801,
Cook Islands,COK,1996,2.199458,,17880,
Cook Islands,COK,1997,2.1200051,,17648,
Cook Islands,COK,1998,2.0344727,,17102,
Cook Islands,COK,1999,1.9500993,,16508,
Cook Islands,COK,2000,1.8699614,,15876,
Cook Islands,COK,2001,1.7943546,,15259,
Cook Islands,COK,2002,1.7232409,,14994,
Cook Islands,COK,2003,1.654664,,15049,
Cook Islands,COK,2004,1.5870186,,15103,
Cook Islands,COK,2005,1.5201027,,15153,
Cook Islands,COK,2006,1.4581143,,15233,
Cook Islands,COK,2007,1.401859,,15519,
Cook Islands,COK,2008,1.3527215,,16003,
Cook Islands,COK,2009,1.3143207,,16497,
Cook Islands,COK,2010,1.2883639,,17000,
Cook Islands,COK,2011,1.277706,,17480,
Cook Islands,COK,2012,1.2810832,,17690,
Cook Islands,COK,2013,1.2942455,,17629,
Cook Islands,COK,2014,1.3154485,,17556,
Cook Islands,COK,2015,1.3415039,,17471,
Cook Islands,COK,2016,1.3698927,,17360,
Cook Islands,COK,2017,1.3990718,,17066,
Cook Islands,COK,2018,1.4216969,,16623,
Cook Islands,COK,2019,1.4337187,,16151,
Cook Islands,COK,2020,1.4316497,,15664,
Cook Islands,COK,2021,1.4156456,,15205,
Cook Islands,COK,2022,1.3928812,,14747,
Cook Islands,COK,2023,1.3642806,,14244,
Costa Rica,CRI,1949,13.195126,,916093,High-income countries
Costa Rica,CRI,1950,13.081101,,926761,High-income countries
Costa Rica,CRI,1951,12.96648,,958418,High-income countries
Costa Rica,CRI,1952,12.837375,,991800,High-income countries
Costa Rica,CRI,1953,12.663337,,1027010,High-income countries
Costa Rica,CRI,1954,12.43772,,1064117,High-income countries
Costa Rica,CRI,1955,12.122927,,1103056,High-income countries
Costa Rica,CRI,1956,11.697519,,1143854,High-income countries
Costa Rica,CRI,1957,11.1719885,,1186638,High-income countries
Costa Rica,CRI,1958,10.604937,,1231561,High-income countries
Costa Rica,CRI,1959,10.063016,,1278593,High-income countries
Costa Rica,CRI,1960,9.62175,,1327501,High-income countries
Costa Rica,CRI,1961,9.357685,,1377918,High-income countries
Costa Rica,CRI,1962,9.273431,,1429445,High-income countries
Costa Rica,CRI,1963,9.253441,,1481605,High-income countries
Costa Rica,CRI,1964,9.176143,,1533966,High-income countries
Costa Rica,CRI,1965,9.016353,,1586214,High-income countries
Costa Rica,CRI,1966,8.780885,,1638119,High-income countries
Costa Rica,CRI,1967,8.48975,,1689534,High-income countries
Costa Rica,CRI,1968,8.170301,,1739734,High-income countries
Costa Rica,CRI,1969,7.8455763,,1789281,High-income countries
Costa Rica,CRI,1970,7.477593,,1838946,High-income countries
Costa Rica,CRI,1971,7.016937,,1888548,High-income countries
Costa Rica,CRI,1972,6.4521613,,1938261,High-income countries
Costa Rica,CRI,1973,5.824588,,1988348,High-income countries
Costa Rica,CRI,1974,5.1746016,,2039649,High-income countries
Costa Rica,CRI,1975,4.535294,,2092716,High-income countries
Costa Rica,CRI,1976,3.930444,,2147772,High-income countries
Costa Rica,CRI,1977,3.3903642,,2205035,High-income countries
Costa Rica,CRI,1978,2.9569042,,2264516,High-income countries
Costa Rica,CRI,1979,2.647086,,2326490,High-income countries
Costa Rica,CRI,1980,2.4459078,,2390641,High-income countries
Costa Rica,CRI,1981,2.333133,,2456643,High-income countries
Costa Rica,CRI,1982,2.2870417,,2524811,High-income countries
Costa Rica,CRI,1983,2.2698627,,2595155,High-income countries
Costa Rica,CRI,1984,2.2471573,,2667597,High-income countries
Costa Rica,CRI,1985,2.2002254,,2741903,High-income countries
Costa Rica,CRI,1986,2.118554,,2817219,High-income countries
Costa Rica,CRI,1987,2.0063758,,2892698,High-income countries
Costa Rica,CRI,1988,1.8868524,,2968102,High-income countries
Costa Rica,CRI,1989,1.7808101,,3043826,High-income countries
Costa Rica,CRI,1990,1.6934295,10953.426,3121707,High-income countries
Costa Rica,CRI,1991,1.6246109,10920.1,3202182,High-income countries
Costa Rica,CRI,1992,1.5722966,11626.836,3284261,High-income countries
Costa Rica,CRI,1993,1.5343854,12144.449,3367436,High-income countries
Costa Rica,CRI,1994,1.5085429,12385.454,3451122,High-income countries
Costa Rica,CRI,1995,1.4892514,12593.226,3535179,High-income countries
Costa Rica,CRI,1996,1.4699329,12467.621,3619012,High-income countries
Costa Rica,CRI,1997,1.4454044,12856.583,3701713,High-income countries
Costa Rica,CRI,1998,1.4114007,13481.06,3782840,High-income countries
Costa Rica,CRI,1999,1.3647398,13760.924,3862103,High-income countries
Costa Rica,CRI,2000,1.3111305,14018.742,3937737,High-income countries
Costa Rica,CRI,2001,1.2594374,14250.463,4008951,High-income countries
Costa Rica,CRI,2002,1.2154335,14495.992,4075710,High-income countries
Costa Rica,CRI,2003,1.1800222,14891.34,4138791,High-income countries
Costa Rica,CRI,2004,1.1535724,15323.289,4200079,High-income countries
Costa Rica,CRI,2005,1.134497,15703.963,4261240,High-income countries
Costa Rica,CRI,2006,1.1198944,16620.135,4321337,High-income countries
Costa Rica,CRI,2007,1.1073695,17743.623,4380250,High-income countries
Costa Rica,CRI,2008,1.0928127,18334.014,4440058,High-income countries
Costa Rica,CRI,2009,1.0732605,17932.615,4499788,High-income countries
Costa Rica,CRI,2010,1.0481973,18660.92,4555965,High-income countries
Costa Rica,CRI,2011,1.0178429,19254.914,4609834,High-income countries
Costa Rica,CRI,2012,0.98374516,19960.793,4663930,High-income countries
Costa Rica,CRI,2013,0.9502715,20232.268,4716153,High-income countries
Costa Rica,CRI,2014,0.9213694,20724.922,4767126,High-income countries
Costa Rica,CRI,2015,0.89954644,21254.783,4818045,High-income countries
Costa Rica,CRI,2016,0.8869024,21925.6,4867003,High-income countries
Costa Rica,CRI,2017,0.8853106,22622.553,4913177,High-income countries
Costa Rica,CRI,2018,0.89355874,23005.312,4957813,High-income countries
Costa Rica,CRI,2019,0.91092616,23364.783,4999549,High-income countries
Costa Rica,CRI,2020,0.937115,22211.861,5034323,High-income countries
Costa Rica,CRI,2021,0.9712734,23852.926,5059991,High-income countries
Costa Rica,CRI,2022,1.0104312,24831.719,5081764,High-income countries
Costa Rica,CRI,2023,1.0459824,25979.629,5105526,High-income countries
Costa Rica,CRI,2024,,26973.436,5105526,High-income countries
Cote d'Ivoire,CIV,1955,36.557743,,3136631,Lower-middle-income countries
Cote d'Ivoire,CIV,1956,35.62641,,3230013,Lower-middle-income countries
Cote d'Ivoire,CIV,1957,34.723923,,3329283,Lower-middle-income countries
Cote d'Ivoire,CIV,1958,33.857834,,3435088,Lower-middle-income countries
Cote d'Ivoire,CIV,1959,32.976738,,3548954,Lower-middle-income countries
Cote d'Ivoire,CIV,1960,32.102467,,3673672,Lower-middle-income countries
Cote d'Ivoire,CIV,1961,31.30003,,3810152,Lower-middle-income countries
Cote d'Ivoire,CIV,1962,30.508787,,3956950,Lower-middle-income countries
Cote d'Ivoire,CIV,1963,29.707506,,4112070,Lower-middle-income countries
Cote d'Ivoire,CIV,1964,28.930435,,4273955,Lower-middle-income countries
Cote d'Ivoire,CIV,1965,28.186241,,4442384,Lower-middle-income countries
Cote d'Ivoire,CIV,1966,27.429735,,4617522,Lower-middle-income countries
Cote d'Ivoire,CIV,1967,26.68598,,4799743,Lower-middle-income countries
Cote d'Ivoire,CIV,1968,25.95011,,4990023,Lower-middle-income countries
Cote d'Ivoire,CIV,1969,25.228645,,5192227,Lower-middle-income countries
Cote d'Ivoire,CIV,1970,24.4929,,5411573,Lower-middle-income countries
Cote d'Ivoire,CIV,1971,23.730993,,5650875,Lower-middle-income countries
Cote d'Ivoire,CIV,1972,22.91805,,5909721,Lower-middle-income countries
Cote d'Ivoire,CIV,1973,22.076694,,6184949,Lower-middle-income countries
Cote d'Ivoire,CIV,1974,21.199963,,6474062,Lower-middle-income countries
Cote d'Ivoire,CIV,1975,20.320457,,6776303,Lower-middle-income countries
Cote d'Ivoire,CIV,1976,19.483887,,7057963,Lower-middle-income countries
Cote d'Ivoire,CIV,1977,18.697023,,7321955,Lower-middle-income countries
Cote d'Ivoire,CIV,1978,17.985727,,7603134,Lower-middle-income countries
Cote d'Ivoire,CIV,1979,17.373522,,7902266,Lower-middle-income countries
Cote d'Ivoire,CIV,1980,16.87279,,8220717,Lower-middle-income countries
Cote d'Ivoire,CIV,1981,16.423653,,8556600,Lower-middle-income countries
Cote d'Ivoire,CIV,1982,16.060486,,8907942,Lower-middle-income countries
Cote d'Ivoire,CIV,1983,15.764715,,9272742,Lower-middle-income countries
Cote d'Ivoire,CIV,1984,15.540641,,9650523,Lower-middle-income countries
Cote d'Ivoire,CIV,1985,15.377631,,10040486,Lower-middle-income countries
Cote d'Ivoire,CIV,1986,15.281129,,10440924,Lower-middle-income countries
Cote d'Ivoire,CIV,1987,15.2340145,,10851481,Lower-middle-income countries
Cote d'Ivoire,CIV,1988,15.21158,,11275194,Lower-middle-income countries
Cote d'Ivoire,CIV,1989,15.245418,,11719774,Lower-middle-income countries
Cote d'Ivoire,CIV,1990,15.304669,5255.51,12189780,Lower-middle-income countries
Cote d'Ivoire,CIV,1991,15.360494,5052.8516,12683875,Lower-middle-income countries
Cote d'Ivoire,CIV,1992,15.37718,4843.2935,13200313,Lower-middle-income countries
Cote d'Ivoire,CIV,1993,15.362318,4645.4673,13735955,Lower-middle-income countries
Cote d'Ivoire,CIV,1994,15.302902,4502.4595,14287211,Lower-middle-income countries
Cote d'Ivoire,CIV,1995,15.202942,4638.7573,14855566,Lower-middle-income countries
Cote d'Ivoire,CIV,1996,15.067139,4807.4243,15442322,Lower-middle-income countries
Cote d'Ivoire,CIV,1997,14.875121,5072.597,16047178,Lower-middle-income countries
Cote d'Ivoire,CIV,1998,14.642883,5093.132,16663948,Lower-middle-income countries
Cote d'Ivoire,CIV,1999,14.361588,4987.357,17215937,Lower-middle-income countries
Cote d'Ivoire,CIV,2000,14.050211,4838.3403,17699007,Lower-middle-income countries
Cote d'Ivoire,CIV,2001,13.708223,4609.1445,18178920,Lower-middle-income countries
Cote d'Ivoire,CIV,2002,13.344417,4368.928,18654772,Lower-middle-income countries
Cote d'Ivoire,CIV,2003,12.963321,4060.0005,19125546,Lower-middle-income countries
Cote d'Ivoire,CIV,2004,12.573958,4088.945,19594997,Lower-middle-income countries
Cote d'Ivoire,CIV,2005,12.162231,4032.2458,20068468,Lower-middle-income countries
Cote d'Ivoire,CIV,2006,11.781297,4049.2603,20546808,Lower-middle-income countries
Cote d'Ivoire,CIV,2007,11.391828,3999.691,21030558,Lower-middle-income countries
Cote d'Ivoire,CIV,2008,10.949929,4096.7236,21514446,Lower-middle-income countries
Cote d'Ivoire,CIV,2009,10.583115,4151.0537,21997936,Lower-middle-income countries
Cote d'Ivoire,CIV,2010,10.21558,4338.6523,22488068,Lower-middle-income countries
Cote d'Ivoire,CIV,2011,9.908098,4017.4077,22982003,Lower-middle-income countries
Cote d'Ivoire,CIV,2012,9.599972,4234.1807,23467083,Lower-middle-income countries
Cote d'Ivoire,CIV,2013,9.265762,4597.1865,23939775,Lower-middle-income countries
Cote d'Ivoire,CIV,2014,8.923964,4907.5747,24527393,Lower-middle-income countries
Cote d'Ivoire,CIV,2015,8.614822,5110.8623,25246347,Lower-middle-income countries
Cote d'Ivoire,CIV,2016,8.359002,5320.8467,25989404,Lower-middle-income countries
Cote d'Ivoire,CIV,2017,8.11429,5556.114,26733376,Lower-middle-income countries
Cote d'Ivoire,CIV,2018,7.8532305,5670.2,27464175,Lower-middle-income countries
Cote d'Ivoire,CIV,2019,7.591421,5894.879,28193014,Lower-middle-income countries
Cote d'Ivoire,CIV,2020,7.3715596,5787.8154,28915452,Lower-middle-income countries
Cote d'Ivoire,CIV,2021,7.1377068,6045.2046,29639737,Lower-middle-income countries
Cote d'Ivoire,CIV,2022,6.9187636,6272.264,30395004,Lower-middle-income countries
Cote d'Ivoire,CIV,2023,6.7128906,6520.899,31165653,Lower-middle-income countries
Cote d'Ivoire,CIV,2024,,6747.038,31165653,Lower-middle-income countries
Croatia,HRV,1981,2.1875272,,4664258,High-income countries
Croatia,HRV,1982,2.094911,,4689152,High-income countries
Croatia,HRV,1983,2.0026002,,4712882,High-income countries
Croatia,HRV,1984,1.9062526,,4734489,High-income countries
Croatia,HRV,1985,1.8031666,,4754549,High-income countries
Croatia,HRV,1986,1.694824,,4773054,High-income countries
Croatia,HRV,1987,1.5854031,,4790208,High-income countries
Croatia,HRV,1988,1.477213,,4806029,High-income countries
Croatia,HRV,1989,1.3769313,,4820729,High-income countries
Croatia,HRV,1990,1.2884244,23399.736,4835067,High-income countries
Croatia,HRV,1991,1.3948858,18812.943,4825159,High-income countries
Croatia,HRV,1992,1.1467389,17020.238,4782235,High-income countries
Croatia,HRV,1993,1.0904531,15570.403,4729734,High-income countries
Croatia,HRV,1994,1.0416352,16301.754,4675517,High-income countries
Croatia,HRV,1995,0.9990039,17522.75,4619362,High-income countries
Croatia,HRV,1996,0.9616598,18849.98,4562290,High-income countries
Croatia,HRV,1997,0.9272357,20110.514,4504627,High-income countries
Croatia,HRV,1998,0.89517456,20575.975,4445669,High-income countries
Croatia,HRV,1999,0.8643006,20489.678,4385823,High-income countries
Croatia,HRV,2000,0.83397895,21302.25,4326105,High-income countries
Croatia,HRV,2001,0.8032114,22826.625,4301079,High-income countries
Croatia,HRV,2002,0.77129316,24137.115,4305783,High-income countries
Croatia,HRV,2003,0.8151882,25473.906,4306683,High-income countries
Croatia,HRV,2004,0.70578945,26528.887,4310050,High-income countries
Croatia,HRV,2005,0.6738752,27641.207,4313946,High-income countries
Croatia,HRV,2006,0.6433892,29035.53,4315802,High-income countries
Croatia,HRV,2007,0.61493707,30508.28,4315959,High-income countries
Croatia,HRV,2008,0.58904314,31113.865,4314635,High-income countries
Croatia,HRV,2009,0.5660474,29024.76,4310537,High-income countries
Croatia,HRV,2010,0.54582655,28702.004,4301150,High-income countries
Croatia,HRV,2011,0.5288902,28769.33,4280827,High-income countries
Croatia,HRV,2012,0.51559764,28259.346,4259233,High-income countries
Croatia,HRV,2013,0.5052622,28397.855,4242403,High-income countries
Croatia,HRV,2014,0.49745932,28456.736,4219485,High-income countries
Croatia,HRV,2015,0.49114603,29466.7,4183732,High-income countries
Croatia,HRV,2016,0.48594403,30821.164,4136438,High-income countries
Croatia,HRV,2017,0.4812192,32348.934,4079198,High-income countries
Croatia,HRV,2018,0.47673264,33729.906,4024868,High-income countries
Croatia,HRV,2019,0.4725089,35122.85,3986338,High-income countries
Croatia,HRV,2020,0.46846285,32493.312,3953956,High-income countries
Croatia,HRV,2021,0.46451953,36930.285,3924607,High-income countries
Croatia,HRV,2022,0.4610666,39864.01,3907031,High-income countries
Croatia,HRV,2023,0.45684028,41320.203,3896023,High-income countries
Croatia,HRV,2024,,42829.2,3896023,High-income countries
Cuba,CUB,1958,4.34429,,6950291,Upper-middle-income countries
Cuba,CUB,1959,4.3751717,,7092337,Upper-middle-income countries
Cuba,CUB,1960,4.4084454,,7238083,Upper-middle-income countries
Cuba,CUB,1961,4.4365077,,7387120,Upper-middle-income countries
Cuba,CUB,1962,4.45062,,7541103,Upper-middle-income countries
Cuba,CUB,1963,4.450224,,7701665,Upper-middle-income countries
Cuba,CUB,1964,4.4273705,,7866016,Upper-middle-income countries
Cuba,CUB,1965,4.379244,,8030806,Upper-middle-income countries
Cuba,CUB,1966,4.310159,,8193453,Upper-middle-income countries
Cuba,CUB,1967,4.2215524,,8352627,Upper-middle-income countries
Cuba,CUB,1968,4.1081967,,8509522,Upper-middle-income countries
Cuba,CUB,1969,3.9709408,,8666638,Upper-middle-income countries
Cuba,CUB,1970,3.8192923,,8824389,Upper-middle-income countries
Cuba,CUB,1971,3.650427,,8979089,Upper-middle-income countries
Cuba,CUB,1972,3.474461,,9123895,Upper-middle-income countries
Cuba,CUB,1973,3.2937353,,9255332,Upper-middle-income countries
Cuba,CUB,1974,3.114943,,9374184,Upper-middle-income countries
Cuba,CUB,1975,2.9425273,,9479729,Upper-middle-income countries
Cuba,CUB,1976,2.7747695,,9571240,Upper-middle-income countries
Cuba,CUB,1977,2.617603,,9648443,Upper-middle-income countries
Cuba,CUB,1978,2.472543,,9711985,Upper-middle-income countries
Cuba,CUB,1979,2.3402274,,9763358,Upper-middle-income countries
Cuba,CUB,1980,2.2161467,,9804798,Upper-middle-income countries
Cuba,CUB,1981,2.105346,,9849325,Upper-middle-income countries
Cuba,CUB,1982,2.0014145,,9912681,Upper-middle-income countries
Cuba,CUB,1983,1.9047934,,9991027,Upper-middle-income countries
Cuba,CUB,1984,1.8134109,,10073306,Upper-middle-income countries
Cuba,CUB,1985,1.7278728,,10157229,Upper-middle-income countries
Cuba,CUB,1986,1.6436447,,10244250,Upper-middle-income countries
Cuba,CUB,1987,1.5643078,,10335337,Upper-middle-income countries
Cuba,CUB,1988,1.4869428,,10432590,Upper-middle-income countries
Cuba,CUB,1989,1.4127614,,10533249,Upper-middle-income countries
Cuba,CUB,1990,1.3432839,,10631796,Upper-middle-income countries
Cuba,CUB,1991,1.2791111,,10717640,Upper-middle-income countries
Cuba,CUB,1992,1.2179236,,10785807,Upper-middle-income countries
Cuba,CUB,1993,1.1615524,,10841040,Upper-middle-income countries
Cuba,CUB,1994,1.1087145,,10886022,Upper-middle-income countries
Cuba,CUB,1995,1.0601463,,10925362,Upper-middle-income countries
Cuba,CUB,1996,1.0142972,,10962009,Upper-middle-income countries
Cuba,CUB,1997,0.97152406,,10997933,Upper-middle-income countries
Cuba,CUB,1998,0.93115145,,11034716,Upper-middle-income countries
Cuba,CUB,1999,0.8931263,,11072230,Upper-middle-income countries
Cuba,CUB,2000,0.8568611,,11109112,Upper-middle-income countries
Cuba,CUB,2001,0.82274973,,11144134,Upper-middle-income countries
Cuba,CUB,2002,0.7914026,,11177422,Upper-middle-income countries
Cuba,CUB,2003,0.7616024,,11209379,Upper-middle-income countries
Cuba,CUB,2004,0.73376715,,11238756,Upper-middle-income countries
Cuba,CUB,2005,0.70845664,,11262553,Upper-middle-income countries
Cuba,CUB,2006,0.685109,,11278550,Upper-middle-income countries
Cuba,CUB,2007,0.66393197,,11287274,Upper-middle-income countries
Cuba,CUB,2008,0.6452182,,11291764,Upper-middle-income countries
Cuba,CUB,2009,0.630151,,11294719,Upper-middle-income countries
Cuba,CUB,2010,0.6180552,,11297414,Upper-middle-income countries
Cuba,CUB,2011,0.6091717,,11301578,Upper-middle-income countries
Cuba,CUB,2012,0.6033155,,11303172,Upper-middle-income countries
Cuba,CUB,2013,0.60146713,,11298163,Upper-middle-income countries
Cuba,CUB,2014,0.60355437,,11285780,Upper-middle-income countries
Cuba,CUB,2015,0.6102245,,11275069,Upper-middle-income countries
Cuba,CUB,2016,0.621846,,11265615,Upper-middle-income countries
Cuba,CUB,2017,0.6381874,,11247824,Upper-middle-income countries
Cuba,CUB,2018,0.6596773,,11227116,Upper-middle-income countries
Cuba,CUB,2019,0.6866029,,11202847,Upper-middle-income countries
Cuba,CUB,2020,0.71884674,,11176349,Upper-middle-income countries
Cuba,CUB,2021,0.7557716,,11122169,Upper-middle-income countries
Cuba,CUB,2022,0.79419637,,11059822,Upper-middle-income countries
Cuba,CUB,2023,0.8272321,,11019932,Upper-middle-income countries
Curacao,CUW,2000,,34307.125,145540,High-income countries
Curacao,CUW,2001,,35339.066,144758,High-income countries
Curacao,CUW,2002,,35435.996,145911,High-income countries
Curacao,CUW,2003,,34812.79,147923,High-income countries
Curacao,CUW,2004,,34288.74,149805,High-income countries
Curacao,CUW,2005,,33651.504,151324,High-income countries
Curacao,CUW,2006,,33334.855,152516,High-income countries
Curacao,CUW,2007,,33490.254,153672,High-income countries
Curacao,CUW,2008,,33795.13,154784,High-income countries
Curacao,CUW,2009,,33397.4,155832,High-income countries
Curacao,CUW,2010,,33004.555,156881,High-income countries
Curacao,CUW,2011,,32704.355,158572,High-income countries
Curacao,CUW,2012,,32320.877,160904,High-income countries
Curacao,CUW,2013,,31753.385,163122,High-income countries
Curacao,CUW,2014,,31128.646,165041,High-income countries
Curacao,CUW,2015,,30861.32,166621,High-income countries
Curacao,CUW,2016,,30209.79,167787,High-income countries
Curacao,CUW,2017,,29729.102,168525,High-income countries
Curacao,CUW,2018,,29256.814,181590,High-income countries
Curacao,CUW,2019,,28659.656,189555,High-income countries
Curacao,CUW,2020,,23669.771,185029,High-income countries
Curacao,CUW,2021,,24905.768,185324,High-income countries
Curacao,CUW,2022,,26734.646,185350,High-income countries
Curacao,CUW,2023,,27617.92,185437,High-income countries
Curacao,CUW,2024,,28762.059,185437,High-income countries
Cyprus,CYP,1971,3.808402,,654058,High-income countries
Cyprus,CYP,1972,3.7211928,,661067,High-income countries
Cyprus,CYP,1973,3.634992,,665946,High-income countries
Cyprus,CYP,1974,3.5301445,,663265,High-income countries
Cyprus,CYP,1975,3.370711,,659408,High-income countries
Cyprus,CYP,1976,3.1577144,,662045,High-income countries
Cyprus,CYP,1977,2.9075575,,667104,High-income countries
Cyprus,CYP,1978,2.6453424,,672259,High-income countries
Cyprus,CYP,1979,2.390791,,677552,High-income countries
Cyprus,CYP,1980,2.1600795,,683082,High-income countries
Cyprus,CYP,1981,1.9589571,,688895,High-income countries
Cyprus,CYP,1982,1.7776897,,696503,High-income countries
Cyprus,CYP,1983,1.6073253,,707224,High-income countries
Cyprus,CYP,1984,1.4544667,,719345,High-income countries
Cyprus,CYP,1985,1.3251164,,731290,High-income countries
Cyprus,CYP,1986,1.2255453,,743116,High-income countries
Cyprus,CYP,1987,1.1599026,,754796,High-income countries
Cyprus,CYP,1988,1.1290792,,766238,High-income countries
Cyprus,CYP,1989,1.120415,,777429,High-income countries
Cyprus,CYP,1990,1.1130927,27666.65,788355,High-income countries
Cyprus,CYP,1991,1.0947886,27159.04,798950,High-income countries
Cyprus,CYP,1992,1.0634744,28931.936,810344,High-income countries
Cyprus,CYP,1993,1.0181404,28439.332,826042,High-income countries
Cyprus,CYP,1994,0.96539986,29500.746,844669,High-income countries
Cyprus,CYP,1995,0.9098589,31393.377,862698,High-income countries
Cyprus,CYP,1996,0.8570256,31282.738,880295,High-income countries
Cyprus,CYP,1997,0.80542094,31656.96,897574,High-income countries
Cyprus,CYP,1998,0.7561206,33182.125,914552,High-income countries
Cyprus,CYP,1999,0.7089881,34452.867,931235,High-income countries
Cyprus,CYP,2000,0.66416353,36121.816,947667,High-income countries
Cyprus,CYP,2001,0.6211576,37146.996,964129,High-income countries
Cyprus,CYP,2002,0.5788438,38090.934,981443,High-income countries
Cyprus,CYP,2003,0.5376297,38617.973,999600,High-income countries
Cyprus,CYP,2004,0.49721438,40020.09,1017875,High-income countries
Cyprus,CYP,2005,0.4587801,41362.266,1036156,High-income countries
Cyprus,CYP,2006,0.42402473,42595.38,1054424,High-income countries
Cyprus,CYP,2007,0.393528,43823.94,1072727,High-income countries
Cyprus,CYP,2008,0.3680278,44295.812,1091029,High-income countries
Cyprus,CYP,2009,0.34721327,42253.562,1109377,High-income countries
Cyprus,CYP,2010,0.3298832,42102.457,1127826,High-income countries
Cyprus,CYP,2011,0.31568548,41212.86,1146493,High-income countries
Cyprus,CYP,2012,0.30437928,39190.383,1165403,High-income countries
Cyprus,CYP,2013,0.2960264,36650.723,1183899,High-income countries
Cyprus,CYP,2014,0.29087153,36105.05,1201806,High-income countries
Cyprus,CYP,2015,0.28910384,37258.652,1219504,High-income countries
Cyprus,CYP,2016,0.2907104,39501.016,1237114,High-income countries
Cyprus,CYP,2017,0.295309,41418.16,1254274,High-income countries
Cyprus,CYP,2018,0.30241513,43510.21,1270743,High-income countries
Cyprus,CYP,2019,0.31210208,45454.363,1286669,High-income countries
Cyprus,CYP,2020,0.3240232,43402.54,1302250,High-income countries
Cyprus,CYP,2021,0.33637527,47632.77,1317311,High-income countries
Cyprus,CYP,2022,0.3473166,50623.797,1331376,High-income countries
Cyprus,CYP,2023,0.35335642,51453.727,1344981,High-income countries
Cyprus,CYP,2024,,52635.582,1344981,High-income countries
Czechia,CZE,1950,6.906046,,8916715,High-income countries
Czechia,CZE,1951,5.9021444,,8997247,High-income countries
Czechia,CZE,1952,5.0691094,,9077207,High-income countries
Czechia,CZE,1953,4.3825397,,9152603,High-income countries
Czechia,CZE,1954,3.8378463,,9221188,High-income countries
Czechia,CZE,1955,3.4150841,,9289429,High-income countries
Czechia,CZE,1956,3.0970747,,9358023,High-income countries
Czechia,CZE,1957,2.8583004,,9418969,High-income countries
Czechia,CZE,1958,2.6832354,,9469710,High-income countries
Czechia,CZE,1959,2.5602999,,9508387,High-income countries
Czechia,CZE,1960,2.4835892,,9541605,High-income countries
Czechia,CZE,1961,2.4407885,,9573386,High-income countries
Czechia,CZE,1962,2.424157,,9597463,High-income countries
Czechia,CZE,1963,2.42798,,9627331,High-income countries
Czechia,CZE,1964,2.4418597,,9668745,High-income countries
Czechia,CZE,1965,2.4582098,,9706844,High-income countries
Czechia,CZE,1966,2.4711423,,9736244,High-income countries
Czechia,CZE,1967,2.4775856,,9758984,High-income countries
Czechia,CZE,1968,2.4730418,,9775112,High-income countries
Czechia,CZE,1969,2.455785,,9787790,High-income countries
Czechia,CZE,1970,2.42845,,9801253,High-income countries
Czechia,CZE,1971,2.39137,,9822783,High-income countries
Czechia,CZE,1972,2.344621,,9858071,High-income countries
Czechia,CZE,1973,2.2914355,,9906214,High-income countries
Czechia,CZE,1974,2.2282598,,9965950,High-income countries
Czechia,CZE,1975,2.1576002,,10030787,High-income countries
Czechia,CZE,1976,2.077503,,10092941,High-income countries
Czechia,CZE,1977,1.9863553,,10149369,High-income countries
Czechia,CZE,1978,1.887112,,10200753,High-income countries
Czechia,CZE,1979,1.7846318,,10246154,High-income countries
Czechia,CZE,1980,1.6839889,,10275404,High-income countries
Czechia,CZE,1981,1.5924953,,10289518,High-income countries
Czechia,CZE,1982,1.5208619,,10299006,High-income countries
Czechia,CZE,1983,1.4722717,,10302947,High-income countries
Czechia,CZE,1984,1.4388199,,10303816,High-income countries
Czechia,CZE,1985,1.4117754,,10305141,High-income countries
Czechia,CZE,1986,1.3837833,,10304374,High-income countries
Czechia,CZE,1987,1.3472079,,10303422,High-income countries
Czechia,CZE,1988,1.2999771,,10305448,High-income countries
Czechia,CZE,1989,1.2521285,,10305609,High-income countries
Czechia,CZE,1990,1.2104595,27918.137,10301989,High-income countries
Czechia,CZE,1991,1.1663797,24734.77,10304420,High-income countries
Czechia,CZE,1992,1.1064663,24584.33,10312449,High-income countries
Czechia,CZE,1993,1.026856,24573.992,10320404,High-income countries
Czechia,CZE,1994,0.9378439,25279.791,10322332,High-income countries
Czechia,CZE,1995,0.85004157,26869.02,10312041,High-income countries
Czechia,CZE,1996,0.76818144,28021.67,10296140,High-income countries
Czechia,CZE,1997,0.69505644,27884.74,10280049,High-income countries
Czechia,CZE,1998,0.63257223,27801.44,10265430,High-income countries
Czechia,CZE,1999,0.5827206,28213.455,10251385,High-income countries
Czechia,CZE,2000,0.5459713,29427.406,10236809,High-income countries
Czechia,CZE,2001,0.5194711,30399.873,10231942,High-income countries
Czechia,CZE,2002,0.49774253,30919.549,10239474,High-income countries
Czechia,CZE,2003,0.47758812,31949.297,10248907,High-income countries
Czechia,CZE,2004,0.4574181,33452.34,10261453,High-income countries
Czechia,CZE,2005,0.43607786,35535.746,10280155,High-income countries
Czechia,CZE,2006,0.41406554,37786.88,10304592,High-income countries
Czechia,CZE,2007,0.3922626,39629.008,10337539,High-income countries
Czechia,CZE,2008,0.3718003,40328.344,10378298,High-income countries
Czechia,CZE,2009,0.35333836,38175.14,10420985,High-income countries
Czechia,CZE,2010,0.33791208,39097.387,10464035,High-income countries
Czechia,CZE,2011,0.32592246,39708.164,10495508,High-income countries
Czechia,CZE,2012,0.31808317,39347.05,10507339,High-income countries
Czechia,CZE,2013,0.31443396,39317.555,10511164,High-income countries
Czechia,CZE,2014,0.31429687,40158.016,10517223,High-income countries
Czechia,CZE,2015,0.3165737,42066.574,10524418,High-income countries
Czechia,CZE,2016,0.31867802,43069.465,10531946,High-income countries
Czechia,CZE,2017,0.31776035,45177.523,10541343,High-income countries
Czechia,CZE,2018,0.3119834,46301.082,10548934,High-income countries
Czechia,CZE,2019,0.30237207,47763.617,10554872,High-income countries
Czechia,CZE,2020,0.29058498,45119.938,10550129,High-income countries
Czechia,CZE,2021,0.2784735,47796.035,10530683,High-income countries
Czechia,CZE,2022,0.2665846,48390.66,10673216,High-income countries
Czechia,CZE,2023,0.25593954,47558.41,10809722,High-income countries
Czechia,CZE,2024,,47963.9,10809722,High-income countries
Democratic Republic of Congo,COD,1969,25.054916,,19570447,Low-income countries
Democratic Republic of Congo,COD,1970,24.675861,,20137442,Low-income countries
Democratic Republic of Congo,COD,1971,24.331465,,20695568,Low-income countries
Democratic Republic of Congo,COD,1972,24.013924,,21251166,Low-income countries
Democratic Republic of Congo,COD,1973,23.689905,,21827663,Low-income countries
Democratic Republic of Congo,COD,1974,23.348717,,22418883,Low-income countries
Democratic Republic of Congo,COD,1975,22.969202,,23021102,Low-income countries
Democratic Republic of Congo,COD,1976,22.611486,,23624035,Low-income countries
Democratic Republic of Congo,COD,1977,22.256721,,24229060,Low-income countries
Democratic Republic of Congo,COD,1978,21.8956,,24992694,Low-income countries
Democratic Republic of Congo,COD,1979,21.536669,,25886782,Low-income countries
Democratic Republic of Congo,COD,1980,21.19547,,26711098,Low-income countries
Democratic Republic of Congo,COD,1981,20.86189,,27500518,Low-income countries
Democratic Republic of Congo,COD,1982,20.54501,,28338193,Low-income countries
Democratic Republic of Congo,COD,1983,20.252111,,29250969,Low-income countries
Democratic Republic of Congo,COD,1984,19.982624,,30245088,Low-income countries
Democratic Republic of Congo,COD,1985,19.721434,,31264819,Low-income countries
Democratic Republic of Congo,COD,1986,19.477991,,32265200,Low-income countries
Democratic Republic of Congo,COD,1987,19.238663,,33298910,Low-income countries
Democratic Republic of Congo,COD,1988,19.005232,,34382756,Low-income countries
Democratic Republic of Congo,COD,1989,18.767672,,35486863,Low-income countries
Democratic Republic of Congo,COD,1990,18.531067,2403.9702,36684065,Low-income countries
Democratic Republic of Congo,COD,1991,18.305285,2129.449,37925828,Low-income countries
Democratic Republic of Congo,COD,1992,18.098755,1842.5485,39228908,Low-income countries
Democratic Republic of Congo,COD,1993,17.883932,1538.3969,40656338,Low-income countries
Democratic Republic of Congo,COD,1994,17.688473,1410.0565,42626873,Low-income countries
Democratic Republic of Congo,COD,1995,17.481764,1362.1877,44433718,Low-income countries
Democratic Republic of Congo,COD,1996,17.254272,1322.5801,45296125,Low-income countries
Democratic Republic of Congo,COD,1997,16.99022,1228.3907,46029907,Low-income countries
Democratic Republic of Congo,COD,1998,16.676344,1176.0505,47297595,Low-income countries
Democratic Republic of Congo,COD,1999,16.318909,1088.6504,48912972,Low-income countries
Democratic Republic of Congo,COD,2000,15.919011,981.42206,50507445,Low-income countries
Democratic Republic of Congo,COD,2001,15.484374,930.85785,52132646,Low-income countries
Democratic Republic of Congo,COD,2002,15.019037,929.4528,53750529,Low-income countries
Democratic Republic of Congo,COD,2003,14.547417,953.0446,55343873,Low-income countries
Democratic Republic of Congo,COD,2004,14.065251,987.74695,56997740,Low-income countries
Democratic Republic of Congo,COD,2005,13.585777,1016.6339,58775726,Low-income countries
Democratic Republic of Congo,COD,2006,13.108563,1036.1333,60615909,Low-income countries
Democratic Republic of Congo,COD,2007,12.64661,1091.004,62477753,Low-income countries
Democratic Republic of Congo,COD,2008,12.193527,1136.9468,64390658,Low-income countries
Democratic Republic of Congo,COD,2009,11.7544565,1108.5751,66412038,Low-income countries
Democratic Republic of Congo,COD,2010,11.34927,1158.0143,68563038,Low-income countries
Democratic Republic of Congo,COD,2011,10.964041,1205.7399,70849311,Low-income countries
Democratic Republic of Congo,COD,2012,10.599621,1267.2383,73254623,Low-income countries
Democratic Republic of Congo,COD,2013,10.249652,1342.7416,75789397,Low-income countries
Democratic Republic of Congo,COD,2014,9.897479,1392.7584,78403248,Low-income countries
Democratic Republic of Congo,COD,2015,9.561004,1433.2158,81035532,Low-income countries
Democratic Republic of Congo,COD,2016,9.233845,1388.8016,83956416,Low-income countries
Democratic Republic of Congo,COD,2017,8.931429,1395.7196,87083400,Low-income countries
Democratic Republic of Congo,COD,2018,8.625145,1431.7285,90047647,Low-income countries
Democratic Republic of Congo,COD,2019,8.345689,1394.7646,92947450,Low-income countries
Democratic Republic of Congo,COD,2020,8.069858,1361.028,95990000,Low-income countries
Democratic Republic of Congo,COD,2021,7.813703,1402.3856,99148930,Low-income countries
Democratic Republic of Congo,COD,2022,7.573335,1484.3384,102396974,Low-income countries
Democratic Republic of Congo,COD,2023,7.3189683,1559.338,105789733,Low-income countries
Democratic Republic of Congo,COD,2024,,1602.075,105789733,Low-income countries
Denmark,DNK,1950,3.4118826,,4268408,High-income countries
Denmark,DNK,1951,3.3420618,,4300262,High-income countries
Denmark,DNK,1952,3.2605488,,4332237,High-income countries
Denmark,DNK,1953,3.1629689,,4369107,High-income countries
Denmark,DNK,1954,3.048582,,4406404,High-income countries
Denmark,DNK,1955,2.9263594,,4438843,High-income countries
Denmark,DNK,1956,2.8086872,,4466342,High-income countries
Denmark,DNK,1957,2.7047865,,4489659,High-income countries
Denmark,DNK,1958,2.618893,,4516072,High-income countries
Denmark,DNK,1959,2.5542579,,4548480,High-income countries
Denmark,DNK,1960,2.5008428,,4579347,High-income countries
Denmark,DNK,1961,2.4460087,,4611358,High-income countries
Denmark,DNK,1962,2.380227,,4647466,High-income countries
Denmark,DNK,1963,2.3016665,,4684268,High-income countries
Denmark,DNK,1964,2.2101514,,4721889,High-income countries
Denmark,DNK,1965,2.1094837,,4758837,High-income countries
Denmark,DNK,1966,2.0055764,,4797199,High-income countries
Denmark,DNK,1967,1.9045906,,4835223,High-income countries
Denmark,DNK,1968,1.8129698,,4864801,High-income countries
Denmark,DNK,1969,1.734148,,4891798,High-income countries
Denmark,DNK,1970,1.6605232,,4928674,High-income countries
Denmark,DNK,1971,1.578743,,4963064,High-income countries
Denmark,DNK,1972,1.4860659,,4991569,High-income countries
Denmark,DNK,1973,1.3920172,,5021765,High-income countries
Denmark,DNK,1974,1.3062462,,5045639,High-income countries
Denmark,DNK,1975,1.2307351,,5060403,High-income countries
Denmark,DNK,1976,1.1653942,,5072803,High-income countries
Denmark,DNK,1977,1.1098725,,5088571,High-income countries
Denmark,DNK,1978,1.0636806,,5104341,High-income countries
Denmark,DNK,1979,1.0260123,,5116862,High-income countries
Denmark,DNK,1980,0.99669105,,5123079,High-income countries
Denmark,DNK,1981,0.9752248,,5121628,High-income countries
Denmark,DNK,1982,0.9619246,,5117897,High-income countries
Denmark,DNK,1983,0.95658773,,5114468,High-income countries
Denmark,DNK,1984,0.9591749,,5111831,High-income countries
Denmark,DNK,1985,0.96585363,,5113878,High-income countries
Denmark,DNK,1986,0.97151333,,5120691,High-income countries
Denmark,DNK,1987,0.9710826,,5127134,High-income countries
Denmark,DNK,1988,0.95915043,,5129650,High-income countries
Denmark,DNK,1989,0.93281496,,5132717,High-income countries
Denmark,DNK,1990,0.8926535,46200.477,5141024,High-income countries
Denmark,DNK,1991,0.8427182,46752.67,5154346,High-income countries
Denmark,DNK,1992,0.7879304,47540.926,5171372,High-income countries
Denmark,DNK,1993,0.73569,47345.414,5188638,High-income countries
Denmark,DNK,1994,0.6910686,49684.137,5206188,High-income countries
Denmark,DNK,1995,0.6549537,50927.547,5233364,High-income countries
Denmark,DNK,1996,0.62614876,52106.562,5263071,High-income countries
Denmark,DNK,1997,0.6039528,53534.613,5285041,High-income countries
Denmark,DNK,1998,0.58706284,54581.414,5304263,High-income countries
Denmark,DNK,1999,0.5743449,56015.355,5321814,High-income countries
Denmark,DNK,2000,0.56340146,57907.504,5339659,High-income countries
Denmark,DNK,2001,0.5519247,58248.555,5358825,High-income countries
Denmark,DNK,2002,0.53805405,58327.83,5375967,High-income countries
Denmark,DNK,2003,0.5217812,58425.965,5390621,High-income countries
Denmark,DNK,2004,0.50319624,59893.094,5404594,High-income countries
Denmark,DNK,2005,0.48366424,61137.68,5419550,High-income countries
Denmark,DNK,2006,0.4646029,63262.742,5437425,High-income countries
Denmark,DNK,2007,0.4469673,63604.562,5461604,High-income countries
Denmark,DNK,2008,0.43189237,62968.16,5493762,High-income countries
Denmark,DNK,2009,0.42019352,59516.508,5523169,High-income countries
Denmark,DNK,2010,0.4120566,60190.633,5547865,High-income countries
Denmark,DNK,2011,0.40806675,60729.055,5570848,High-income countries
Denmark,DNK,2012,0.40750113,60497.69,5591911,High-income countries
Denmark,DNK,2013,0.408316,61085.03,5615333,High-income countries
Denmark,DNK,2014,0.40834332,61552.8,5643795,High-income countries
Denmark,DNK,2015,0.40678668,62405.715,5683698,High-income countries
Denmark,DNK,2016,0.4028156,63823.45,5728196,High-income countries
Denmark,DNK,2017,0.39633298,65352.4,5765164,High-income countries
Denmark,DNK,2018,0.38780397,66238.7,5793824,High-income countries
Denmark,DNK,2019,0.37825057,67131.47,5814618,High-income countries
Denmark,DNK,2020,0.3687157,65744.44,5831529,High-income countries
Denmark,DNK,2021,0.35954472,69715.18,5856774,High-income countries
Denmark,DNK,2022,0.35105675,69475.32,5902901,High-income countries
Denmark,DNK,2023,0.3423346,69379.22,5948134,High-income countries
Denmark,DNK,2024,,71431.29,5948134,High-income countries
Djibouti,DJI,1976,17.102327,,230747,Lower-middle-income countries
Djibouti,DJI,1977,16.62612,,254629,Lower-middle-income countries
Djibouti,DJI,1978,16.171194,,280042,Lower-middle-income countries
Djibouti,DJI,1979,15.69835,,304525,Lower-middle-income countries
Djibouti,DJI,1980,15.2635765,,325822,Lower-middle-income countries
Djibouti,DJI,1981,14.835047,,343056,Lower-middle-income countries
Djibouti,DJI,1982,14.384201,,356887,Lower-middle-income countries
Djibouti,DJI,1983,13.966298,,369558,Lower-middle-income countries
Djibouti,DJI,1984,13.564379,,384072,Lower-middle-income countries
Djibouti,DJI,1985,13.178035,,402691,Lower-middle-income countries
Djibouti,DJI,1986,12.805228,,426345,Lower-middle-income countries
Djibouti,DJI,1987,12.471286,,454409,Lower-middle-income countries
Djibouti,DJI,1988,12.159697,,484531,Lower-middle-income countries
Djibouti,DJI,1989,11.883793,,523362,Lower-middle-income countries
Djibouti,DJI,1990,11.631328,,579544,Lower-middle-income countries
Djibouti,DJI,1991,11.400888,,631096,Lower-middle-income countries
Djibouti,DJI,1992,11.224138,,626016,Lower-middle-income countries
Djibouti,DJI,1993,11.062609,,614247,Lower-middle-income countries
Djibouti,DJI,1994,10.925878,,626717,Lower-middle-income countries
Djibouti,DJI,1995,10.789153,,633075,Lower-middle-income countries
Djibouti,DJI,1996,10.657859,,648354,Lower-middle-income countries
Djibouti,DJI,1997,10.513372,,671826,Lower-middle-income countries
Djibouti,DJI,1998,10.337692,,699355,Lower-middle-income countries
Djibouti,DJI,1999,10.151016,,724228,Lower-middle-income countries
Djibouti,DJI,2000,9.948054,,747326,Lower-middle-income countries
Djibouti,DJI,2001,9.722495,,771311,Lower-middle-income countries
Djibouti,DJI,2002,9.483476,,795576,Lower-middle-income countries
Djibouti,DJI,2003,9.240636,,813528,Lower-middle-income countries
Djibouti,DJI,2004,9.003664,,826133,Lower-middle-income countries
Djibouti,DJI,2005,8.766756,,839174,Lower-middle-income countries
Djibouti,DJI,2006,8.526898,,855767,Lower-middle-income countries
Djibouti,DJI,2007,8.276748,,874530,Lower-middle-income countries
Djibouti,DJI,2008,8.033071,,892739,Lower-middle-income countries
Djibouti,DJI,2009,7.8119373,,911524,Lower-middle-income countries
Djibouti,DJI,2010,7.588083,,930252,Lower-middle-income countries
Djibouti,DJI,2011,7.3632607,,948565,Lower-middle-income countries
Djibouti,DJI,2012,7.144157,,966754,Lower-middle-income countries
Djibouti,DJI,2013,6.930025,4469.074,984833,Lower-middle-income countries
Djibouti,DJI,2014,6.723162,4705.0493,1002720,Lower-middle-income countries
Djibouti,DJI,2015,6.513977,4961.868,1020316,Lower-middle-income countries
Djibouti,DJI,2016,6.32607,5226.5005,1037660,Lower-middle-income countries
Djibouti,DJI,2017,6.127225,5421.9565,1054844,Lower-middle-income countries
Djibouti,DJI,2018,5.941319,5590.5044,1071886,Lower-middle-income countries
Djibouti,DJI,2019,5.74793,5809.3047,1088710,Lower-middle-income countries
Djibouti,DJI,2020,5.5615664,5791.4775,1105193,Lower-middle-income countries
Djibouti,DJI,2021,5.382971,5960.108,1121251,Lower-middle-income countries
Djibouti,DJI,2022,5.2157526,6180.68,1137101,Lower-middle-income countries
Djibouti,DJI,2023,5.0423183,6510.6787,1152951,Lower-middle-income countries
Djibouti,DJI,2024,,6871.1245,1152951,Lower-middle-income countries
Dominica,DMA,1960,13.642287,,59386,Upper-middle-income countries
Dominica,DMA,1961,12.429784,,60230,Upper-middle-income countries
Dominica,DMA,1962,11.324904,,60969,Upper-middle-income countries
Dominica,DMA,1963,10.322376,,61759,Upper-middle-income countries
Dominica,DMA,1964,9.41306,,62602,Upper-middle-income countries
Dominica,DMA,1965,8.585416,,63522,Upper-middle-income countries
Dominica,DMA,1966,7.837741,,64522,Upper-middle-income countries
Dominica,DMA,1967,7.1588526,,65598,Upper-middle-income countries
Dominica,DMA,1968,6.5422606,,66751,Upper-middle-income countries
Dominica,DMA,1969,5.98386,,67956,Upper-middle-income countries
Dominica,DMA,1970,5.478939,,68927,Upper-middle-income countries
Dominica,DMA,1971,5.0211873,,69548,Upper-middle-income countries
Dominica,DMA,1972,4.60958,,70072,Upper-middle-income countries
Dominica,DMA,1973,4.2400823,,70603,Upper-middle-income countries
Dominica,DMA,1974,3.909391,,71106,Upper-middle-income countries
Dominica,DMA,1975,3.6149697,,71589,Upper-middle-income countries
Dominica,DMA,1976,3.3528965,,72036,Upper-middle-income countries
Dominica,DMA,1977,3.1218538,,72424,Upper-middle-income countries
Dominica,DMA,1978,2.9176323,,72741,Upper-middle-income countries
Dominica,DMA,1979,2.7390153,,72978,Upper-middle-income countries
Dominica,DMA,1980,2.5820649,,73102,Upper-middle-income countries
Dominica,DMA,1981,2.445477,,73004,Upper-middle-income countries
Dominica,DMA,1982,2.3269424,,72704,Upper-middle-income countries
Dominica,DMA,1983,2.2249103,,72385,Upper-middle-income countries
Dominica,DMA,1984,2.1374886,,72075,Upper-middle-income countries
Dominica,DMA,1985,2.0630028,,71768,Upper-middle-income countries
Dominica,DMA,1986,2.001129,,71426,Upper-middle-income countries
Dominica,DMA,1987,1.9506553,,71044,Upper-middle-income countries
Dominica,DMA,1988,1.9091306,,70628,Upper-middle-income countries
Dominica,DMA,1989,1.8768498,,70171,Upper-middle-income countries
Dominica,DMA,1990,1.8523276,11311.552,69644,Upper-middle-income countries
Dominica,DMA,1991,1.8351314,11518.765,69321,Upper-middle-income countries
Dominica,DMA,1992,1.8243452,11747.611,69344,Upper-middle-income countries
Dominica,DMA,1993,1.8200973,11982.859,69453,Upper-middle-income countries
Dominica,DMA,1994,1.821913,11979.399,69493,Upper-middle-income countries
Dominica,DMA,1995,1.8287578,12343.9,69490,Upper-middle-income countries
Dominica,DMA,1996,1.8403777,12737.897,69422,Upper-middle-income countries
Dominica,DMA,1997,1.8573397,13037.149,69315,Upper-middle-income countries
Dominica,DMA,1998,1.8789176,13563.453,69144,Upper-middle-income countries
Dominica,DMA,1999,1.9055685,13661.679,68883,Upper-middle-income countries
Dominica,DMA,2000,1.936201,14054.655,68527,Upper-middle-income countries
Dominica,DMA,2001,1.9722623,14091.549,68299,Upper-middle-income countries
Dominica,DMA,2002,2.0131934,13640.703,68385,Upper-middle-income countries
Dominica,DMA,2003,2.0587895,14398.002,68552,Upper-middle-income countries
Dominica,DMA,2004,2.1081772,14962.246,68664,Upper-middle-income countries
Dominica,DMA,2005,2.1621945,15080.5205,68750,Upper-middle-income countries
Dominica,DMA,2006,2.2204661,15727.705,68823,Upper-middle-income countries
Dominica,DMA,2007,2.2821088,16560.518,68862,Upper-middle-income countries
Dominica,DMA,2008,2.3485436,17738.041,68866,Upper-middle-income countries
Dominica,DMA,2009,2.419937,17534.033,68879,Upper-middle-income countries
Dominica,DMA,2010,2.49559,17516.787,68872,Upper-middle-income countries
Dominica,DMA,2011,2.5741203,17475.041,69073,Upper-middle-income countries
Dominica,DMA,2012,2.657337,17431.129,69138,Upper-middle-income countries
Dominica,DMA,2013,2.7445593,17282.637,69733,Upper-middle-income countries
Dominica,DMA,2014,2.834141,17520.855,70387,Upper-middle-income countries
Dominica,DMA,2015,2.9280708,16920.912,70429,Upper-middle-income countries
Dominica,DMA,2016,3.0231495,17364.078,69627,Upper-middle-income countries
Dominica,DMA,2017,3.1182342,16314.2295,68514,Upper-middle-income countries
Dominica,DMA,2018,3.2118952,16877.125,68195,Upper-middle-income countries
Dominica,DMA,2019,3.3015187,17619.434,67901,Upper-middle-income countries
Dominica,DMA,2020,3.3822353,14919.531,67588,Upper-middle-income countries
Dominica,DMA,2021,3.4517055,15808.975,67222,Upper-middle-income countries
Dominica,DMA,2022,3.509766,17550.8,66847,Upper-middle-income countries
Dominica,DMA,2023,3.5472252,18278.225,66531,Upper-middle-income countries
Dominica,DMA,2024,,18739.363,66531,Upper-middle-income countries
Dominican Republic,DOM,1950,14.387888,,2379896,Upper-middle-income countries
Dominican Republic,DOM,1951,14.468561,,2450150,Upper-middle-income countries
Dominican Republic,DOM,1952,14.536421,,2525056,Upper-middle-income countries
Dominican Republic,DOM,1953,14.61619,,2604818,Upper-middle-income countries
Dominican Republic,DOM,1954,14.677148,,2689101,Upper-middle-income countries
Dominican Republic,DOM,1955,14.753892,,2777636,Upper-middle-income countries
Dominican Republic,DOM,1956,14.806657,,2870034,Upper-middle-income countries
Dominican Republic,DOM,1957,14.836811,,2965778,Upper-middle-income countries
Dominican Republic,DOM,1958,14.854365,,3064350,Upper-middle-income countries
Dominican Republic,DOM,1959,14.816618,,3165304,Upper-middle-income countries
Dominican Republic,DOM,1960,14.747334,,3268341,Upper-middle-income countries
Dominican Republic,DOM,1961,14.636793,,3373237,Upper-middle-income countries
Dominican Republic,DOM,1962,14.484565,,3479940,Upper-middle-income countries
Dominican Republic,DOM,1963,14.290278,,3588293,Upper-middle-income countries
Dominican Republic,DOM,1964,14.060506,,3698563,Upper-middle-income countries
Dominican Republic,DOM,1965,13.801759,,3808965,Upper-middle-income countries
Dominican Republic,DOM,1966,13.527989,,3921849,Upper-middle-income countries
Dominican Republic,DOM,1967,13.245941,,4038932,Upper-middle-income countries
Dominican Republic,DOM,1968,12.963169,,4157191,Upper-middle-income countries
Dominican Republic,DOM,1969,12.667904,,4277039,Upper-middle-income countries
Dominican Republic,DOM,1970,12.357501,,4399294,Upper-middle-income countries
Dominican Republic,DOM,1971,12.0264635,,4524238,Upper-middle-income countries
Dominican Republic,DOM,1972,11.662073,,4651892,Upper-middle-income countries
Dominican Republic,DOM,1973,11.271535,,4782235,Upper-middle-income countries
Dominican Republic,DOM,1974,10.877095,,4914198,Upper-middle-income countries
Dominican Republic,DOM,1975,10.47344,,5046783,Upper-middle-income countries
Dominican Republic,DOM,1976,10.087108,,5180404,Upper-middle-income countries
Dominican Republic,DOM,1977,9.712362,,5315446,Upper-middle-income countries
Dominican Republic,DOM,1978,9.354731,,5451891,Upper-middle-income countries
Dominican Republic,DOM,1979,9.006045,,5589694,Upper-middle-income countries
Dominican Republic,DOM,1980,8.677831,,5729043,Upper-middle-income countries
Dominican Republic,DOM,1981,8.358377,,5868459,Upper-middle-income countries
Dominican Republic,DOM,1982,8.050933,,6007115,Upper-middle-income countries
Dominican Republic,DOM,1983,7.757294,,6147244,Upper-middle-income countries
Dominican Republic,DOM,1984,7.478257,,6289048,Upper-middle-income countries
Dominican Republic,DOM,1985,7.2076178,,6430404,Upper-middle-income countries
Dominican Republic,DOM,1986,6.942845,,6571213,Upper-middle-income countries
Dominican Republic,DOM,1987,6.6866937,,6712519,Upper-middle-income countries
Dominican Republic,DOM,1988,6.4373436,,6855737,Upper-middle-income countries
Dominican Republic,DOM,1989,6.1908884,,7002300,Upper-middle-income countries
Dominican Republic,DOM,1990,5.94658,7327.7266,7151165,Upper-middle-income countries
Dominican Republic,DOM,1991,5.701595,7246.2466,7299849,Upper-middle-income countries
Dominican Republic,DOM,1992,5.4606166,7900.768,7447476,Upper-middle-income countries
Dominican Republic,DOM,1993,5.2223926,8318.492,7594567,Upper-middle-income countries
Dominican Republic,DOM,1994,4.9963326,8372.071,7741694,Upper-middle-income countries
Dominican Republic,DOM,1995,4.7807,8685.017,7888120,Upper-middle-income countries
Dominican Republic,DOM,1996,4.5826564,9036.884,8032895,Upper-middle-income countries
Dominican Republic,DOM,1997,4.401911,9671.148,8174081,Upper-middle-income countries
Dominican Republic,DOM,1998,4.2412314,10150.446,8310369,Upper-middle-income countries
Dominican Republic,DOM,1999,4.1028967,10582.077,8446207,Upper-middle-income countries
Dominican Republic,DOM,2000,3.9824142,10896.318,8584196,Upper-middle-income countries
Dominican Republic,DOM,2001,3.8800864,10991.137,8720287,Upper-middle-income countries
Dominican Republic,DOM,2002,3.79526,11313.069,8852231,Upper-middle-income countries
Dominican Republic,DOM,2003,3.726273,11000.868,8980626,Upper-middle-income countries
Dominican Republic,DOM,2004,3.669987,11131.2705,9104889,Upper-middle-income countries
Dominican Republic,DOM,2005,3.6234937,12022.508,9225035,Upper-middle-income countries
Dominican Republic,DOM,2006,3.5868373,12961.918,9341187,Upper-middle-income countries
Dominican Republic,DOM,2007,3.559657,13754.921,9455663,Upper-middle-income countries
Dominican Republic,DOM,2008,3.5353858,14030.141,9573135,Upper-middle-income countries
Dominican Republic,DOM,2009,3.5189679,13992.41,9695270,Upper-middle-income countries
Dominican Republic,DOM,2010,3.5081818,14975.001,9820180,Upper-middle-income countries
Dominican Republic,DOM,2011,3.4979675,15258.086,9945623,Upper-middle-income countries
Dominican Republic,DOM,2012,3.4943545,15487.277,10070409,Upper-middle-income countries
Dominican Republic,DOM,2013,3.495429,16054.768,10193838,Upper-middle-income countries
Dominican Republic,DOM,2014,3.4971488,16993.588,10315523,Upper-middle-income countries
Dominican Republic,DOM,2015,3.4986064,17973.188,10434826,Upper-middle-income countries
Dominican Republic,DOM,2016,3.5017998,18968.975,10551430,Upper-middle-income countries
Dominican Republic,DOM,2017,3.4963274,19501.875,10666846,Upper-middle-income countries
Dominican Republic,DOM,2018,3.4737916,20662.848,10782048,Upper-middle-income countries
Dominican Republic,DOM,2019,3.4347985,21451.287,10894043,Upper-middle-income countries
Dominican Republic,DOM,2020,3.3750648,19545.41,11008298,Upper-middle-income countries
Dominican Republic,DOM,2021,3.3072429,22053.459,11123480,Upper-middle-income countries
Dominican Republic,DOM,2022,3.2249942,22986.959,11230734,Upper-middle-income countries
Dominican Republic,DOM,2023,3.14113,23282.49,11331269,Upper-middle-income countries
Dominican Republic,DOM,2024,,24229.889,11331269,Upper-middle-income countries
East Asia and Pacific (WB),WB_EAP,1990,,5756.0933,,
East Asia and Pacific (WB),WB_EAP,1991,,5988.0327,,
East Asia and Pacific (WB),WB_EAP,1992,,6222.934,,
East Asia and Pacific (WB),WB_EAP,1993,,6469.884,,
East Asia and Pacific (WB),WB_EAP,1994,,6784.153,,
East Asia and Pacific (WB),WB_EAP,1995,,7136.054,,
East Asia and Pacific (WB),WB_EAP,1996,,7492.9214,,
East Asia and Pacific (WB),WB_EAP,1997,,7741.4346,,
East Asia and Pacific (WB),WB_EAP,1998,,7650.917,,
East Asia and Pacific (WB),WB_EAP,1999,,7893.5933,,
East Asia and Pacific (WB),WB_EAP,2000,,8279.299,,
East Asia and Pacific (WB),WB_EAP,2001,,8512.431,,
East Asia and Pacific (WB),WB_EAP,2002,,8870.338,,
East Asia and Pacific (WB),WB_EAP,2003,,9295.639,,
East Asia and Pacific (WB),WB_EAP,2004,,9822.029,,
East Asia and Pacific (WB),WB_EAP,2005,,10389.535,,
East Asia and Pacific (WB),WB_EAP,2006,,11051.691,,
East Asia and Pacific (WB),WB_EAP,2007,,11869.004,,
East Asia and Pacific (WB),WB_EAP,2008,,12377.856,,
East Asia and Pacific (WB),WB_EAP,2009,,12714.224,,
East Asia and Pacific (WB),WB_EAP,2010,,13649.818,,
East Asia and Pacific (WB),WB_EAP,2011,,14359.679,,
East Asia and Pacific (WB),WB_EAP,2012,,15050.348,,
East Asia and Pacific (WB),WB_EAP,2013,,15769.158,,
East Asia and Pacific (WB),WB_EAP,2014,,16465.184,,
East Asia and Pacific (WB),WB_EAP,2015,,17172.613,,
East Asia and Pacific (WB),WB_EAP,2016,,17906.893,,
East Asia and Pacific (WB),WB_EAP,2017,,18741.928,,
East Asia and Pacific (WB),WB_EAP,2018,,19592.787,,
East Asia and Pacific (WB),WB_EAP,2019,,20360.18,,
East Asia and Pacific (WB),WB_EAP,2020,,20267.256,,
East Asia and Pacific (WB),WB_EAP,2021,,21508.496,,
East Asia and Pacific (WB),WB_EAP,2022,,22175.197,,
East Asia and Pacific (WB),WB_EAP,2023,,23098.934,,
East Asia and Pacific (WB),WB_EAP,2024,,24015.938,,
East Timor,TLS,1985,27.05541,,696671,Lower-middle-income countries
East Timor,TLS,1986,26.276243,,707191,Lower-middle-income countries
East Timor,TLS,1987,24.372871,,718487,Lower-middle-income countries
East Timor,TLS,1988,24.092127,,730753,Lower-middle-income countries
East Timor,TLS,1989,22.958239,,744860,Lower-middle-income countries
East Timor,TLS,1990,22.541397,2143.792,760348,Lower-middle-income countries
East Timor,TLS,1991,22.162455,2318.7942,778286,Lower-middle-income countries
East Timor,TLS,1992,21.053514,2493.9087,799323,Lower-middle-income countries
East Timor,TLS,1993,19.99356,2674.3992,821445,Lower-middle-income countries
East Timor,TLS,1994,19.21947,2786.6763,844501,Lower-middle-income countries
East Timor,TLS,1995,19.339937,2891.8647,868152,Lower-middle-income countries
East Timor,TLS,1996,18.52337,3038.2305,892289,Lower-middle-income countries
East Timor,TLS,1997,17.741444,3073.9705,917189,Lower-middle-income countries
East Timor,TLS,1998,18.021948,2931.481,942537,Lower-middle-income countries
East Timor,TLS,1999,19.38029,2136.6494,834699,Lower-middle-income countries
East Timor,TLS,2000,11.052306,3783.7834,745095,Lower-middle-income countries
East Timor,TLS,2001,10.55438,4038.336,812253,Lower-middle-income countries
East Timor,TLS,2002,10.071075,3480.9885,879170,Lower-middle-income countries
East Timor,TLS,2003,9.608473,3264.9465,916876,Lower-middle-income countries
East Timor,TLS,2004,9.169793,3234.9758,929081,Lower-middle-income countries
East Timor,TLS,2005,8.753324,3263.9446,948310,Lower-middle-income countries
East Timor,TLS,2006,8.364487,3038.9526,976610,Lower-middle-income countries
East Timor,TLS,2007,8.007289,3256.5698,1004898,Lower-middle-income countries
East Timor,TLS,2008,7.6799326,3530.8823,1032431,Lower-middle-income countries
East Timor,TLS,2009,7.3811083,3792.3582,1058783,Lower-middle-income countries
East Timor,TLS,2010,7.11155,4047.2495,1084688,Lower-middle-income countries
East Timor,TLS,2011,6.8571677,4189.8,1110212,Lower-middle-income countries
East Timor,TLS,2012,6.6315722,4297.915,1134891,Lower-middle-income countries
East Timor,TLS,2013,6.4230103,4340.2783,1158697,Lower-middle-income countries
East Timor,TLS,2014,6.23466,4445.3594,1181913,Lower-middle-income countries
East Timor,TLS,2015,6.064572,4467.8003,1205133,Lower-middle-income countries
East Timor,TLS,2016,5.913743,4515.423,1228314,Lower-middle-income countries
East Timor,TLS,2017,5.7771263,4290.0273,1251711,Lower-middle-income countries
East Timor,TLS,2018,5.66311,4188.8413,1275962,Lower-middle-income countries
East Timor,TLS,2019,5.5529046,5103.1494,1300946,Lower-middle-income countries
East Timor,TLS,2020,5.421896,6594.882,1326051,Lower-middle-income countries
East Timor,TLS,2021,5.2844515,6825.046,1350142,Lower-middle-income countries
East Timor,TLS,2022,5.142147,5348.492,1369299,Lower-middle-income countries
East Timor,TLS,2023,4.995337,4331.078,1384292,Lower-middle-income countries
East Timor,TLS,2024,,3890.9575,1384292,Lower-middle-income countries
Ecuador,ECU,1955,20.6459,,4006189,Upper-middle-income countries
Ecuador,ECU,1956,19.981766,,4114537,Upper-middle-income countries
Ecuador,ECU,1957,19.375893,,4226856,Upper-middle-income countries
Ecuador,ECU,1958,18.760427,,4343499,Upper-middle-income countries
Ecuador,ECU,1959,18.194525,,4464761,Upper-middle-income countries
Ecuador,ECU,1960,17.626377,,4590893,Upper-middle-income countries
Ecuador,ECU,1961,17.09647,,4722334,Upper-middle-income countries
Ecuador,ECU,1962,16.581633,,4859272,Upper-middle-income countries
Ecuador,ECU,1963,16.094328,,5001721,Upper-middle-income countries
Ecuador,ECU,1964,15.64923,,5149925,Upper-middle-income countries
Ecuador,ECU,1965,15.262431,,5303960,Upper-middle-income countries
Ecuador,ECU,1966,14.905267,,5463749,Upper-middle-income countries
Ecuador,ECU,1967,14.587905,,5629060,Upper-middle-income countries
Ecuador,ECU,1968,14.290839,,5799683,Upper-middle-income countries
Ecuador,ECU,1969,14.014343,,5975234,Upper-middle-income countries
Ecuador,ECU,1970,13.713188,,6155392,Upper-middle-income countries
Ecuador,ECU,1971,13.372456,,6340056,Upper-middle-income countries
Ecuador,ECU,1972,12.9784975,,6529040,Upper-middle-income countries
Ecuador,ECU,1973,12.514662,,6722036,Upper-middle-income countries
Ecuador,ECU,1974,12.019123,,6918571,Upper-middle-income countries
Ecuador,ECU,1975,11.498542,,7118258,Upper-middle-income countries
Ecuador,ECU,1976,10.974998,,7320913,Upper-middle-income countries
Ecuador,ECU,1977,10.480068,,7526826,Upper-middle-income countries
Ecuador,ECU,1978,10.011413,,7736176,Upper-middle-income countries
Ecuador,ECU,1979,9.566199,,7948871,Upper-middle-income countries
Ecuador,ECU,1980,9.11803,,8165882,Upper-middle-income countries
Ecuador,ECU,1981,8.676219,,8386913,Upper-middle-income countries
Ecuador,ECU,1982,8.225226,,8611296,Upper-middle-income countries
Ecuador,ECU,1983,7.7798758,,8840424,Upper-middle-income countries
Ecuador,ECU,1984,7.3469377,,9074783,Upper-middle-income countries
Ecuador,ECU,1985,6.9458327,,9311152,Upper-middle-income countries
Ecuador,ECU,1986,6.582471,,9545999,Upper-middle-income countries
Ecuador,ECU,1987,6.247599,,9779290,Upper-middle-income countries
Ecuador,ECU,1988,5.941126,,10010804,Upper-middle-income countries
Ecuador,ECU,1989,5.659237,,10241859,Upper-middle-income countries
Ecuador,ECU,1990,5.3875017,9104.816,10473674,Upper-middle-income countries
Ecuador,ECU,1991,5.1219497,9292.618,10702377,Upper-middle-income countries
Ecuador,ECU,1992,4.8640547,9291.371,10930128,Upper-middle-income countries
Ecuador,ECU,1993,4.603294,9284.315,11154283,Upper-middle-income countries
Ecuador,ECU,1994,4.3408456,9494.175,11372197,Upper-middle-income countries
Ecuador,ECU,1995,4.0769706,9525.177,11590519,Upper-middle-income countries
Ecuador,ECU,1996,3.8179798,9509.275,11810954,Upper-middle-income countries
Ecuador,ECU,1997,3.5702085,9739.267,12031129,Upper-middle-income countries
Ecuador,ECU,1998,3.3445578,9876.751,12251188,Upper-middle-income countries
Ecuador,ECU,1999,3.1428547,9242.967,12470800,Upper-middle-income countries
Ecuador,ECU,2000,2.9648476,9183.052,12689215,Upper-middle-income countries
Ecuador,ECU,2001,2.8106904,9405.117,12910736,Upper-middle-income countries
Ecuador,ECU,2002,2.6792147,9697.556,13138473,Upper-middle-income countries
Ecuador,ECU,2003,2.5652227,9802.814,13372304,Upper-middle-income countries
Ecuador,ECU,2004,2.462549,10290.663,13608700,Upper-middle-income countries
Ecuador,ECU,2005,2.3659685,10660.205,13846162,Upper-middle-income countries
Ecuador,ECU,2006,2.2765617,10933.49,14086138,Upper-middle-income countries
Ecuador,ECU,2007,2.187186,10952.822,14328783,Upper-middle-income countries
Ecuador,ECU,2008,2.096636,11474.525,14575201,Upper-middle-income countries
Ecuador,ECU,2009,2.0048614,11403.527,14825960,Upper-middle-income countries
Ecuador,ECU,2010,1.9150487,11665.698,15076697,Upper-middle-income countries
Ecuador,ECU,2011,1.827036,12449.078,15326232,Upper-middle-income countries
Ecuador,ECU,2012,1.7422085,12961.026,15572195,Upper-middle-income countries
Ecuador,ECU,2013,1.6631876,13689.152,15807132,Upper-middle-income countries
Ecuador,ECU,2014,1.5927441,14064.799,16035127,Upper-middle-income countries
Ecuador,ECU,2015,1.5334551,13881.57,16266229,Upper-middle-income countries
Ecuador,ECU,2016,1.4842591,13586.516,16505142,Upper-middle-income countries
Ecuador,ECU,2017,1.443618,14179.153,16759515,Upper-middle-income countries
Ecuador,ECU,2018,1.4091069,14083.507,17049542,Upper-middle-income countries
Ecuador,ECU,2019,1.3803413,13870.489,17340017,Upper-middle-income countries
Ecuador,ECU,2020,1.3563125,12440.326,17546058,Upper-middle-income countries
Ecuador,ECU,2021,1.3365592,13507.444,17682454,Upper-middle-income countries
Ecuador,ECU,2022,1.3202583,14186.639,17823900,Upper-middle-income countries
Ecuador,ECU,2023,1.3054934,14343.019,17980079,Upper-middle-income countries
Ecuador,ECU,2024,,13935.539,17980079,Upper-middle-income countries
Egypt,EGY,1955,36.676777,,23795234,Lower-middle-income countries
Egypt,EGY,1956,35.745056,,24387350,Lower-middle-income countries
Egypt,EGY,1957,34.801346,,24994417,Lower-middle-income countries
Egypt,EGY,1958,33.871513,,25600327,Lower-middle-income countries
Egypt,EGY,1959,32.927544,,26226866,Lower-middle-income countries
Egypt,EGY,1960,31.94915,,26896480,Lower-middle-income countries
Egypt,EGY,1961,30.921223,,27600903,Lower-middle-income countries
Egypt,EGY,1962,29.89804,,28337017,Lower-middle-income countries
Egypt,EGY,1963,28.896254,,29091868,Lower-middle-income countries
Egypt,EGY,1964,27.975594,,29858925,Lower-middle-income countries
Egypt,EGY,1965,27.149725,,30629174,Lower-middle-income countries
Egypt,EGY,1966,26.4502,,31406543,Lower-middle-income countries
Egypt,EGY,1967,25.87613,,32196366,Lower-middle-income countries
Egypt,EGY,1968,25.41645,,32998322,Lower-middle-income countries
Egypt,EGY,1969,25.037088,,33811619,Lower-middle-income countries
Egypt,EGY,1970,24.693296,,34623990,Lower-middle-income countries
Egypt,EGY,1971,24.319365,,35433370,Lower-middle-income countries
Egypt,EGY,1972,23.875618,,36258327,Lower-middle-income countries
Egypt,EGY,1973,23.308342,,37102044,Lower-middle-income countries
Egypt,EGY,1974,22.58368,,37969667,Lower-middle-income countries
Egypt,EGY,1975,21.727327,,38875326,Lower-middle-income countries
Egypt,EGY,1976,20.781538,,39795558,Lower-middle-income countries
Egypt,EGY,1977,19.789223,,40748878,Lower-middle-income countries
Egypt,EGY,1978,18.79139,,41761437,Lower-middle-income countries
Egypt,EGY,1979,17.809368,,42818635,Lower-middle-income countries
Egypt,EGY,1980,16.840046,,43950413,Lower-middle-income countries
Egypt,EGY,1981,15.873823,,45147226,Lower-middle-income countries
Egypt,EGY,1982,14.896888,,46407612,Lower-middle-income countries
Egypt,EGY,1983,13.898286,,47786401,Lower-middle-income countries
Egypt,EGY,1984,12.878803,,49247336,Lower-middle-income countries
Egypt,EGY,1985,11.891442,,50734974,Lower-middle-income countries
Egypt,EGY,1986,10.9990425,,52206296,Lower-middle-income countries
Egypt,EGY,1987,10.22357,,53674436,Lower-middle-income countries
Egypt,EGY,1988,9.569844,,55187680,Lower-middle-income countries
Egypt,EGY,1989,9.027715,,56710641,Lower-middle-income countries
Egypt,EGY,1990,8.567716,8006.6216,58396625,Lower-middle-income countries
Egypt,EGY,1991,8.143091,7876.5527,60029001,Lower-middle-income countries
Egypt,EGY,1992,7.7267365,8034.5625,61480663,Lower-middle-income countries
Egypt,EGY,1993,7.308363,8079.0547,62915681,Lower-middle-income countries
Egypt,EGY,1994,6.8818145,8221.047,64285596,Lower-middle-income countries
Egypt,EGY,1995,6.454944,8423.578,65652621,Lower-middle-income countries
Egypt,EGY,1996,6.039264,8662.331,67028045,Lower-middle-income countries
Egypt,EGY,1997,5.650749,8950.654,68431738,Lower-middle-income countries
Egypt,EGY,1998,5.289795,9245.479,69943297,Lower-middle-income countries
Egypt,EGY,1999,4.959866,9588.859,71520953,Lower-middle-income countries
Egypt,EGY,2000,4.6606965,9981.628,73083287,Lower-middle-income countries
Egypt,EGY,2001,4.393121,10117.333,74652035,Lower-middle-income countries
Egypt,EGY,2002,4.1531534,10143.506,76239140,Lower-middle-income countries
Egypt,EGY,2003,3.9377785,10250.377,77853548,Lower-middle-income countries
Egypt,EGY,2004,3.7458808,10451.821,79477441,Lower-middle-income countries
Egypt,EGY,2005,3.5728195,10700.609,81101012,Lower-middle-income countries
Egypt,EGY,2006,3.4140174,11211.832,82700404,Lower-middle-income countries
Egypt,EGY,2007,3.2656991,11782.006,84276224,Lower-middle-income countries
Egypt,EGY,2008,3.124158,12391.585,85864791,Lower-middle-income countries
Egypt,EGY,2009,2.9907289,12728.081,87501635,Lower-middle-income countries
Egypt,EGY,2010,2.860974,13128.988,89196073,Lower-middle-income countries
Egypt,EGY,2011,2.7377994,13082.427,91093066,Lower-middle-income countries
Egypt,EGY,2012,2.624971,13076.806,93161000,Lower-middle-income countries
Egypt,EGY,2013,2.5166123,13058.075,95333551,Lower-middle-income countries
Egypt,EGY,2014,2.414392,13136.365,97528655,Lower-middle-income countries
Egypt,EGY,2015,2.3254118,13425.912,99597334,Lower-middle-income countries
Egypt,EGY,2016,2.2430716,13727.32,101644583,Lower-middle-income countries
Egypt,EGY,2017,2.1624286,14018.36,103696055,Lower-middle-income countries
Egypt,EGY,2018,2.080708,14488.209,105682092,Lower-middle-income countries
Egypt,EGY,2019,2.009256,15026.568,107553159,Lower-middle-income countries
Egypt,EGY,2020,1.9378,15309.236,109315118,Lower-middle-income countries
Egypt,EGY,2021,1.8748865,15579.016,110957005,Lower-middle-income countries
Egypt,EGY,2022,1.8105476,16360.391,112618252,Lower-middle-income countries
Egypt,EGY,2023,1.7527803,16691.387,114535772,Lower-middle-income countries
Egypt,EGY,2024,,16798.152,114535772,Lower-middle-income countries
El Salvador,SLV,1955,20.623285,,2456598,Upper-middle-income countries
El Salvador,SLV,1956,20.175451,,2518179,Upper-middle-income countries
El Salvador,SLV,1957,19.70258,,2582514,Upper-middle-income countries
El Salvador,SLV,1958,19.280293,,2648670,Upper-middle-income countries
El Salvador,SLV,1959,18.866276,,2717539,Upper-middle-income countries
El Salvador,SLV,1960,18.452238,,2791448,Upper-middle-income countries
El Salvador,SLV,1961,18.06183,,2870022,Upper-middle-income countries
El Salvador,SLV,1962,17.687082,,2949211,Upper-middle-income countries
El Salvador,SLV,1963,17.319372,,3028678,Upper-middle-income countries
El Salvador,SLV,1964,16.974354,,3111893,Upper-middle-income countries
El Salvador,SLV,1965,16.626179,,3199474,Upper-middle-income countries
El Salvador,SLV,1966,16.283463,,3290962,Upper-middle-income countries
El Salvador,SLV,1967,15.957204,,3385192,Upper-middle-income countries
El Salvador,SLV,1968,15.63017,,3480775,Upper-middle-income countries
El Salvador,SLV,1969,15.303785,,3576488,Upper-middle-income countries
El Salvador,SLV,1970,14.975529,,3668799,Upper-middle-income countries
El Salvador,SLV,1971,14.641355,,3757531,Upper-middle-income countries
El Salvador,SLV,1972,14.283594,,3846835,Upper-middle-income countries
El Salvador,SLV,1973,13.9130125,,3938073,Upper-middle-income countries
El Salvador,SLV,1974,13.507244,,4029675,Upper-middle-income countries
El Salvador,SLV,1975,13.067396,,4120451,Upper-middle-income countries
El Salvador,SLV,1976,12.605483,,4210312,Upper-middle-income countries
El Salvador,SLV,1977,12.1139555,,4301259,Upper-middle-income countries
El Salvador,SLV,1978,11.603249,,4394126,Upper-middle-income countries
El Salvador,SLV,1979,11.082242,,4480389,Upper-middle-income countries
El Salvador,SLV,1980,12.532422,,4540377,Upper-middle-income countries
El Salvador,SLV,1981,10.001138,,4570602,Upper-middle-income countries
El Salvador,SLV,1982,9.462175,,4622478,Upper-middle-income countries
El Salvador,SLV,1983,8.936981,,4707368,Upper-middle-income countries
El Salvador,SLV,1984,8.423469,,4798003,Upper-middle-income countries
El Salvador,SLV,1985,7.9336843,,4894703,Upper-middle-income countries
El Salvador,SLV,1986,7.4718266,,4992772,Upper-middle-income countries
El Salvador,SLV,1987,7.0417213,,5092443,Upper-middle-income countries
El Salvador,SLV,1988,6.646433,,5195828,Upper-middle-income countries
El Salvador,SLV,1989,6.281762,,5298977,Upper-middle-income countries
El Salvador,SLV,1990,5.938674,5976.0176,5399728,Upper-middle-income countries
El Salvador,SLV,1991,5.614802,5960.059,5495081,Upper-middle-income countries
El Salvador,SLV,1992,5.3041863,6275.1875,5585611,Upper-middle-income countries
El Salvador,SLV,1993,5.0026407,6553.0723,5659959,Upper-middle-income countries
El Salvador,SLV,1994,4.7091126,6795.506,5714138,Upper-middle-income countries
El Salvador,SLV,1995,4.424976,7057.9204,5762135,Upper-middle-income countries
El Salvador,SLV,1996,4.1499114,7062.3003,5805286,Upper-middle-income countries
El Salvador,SLV,1997,3.891695,7234.9443,5844578,Upper-middle-income countries
El Salvador,SLV,1998,3.6513898,7381.1147,5880786,Upper-middle-income countries
El Salvador,SLV,1999,3.4329123,7498.4673,5913908,Upper-middle-income countries
El Salvador,SLV,2000,3.2264307,7545.4478,5943363,Upper-middle-income countries
El Salvador,SLV,2001,3.0383508,7580.323,5968058,Upper-middle-income countries
El Salvador,SLV,2002,2.8641918,7675.671,5986629,Upper-middle-income countries
El Salvador,SLV,2003,2.70021,7780.272,5998597,Upper-middle-income countries
El Salvador,SLV,2004,2.545893,7841.532,6004673,Upper-middle-income countries
El Salvador,SLV,2005,2.403798,8050.5347,6005583,Upper-middle-income countries
El Salvador,SLV,2006,2.2718294,8404.247,6002321,Upper-middle-income countries
El Salvador,SLV,2007,2.1512723,8548.835,6009820,Upper-middle-income countries
El Salvador,SLV,2008,2.0387661,8704.806,6029302,Upper-middle-income countries
El Salvador,SLV,2009,1.9363973,8494.498,6048284,Upper-middle-income countries
El Salvador,SLV,2010,1.8418667,8648.93,6068253,Upper-middle-income countries
El Salvador,SLV,2011,1.7525969,8943.062,6090128,Upper-middle-income countries
El Salvador,SLV,2012,1.6723471,9165.42,6113977,Upper-middle-income countries
El Salvador,SLV,2013,1.5941244,9327.564,6138845,Upper-middle-income countries
El Salvador,SLV,2014,1.5215853,9451.744,6162952,Upper-middle-income countries
El Salvador,SLV,2015,1.4541595,9646.154,6183675,Upper-middle-income countries
El Salvador,SLV,2016,1.3901931,9863.761,6200808,Upper-middle-income countries
El Salvador,SLV,2017,1.3293138,10064.794,6213538,Upper-middle-income countries
El Salvador,SLV,2018,1.2710145,10297.203,6219803,Upper-middle-income countries
El Salvador,SLV,2019,1.2170055,10543.938,6222316,Upper-middle-income countries
El Salvador,SLV,2020,1.1689332,9692.449,6234679,Upper-middle-income countries
El Salvador,SLV,2021,1.1238339,10809.714,6255780,Upper-middle-income countries
El Salvador,SLV,2022,1.0817693,11085.618,6280316,Upper-middle-income countries
El Salvador,SLV,2023,1.0430334,11424.6455,6309629,Upper-middle-income countries
El Salvador,SLV,2024,,11669.082,6309629,Upper-middle-income countries
Equatorial Guinea,GNQ,1982,20.091337,,322226,Upper-middle-income countries
Equatorial Guinea,GNQ,1983,19.691032,,343429,Upper-middle-income countries
Equatorial Guinea,GNQ,1984,19.27317,,364905,Upper-middle-income countries
Equatorial Guinea,GNQ,1985,18.907598,,385553,Upper-middle-income countries
Equatorial Guinea,GNQ,1986,18.598255,,404740,Upper-middle-income countries
Equatorial Guinea,GNQ,1987,18.356836,,422529,Upper-middle-income countries
Equatorial Guinea,GNQ,1988,18.157204,,439659,Upper-middle-income countries
Equatorial Guinea,GNQ,1989,18.010849,,456821,Upper-middle-income countries
Equatorial Guinea,GNQ,1990,17.872206,1122.8176,474289,Upper-middle-income countries
Equatorial Guinea,GNQ,1991,17.723452,1070.8276,492220,Upper-middle-income countries
Equatorial Guinea,GNQ,1992,17.587008,1390.4791,510775,Upper-middle-income countries
Equatorial Guinea,GNQ,1993,17.450289,1487.812,530030,Upper-middle-income countries
Equatorial Guinea,GNQ,1994,17.311388,1672.3455,550148,Upper-middle-income countries
Equatorial Guinea,GNQ,1995,17.139666,1892.1166,571274,Upper-middle-income countries
Equatorial Guinea,GNQ,1996,16.933575,3033.8403,593496,Upper-middle-income countries
Equatorial Guinea,GNQ,1997,16.690434,7296.1,616897,Upper-middle-income countries
Equatorial Guinea,GNQ,1998,16.376152,8684.657,641478,Upper-middle-income countries
Equatorial Guinea,GNQ,1999,16.00634,10492.465,667222,Upper-middle-income countries
Equatorial Guinea,GNQ,2000,15.590891,11767.471,703287,Upper-middle-income countries
Equatorial Guinea,GNQ,2001,15.150552,18031.965,749836,Upper-middle-income countries
Equatorial Guinea,GNQ,2002,14.704708,20242.432,797968,Upper-middle-income countries
Equatorial Guinea,GNQ,2003,14.250216,21709.574,847867,Upper-middle-income countries
Equatorial Guinea,GNQ,2004,13.775124,28225.986,899924,Upper-middle-income countries
Equatorial Guinea,GNQ,2005,13.315858,31302.957,947370,Upper-middle-income countries
Equatorial Guinea,GNQ,2006,12.857211,32251.768,990349,Upper-middle-income countries
Equatorial Guinea,GNQ,2007,12.399608,35540.45,1036053,Upper-middle-income countries
Equatorial Guinea,GNQ,2008,11.943467,39994.617,1084538,Upper-middle-income countries
Equatorial Guinea,GNQ,2009,11.517686,38706.605,1135683,Upper-middle-income countries
Equatorial Guinea,GNQ,2010,11.105771,33668.875,1189097,Upper-middle-income countries
Equatorial Guinea,GNQ,2011,10.714401,34341.934,1241843,Upper-middle-income countries
Equatorial Guinea,GNQ,2012,10.340441,35711.492,1293485,Upper-middle-income countries
Equatorial Guinea,GNQ,2013,9.990696,32894.37,1346220,Upper-middle-income countries
Equatorial Guinea,GNQ,2014,9.657944,31765.9,1399829,Upper-middle-income countries
Equatorial Guinea,GNQ,2015,9.325184,27797.795,1453925,Upper-middle-income countries
Equatorial Guinea,GNQ,2016,8.990291,24435.064,1508192,Upper-middle-income countries
Equatorial Guinea,GNQ,2017,8.699991,22250.44,1562401,Upper-middle-income countries
Equatorial Guinea,GNQ,2018,8.417223,20165.48,1616425,Upper-middle-income countries
Equatorial Guinea,GNQ,2019,8.169454,18446.592,1670184,Upper-middle-income countries
Equatorial Guinea,GNQ,2020,7.880993,17089.154,1716479,Upper-middle-income countries
Equatorial Guinea,GNQ,2021,7.6118827,16821.45,1758796,Upper-middle-income countries
Equatorial Guinea,GNQ,2022,7.3399377,16932.771,1803549,Upper-middle-income countries
Equatorial Guinea,GNQ,2023,7.062484,15688.238,1847556,Upper-middle-income countries
Equatorial Guinea,GNQ,2024,,15454.429,1847556,Upper-middle-income countries
Eritrea,ERI,1974,25.599611,,1375687,Low-income countries
Eritrea,ERI,1975,25.017424,,1408218,Low-income countries
Eritrea,ERI,1976,20.824825,,1443811,Low-income countries
Eritrea,ERI,1977,20.39632,,1482567,Low-income countries
Eritrea,ERI,1978,20.023684,,1522382,Low-income countries
Eritrea,ERI,1979,19.712835,,1563332,Low-income countries
Eritrea,ERI,1980,19.41971,,1605800,Low-income countries
Eritrea,ERI,1981,19.136509,,1649946,Low-income countries
Eritrea,ERI,1982,18.8438,,1695465,Low-income countries
Eritrea,ERI,1983,27.781576,,1736163,Low-income countries
Eritrea,ERI,1984,27.231884,,1771736,Low-income countries
Eritrea,ERI,1985,26.194714,,1807812,Low-income countries
Eritrea,ERI,1986,25.609432,,1845169,Low-income countries
Eritrea,ERI,1987,17.066778,,1888672,Low-income countries
Eritrea,ERI,1988,16.56061,,1938264,Low-income countries
Eritrea,ERI,1989,15.989407,,1987021,Low-income countries
Eritrea,ERI,1990,15.359157,,2032749,Low-income countries
Eritrea,ERI,1991,14.649229,,1919575,Low-income countries
Eritrea,ERI,1992,13.875453,,1798750,Low-income countries
Eritrea,ERI,1993,13.070791,,1856017,Low-income countries
Eritrea,ERI,1994,12.259763,,1913919,Low-income countries
Eritrea,ERI,1995,11.475016,,2025273,Low-income countries
Eritrea,ERI,1996,10.747671,,2128464,Low-income countries
Eritrea,ERI,1997,10.093635,,2152146,Low-income countries
Eritrea,ERI,1998,9.51299,,2180423,Low-income countries
Eritrea,ERI,1999,10.861265,,2212785,Low-income countries
Eritrea,ERI,2000,8.527424,,2247036,Low-income countries
Eritrea,ERI,2001,8.107718,,2312083,Low-income countries
Eritrea,ERI,2002,7.7285876,,2392981,Low-income countries
Eritrea,ERI,2003,7.377727,,2493906,Low-income countries
Eritrea,ERI,2004,7.0514946,,2598288,Low-income countries
Eritrea,ERI,2005,6.7450633,,2661215,Low-income countries
Eritrea,ERI,2006,6.459687,,2703501,Low-income countries
Eritrea,ERI,2007,6.1881347,,2743226,Low-income countries
Eritrea,ERI,2008,5.9377546,,2816331,Low-income countries
Eritrea,ERI,2009,5.7087107,,2887887,Low-income countries
Eritrea,ERI,2010,5.499194,,2945184,Low-income countries
Eritrea,ERI,2011,5.3055415,,2998493,Low-income countries
Eritrea,ERI,2012,5.1241236,,3036998,Low-income countries
Eritrea,ERI,2013,4.9415727,,3074367,Low-income countries
Eritrea,ERI,2014,4.7767663,,3095168,Low-income countries
Eritrea,ERI,2015,4.611728,,3105554,Low-income countries
Eritrea,ERI,2016,4.458849,,3124700,Low-income countries
Eritrea,ERI,2017,4.3214083,,3150350,Low-income countries
Eritrea,ERI,2018,4.1731744,,3192763,Low-income countries
Eritrea,ERI,2019,4.034524,,3240194,Low-income countries
Eritrea,ERI,2020,3.9050062,,3291277,Low-income countries
Eritrea,ERI,2021,3.7886047,,3350185,Low-income countries
Eritrea,ERI,2022,3.664221,,3409450,Low-income countries
Eritrea,ERI,2023,3.5382438,,3470391,Low-income countries
Estonia,EST,1980,2.2439053,,1476465,High-income countries
Estonia,EST,1981,2.163058,,1485343,High-income countries
Estonia,EST,1982,2.0872166,,1494911,High-income countries
Estonia,EST,1983,2.0179691,,1505247,High-income countries
Estonia,EST,1984,1.9573953,,1515613,High-income countries
Estonia,EST,1985,1.9054992,,1525281,High-income countries
Estonia,EST,1986,1.864489,,1535594,High-income countries
Estonia,EST,1987,1.8322135,,1547258,High-income countries
Estonia,EST,1988,1.8064518,,1559101,High-income countries
Estonia,EST,1989,1.7860811,,1567590,High-income countries
Estonia,EST,1990,1.768551,19163.229,1570309,High-income countries
Estonia,EST,1991,1.7519794,17718.955,1565380,High-income countries
Estonia,EST,1992,1.7289463,14225.231,1540214,High-income countries
Estonia,EST,1993,1.6924584,13758.295,1504344,High-income countries
Estonia,EST,1994,1.6369519,13824.843,1475716,High-income countries
Estonia,EST,1995,1.5655493,14710.969,1452774,High-income countries
Estonia,EST,1996,1.4809611,15667.591,1434655,High-income countries
Estonia,EST,1997,1.3878601,17915.453,1421494,High-income countries
Estonia,EST,1998,1.291899,18873.375,1411206,High-income countries
Estonia,EST,1999,1.1967167,18737.898,1403578,High-income countries
Estonia,EST,2000,1.1040003,20528.57,1397001,High-income countries
Estonia,EST,2001,1.0145639,21874.695,1388174,High-income countries
Estonia,EST,2002,0.92996985,23539.906,1379438,High-income countries
Estonia,EST,2003,0.85073876,25487.533,1370849,High-income countries
Estonia,EST,2004,0.7777604,27384.084,1362682,High-income countries
Estonia,EST,2005,0.71059763,30164.006,1354847,High-income countries
Estonia,EST,2006,0.6489974,33304.594,1346885,High-income countries
Estonia,EST,2007,0.5927964,35989.863,1340709,High-income countries
Estonia,EST,2008,0.5420158,34236.95,1337078,High-income countries
Estonia,EST,2009,0.4961334,29284.404,1334528,High-income countries
Estonia,EST,2010,0.4557899,30070.299,1331450,High-income countries
Estonia,EST,2011,0.4200808,32456.121,1327366,High-income countries
Estonia,EST,2012,0.38881353,33768.574,1322615,High-income countries
Estonia,EST,2013,0.36192697,34484.223,1317920,High-income countries
Estonia,EST,2014,0.33826676,35723.625,1314457,High-income countries
Estonia,EST,2015,0.31734586,36356.44,1314580,High-income countries
Estonia,EST,2016,0.29870495,37470.043,1315850,High-income countries
Estonia,EST,2017,0.2819859,39533.465,1317430,High-income countries
Estonia,EST,2018,0.26710317,40853.65,1321972,High-income countries
Estonia,EST,2019,0.25389117,42218.96,1326822,High-income countries
Estonia,EST,2020,0.24165544,40920.527,1329675,High-income countries
Estonia,EST,2021,0.23055565,44251.54,1331750,High-income countries
Estonia,EST,2022,0.22015734,43128.633,1350093,High-income countries
Estonia,EST,2023,0.21063586,41288.617,1367195,High-income countries
Estonia,EST,2024,,41189.668,1367195,High-income countries
Eswatini,SWZ,1949,24.601595,,265978,Lower-middle-income countries
Eswatini,SWZ,1950,24.221788,,271670,Lower-middle-income countries
Eswatini,SWZ,1951,23.850163,,278618,Lower-middle-income countries
Eswatini,SWZ,1952,23.507412,,285637,Lower-middle-income countries
Eswatini,SWZ,1953,23.121567,,292742,Lower-middle-income countries
Eswatini,SWZ,1954,22.782032,,299943,Lower-middle-income countries
Eswatini,SWZ,1955,22.478127,,307222,Lower-middle-income countries
Eswatini,SWZ,1956,22.149675,,314620,Lower-middle-income countries
Eswatini,SWZ,1957,21.80264,,322131,Lower-middle-income countries
Eswatini,SWZ,1958,21.447542,,329770,Lower-middle-income countries
Eswatini,SWZ,1959,21.09847,,337521,Lower-middle-income countries
Eswatini,SWZ,1960,20.73527,,345339,Lower-middle-income countries
Eswatini,SWZ,1961,20.349379,,353265,Lower-middle-income countries
Eswatini,SWZ,1962,19.968452,,361376,Lower-middle-income countries
Eswatini,SWZ,1963,19.573744,,369768,Lower-middle-income countries
Eswatini,SWZ,1964,19.175266,,378660,Lower-middle-income countries
Eswatini,SWZ,1965,18.753796,,388342,Lower-middle-income countries
Eswatini,SWZ,1966,18.32649,,398773,Lower-middle-income countries
Eswatini,SWZ,1967,17.886154,,409044,Lower-middle-income countries
Eswatini,SWZ,1968,17.42988,,419154,Lower-middle-income countries
Eswatini,SWZ,1969,16.979305,,429884,Lower-middle-income countries
Eswatini,SWZ,1970,16.49678,,441223,Lower-middle-income countries
Eswatini,SWZ,1971,15.984441,,453192,Lower-middle-income countries
Eswatini,SWZ,1972,15.444768,,465791,Lower-middle-income countries
Eswatini,SWZ,1973,14.898266,,479043,Lower-middle-income countries
Eswatini,SWZ,1974,14.31929,,493004,Lower-middle-income countries
Eswatini,SWZ,1975,13.727653,,507675,Lower-middle-income countries
Eswatini,SWZ,1976,13.145034,,523339,Lower-middle-income countries
Eswatini,SWZ,1977,12.582792,,540353,Lower-middle-income countries
Eswatini,SWZ,1978,12.021407,,558446,Lower-middle-income countries
Eswatini,SWZ,1979,11.478033,,577208,Lower-middle-income countries
Eswatini,SWZ,1980,10.942435,,596657,Lower-middle-income countries
Eswatini,SWZ,1981,10.411625,,616816,Lower-middle-income countries
Eswatini,SWZ,1982,9.885312,,637656,Lower-middle-income countries
Eswatini,SWZ,1983,10.432745,,658958,Lower-middle-income countries
Eswatini,SWZ,1984,8.851478,,680790,Lower-middle-income countries
Eswatini,SWZ,1985,8.374045,,706204,Lower-middle-income countries
Eswatini,SWZ,1986,7.9302855,,734736,Lower-middle-income countries
Eswatini,SWZ,1987,7.5358653,,763812,Lower-middle-income countries
Eswatini,SWZ,1988,7.195547,,799806,Lower-middle-income countries
Eswatini,SWZ,1989,6.9307513,,837810,Lower-middle-income countries
Eswatini,SWZ,1990,6.752807,5447.739,872436,Lower-middle-income countries
Eswatini,SWZ,1991,6.718872,5325.3525,908193,Lower-middle-income countries
Eswatini,SWZ,1992,6.852889,5291.8965,943426,Lower-middle-income countries
Eswatini,SWZ,1993,7.1667795,5299.532,971327,Lower-middle-income countries
Eswatini,SWZ,1994,7.6225686,5427.35,971221,Lower-middle-income countries
Eswatini,SWZ,1995,8.123486,5693.822,970439,Lower-middle-income countries
Eswatini,SWZ,1996,8.7108135,5796.6523,989847,Lower-middle-income countries
Eswatini,SWZ,1997,9.296359,5876.803,1006647,Lower-middle-income countries
Eswatini,SWZ,1998,9.873137,5952.854,1019657,Lower-middle-income countries
Eswatini,SWZ,1999,10.414062,6062.348,1030785,Lower-middle-income countries
Eswatini,SWZ,2000,10.910492,6106.0747,1041428,Lower-middle-income countries
Eswatini,SWZ,2001,11.256438,6135.453,1051066,Lower-middle-income countries
Eswatini,SWZ,2002,11.431892,6335.8135,1059456,Lower-middle-income countries
Eswatini,SWZ,2003,11.570297,6578.302,1066706,Lower-middle-income countries
Eswatini,SWZ,2004,11.620885,6775.2217,1073170,Lower-middle-income countries
Eswatini,SWZ,2005,11.554779,7142.1924,1079022,Lower-middle-income countries
Eswatini,SWZ,2006,10.534933,7584.72,1084442,Lower-middle-income countries
Eswatini,SWZ,2007,10.003014,7866.731,1090713,Lower-middle-income countries
Eswatini,SWZ,2008,9.819859,7926.3794,1098098,Lower-middle-income countries
Eswatini,SWZ,2009,9.249344,7988.5977,1105158,Lower-middle-income countries
Eswatini,SWZ,2010,8.1784315,8245.642,1111651,Lower-middle-income countries
Eswatini,SWZ,2011,6.8135533,8350.892,1117845,Lower-middle-income countries
Eswatini,SWZ,2012,6.3834887,8645.845,1123870,Lower-middle-income countries
Eswatini,SWZ,2013,6.1617703,8951.058,1130000,Lower-middle-income countries
Eswatini,SWZ,2014,6.174285,9084.494,1136305,Lower-middle-income countries
Eswatini,SWZ,2015,5.8634653,9186.653,1142822,Lower-middle-income countries
Eswatini,SWZ,2016,5.531448,9402.509,1149516,Lower-middle-income countries
Eswatini,SWZ,2017,5.426831,9660.552,1158198,Lower-middle-income countries
Eswatini,SWZ,2018,5.096272,9578.101,1168933,Lower-middle-income countries
Eswatini,SWZ,2019,5.16436,10099.586,1179885,Lower-middle-income countries
Eswatini,SWZ,2020,4.981697,9695.825,1192734,Lower-middle-income countries
Eswatini,SWZ,2021,4.764383,9990.435,1206598,Lower-middle-income countries
Eswatini,SWZ,2022,4.6192813,9927.605,1218921,Lower-middle-income countries
Eswatini,SWZ,2023,4.5009317,10181.504,1230507,Lower-middle-income countries
Eswatini,SWZ,2024,,10380.396,1230507,Lower-middle-income countries
Ethiopia,ETH,1966,27.762398,,24952691,
Ethiopia,ETH,1967,24.88665,,25620283,
Ethiopia,ETH,1968,24.84026,,26337933,
Ethiopia,ETH,1969,24.79111,,27072575,
Ethiopia,ETH,1970,24.737415,,27829135,
Ethiopia,ETH,1971,24.705385,,28600114,
Ethiopia,ETH,1972,24.657078,,29374611,
Ethiopia,ETH,1973,24.629946,,30166789,
Ethiopia,ETH,1974,28.309069,,30957277,
Ethiopia,ETH,1975,28.179115,,31723255,
Ethiopia,ETH,1976,24.509956,,32534428,
Ethiopia,ETH,1977,24.459164,,33167276,
Ethiopia,ETH,1978,24.366344,,33734601,
Ethiopia,ETH,1979,24.236702,,34238655,
Ethiopia,ETH,1980,24.044485,,34428515,
Ethiopia,ETH,1981,23.790054,,35304010,
Ethiopia,ETH,1982,23.458504,,36701293,
Ethiopia,ETH,1983,31.998806,,37740821,
Ethiopia,ETH,1984,31.431208,,38735728,
Ethiopia,ETH,1985,30.319572,,39842136,
Ethiopia,ETH,1986,29.682072,,41037658,
Ethiopia,ETH,1987,21.445335,,42460039,
Ethiopia,ETH,1988,21.041496,,44150834,
Ethiopia,ETH,1989,20.623238,,45879686,
Ethiopia,ETH,1990,20.16784,874.3469,47609760,
Ethiopia,ETH,1991,19.6693,777.52356,49717203,
Ethiopia,ETH,1992,19.132727,680.8348,51853756,
Ethiopia,ETH,1993,18.539295,743.7085,53708892,
Ethiopia,ETH,1994,17.899143,741.17664,55611514,
Ethiopia,ETH,1995,17.240595,760.26434,57537340,
Ethiopia,ETH,1996,16.577059,826.99164,59467640,
Ethiopia,ETH,1997,15.922423,826.0052,61404541,
Ethiopia,ETH,1998,15.289866,772.7866,63363523,
Ethiopia,ETH,1999,14.667201,787.67957,65374561,
Ethiopia,ETH,2000,14.04157,810.27075,67411496,
Ethiopia,ETH,2001,13.41042,851.3134,69487767,
Ethiopia,ETH,2002,12.77344,838.29803,71635521,
Ethiopia,ETH,2003,12.137741,795.77216,73832664,
Ethiopia,ETH,2004,11.498849,877.1145,76077211,
Ethiopia,ETH,2005,10.878636,952.11566,78367476,
Ethiopia,ETH,2006,10.291056,1024.7291,80703495,
Ethiopia,ETH,2007,9.7379265,1109.1433,83103218,
Ethiopia,ETH,2008,9.225693,1193.7473,85543670,
Ethiopia,ETH,2009,8.759724,1262.464,88007641,
Ethiopia,ETH,2010,8.322625,1381.1904,90538518,
Ethiopia,ETH,2011,7.910558,1492.5339,93149977,
Ethiopia,ETH,2012,7.5252576,1576.7688,95798771,
Ethiopia,ETH,2013,7.1624856,1696.8651,98438752,
Ethiopia,ETH,2014,6.8177824,1821.3916,101115615,
Ethiopia,ETH,2015,6.489882,1957.4146,103867140,
Ethiopia,ETH,2016,6.1744947,2084.8406,106718163,
Ethiopia,ETH,2017,5.8913984,2222.8281,109666482,
Ethiopia,ETH,2018,5.635012,2311.165,112664157,
Ethiopia,ETH,2019,5.408395,2437.9705,115737384,
Ethiopia,ETH,2020,5.1963224,2516.549,118917670,
Ethiopia,ETH,2021,5.0049906,2588.413,122138588,
Ethiopia,ETH,2022,4.8227844,2655.5928,125384285,
Ethiopia,ETH,2023,4.6461153,2757.9592,128691695,
Ethiopia,ETH,2024,,2892.2222,128691695,
Europe,OWID_EUR,1968,3.0431843,,649263031,
Europe,OWID_EUR,1969,2.9441102,,653794042,
Europe,OWID_EUR,1970,2.8319952,,657660067,
Europe,OWID_EUR,1971,2.7770977,,661624408,
Europe,OWID_EUR,1972,2.6707664,,666196726,
Europe,OWID_EUR,1973,2.5748408,,670479946,
Europe,OWID_EUR,1974,2.4842687,,674419030,
Europe,OWID_EUR,1975,2.3925393,,677953491,
Europe,OWID_EUR,1976,2.3020024,,681333404,
Europe,OWID_EUR,1977,2.217031,,684781638,
Europe,OWID_EUR,1978,2.1695158,,688120618,
Europe,OWID_EUR,1979,2.0940347,,691438258,
Europe,OWID_EUR,1980,2.0210717,,694976561,
Europe,OWID_EUR,1981,1.9624144,,698297493,
Europe,OWID_EUR,1982,1.8939478,,701163007,
Europe,OWID_EUR,1983,1.828887,,704000872,
Europe,OWID_EUR,1984,1.8020407,,706845163,
Europe,OWID_EUR,1985,1.7771709,,709686996,
Europe,OWID_EUR,1986,1.7212323,,712751187,
Europe,OWID_EUR,1987,1.6641828,,715938696,
Europe,OWID_EUR,1988,1.6054752,,719157222,
Europe,OWID_EUR,1989,1.5490581,,722217653,
Europe,OWID_EUR,1990,1.4995337,,724943715,
Europe,OWID_EUR,1991,1.4589359,,727298534,
Europe,OWID_EUR,1992,1.4464055,,728443297,
Europe,OWID_EUR,1993,1.4135337,,728848398,
Europe,OWID_EUR,1994,1.3572502,,729745970,
Europe,OWID_EUR,1995,1.3225185,,730260103,
Europe,OWID_EUR,1996,1.2773408,,730267162,
Europe,OWID_EUR,1997,1.2328794,,730339959,
Europe,OWID_EUR,1998,1.1856128,,729796180,
Europe,OWID_EUR,1999,1.1354328,,729166727,
Europe,OWID_EUR,2000,1.0843327,,729129967,
Europe,OWID_EUR,2001,1.0329049,,729220001,
Europe,OWID_EUR,2002,0.98164696,,730126161,
Europe,OWID_EUR,2003,0.93167096,,731394229,
Europe,OWID_EUR,2004,0.88153964,,732282324,
Europe,OWID_EUR,2005,0.8332571,,733101021,
Europe,OWID_EUR,2006,0.7879871,,733756870,
Europe,OWID_EUR,2007,0.74693733,,734987444,
Europe,OWID_EUR,2008,0.71099603,,736658822,
Europe,OWID_EUR,2009,0.6808558,,738063440,
Europe,OWID_EUR,2010,0.6558694,,739291483,
Europe,OWID_EUR,2011,0.6341427,,740524016,
Europe,OWID_EUR,2012,0.61389667,,741642607,
Europe,OWID_EUR,2013,0.5936177,,742672989,
Europe,OWID_EUR,2014,0.57205105,,743860819,
Europe,OWID_EUR,2015,0.5491171,,745474876,
Europe,OWID_EUR,2016,0.5265938,,747258527,
Europe,OWID_EUR,2017,0.50549287,,748701837,
Europe,OWID_EUR,2018,0.48611933,,749853945,
Europe,OWID_EUR,2019,0.46917388,,750809114,
Europe,OWID_EUR,2020,0.45539424,,750844584,
Europe,OWID_EUR,2021,0.44431862,,749949128,
Europe,OWID_EUR,2022,0.43608758,,748314268,
Europe,OWID_EUR,2023,0.4249005,,746966209,
Europe and Central Asia (WB),WB_ECA,1990,,28222.451,,
Europe and Central Asia (WB),WB_ECA,1991,,27734.74,,
Europe and Central Asia (WB),WB_ECA,1992,,26826.291,,
Europe and Central Asia (WB),WB_ECA,1993,,26191.488,,
Europe and Central Asia (WB),WB_ECA,1994,,25879.432,,
Europe and Central Asia (WB),WB_ECA,1995,,26218.557,,
Europe and Central Asia (WB),WB_ECA,1996,,26515.572,,
Europe and Central Asia (WB),WB_ECA,1997,,27222.135,,
Europe and Central Asia (WB),WB_ECA,1998,,27710.936,,
Europe and Central Asia (WB),WB_ECA,1999,,28487.771,,
Europe and Central Asia (WB),WB_ECA,2000,,29836.898,,
Europe and Central Asia (WB),WB_ECA,2001,,30559.861,,
Europe and Central Asia (WB),WB_ECA,2002,,31142.578,,
Europe and Central Asia (WB),WB_ECA,2003,,31861.031,,
Europe and Central Asia (WB),WB_ECA,2004,,33030.97,,
Europe and Central Asia (WB),WB_ECA,2005,,34028.66,,
Europe and Central Asia (WB),WB_ECA,2006,,35505.06,,
Europe and Central Asia (WB),WB_ECA,2007,,36985.766,,
Europe and Central Asia (WB),WB_ECA,2008,,37463.883,,
Europe and Central Asia (WB),WB_ECA,2009,,35515.92,,
Europe and Central Asia (WB),WB_ECA,2010,,36408.71,,
Europe and Central Asia (WB),WB_ECA,2011,,37348.582,,
Europe and Central Asia (WB),WB_ECA,2012,,37472.355,,
Europe and Central Asia (WB),WB_ECA,2013,,37739.586,,
Europe and Central Asia (WB),WB_ECA,2014,,38215.492,,
Europe and Central Asia (WB),WB_ECA,2015,,38658.89,,
Europe and Central Asia (WB),WB_ECA,2016,,39180.496,,
Europe and Central Asia (WB),WB_ECA,2017,,40232.266,,
Europe and Central Asia (WB),WB_ECA,2018,,41055.445,,
Europe and Central Asia (WB),WB_ECA,2019,,41747.723,,
Europe and Central Asia (WB),WB_ECA,2020,,39677.332,,
Europe and Central Asia (WB),WB_ECA,2021,,42315.387,,
Europe and Central Asia (WB),WB_ECA,2022,,43405.8,,
Europe and Central Asia (WB),WB_ECA,2023,,44089.508,,
Europe and Central Asia (WB),WB_ECA,2024,,44818.54,,
European Union (27),OWID_EU27,1968,3.2268174,,379165174,
European Union (27),OWID_EU27,1969,3.1088529,,381993928,
European Union (27),OWID_EU27,1970,2.9649208,,384384505,
European Union (27),OWID_EU27,1971,2.8130705,,386827088,
European Union (27),OWID_EU27,1972,2.6695147,,389707312,
European Union (27),OWID_EU27,1973,2.5410416,,392415698,
European Union (27),OWID_EU27,1974,2.4176118,,394860422,
European Union (27),OWID_EU27,1975,2.2883756,,396893070,
European Union (27),OWID_EU27,1976,2.1579394,,398786968,
European Union (27),OWID_EU27,1977,2.0360038,,400767772,
European Union (27),OWID_EU27,1978,1.9269729,,402652099,
European Union (27),OWID_EU27,1979,1.8301173,,404555048,
European Union (27),OWID_EU27,1980,1.7419208,,406687010,
European Union (27),OWID_EU27,1981,1.6657737,,408606098,
European Union (27),OWID_EU27,1982,1.5895333,,410027897,
European Union (27),OWID_EU27,1983,1.520256,,411187479,
European Union (27),OWID_EU27,1984,1.4598428,,412217985,
European Union (27),OWID_EU27,1985,1.4096959,,413267718,
European Union (27),OWID_EU27,1986,1.3668835,,414423600,
European Union (27),OWID_EU27,1987,1.3251889,,415621386,
European Union (27),OWID_EU27,1988,1.2799362,,416955480,
European Union (27),OWID_EU27,1989,1.2324948,,418482241,
European Union (27),OWID_EU27,1990,1.1847568,33420.543,419997519,
European Union (27),OWID_EU27,1991,1.1387801,33581.098,421419173,
European Union (27),OWID_EU27,1992,1.087205,33679.79,422863649,
European Union (27),OWID_EU27,1993,1.0365523,33378.28,424104740,
European Union (27),OWID_EU27,1994,0.98560834,34195.84,425189040,
European Union (27),OWID_EU27,1995,0.93540144,35111.285,425847857,
European Union (27),OWID_EU27,1996,0.8869373,35771.523,426181943,
European Union (27),OWID_EU27,1997,0.84044355,36635.46,426651685,
European Union (27),OWID_EU27,1998,0.7967605,37659.105,426655455,
European Union (27),OWID_EU27,1999,0.75719255,38685.863,426830677,
European Union (27),OWID_EU27,2000,0.7226143,40159.266,427627361,
European Union (27),OWID_EU27,2001,0.6928244,41007.742,428578326,
European Union (27),OWID_EU27,2002,0.66668683,41422.387,429890525,
European Union (27),OWID_EU27,2003,0.64350873,41728.848,431461841,
European Union (27),OWID_EU27,2004,0.61850125,42725.73,433058605,
European Union (27),OWID_EU27,2005,0.5922655,43476.48,434557134,
European Union (27),OWID_EU27,2006,0.56559074,44946.523,435683170,
European Union (27),OWID_EU27,2007,0.5407994,46274.406,436994510,
European Union (27),OWID_EU27,2008,0.5189583,46520.37,438548227,
European Union (27),OWID_EU27,2009,0.49983492,44429.824,439690812,
European Union (27),OWID_EU27,2010,0.48286676,45250.39,440608965,
European Union (27),OWID_EU27,2011,0.4678111,46205.207,441440625,
European Union (27),OWID_EU27,2012,0.45455557,45787.934,441999248,
European Union (27),OWID_EU27,2013,0.44301814,45723.977,442399413,
European Union (27),OWID_EU27,2014,0.43291956,46454.75,442964758,
European Union (27),OWID_EU27,2015,0.42387286,47490.676,443910920,
European Union (27),OWID_EU27,2016,0.41523686,48336.277,444911502,
European Union (27),OWID_EU27,2017,0.40634835,49704.03,445696788,
European Union (27),OWID_EU27,2018,0.39721823,50706.367,446503671,
European Union (27),OWID_EU27,2019,0.3890892,51662.36,447369201,
European Union (27),OWID_EU27,2020,0.3830829,48770.375,447777523,
European Union (27),OWID_EU27,2021,0.3790668,51969.965,447705920,
European Union (27),OWID_EU27,2022,0.37644026,53777.477,449113463,
European Union (27),OWID_EU27,2023,0.3742364,53869.324,450657572,
European Union (27),OWID_EU27,2024,,54337.918,450657572,
Faroe Islands,FRO,2008,,54263.33,48528,High-income countries
Faroe Islands,FRO,2009,,51533.543,48512,High-income countries
Faroe Islands,FRO,2010,,51479.195,48191,High-income countries
Faroe Islands,FRO,2011,,53440.336,47957,High-income countries
Faroe Islands,FRO,2012,,57523.324,48113,High-income countries
Faroe Islands,FRO,2013,,60948.77,48297,High-income countries
Faroe Islands,FRO,2014,,64018.094,48515,High-income countries
Faroe Islands,FRO,2015,,64008.85,48916,High-income countries
Faroe Islands,FRO,2016,,64155.027,49554,High-income countries
Faroe Islands,FRO,2017,,65460.605,50268,High-income countries
Faroe Islands,FRO,2018,,66193.34,51062,High-income countries
Faroe Islands,FRO,2019,,68134.03,51868,High-income countries
Faroe Islands,FRO,2020,,66032.914,52615,High-income countries
Faroe Islands,FRO,2021,,68426.8,53324,High-income countries
Faroe Islands,FRO,2022,,70256.72,54039,High-income countries
Faroe Islands,FRO,2023,,71807.31,54738,High-income countries
Faroe Islands,FRO,2024,,72059.58,54738,High-income countries
Fiji,FJI,1940,14.641157,,272546,Upper-middle-income countries
Fiji,FJI,1941,14.479572,,277142,Upper-middle-income countries
Fiji,FJI,1942,14.370231,,280869,Upper-middle-income countries
Fiji,FJI,1943,14.221037,,283692,Upper-middle-income countries
Fiji,FJI,1944,14.083165,,286543,Upper-middle-income countries
Fiji,FJI,1945,13.934074,,289423,Upper-middle-income countries
Fiji,FJI,1946,13.748752,,292332,Upper-middle-income countries
Fiji,FJI,1947,13.535611,,295271,Upper-middle-income countries
Fiji,FJI,1948,13.2863245,,298239,Upper-middle-income countries
Fiji,FJI,1949,12.976942,,302566,Upper-middle-income countries
Fiji,FJI,1950,12.616828,,309525,Upper-middle-income countries
Fiji,FJI,1951,12.188266,,316137,Upper-middle-income countries
Fiji,FJI,1952,11.697493,,323374,Upper-middle-income countries
Fiji,FJI,1953,11.178867,,331225,Upper-middle-income countries
Fiji,FJI,1954,10.640242,,339754,Upper-middle-income countries
Fiji,FJI,1955,10.120668,,349084,Upper-middle-income countries
Fiji,FJI,1956,9.618279,,359218,Upper-middle-income countries
Fiji,FJI,1957,9.140496,,369923,Upper-middle-income countries
Fiji,FJI,1958,8.69562,,381079,Upper-middle-income countries
Fiji,FJI,1959,8.277085,,392770,Upper-middle-income countries
Fiji,FJI,1960,7.893268,,404901,Upper-middle-income countries
Fiji,FJI,1961,7.534679,,417418,Upper-middle-income countries
Fiji,FJI,1962,7.2069197,,430550,Upper-middle-income countries
Fiji,FJI,1963,6.8964496,,444288,Upper-middle-income countries
Fiji,FJI,1964,6.6054916,,458333,Upper-middle-income countries
Fiji,FJI,1965,6.3499665,,472583,Upper-middle-income countries
Fiji,FJI,1966,6.1359234,,486493,Upper-middle-income countries
Fiji,FJI,1967,5.967778,,498881,Upper-middle-income countries
Fiji,FJI,1968,5.839601,,510008,Upper-middle-income countries
Fiji,FJI,1969,5.7494226,,520805,Upper-middle-income countries
Fiji,FJI,1970,5.691399,,531198,Upper-middle-income countries
Fiji,FJI,1971,5.660014,,541132,Upper-middle-income countries
Fiji,FJI,1972,5.630549,,550508,Upper-middle-income countries
Fiji,FJI,1973,5.5880837,,559232,Upper-middle-income countries
Fiji,FJI,1974,5.5171647,,567498,Upper-middle-income countries
Fiji,FJI,1975,5.411098,,575919,Upper-middle-income countries
Fiji,FJI,1976,5.273397,,585544,Upper-middle-income countries
Fiji,FJI,1977,5.099,,597811,Upper-middle-income countries
Fiji,FJI,1978,4.897104,,612101,Upper-middle-income countries
Fiji,FJI,1979,4.6809263,,626876,Upper-middle-income countries
Fiji,FJI,1980,4.4577546,,641985,Upper-middle-income countries
Fiji,FJI,1981,4.2392077,,657473,Upper-middle-income countries
Fiji,FJI,1982,4.029272,,673422,Upper-middle-income countries
Fiji,FJI,1983,3.84205,,689845,Upper-middle-income countries
Fiji,FJI,1984,3.6707213,,706722,Upper-middle-income countries
Fiji,FJI,1985,3.5128436,,723767,Upper-middle-income countries
Fiji,FJI,1986,3.3701565,,739320,Upper-middle-income countries
Fiji,FJI,1987,3.2393491,,750551,Upper-middle-income countries
Fiji,FJI,1988,3.1172855,,758707,Upper-middle-income countries
Fiji,FJI,1989,3.0006483,,766331,Upper-middle-income countries
Fiji,FJI,1990,2.888667,7820.7173,773325,Upper-middle-income countries
Fiji,FJI,1991,2.7816944,7547.678,779666,Upper-middle-income countries
Fiji,FJI,1992,2.6844084,7950.0664,785349,Upper-middle-income countries
Fiji,FJI,1993,2.5961199,8067.8047,790380,Upper-middle-income countries
Fiji,FJI,1994,2.5178852,8432.299,794779,Upper-middle-income countries
Fiji,FJI,1995,2.451159,8600.093,798750,Upper-middle-income countries
Fiji,FJI,1996,2.393315,8956.351,803788,Upper-middle-income countries
Fiji,FJI,1997,2.3468444,8669.252,812145,Upper-middle-income countries
Fiji,FJI,1998,2.308479,8673.878,822259,Upper-middle-income countries
Fiji,FJI,1999,2.281937,9328.606,831835,Upper-middle-income countries
Fiji,FJI,2000,2.2666378,9070.993,840913,Upper-middle-income countries
Fiji,FJI,2001,2.2613895,9157.809,849606,Upper-middle-income countries
Fiji,FJI,2002,2.2663488,9357.754,858057,Upper-middle-income countries
Fiji,FJI,2003,2.2829156,9361.464,866297,Upper-middle-income countries
Fiji,FJI,2004,2.3080485,9766.527,874369,Upper-middle-income countries
Fiji,FJI,2005,2.332289,9745.581,882384,Upper-middle-income countries
Fiji,FJI,2006,2.3478045,9837.086,890370,Upper-middle-income countries
Fiji,FJI,2007,2.3463778,9672.29,897843,Upper-middle-income countries
Fiji,FJI,2008,2.32216,9711.966,903403,Upper-middle-income countries
Fiji,FJI,2009,2.2766206,9536.817,907248,Upper-middle-income countries
Fiji,FJI,2010,2.2179277,9784.304,910427,Upper-middle-income countries
Fiji,FJI,2011,2.1568136,10020.695,912991,Upper-middle-income countries
Fiji,FJI,2012,2.103278,10140.693,914920,Upper-middle-income countries
Fiji,FJI,2013,2.0694587,10604.156,916359,Upper-middle-income countries
Fiji,FJI,2014,2.063898,11183.313,917589,Upper-middle-income countries
Fiji,FJI,2015,2.092714,11674.063,918585,Upper-middle-income countries
Fiji,FJI,2016,2.1629014,11951.92,919167,Upper-middle-income countries
Fiji,FJI,2017,2.2719429,12597.327,918762,Upper-middle-income countries
Fiji,FJI,2018,2.4132016,13100.096,917185,Upper-middle-income countries
Fiji,FJI,2019,2.5714667,13056.331,914906,Upper-middle-income countries
Fiji,FJI,2020,2.7190948,10812.035,914971,Upper-middle-income countries
Fiji,FJI,2021,2.827104,10322.428,916718,Upper-middle-income countries
Fiji,FJI,2022,2.8914497,12118.318,919428,Upper-middle-income countries
Fiji,FJI,2023,2.91439,13194.805,924150,Upper-middle-income countries
Fiji,FJI,2024,,13592.464,924150,Upper-middle-income countries
Finland,FIN,1949,4.7668586,,3972991,High-income countries
Finland,FIN,1950,4.5273156,,4008410,High-income countries
Finland,FIN,1951,4.303414,,4047646,High-income countries
Finland,FIN,1952,4.0963125,,4090839,High-income countries
Finland,FIN,1953,3.9076374,,4139764,High-income countries
Finland,FIN,1954,3.7330415,,4187256,High-income countries
Finland,FIN,1955,3.5647852,,4235197,High-income countries
Finland,FIN,1956,3.3978386,,4281930,High-income countries
Finland,FIN,1957,3.2221732,,4324192,High-income countries
Finland,FIN,1958,3.0383918,,4359882,High-income countries
Finland,FIN,1959,2.8563523,,4394750,High-income countries
Finland,FIN,1960,2.6837246,,4429631,High-income countries
Finland,FIN,1961,2.5250728,,4460998,High-income countries
Finland,FIN,1962,2.380727,,4491739,High-income countries
Finland,FIN,1963,2.2497377,,4523897,High-income countries
Finland,FIN,1964,2.1302917,,4549092,High-income countries
Finland,FIN,1965,2.021736,,4564150,High-income countries
Finland,FIN,1966,1.9238768,,4581446,High-income countries
Finland,FIN,1967,1.8363605,,4606642,High-income countries
Finland,FIN,1968,1.7582791,,4627352,High-income countries
Finland,FIN,1969,1.684378,,4624083,High-income countries
Finland,FIN,1970,1.6107812,,4606308,High-income countries
Finland,FIN,1971,1.5362462,,4612135,High-income countries
Finland,FIN,1972,1.4613769,,4639548,High-income countries
Finland,FIN,1973,1.3856145,,4665909,High-income countries
Finland,FIN,1974,1.3078413,,4690366,High-income countries
Finland,FIN,1975,1.2265743,,4711172,High-income countries
Finland,FIN,1976,1.1440272,,4725340,High-income countries
Finland,FIN,1977,1.0636014,,4738581,High-income countries
Finland,FIN,1978,0.98893636,,4752243,High-income countries
Finland,FIN,1979,0.92261726,,4764437,High-income countries
Finland,FIN,1980,0.86641055,,4779358,High-income countries
Finland,FIN,1981,0.82102007,,4799849,High-income countries
Finland,FIN,1982,0.7864696,,4826884,High-income countries
Finland,FIN,1983,0.7616894,,4855791,High-income countries
Finland,FIN,1984,0.74527395,,4881827,High-income countries
Finland,FIN,1985,0.7342209,,4902262,High-income countries
Finland,FIN,1986,0.72656065,,4918256,High-income countries
Finland,FIN,1987,0.7193554,,4932257,High-income countries
Finland,FIN,1988,0.70950824,,4946629,High-income countries
Finland,FIN,1989,0.6944376,,4964525,High-income countries
Finland,FIN,1990,0.6720569,38807.117,4986576,High-income countries
Finland,FIN,1991,0.64341205,36326.082,5013889,High-income countries
Finland,FIN,1992,0.61097896,34926.383,5042145,High-income countries
Finland,FIN,1993,0.57733047,34486.754,5066594,High-income countries
Finland,FIN,1994,0.54544383,35699.72,5088454,High-income countries
Finland,FIN,1995,0.5172949,37069.63,5107919,High-income countries
Finland,FIN,1996,0.49338874,38301.51,5124715,High-income countries
Finland,FIN,1997,0.4730755,40630.92,5139927,High-income countries
Finland,FIN,1998,0.45591128,42733.445,5153545,High-income countries
Finland,FIN,1999,0.44106266,44505.71,5165516,High-income countries
Finland,FIN,2000,0.42803058,46968.84,5176197,High-income countries
Finland,FIN,2001,0.41661406,48099.3,5187970,High-income countries
Finland,FIN,2002,0.40635052,48792.49,5200548,High-income countries
Finland,FIN,2003,0.39665413,49655.547,5212958,High-income countries
Finland,FIN,2004,0.38648048,51494.707,5228147,High-income countries
Finland,FIN,2005,0.37474388,52744.047,5246078,High-income countries
Finland,FIN,2006,0.36135042,54653.98,5266248,High-income countries
Finland,FIN,2007,0.3467936,57313.293,5288715,High-income countries
Finland,FIN,2008,0.33174932,57494.586,5313379,High-income countries
Finland,FIN,2009,0.31671277,52599.15,5338854,High-income countries
Finland,FIN,2010,0.30218866,54017.945,5363347,High-income countries
Finland,FIN,2011,0.28848788,55053.39,5388236,High-income countries
Finland,FIN,2012,0.27601582,53957.668,5413978,High-income countries
Finland,FIN,2013,0.2649125,53183.43,5439057,High-income countries
Finland,FIN,2014,0.25558764,52710.734,5461686,High-income countries
Finland,FIN,2015,0.24834378,52782.49,5479719,High-income countries
Finland,FIN,2016,0.24289234,53984.633,5495468,High-income countries
Finland,FIN,2017,0.23894083,55637.227,5508398,High-income countries
Finland,FIN,2018,0.23600781,56226.336,5515730,High-income countries
Finland,FIN,2019,0.23397154,56922.49,5521754,High-income countries
Finland,FIN,2020,0.23242284,55424.86,5529616,High-income countries
Finland,FIN,2021,0.23132338,56790.375,5541069,High-income countries
Finland,FIN,2022,0.23041263,57068.305,5569300,High-income countries
Finland,FIN,2023,0.2293469,56250.88,5601185,High-income countries
Finland,FIN,2024,,56123.15,5601185,High-income countries
France,FRA,1949,6.1185865,,41598134,High-income countries
France,FRA,1950,5.713051,,41883122,High-income countries
France,FRA,1951,5.332821,,42333662,High-income countries
France,FRA,1952,4.972912,,42780274,High-income countries
France,FRA,1953,4.6312323,,43227873,High-income countries
France,FRA,1954,4.311909,,43676898,High-income countries
France,FRA,1955,4.014242,,44136093,High-income countries
France,FRA,1956,3.7389417,,44588525,High-income countries
France,FRA,1957,3.4811277,,45036374,High-income countries
France,FRA,1958,3.2440987,,45493502,High-income countries
France,FRA,1959,3.0331244,,45963766,High-income countries
France,FRA,1960,2.853944,,46428136,High-income countries
France,FRA,1961,2.701705,,46893841,High-income countries
France,FRA,1962,2.5672638,,47352626,High-income countries
France,FRA,1963,2.4457061,,47817823,High-income countries
France,FRA,1964,2.335472,,48319087,High-income countries
France,FRA,1965,2.235429,,48772824,High-income countries
France,FRA,1966,2.144653,,49184651,High-income countries
France,FRA,1967,2.0624826,,49574907,High-income countries
France,FRA,1968,1.9851856,,49947252,High-income countries
France,FRA,1969,1.9065261,,50355300,High-income countries
France,FRA,1970,1.8223002,,50813071,High-income countries
France,FRA,1971,1.7379594,,51293056,High-income countries
France,FRA,1972,1.6618143,,51743877,High-income countries
France,FRA,1973,1.5980294,,52162210,High-income countries
France,FRA,1974,1.5433955,,52504744,High-income countries
France,FRA,1975,1.4931523,,52746324,High-income countries
France,FRA,1976,1.4436098,,52959120,High-income countries
France,FRA,1977,1.3916266,,53197133,High-income countries
France,FRA,1978,1.3367603,,53429668,High-income countries
France,FRA,1979,1.2832645,,53660898,High-income countries
France,FRA,1980,1.2352668,,53941061,High-income countries
France,FRA,1981,1.191708,,54255004,High-income countries
France,FRA,1982,1.1500056,,54582405,High-income countries
France,FRA,1983,1.1086975,,54889407,High-income countries
France,FRA,1984,1.0701667,,55176626,High-income countries
France,FRA,1985,1.0364155,,55467153,High-income countries
France,FRA,1986,1.0072572,,55752833,High-income countries
France,FRA,1987,0.981581,,56048366,High-income countries
France,FRA,1988,0.95725906,,56361846,High-income countries
France,FRA,1989,0.9304576,,56685081,High-income countries
France,FRA,1990,0.89760774,38655.887,56990239,High-income countries
France,FRA,1991,0.8570524,38937.953,57271564,High-income countries
France,FRA,1992,0.8081437,39331.902,57554867,High-income countries
France,FRA,1993,0.75350034,39020.613,57801261,High-income countries
France,FRA,1994,0.6997654,39801.39,57999868,High-income countries
France,FRA,1995,0.6521367,40570.72,58192207,High-income countries
France,FRA,1996,0.613463,40990.74,58380638,High-income countries
France,FRA,1997,0.58470607,41876.934,58568662,High-income countries
France,FRA,1998,0.5650883,43162.543,58778817,High-income countries
France,FRA,1999,0.550732,44400.137,59084209,High-income countries
France,FRA,2000,0.53791845,45922.48,59483716,High-income countries
France,FRA,2001,0.5246097,46454.87,59905131,High-income countries
France,FRA,2002,0.50947684,46610.78,60327247,High-income countries
France,FRA,2003,0.4928393,46730.977,60741119,High-income countries
France,FRA,2004,0.47657615,47720.44,61175244,High-income countries
France,FRA,2005,0.46313304,48257.465,61625031,High-income countries
France,FRA,2006,0.45247793,49223.246,62049831,High-income countries
France,FRA,2007,0.4437656,50157.785,62432438,High-income countries
France,FRA,2008,0.4360171,50068.297,62780187,High-income countries
France,FRA,2009,0.4288172,48404.965,63106460,High-income countries
France,FRA,2010,0.4216479,49130.42,63417366,High-income countries
France,FRA,2011,0.41538525,50085.684,63733776,High-income countries
France,FRA,2012,0.411703,49935.625,64058465,High-income countries
France,FRA,2013,0.41133612,50066.53,64387736,High-income countries
France,FRA,2014,0.41341028,50326.566,64692495,High-income countries
France,FRA,2015,0.4167797,50682.895,64916337,High-income countries
France,FRA,2016,0.4203646,50984.074,65086853,High-income countries
France,FRA,2017,0.42281428,51895.566,65284775,High-income countries
France,FRA,2018,0.42358038,52560.953,65519537,High-income countries
France,FRA,2019,0.4238085,53448.555,65729460,High-income countries
France,FRA,2020,0.42449665,49311.332,65905273,High-income countries
France,FRA,2021,0.4260713,52517.336,66083547,High-income countries
France,FRA,2022,0.42881042,53673.812,66277412,High-income countries
France,FRA,2023,0.43214643,54296.723,66438828,High-income countries
France,FRA,2024,,54799.348,66438828,High-income countries
Gabon,GAB,1944,35.970253,,433196,Upper-middle-income countries
Gabon,GAB,1945,34.921757,,440127,Upper-middle-income countries
Gabon,GAB,1946,33.854343,,447169,Upper-middle-income countries
Gabon,GAB,1947,32.848297,,454323,Upper-middle-income countries
Gabon,GAB,1948,31.891878,,461593,Upper-middle-income countries
Gabon,GAB,1949,30.981625,,467794,Upper-middle-income countries
Gabon,GAB,1950,30.085217,,472843,Upper-middle-income countries
Gabon,GAB,1951,29.188114,,475640,Upper-middle-income countries
Gabon,GAB,1952,28.32563,,478588,Upper-middle-income countries
Gabon,GAB,1953,27.442423,,481760,Upper-middle-income countries
Gabon,GAB,1954,26.605194,,485163,Upper-middle-income countries
Gabon,GAB,1955,25.78013,,488818,Upper-middle-income countries
Gabon,GAB,1956,24.945257,,492790,Upper-middle-income countries
Gabon,GAB,1957,24.130716,,497074,Upper-middle-income countries
Gabon,GAB,1958,23.340996,,501738,Upper-middle-income countries
Gabon,GAB,1959,22.589714,,506813,Upper-middle-income countries
Gabon,GAB,1960,21.869453,,512324,Upper-middle-income countries
Gabon,GAB,1961,21.155993,,518275,Upper-middle-income countries
Gabon,GAB,1962,20.488203,,524656,Upper-middle-income countries
Gabon,GAB,1963,19.83084,,531459,Upper-middle-income countries
Gabon,GAB,1964,19.175737,,538665,Upper-middle-income countries
Gabon,GAB,1965,18.554184,,546320,Upper-middle-income countries
Gabon,GAB,1966,17.94285,,554471,Upper-middle-income countries
Gabon,GAB,1967,17.350859,,563114,Upper-middle-income countries
Gabon,GAB,1968,16.783792,,572267,Upper-middle-income countries
Gabon,GAB,1969,16.23595,,583284,Upper-middle-income countries
Gabon,GAB,1970,15.693826,,595856,Upper-middle-income countries
Gabon,GAB,1971,15.164525,,608355,Upper-middle-income countries
Gabon,GAB,1972,14.654323,,620968,Upper-middle-income countries
Gabon,GAB,1973,14.176026,,634003,Upper-middle-income countries
Gabon,GAB,1974,13.710052,,647699,Upper-middle-income countries
Gabon,GAB,1975,13.248916,,662205,Upper-middle-income countries
Gabon,GAB,1976,12.811962,,677631,Upper-middle-income countries
Gabon,GAB,1977,12.381806,,693994,Upper-middle-income countries
Gabon,GAB,1978,11.962371,,711250,Upper-middle-income countries
Gabon,GAB,1979,11.555532,,729380,Upper-middle-income countries
Gabon,GAB,1980,11.169714,,748395,Upper-middle-income countries
Gabon,GAB,1981,10.800633,,768394,Upper-middle-income countries
Gabon,GAB,1982,10.448344,,789291,Upper-middle-income countries
Gabon,GAB,1983,10.11632,,811007,Upper-middle-income countries
Gabon,GAB,1984,9.8084345,,833501,Upper-middle-income countries
Gabon,GAB,1985,9.519989,,856737,Upper-middle-income countries
Gabon,GAB,1986,9.259905,,880706,Upper-middle-income countries
Gabon,GAB,1987,9.027538,,905481,Upper-middle-income countries
Gabon,GAB,1988,8.819196,,931023,Upper-middle-income countries
Gabon,GAB,1989,8.642474,,957147,Upper-middle-income countries
Gabon,GAB,1990,8.485579,23884.81,983740,Upper-middle-income countries
Gabon,GAB,1991,8.351821,24665.68,1010821,Upper-middle-income countries
Gabon,GAB,1992,8.239836,23268.998,1038386,Upper-middle-income countries
Gabon,GAB,1993,8.144798,23551.682,1066404,Upper-middle-income countries
Gabon,GAB,1994,8.05602,23794.314,1094724,Upper-middle-income countries
Gabon,GAB,1995,7.9774003,24344.186,1123212,Upper-middle-income countries
Gabon,GAB,1996,7.886609,24595.973,1152018,Upper-middle-income countries
Gabon,GAB,1997,7.7897024,25359.66,1181445,Upper-middle-income countries
Gabon,GAB,1998,7.6703644,25585.508,1211744,Upper-middle-income countries
Gabon,GAB,1999,7.528577,22713.715,1243023,Upper-middle-income countries
Gabon,GAB,2000,7.3693047,21717.225,1275578,Upper-middle-income countries
Gabon,GAB,2001,7.1928577,21604.781,1309594,Upper-middle-income countries
Gabon,GAB,2002,7.0090857,20981.48,1345142,Upper-middle-income countries
Gabon,GAB,2003,6.8072567,20875.455,1382354,Upper-middle-income countries
Gabon,GAB,2004,6.597961,20438.932,1421620,Upper-middle-income countries
Gabon,GAB,2005,6.3923283,20385.29,1463503,Upper-middle-income countries
Gabon,GAB,2006,6.207391,19224.127,1508338,Upper-middle-income countries
Gabon,GAB,2007,5.9857235,19751.877,1556242,Upper-middle-income countries
Gabon,GAB,2008,5.7738533,18493.092,1607182,Upper-middle-income countries
Gabon,GAB,2009,5.572669,17911.146,1661567,Upper-middle-income countries
Gabon,GAB,2010,5.3491282,18530.576,1719883,Upper-middle-income countries
Gabon,GAB,2011,5.1411076,19153.088,1781987,Upper-middle-income countries
Gabon,GAB,2012,4.935714,19450.402,1846893,Upper-middle-income countries
Gabon,GAB,2013,4.725379,19836.455,1913061,Upper-middle-income countries
Gabon,GAB,2014,4.567887,20008.99,1978400,Upper-middle-income countries
Gabon,GAB,2015,4.423831,20147.71,2040990,Upper-middle-income countries
Gabon,GAB,2016,4.2433844,19988.176,2100310,Upper-middle-income countries
Gabon,GAB,2017,4.1006227,19555.707,2156902,Upper-middle-income countries
Gabon,GAB,2018,3.956007,19225.598,2212320,Upper-middle-income countries
Gabon,GAB,2019,3.7992187,19491.406,2267711,Upper-middle-income countries
Gabon,GAB,2020,3.6198354,18681.484,2322538,Upper-middle-income countries
Gabon,GAB,2021,3.5152726,18523.58,2376729,Upper-middle-income countries
Gabon,GAB,2022,3.4140816,18662.049,2430750,Upper-middle-income countries
Gabon,GAB,2023,3.3211322,18701.422,2484790,Upper-middle-income countries
Gabon,GAB,2024,,18923.662,2484790,Upper-middle-income countries
Gambia,GMB,1956,39.17908,,358040,Low-income countries
Gambia,GMB,1957,38.38283,,367552,Low-income countries
Gambia,GMB,1958,37.635204,,377378,Low-income countries
Gambia,GMB,1959,36.896126,,387547,Low-income countries
Gambia,GMB,1960,36.169567,,398071,Low-income countries
Gambia,GMB,1961,35.47682,,408937,Low-income countries
Gambia,GMB,1962,34.757847,,420171,Low-income countries
Gambia,GMB,1963,34.0952,,431766,Low-income countries
Gambia,GMB,1964,33.448017,,443693,Low-income countries
Gambia,GMB,1965,32.781696,,455960,Low-income countries
Gambia,GMB,1966,32.133297,,468524,Low-income countries
Gambia,GMB,1967,31.484262,,481598,Low-income countries
Gambia,GMB,1968,30.852217,,495278,Low-income countries
Gambia,GMB,1969,30.196764,,509443,Low-income countries
Gambia,GMB,1970,29.539377,,524115,Low-income countries
Gambia,GMB,1971,28.87135,,539394,Low-income countries
Gambia,GMB,1972,28.188215,,555380,Low-income countries
Gambia,GMB,1973,27.5218,,572006,Low-income countries
Gambia,GMB,1974,26.849468,,589093,Low-income countries
Gambia,GMB,1975,26.175842,,606829,Low-income countries
Gambia,GMB,1976,25.505527,,625678,Low-income countries
Gambia,GMB,1977,24.86128,,645781,Low-income countries
Gambia,GMB,1978,24.223549,,667107,Low-income countries
Gambia,GMB,1979,23.583807,,689783,Low-income countries
Gambia,GMB,1980,22.947721,,713921,Low-income countries
Gambia,GMB,1981,22.303278,,739132,Low-income countries
Gambia,GMB,1982,21.65035,,765759,Low-income countries
Gambia,GMB,1983,21.008945,,794528,Low-income countries
Gambia,GMB,1984,20.355955,,825634,Low-income countries
Gambia,GMB,1985,19.699371,,858879,Low-income countries
Gambia,GMB,1986,19.049488,,894019,Low-income countries
Gambia,GMB,1987,18.405796,,931102,Low-income countries
Gambia,GMB,1988,17.781197,,970162,Low-income countries
Gambia,GMB,1989,17.188683,,1011367,Low-income countries
Gambia,GMB,1990,16.61022,2653.783,1054703,Low-income countries
Gambia,GMB,1991,16.04463,2623.6416,1099960,Low-income countries
Gambia,GMB,1992,15.481937,2604.269,1145583,Low-income countries
Gambia,GMB,1993,14.931652,2586.1304,1188372,Low-income countries
Gambia,GMB,1994,14.384661,2508.104,1227233,Low-income countries
Gambia,GMB,1995,13.845311,2456.0007,1264320,Low-income countries
Gambia,GMB,1996,13.309804,2439.0454,1301421,Low-income countries
Gambia,GMB,1997,12.786165,2486.938,1338898,Low-income countries
Gambia,GMB,1998,12.27713,2502.765,1376994,Low-income countries
Gambia,GMB,1999,11.785828,2589.9778,1415786,Low-income countries
Gambia,GMB,2000,11.307723,2658.6177,1455095,Low-income countries
Gambia,GMB,2001,10.845196,2737.696,1495023,Low-income countries
Gambia,GMB,2002,10.391249,2578.5571,1535700,Low-income countries
Gambia,GMB,2003,9.948012,2682.48,1577619,Low-income countries
Gambia,GMB,2004,9.521644,2794.1936,1621309,Low-income countries
Gambia,GMB,2005,9.109559,2653.6423,1667035,Low-income countries
Gambia,GMB,2006,8.709767,2564.6865,1715285,Low-income countries
Gambia,GMB,2007,8.333894,2567.1572,1765778,Low-income countries
Gambia,GMB,2008,7.9765973,2649.611,1817859,Low-income countries
Gambia,GMB,2009,7.6393676,2745.3254,1871428,Low-income countries
Gambia,GMB,2010,7.312033,2824.2126,1926634,Low-income countries
Gambia,GMB,2011,7.0114555,2519.8398,1983785,Low-income countries
Gambia,GMB,2012,6.7256665,2574.935,2043097,Low-income countries
Gambia,GMB,2013,6.445786,2572.4473,2103825,Low-income countries
Gambia,GMB,2014,6.183956,2465.1096,2164535,Low-income countries
Gambia,GMB,2015,5.933403,2495.9575,2224530,Low-income countries
Gambia,GMB,2016,5.6959496,2478.4604,2283775,Low-income countries
Gambia,GMB,2017,5.474858,2533.1868,2342191,Low-income countries
Gambia,GMB,2018,5.270065,2651.4329,2399633,Low-income countries
Gambia,GMB,2019,5.0742435,2750.8213,2456847,Low-income countries
Gambia,GMB,2020,4.8941536,2702.319,2515744,Low-income countries
Gambia,GMB,2021,4.721972,2777.7961,2576015,Low-income countries
Gambia,GMB,2022,4.559621,2863.1804,2636472,Low-income countries
Gambia,GMB,2023,4.408101,2963.5986,2697846,Low-income countries
Gambia,GMB,2024,,3057.684,2697846,Low-income countries
Georgia,GEO,1975,7.120203,,4979408,Upper-middle-income countries
Georgia,GEO,1976,6.8639426,,5015923,Upper-middle-income countries
Georgia,GEO,1977,6.613537,,5053556,Upper-middle-income countries
Georgia,GEO,1978,6.364598,,5091795,Upper-middle-income countries
Georgia,GEO,1979,6.1337996,,5128680,Upper-middle-income countries
Georgia,GEO,1980,5.9002213,,5165546,Upper-middle-income countries
Georgia,GEO,1981,5.692793,,5205035,Upper-middle-income countries
Georgia,GEO,1982,5.4888477,,5246476,Upper-middle-income countries
Georgia,GEO,1983,5.312202,,5290185,Upper-middle-income countries
Georgia,GEO,1984,5.160806,,5334255,Upper-middle-income countries
Georgia,GEO,1985,5.0379024,,5376897,Upper-middle-income countries
Georgia,GEO,1986,4.9430075,,5419131,Upper-middle-income countries
Georgia,GEO,1987,4.8700557,,5461017,Upper-middle-income countries
Georgia,GEO,1988,4.8193083,,5500241,Upper-middle-income countries
Georgia,GEO,1989,4.7805886,,5499644,Upper-middle-income countries
Georgia,GEO,1990,4.7493463,12917.095,5448865,Upper-middle-income countries
Georgia,GEO,1991,4.7202053,10120.163,5379509,Upper-middle-income countries
Georgia,GEO,1992,4.6775126,5533.211,5294186,Upper-middle-income countries
Georgia,GEO,1993,4.6277375,3882.0203,5178784,Upper-middle-income countries
Georgia,GEO,1994,4.556673,3532.32,5046267,Upper-middle-income countries
Georgia,GEO,1995,4.4734015,3762.8115,4925742,Upper-middle-income countries
Georgia,GEO,1996,4.363817,4339.005,4812774,Upper-middle-income countries
Georgia,GEO,1997,4.2249684,4951.813,4695359,Upper-middle-income countries
Georgia,GEO,1998,4.0519795,5233.2886,4576447,Upper-middle-income countries
Georgia,GEO,1999,3.8501468,5495.245,4455581,Upper-middle-income countries
Georgia,GEO,2000,3.6281307,5706.2725,4328361,Upper-middle-income countries
Georgia,GEO,2001,3.3859897,6074.0864,4209641,Upper-middle-income countries
Georgia,GEO,2002,3.13087,6464.325,4127854,Upper-middle-income countries
Georgia,GEO,2003,2.866265,7227.737,4085489,Upper-middle-income countries
Georgia,GEO,2004,2.6041782,7693.915,4056076,Upper-middle-income countries
Georgia,GEO,2005,2.3516273,8485.587,4026135,Upper-middle-income countries
Georgia,GEO,2006,2.116377,9337.989,3996584,Upper-middle-income countries
Georgia,GEO,2007,1.9035125,10567.274,3967592,Upper-middle-income countries
Georgia,GEO,2008,1.7156459,10856.104,3941192,Upper-middle-income countries
Georgia,GEO,2009,1.5524865,10553.09,3918935,Upper-middle-income countries
Georgia,GEO,2010,1.4145793,11294.368,3895932,Upper-middle-income countries
Georgia,GEO,2011,1.3021533,12288.683,3868724,Upper-middle-income countries
Georgia,GEO,2012,1.2119509,13193.96,3839208,Upper-middle-income countries
Georgia,GEO,2013,1.1423934,13913.002,3809128,Upper-middle-income countries
Georgia,GEO,2014,1.0895852,14475.313,3792921,Upper-middle-income countries
Georgia,GEO,2015,1.0511658,14936.844,3791570,Upper-middle-income countries
Georgia,GEO,2016,1.0222102,15442.956,3792061,Upper-middle-income countries
Georgia,GEO,2017,1.0015013,16237.624,3792860,Upper-middle-income countries
Georgia,GEO,2018,0.9842462,17228.68,3794881,Upper-middle-income countries
Georgia,GEO,2019,0.9694256,18186.88,3796722,Upper-middle-income countries
Georgia,GEO,2020,0.95723534,17031.145,3795680,Upper-middle-income countries
Georgia,GEO,2021,0.94638616,18915.654,3788450,Upper-middle-income countries
Georgia,GEO,2022,0.9334162,20966.527,3794782,Upper-middle-income countries
Georgia,GEO,2023,0.91663367,22590.53,3807494,Upper-middle-income countries
Georgia,GEO,2024,,24883.908,3807494,Upper-middle-income countries
Germany,DEU,1968,2.714541,,77321280,High-income countries
Germany,DEU,1969,2.638982,,77944022,High-income countries
Germany,DEU,1970,2.565046,,78205103,High-income countries
Germany,DEU,1971,2.486786,,78345876,High-income countries
Germany,DEU,1972,2.4015307,,78719924,High-income countries
Germany,DEU,1973,2.306548,,78966975,High-income countries
Germany,DEU,1974,2.1999454,,78996691,High-income countries
Germany,DEU,1975,2.0802705,,78701861,High-income countries
Germany,DEU,1976,1.9546695,,78364503,High-income countries
Germany,DEU,1977,1.8301642,,78185560,High-income countries
Germany,DEU,1978,1.712184,,78115357,High-income countries
Germany,DEU,1979,1.6022398,,78147898,High-income countries
Germany,DEU,1980,1.5003572,,78315373,High-income countries
Germany,DEU,1981,1.4070466,,78448044,High-income countries
Germany,DEU,1982,1.3221906,,78393670,High-income countries
Germany,DEU,1983,1.2453632,,78224137,High-income countries
Germany,DEU,1984,1.1764529,,77998197,High-income countries
Germany,DEU,1985,1.1147078,,77863423,High-income countries
Germany,DEU,1986,1.0583742,,77923806,High-income countries
Germany,DEU,1987,1.0052502,,78062321,High-income countries
Germany,DEU,1988,0.95380014,,78385992,High-income countries
Germany,DEU,1989,0.9031128,,79007062,High-income countries
Germany,DEU,1990,0.8530954,42287.652,79707963,High-income countries
Germany,DEU,1991,0.80447036,44125.145,80303190,High-income countries
Germany,DEU,1992,0.7588348,44672.69,80934901,High-income countries
Germany,DEU,1993,0.7168462,43948.15,81486771,High-income countries
Germany,DEU,1994,0.6792098,44933.293,81773613,High-income countries
Germany,DEU,1995,0.64606184,45475.688,82019890,High-income countries
Germany,DEU,1996,0.6171456,45814.85,82263195,High-income countries
Germany,DEU,1997,0.59189904,46596.18,82389631,High-income countries
Germany,DEU,1998,0.57012635,47565.453,82011933,High-income countries
Germany,DEU,1999,0.55141443,48547.004,81678279,High-income countries
Germany,DEU,2000,0.5354972,49875.875,81797255,High-income countries
Germany,DEU,2001,0.52168953,50606.71,81933882,High-income countries
Germany,DEU,2002,0.50910586,50406.38,82068328,High-income countries
Germany,DEU,2003,0.4969669,50111.574,82111619,High-income countries
Germany,DEU,2004,0.48499757,50704.92,82092706,High-income countries
Germany,DEU,2005,0.4728552,51182.96,82046733,High-income countries
Germany,DEU,2006,0.46066582,53222.04,81701971,High-income countries
Germany,DEU,2007,0.44866338,54832.96,81298546,High-income countries
Germany,DEU,2008,0.43722028,55425.11,81110780,High-income countries
Germany,DEU,2009,0.4267661,52484.855,80935276,High-income countries
Germany,DEU,2010,0.41752064,54738.707,80830916,High-income countries
Germany,DEU,2011,0.40975848,57858.42,80857877,High-income countries
Germany,DEU,2012,0.4035849,58017.586,80916391,High-income countries
Germany,DEU,2013,0.3988672,58089.17,81041581,High-income countries
Germany,DEU,2014,0.39513105,59108.7,81376078,High-income countries
Germany,DEU,2015,0.39202365,59573.707,82077546,High-income countries
Germany,DEU,2016,0.3886976,60407.973,82760102,High-income countries
Germany,DEU,2017,0.3845469,61866.49,83104010,High-income countries
Germany,DEU,2018,0.37939146,62381.348,83368507,High-income countries
Germany,DEU,2019,0.37413344,62849.375,83559184,High-income countries
Germany,DEU,2020,0.36987093,60203.29,83628711,High-income countries
Germany,DEU,2021,0.3669599,62530.766,83697080,High-income countries
Germany,DEU,2022,0.36544237,63676.086,84086227,High-income countries
Germany,DEU,2023,0.36501372,63039.37,84548233,High-income countries
Germany,DEU,2024,,62554.555,84548233,High-income countries
Ghana,GHA,1932,36.64314,,3770090,Lower-middle-income countries
Ghana,GHA,1933,35.98897,,3822871,Lower-middle-income countries
Ghana,GHA,1934,35.318,,3876392,Lower-middle-income countries
Ghana,GHA,1935,34.61707,,3930661,Lower-middle-income countries
Ghana,GHA,1936,33.957764,,3985690,Lower-middle-income countries
Ghana,GHA,1937,33.308872,,4041490,Lower-middle-income countries
Ghana,GHA,1938,32.68721,,4098071,Lower-middle-income countries
Ghana,GHA,1939,32.045277,,4158814,Lower-middle-income countries
Ghana,GHA,1940,31.373352,,4223839,Lower-middle-income countries
Ghana,GHA,1941,30.685366,,4293266,Lower-middle-income countries
Ghana,GHA,1942,30.016232,,4367222,Lower-middle-income countries
Ghana,GHA,1943,29.398417,,4445832,Lower-middle-income countries
Ghana,GHA,1944,28.773827,,4525856,Lower-middle-income countries
Ghana,GHA,1945,28.18817,,4607322,Lower-middle-income countries
Ghana,GHA,1946,27.608583,,4690254,Lower-middle-income countries
Ghana,GHA,1947,27.043459,,4774678,Lower-middle-income countries
Ghana,GHA,1948,26.481005,,4860622,Lower-middle-income countries
Ghana,GHA,1949,25.886734,,4961368,Lower-middle-income countries
Ghana,GHA,1950,25.302614,,5080664,Lower-middle-income countries
Ghana,GHA,1951,24.734293,,5229134,Lower-middle-income countries
Ghana,GHA,1952,24.174349,,5387494,Lower-middle-income countries
Ghana,GHA,1953,23.650953,,5553969,Lower-middle-income countries
Ghana,GHA,1954,23.15147,,5729430,Lower-middle-income countries
Ghana,GHA,1955,22.667221,,5914933,Lower-middle-income countries
Ghana,GHA,1956,22.226732,,6109604,Lower-middle-income countries
Ghana,GHA,1957,21.86169,,6312498,Lower-middle-income countries
Ghana,GHA,1958,21.512981,,6520157,Lower-middle-income countries
Ghana,GHA,1959,21.200832,,6735545,Lower-middle-income countries
Ghana,GHA,1960,20.92229,,6961216,Lower-middle-income countries
Ghana,GHA,1961,20.704695,,7162672,Lower-middle-income countries
Ghana,GHA,1962,20.528774,,7337378,Lower-middle-income countries
Ghana,GHA,1963,20.393583,,7514721,Lower-middle-income countries
Ghana,GHA,1964,20.310555,,7695744,Lower-middle-income countries
Ghana,GHA,1965,20.26546,,7882609,Lower-middle-income countries
Ghana,GHA,1966,20.2563,,8074529,Lower-middle-income countries
Ghana,GHA,1967,20.266716,,8271924,Lower-middle-income countries
Ghana,GHA,1968,20.289816,,8475734,Lower-middle-income countries
Ghana,GHA,1969,20.273502,,8690384,Lower-middle-income countries
Ghana,GHA,1970,20.230352,,8925813,Lower-middle-income countries
Ghana,GHA,1971,20.110067,,9176264,Lower-middle-income countries
Ghana,GHA,1972,19.897207,,9438189,Lower-middle-income countries
Ghana,GHA,1973,19.587912,,9714615,Lower-middle-income countries
Ghana,GHA,1974,19.175863,,10000528,Lower-middle-income countries
Ghana,GHA,1975,18.674482,,10294312,Lower-middle-income countries
Ghana,GHA,1976,18.146599,,10594918,Lower-middle-income countries
Ghana,GHA,1977,17.65153,,10911869,Lower-middle-income countries
Ghana,GHA,1978,17.225307,,11248453,Lower-middle-income countries
Ghana,GHA,1979,16.910034,,11597251,Lower-middle-income countries
Ghana,GHA,1980,16.698893,,11941451,Lower-middle-income countries
Ghana,GHA,1981,16.545958,,12281722,Lower-middle-income countries
Ghana,GHA,1982,16.38968,,12643820,Lower-middle-income countries
Ghana,GHA,1983,16.194016,,13029841,Lower-middle-income countries
Ghana,GHA,1984,15.904388,,13370591,Lower-middle-income countries
Ghana,GHA,1985,15.505774,,13661237,Lower-middle-income countries
Ghana,GHA,1986,14.998728,,13965221,Lower-middle-income countries
Ghana,GHA,1987,14.431852,,14289110,Lower-middle-income countries
Ghana,GHA,1988,13.831493,,14636577,Lower-middle-income countries
Ghana,GHA,1989,13.261546,,15006814,Lower-middle-income countries
Ghana,GHA,1990,12.748444,2785.6711,15394650,Lower-middle-income countries
Ghana,GHA,1991,12.332254,2859.827,15787495,Lower-middle-income countries
Ghana,GHA,1992,12.010171,2897.8354,16184863,Lower-middle-income countries
Ghana,GHA,1993,11.774158,2964.266,16589521,Lower-middle-income countries
Ghana,GHA,1994,11.600755,2989.3474,16993190,Lower-middle-income countries
Ghana,GHA,1995,11.449475,3039.6887,17399023,Lower-middle-income countries
Ghana,GHA,1996,11.286594,3106.1855,17810184,Lower-middle-income countries
Ghana,GHA,1997,11.059064,3160.445,18238961,Lower-middle-income countries
Ghana,GHA,1998,10.765791,3229.4822,18688041,Lower-middle-income countries
Ghana,GHA,1999,10.414138,3290.2686,19149875,Lower-middle-income countries
Ghana,GHA,2000,10.016739,3327.352,19637085,Lower-middle-income countries
Ghana,GHA,2001,9.605454,3369.507,20167073,Lower-middle-income countries
Ghana,GHA,2002,9.214511,3425.6182,20729392,Lower-middle-income countries
Ghana,GHA,2003,8.851172,3507.751,21296710,Lower-middle-income countries
Ghana,GHA,2004,8.520606,3607.3652,21868298,Lower-middle-income countries
Ghana,GHA,2005,8.221465,3721.3079,22449446,Lower-middle-income countries
Ghana,GHA,2006,7.9291153,3857.8616,23040704,Lower-middle-income countries
Ghana,GHA,2007,7.6288276,3923.1257,23642284,Lower-middle-income countries
Ghana,GHA,2008,7.314558,4174.7812,24249945,Lower-middle-income countries
Ghana,GHA,2009,6.988125,4269.16,24862667,Lower-middle-income countries
Ghana,GHA,2010,6.6531706,4495.689,25475000,Lower-middle-income countries
Ghana,GHA,2011,6.3275948,5005.367,26095091,Lower-middle-income countries
Ghana,GHA,2012,6.0222745,5339.7134,26734273,Lower-middle-income countries
Ghana,GHA,2013,5.7393208,5593.775,27386193,Lower-middle-income countries
Ghana,GHA,2014,5.4844923,5619.0723,28041592,Lower-middle-income countries
Ghana,GHA,2015,5.2498546,5607.366,28696071,Lower-middle-income countries
Ghana,GHA,2016,5.022287,5666.078,29356736,Lower-middle-income countries
Ghana,GHA,2017,4.8089666,5993.631,30008364,Lower-middle-income countries
Ghana,GHA,2018,4.599851,6234.512,30637592,Lower-middle-income countries
Ghana,GHA,2019,4.392218,6508.2466,31258943,Lower-middle-income countries
Ghana,GHA,2020,4.1990833,6412.6855,31887802,Lower-middle-income countries
Ghana,GHA,2021,4.020493,6607.503,32518662,Lower-middle-income countries
Ghana,GHA,2022,3.8548727,6728.454,33149152,Lower-middle-income countries
Ghana,GHA,2023,3.7064004,6808.5376,33787916,Lower-middle-income countries
Ghana,GHA,2024,,7055.625,33787916,Lower-middle-income countries
Greece,GRC,1951,5.782286,,7712877,High-income countries
Greece,GRC,1952,5.597911,,7775541,High-income countries
Greece,GRC,1953,5.425908,,7841269,High-income countries
Greece,GRC,1954,5.2680445,,7910864,High-income countries
Greece,GRC,1955,5.130749,,7984712,High-income countries
Greece,GRC,1956,5.022246,,8060991,High-income countries
Greece,GRC,1957,4.9233785,,8136981,High-income countries
Greece,GRC,1958,4.8235025,,8214992,High-income countries
Greece,GRC,1959,4.72125,,8297715,High-income countries
Greece,GRC,1960,4.618071,,8384484,High-income countries
Greece,GRC,1961,4.512042,,8447008,High-income countries
Greece,GRC,1962,4.392572,,8473374,High-income countries
Greece,GRC,1963,4.2516823,,8488371,High-income countries
Greece,GRC,1964,4.104266,,8504000,High-income countries
Greece,GRC,1965,3.973648,,8521368,High-income countries
Greece,GRC,1966,3.8618243,,8579991,High-income countries
Greece,GRC,1967,3.7283046,,8655153,High-income countries
Greece,GRC,1968,3.5432875,,8717916,High-income countries
Greece,GRC,1969,3.3284376,,8747069,High-income countries
Greece,GRC,1970,3.126734,,8747778,High-income countries
Greece,GRC,1971,2.9614432,,8787031,High-income countries
Greece,GRC,1972,2.838751,,8849379,High-income countries
Greece,GRC,1973,2.7587798,,8893404,High-income countries
Greece,GRC,1974,2.6972516,,8929111,High-income countries
Greece,GRC,1975,2.6192553,,9016969,High-income countries
Greece,GRC,1976,2.50846,,9160211,High-income countries
Greece,GRC,1977,2.3758218,,9282025,High-income countries
Greece,GRC,1978,2.235258,,9389966,High-income countries
Greece,GRC,1979,2.0937397,,9526008,High-income countries
Greece,GRC,1980,1.9560316,,9653419,High-income countries
Greece,GRC,1981,1.8262941,,9754398,High-income countries
Greece,GRC,1982,1.7128949,,9837470,High-income countries
Greece,GRC,1983,1.6207869,,9911493,High-income countries
Greece,GRC,1984,1.5397921,,9978779,High-income countries
Greece,GRC,1985,1.4566218,,10037038,High-income countries
Greece,GRC,1986,1.3664974,,10088766,High-income countries
Greece,GRC,1987,1.274897,,10134533,High-income countries
Greece,GRC,1988,1.1887273,,10177007,High-income countries
Greece,GRC,1989,1.111693,,10218041,High-income countries
Greece,GRC,1990,1.045411,26916.312,10258494,High-income countries
Greece,GRC,1991,0.99111265,27419.604,10306645,High-income countries
Greece,GRC,1992,0.9470743,27401.424,10359895,High-income countries
Greece,GRC,1993,0.91079223,26804.854,10412752,High-income countries
Greece,GRC,1994,0.8785856,27204.396,10466266,High-income countries
Greece,GRC,1995,0.8459753,27646.148,10519233,High-income countries
Greece,GRC,1996,0.8102478,27905.107,10570083,High-income countries
Greece,GRC,1997,0.77105004,28768.24,10622327,High-income countries
Greece,GRC,1998,0.72893316,29592.525,10675411,High-income countries
Greece,GRC,1999,0.6850872,30263.055,10727953,High-income countries
Greece,GRC,2000,0.64089197,31386.64,10782638,High-income countries
Greece,GRC,2001,0.5977819,32675.93,10843166,High-income countries
Greece,GRC,2002,0.5569431,34081.027,10890287,High-income countries
Greece,GRC,2003,0.5196068,35970.703,10918467,High-income countries
Greece,GRC,2004,0.48617557,37811.492,10947369,High-income countries
Greece,GRC,2005,0.4567372,38146.965,10981340,High-income countries
Greece,GRC,2006,0.43217707,40483.156,11016107,High-income countries
Greece,GRC,2007,0.41336778,41796.234,11045737,High-income countries
Greece,GRC,2008,0.40141532,41709.387,11076874,High-income countries
Greece,GRC,2009,0.39561883,39886.215,11108067,High-income countries
Greece,GRC,2010,0.39456752,37566.75,11124666,High-income countries
Greece,GRC,2011,0.3976108,33906.492,11108838,High-income countries
Greece,GRC,2012,0.40400484,31250.227,11048291,High-income countries
Greece,GRC,2013,0.41361892,30762.443,10967534,High-income countries
Greece,GRC,2014,0.4238424,31213.377,10893169,High-income countries
Greece,GRC,2015,0.43035778,31347.977,10820902,High-income countries
Greece,GRC,2016,0.43126756,31468.62,10775506,High-income countries
Greece,GRC,2017,0.427245,31995.41,10753532,High-income countries
Greece,GRC,2018,0.41992795,32722.33,10730846,High-income countries
Greece,GRC,2019,0.4109204,33502.75,10718581,High-income countries
Greece,GRC,2020,0.40139127,30487.113,10699370,High-income countries
Greece,GRC,2021,0.39256954,33531.156,10579561,High-income countries
Greece,GRC,2022,0.38393727,35831.344,10412481,High-income countries
Greece,GRC,2023,0.37447113,36700.51,10242910,High-income countries
Greece,GRC,2024,,37474.28,10242910,High-income countries
Greenland,GRL,1990,,38137.57,55650,High-income countries
Greenland,GRL,1991,,38162.934,55740,High-income countries
Greenland,GRL,1992,,36343.125,55769,High-income countries
Greenland,GRL,1993,,34578.348,55780,High-income countries
Greenland,GRL,1994,,36428.914,55766,High-income countries
Greenland,GRL,1995,,37584.07,55857,High-income countries
Greenland,GRL,1996,,38090.71,56020,High-income countries
Greenland,GRL,1997,,38581.215,56115,High-income countries
Greenland,GRL,1998,,41500.23,56175,High-income countries
Greenland,GRL,1999,,42072.055,56148,High-income countries
Greenland,GRL,2000,,44991.676,56228,High-income countries
Greenland,GRL,2001,,45405.855,56433,High-income countries
Greenland,GRL,2002,,44793.27,56617,High-income countries
Greenland,GRL,2003,,46649.047,56781,High-income countries
Greenland,GRL,2004,,49742.06,56926,High-income countries
Greenland,GRL,2005,,52189,56969,High-income countries
Greenland,GRL,2006,,55243.71,56901,High-income countries
Greenland,GRL,2007,,56763.24,56807,High-income countries
Greenland,GRL,2008,,60506.195,56683,High-income countries
Greenland,GRL,2009,,61035.566,56547,High-income countries
Greenland,GRL,2010,,61863.28,56634,High-income countries
Greenland,GRL,2011,,61170.92,56853,High-income countries
Greenland,GRL,2012,,62111.1,56797,High-income countries
Greenland,GRL,2013,,61659.64,56532,High-income countries
Greenland,GRL,2014,,64799.305,56195,High-income countries
Greenland,GRL,2015,,63364.055,56048,High-income countries
Greenland,GRL,2016,,66245.73,56082,High-income countries
Greenland,GRL,2017,,66297.18,56094,High-income countries
Greenland,GRL,2018,,66887.68,56100,High-income countries
Greenland,GRL,2019,,68534.945,56109,High-income countries
Greenland,GRL,2020,,68533.734,56105,High-income countries
Greenland,GRL,2021,,69302.01,56065,High-income countries
Greenland,GRL,2022,,70681.23,56014,High-income countries
Greenland,GRL,2023,,71037.54,55951,High-income countries
Grenada,GRD,1949,15.4628,,77285,Upper-middle-income countries
Grenada,GRD,1950,14.939263,,77280,Upper-middle-income countries
Grenada,GRD,1951,14.396263,,77952,Upper-middle-income countries
Grenada,GRD,1952,13.859109,,78952,Upper-middle-income countries
Grenada,GRD,1953,13.341774,,80229,Upper-middle-income countries
Grenada,GRD,1954,12.824743,,81795,Upper-middle-income countries
Grenada,GRD,1955,12.319835,,83657,Upper-middle-income countries
Grenada,GRD,1956,11.81482,,85817,Upper-middle-income countries
Grenada,GRD,1957,11.29206,,88168,Upper-middle-income countries
Grenada,GRD,1958,10.736237,,90432,Upper-middle-income countries
Grenada,GRD,1959,10.13861,,92449,Upper-middle-income countries
Grenada,GRD,1960,9.500837,,94074,Upper-middle-income countries
Grenada,GRD,1961,8.832744,,95347,Upper-middle-income countries
Grenada,GRD,1962,8.154388,,96393,Upper-middle-income countries
Grenada,GRD,1963,7.504346,,97212,Upper-middle-income countries
Grenada,GRD,1964,6.9121914,,97772,Upper-middle-income countries
Grenada,GRD,1965,6.3932304,,98081,Upper-middle-income countries
Grenada,GRD,1966,5.9531837,,98137,Upper-middle-income countries
Grenada,GRD,1967,5.5914764,,98079,Upper-middle-income countries
Grenada,GRD,1968,5.295137,,98097,Upper-middle-income countries
Grenada,GRD,1969,5.0583086,,98220,Upper-middle-income countries
Grenada,GRD,1970,4.8676653,,98431,Upper-middle-income countries
Grenada,GRD,1971,4.709245,,98659,Upper-middle-income countries
Grenada,GRD,1972,4.583649,,98793,Upper-middle-income countries
Grenada,GRD,1973,4.4659867,,98723,Upper-middle-income countries
Grenada,GRD,1974,4.3563256,,98501,Upper-middle-income countries
Grenada,GRD,1975,4.2533507,,98144,Upper-middle-income countries
Grenada,GRD,1976,4.1450453,,97655,Upper-middle-income countries
Grenada,GRD,1977,4.027741,,97031,Upper-middle-income countries
Grenada,GRD,1978,3.9039004,,96322,Upper-middle-income countries
Grenada,GRD,1979,3.7651942,,95507,Upper-middle-income countries
Grenada,GRD,1980,3.6183324,,94554,Upper-middle-income countries
Grenada,GRD,1981,3.4612408,,94066,Upper-middle-income countries
Grenada,GRD,1982,3.3022883,,94399,Upper-middle-income countries
Grenada,GRD,1983,3.145758,,94963,Upper-middle-income countries
Grenada,GRD,1984,2.9932876,,95518,Upper-middle-income countries
Grenada,GRD,1985,2.8480055,,96124,Upper-middle-income countries
Grenada,GRD,1986,2.7097607,,96807,Upper-middle-income countries
Grenada,GRD,1987,2.5805278,,97537,Upper-middle-income countries
Grenada,GRD,1988,2.4604783,,98323,Upper-middle-income countries
Grenada,GRD,1989,2.3460727,,99133,Upper-middle-income countries
Grenada,GRD,1990,2.237528,8883.919,99973,Upper-middle-income countries
Grenada,GRD,1991,2.1349885,8932.304,100806,Upper-middle-income countries
Grenada,GRD,1992,2.0373845,8785.759,101618,Upper-middle-income countries
Grenada,GRD,1993,1.9477981,8548.039,102398,Upper-middle-income countries
Grenada,GRD,1994,1.8669832,8629.086,103150,Upper-middle-income countries
Grenada,GRD,1995,1.7944919,8750.818,103890,Upper-middle-income countries
Grenada,GRD,1996,1.7293373,9076.719,104599,Upper-middle-income countries
Grenada,GRD,1997,1.6733975,9467.777,105309,Upper-middle-income countries
Grenada,GRD,1998,1.6248722,10509.109,106023,Upper-middle-income countries
Grenada,GRD,1999,1.5844884,11158.489,106744,Upper-middle-income countries
Grenada,GRD,2000,1.5510945,11625.051,107466,Upper-middle-income countries
Grenada,GRD,2001,1.524327,11333.237,107998,Upper-middle-income countries
Grenada,GRD,2002,1.5045887,11677.703,108414,Upper-middle-income countries
Grenada,GRD,2003,1.4915472,12726.526,108895,Upper-middle-income countries
Grenada,GRD,2004,1.4853762,12593.3545,109338,Upper-middle-income countries
Grenada,GRD,2005,1.4828625,14211.843,109744,Upper-middle-income countries
Grenada,GRD,2006,1.4869246,13594.355,110149,Upper-middle-income countries
Grenada,GRD,2007,1.4972191,14376.282,110532,Upper-middle-income countries
Grenada,GRD,2008,1.5122862,14463.56,110911,Upper-middle-income countries
Grenada,GRD,2009,1.5355482,13463.58,111266,Upper-middle-income countries
Grenada,GRD,2010,1.5657878,13354.908,111600,Upper-middle-income countries
Grenada,GRD,2011,1.6015552,13397.85,112093,Upper-middle-income countries
Grenada,GRD,2012,1.6401709,13161.3955,112792,Upper-middle-income countries
Grenada,GRD,2013,1.6804256,13386.319,113499,Upper-middle-income countries
Grenada,GRD,2014,1.7193098,14287.954,114148,Upper-middle-income countries
Grenada,GRD,2015,1.7545303,15136.696,114691,Upper-middle-income countries
Grenada,GRD,2016,1.7854456,15640.827,115147,Upper-middle-income countries
Grenada,GRD,2017,1.8122329,16291.489,115448,Upper-middle-income countries
Grenada,GRD,2018,1.8337375,16964.852,115703,Upper-middle-income countries
Grenada,GRD,2019,1.852464,17036.916,115995,Upper-middle-income countries
Grenada,GRD,2020,1.8662648,14647.745,116353,Upper-middle-income countries
Grenada,GRD,2021,1.8664554,15290.251,116696,Upper-middle-income countries
Grenada,GRD,2022,1.8505348,16376.428,116928,Upper-middle-income countries
Grenada,GRD,2023,1.8265226,17093.156,117094,Upper-middle-income countries
Grenada,GRD,2024,,17751.51,117094,Upper-middle-income countries
Guatemala,GTM,1957,23.790295,,3732743,Upper-middle-income countries
Guatemala,GTM,1958,23.225662,,3837036,Upper-middle-income countries
Guatemala,GTM,1959,22.681385,,3946497,Upper-middle-income countries
Guatemala,GTM,1960,22.153675,,4063659,Upper-middle-income countries
Guatemala,GTM,1961,21.627167,,4186205,Upper-middle-income countries
Guatemala,GTM,1962,21.114319,,4312050,Upper-middle-income countries
Guatemala,GTM,1963,20.607653,,4440271,Upper-middle-income countries
Guatemala,GTM,1964,20.111887,,4571105,Upper-middle-income countries
Guatemala,GTM,1965,19.626986,,4704973,Upper-middle-income countries
Guatemala,GTM,1966,19.12306,,4840960,Upper-middle-income countries
Guatemala,GTM,1967,18.629602,,4978867,Upper-middle-income countries
Guatemala,GTM,1968,18.131905,,5118119,Upper-middle-income countries
Guatemala,GTM,1969,17.626936,,5257088,Upper-middle-income countries
Guatemala,GTM,1970,17.119976,,5396972,Upper-middle-income countries
Guatemala,GTM,1971,16.60404,,5538359,Upper-middle-income countries
Guatemala,GTM,1972,16.092915,,5682834,Upper-middle-income countries
Guatemala,GTM,1973,15.592284,,5831640,Upper-middle-income countries
Guatemala,GTM,1974,15.083514,,5981201,Upper-middle-income countries
Guatemala,GTM,1975,14.589772,,6128733,Upper-middle-income countries
Guatemala,GTM,1976,16.511744,,6262409,Upper-middle-income countries
Guatemala,GTM,1977,13.627802,,6401516,Upper-middle-income countries
Guatemala,GTM,1978,13.155404,,6561540,Upper-middle-income countries
Guatemala,GTM,1979,12.691021,,6727798,Upper-middle-income countries
Guatemala,GTM,1980,12.2282295,,6900215,Upper-middle-income countries
Guatemala,GTM,1981,11.773843,,7075648,Upper-middle-income countries
Guatemala,GTM,1982,13.569011,,7240249,Upper-middle-income countries
Guatemala,GTM,1983,10.883386,,7419642,Upper-middle-income countries
Guatemala,GTM,1984,10.450597,,7630682,Upper-middle-income countries
Guatemala,GTM,1985,10.02317,,7849691,Upper-middle-income countries
Guatemala,GTM,1986,9.599592,,8070818,Upper-middle-income countries
Guatemala,GTM,1987,9.189996,,8296488,Upper-middle-income countries
Guatemala,GTM,1988,8.792408,,8532104,Upper-middle-income countries
Guatemala,GTM,1989,8.407741,,8775549,Upper-middle-income countries
Guatemala,GTM,1990,8.037109,7594.7285,9024775,Upper-middle-income countries
Guatemala,GTM,1991,7.6806927,7662.1675,9272592,Upper-middle-income countries
Guatemala,GTM,1992,7.3405566,7822.26,9522265,Upper-middle-income countries
Guatemala,GTM,1993,7.016505,7915.4067,9779760,Upper-middle-income countries
Guatemala,GTM,1994,6.7107196,8018.28,10043713,Upper-middle-income countries
Guatemala,GTM,1995,6.42349,8195.346,10312999,Upper-middle-income countries
Guatemala,GTM,1996,6.150201,8222.065,10583528,Upper-middle-income countries
Guatemala,GTM,1997,5.8935685,8364.161,10857754,Upper-middle-income countries
Guatemala,GTM,1998,5.6508813,8559.986,11139147,Upper-middle-income countries
Guatemala,GTM,1999,5.4223466,8668.427,11422977,Upper-middle-income countries
Guatemala,GTM,2000,5.2066092,8770.404,11697592,Upper-middle-income countries
Guatemala,GTM,2001,5.000925,8771.155,11969423,Upper-middle-income countries
Guatemala,GTM,2002,4.8023663,8901.536,12246923,Upper-middle-income countries
Guatemala,GTM,2003,4.614891,8926.153,12525843,Upper-middle-income countries
Guatemala,GTM,2004,4.4348245,9003.857,12807409,Upper-middle-income countries
Guatemala,GTM,2005,4.2626796,9099.724,13087637,Upper-middle-income countries
Guatemala,GTM,2006,4.0956626,9386.001,13367455,Upper-middle-income countries
Guatemala,GTM,2007,3.9331222,9772.806,13652042,Upper-middle-income countries
Guatemala,GTM,2008,3.7762945,9889.572,13935172,Upper-middle-income countries
Guatemala,GTM,2009,3.6214192,9740.709,14215614,Upper-middle-income countries
Guatemala,GTM,2010,3.475605,9825.018,14500118,Upper-middle-income countries
Guatemala,GTM,2011,3.332647,10032.089,14792123,Upper-middle-income countries
Guatemala,GTM,2012,3.1961854,10126.828,15089639,Upper-middle-income countries
Guatemala,GTM,2013,3.0672102,10297.84,15387339,Upper-middle-income countries
Guatemala,GTM,2014,2.9431832,10553.564,15681725,Upper-middle-income countries
Guatemala,GTM,2015,2.8277848,10785.958,15971745,Upper-middle-income countries
Guatemala,GTM,2016,2.7233887,10872.594,16268761,Upper-middle-income countries
Guatemala,GTM,2017,2.6261535,11005.459,16567363,Upper-middle-income countries
Guatemala,GTM,2018,2.5351713,11192.372,16845688,Upper-middle-income countries
Guatemala,GTM,2019,2.4516206,11466.377,17103803,Upper-middle-income countries
Guatemala,GTM,2020,2.3673427,11097.15,17357331,Upper-middle-income countries
Guatemala,GTM,2021,2.284641,11825.142,17598652,Upper-middle-income countries
Guatemala,GTM,2022,2.2095394,12147.931,17847877,Upper-middle-income countries
Guatemala,GTM,2023,2.1358843,12384.948,18124841,Upper-middle-income countries
Guatemala,GTM,2024,,12640.888,18124841,Upper-middle-income countries
Guinea,GIN,1937,34.792896,,2394395,Lower-middle-income countries
Guinea,GIN,1938,34.91756,,2427916,Lower-middle-income countries
Guinea,GIN,1939,34.960148,,2463904,Lower-middle-income countries
Guinea,GIN,1940,35.037086,,2502427,Lower-middle-income countries
Guinea,GIN,1941,35.12412,,2543560,Lower-middle-income countries
Guinea,GIN,1942,35.21701,,2587375,Lower-middle-income countries
Guinea,GIN,1943,35.3356,,2633948,Lower-middle-income countries
Guinea,GIN,1944,35.418312,,2681359,Lower-middle-income countries
Guinea,GIN,1945,35.512474,,2729623,Lower-middle-income countries
Guinea,GIN,1946,35.59297,,2778757,Lower-middle-income countries
Guinea,GIN,1947,35.6752,,2828774,Lower-middle-income countries
Guinea,GIN,1948,35.737988,,2879692,Lower-middle-income countries
Guinea,GIN,1949,35.786663,,2931284,Lower-middle-income countries
Guinea,GIN,1950,35.815952,,3013177,Lower-middle-income countries
Guinea,GIN,1951,35.863667,,3061981,Lower-middle-income countries
Guinea,GIN,1952,35.90503,,3111689,Lower-middle-income countries
Guinea,GIN,1953,35.891068,,3162520,Lower-middle-income countries
Guinea,GIN,1954,35.83858,,3214564,Lower-middle-income countries
Guinea,GIN,1955,35.786293,,3267862,Lower-middle-income countries
Guinea,GIN,1956,35.684456,,3322503,Lower-middle-income countries
Guinea,GIN,1957,35.546997,,3378657,Lower-middle-income countries
Guinea,GIN,1958,35.352863,,3436437,Lower-middle-income countries
Guinea,GIN,1959,35.15426,,3495776,Lower-middle-income countries
Guinea,GIN,1960,34.954166,,3556756,Lower-middle-income countries
Guinea,GIN,1961,34.716854,,3619554,Lower-middle-income countries
Guinea,GIN,1962,34.431873,,3684278,Lower-middle-income countries
Guinea,GIN,1963,34.175903,,3750961,Lower-middle-income countries
Guinea,GIN,1964,33.928207,,3819729,Lower-middle-income countries
Guinea,GIN,1965,33.64163,,3890724,Lower-middle-income countries
Guinea,GIN,1966,33.357426,,3964159,Lower-middle-income countries
Guinea,GIN,1967,33.086906,,4040156,Lower-middle-income countries
Guinea,GIN,1968,32.78206,,4118553,Lower-middle-income countries
Guinea,GIN,1969,32.482655,,4198302,Lower-middle-income countries
Guinea,GIN,1970,32.195366,,4277540,Lower-middle-income countries
Guinea,GIN,1971,31.911182,,4355205,Lower-middle-income countries
Guinea,GIN,1972,31.591917,,4431293,Lower-middle-income countries
Guinea,GIN,1973,31.270248,,4506326,Lower-middle-income countries
Guinea,GIN,1974,30.917776,,4580513,Lower-middle-income countries
Guinea,GIN,1975,30.547724,,4653877,Lower-middle-income countries
Guinea,GIN,1976,30.12376,,4727031,Lower-middle-income countries
Guinea,GIN,1977,29.664928,,4801129,Lower-middle-income countries
Guinea,GIN,1978,29.182535,,4877853,Lower-middle-income countries
Guinea,GIN,1979,28.66927,,4959287,Lower-middle-income countries
Guinea,GIN,1980,28.14544,,5047423,Lower-middle-income countries
Guinea,GIN,1981,27.646671,,5143296,Lower-middle-income countries
Guinea,GIN,1982,27.177849,,5247672,Lower-middle-income countries
Guinea,GIN,1983,26.711926,,5359815,Lower-middle-income countries
Guinea,GIN,1984,26.230276,,5480098,Lower-middle-income countries
Guinea,GIN,1985,25.760681,,5610369,Lower-middle-income countries
Guinea,GIN,1986,25.294132,,5750669,Lower-middle-income countries
Guinea,GIN,1987,24.8384,,5900199,Lower-middle-income countries
Guinea,GIN,1988,24.367023,,6056575,Lower-middle-income countries
Guinea,GIN,1989,23.862654,,6215816,Lower-middle-income countries
Guinea,GIN,1990,23.31347,2105.7473,6434383,Lower-middle-income countries
Guinea,GIN,1991,22.714088,2075.992,6697167,Lower-middle-income countries
Guinea,GIN,1992,22.069345,2076.5505,6914370,Lower-middle-income countries
Guinea,GIN,1993,21.393917,2115.8665,7128174,Lower-middle-income countries
Guinea,GIN,1994,20.701046,2134.8977,7345106,Lower-middle-income countries
Guinea,GIN,1995,20.002932,2171.7256,7553252,Lower-middle-income countries
Guinea,GIN,1996,19.301636,2205.3237,7770035,Lower-middle-income countries
Guinea,GIN,1997,18.61056,2272.411,7931371,Lower-middle-income countries
Guinea,GIN,1998,17.924751,2311.3274,8081993,Lower-middle-income countries
Guinea,GIN,1999,17.226545,2346.2703,8265121,Lower-middle-income countries
Guinea,GIN,2000,16.53648,2358.2876,8428837,Lower-middle-income countries
Guinea,GIN,2001,15.856815,2412.7517,8539963,Lower-middle-income countries
Guinea,GIN,2002,15.217995,2498.1318,8674072,Lower-middle-income countries
Guinea,GIN,2003,14.641618,2473.2341,8870790,Lower-middle-income countries
Guinea,GIN,2004,14.124344,2477.503,9062724,Lower-middle-income countries
Guinea,GIN,2005,13.664315,2501.2217,9245844,Lower-middle-income countries
Guinea,GIN,2006,13.268642,2478.6133,9441174,Lower-middle-income countries
Guinea,GIN,2007,12.938835,2587.005,9662278,Lower-middle-income countries
Guinea,GIN,2008,12.657295,2629.5398,9898870,Lower-middle-income countries
Guinea,GIN,2009,12.412847,2537.3064,10143540,Lower-middle-income countries
Guinea,GIN,2010,12.203567,2594.8306,10396090,Lower-middle-income countries
Guinea,GIN,2011,12.011861,2673.4087,10656812,Lower-middle-income countries
Guinea,GIN,2012,11.838368,2762.9036,10921580,Lower-middle-income countries
Guinea,GIN,2013,11.672649,2802.56,11191874,Lower-middle-income countries
Guinea,GIN,2014,11.563088,2834.9663,11472921,Lower-middle-income countries
Guinea,GIN,2015,11.408692,2869.8516,11767077,Lower-middle-income countries
Guinea,GIN,2016,11.17219,3099.7888,12073031,Lower-middle-income countries
Guinea,GIN,2017,10.994317,3332.7659,12385668,Lower-middle-income countries
Guinea,GIN,2018,10.80373,3455.645,12704776,Lower-middle-income countries
Guinea,GIN,2019,10.574585,3557.4624,13034349,Lower-middle-income countries
Guinea,GIN,2020,10.315234,3630.9934,13371185,Lower-middle-income countries
Guinea,GIN,2021,10.050604,3738.8052,13710515,Lower-middle-income countries
Guinea,GIN,2022,9.779167,3792.0107,14055136,Lower-middle-income countries
Guinea,GIN,2023,9.503142,3904.824,14405469,Lower-middle-income countries
Guinea,GIN,2024,,4016.3418,14405469,Lower-middle-income countries
Guinea-Bissau,GNB,1985,24.405527,,897707,Low-income countries
Guinea-Bissau,GNB,1986,23.948786,,912129,Low-income countries
Guinea-Bissau,GNB,1987,23.493837,,926872,Low-income countries
Guinea-Bissau,GNB,1988,23.069723,,942065,Low-income countries
Guinea-Bissau,GNB,1989,22.657923,,957792,Low-income countries
Guinea-Bissau,GNB,1990,22.233286,1967.9681,973678,Low-income countries
Guinea-Bissau,GNB,1991,21.792309,2024.7277,994640,Low-income countries
Guinea-Bissau,GNB,1992,21.337313,1987.6154,1024365,Low-income countries
Guinea-Bissau,GNB,1993,20.862883,1963.4401,1058755,Low-income countries
Guinea-Bissau,GNB,1994,20.410767,1964.5077,1092037,Low-income countries
Guinea-Bissau,GNB,1995,19.928942,1999.8202,1119950,Low-income countries
Guinea-Bissau,GNB,1996,19.433887,2185.7673,1143544,Low-income countries
Guinea-Bissau,GNB,1997,18.92001,2283.8835,1165550,Low-income countries
Guinea-Bissau,GNB,1998,18.422812,1738.5413,1187478,Low-income countries
Guinea-Bissau,GNB,1999,17.899513,1992.7285,1210211,Low-income countries
Guinea-Bissau,GNB,2000,17.381447,1974.6217,1234747,Low-income countries
Guinea-Bissau,GNB,2001,16.838827,2025.6006,1261281,Low-income countries
Guinea-Bissau,GNB,2002,16.27879,2053.962,1289317,Low-income countries
Guinea-Bissau,GNB,2003,15.702911,2002.2775,1318809,Low-income countries
Guinea-Bissau,GNB,2004,15.106946,1979.5746,1349569,Low-income countries
Guinea-Bissau,GNB,2005,14.490213,2060.5383,1381590,Low-income countries
Guinea-Bissau,GNB,2006,13.855168,2065.0837,1415315,Low-income countries
Guinea-Bissau,GNB,2007,13.220929,2065.8613,1450989,Low-income countries
Guinea-Bissau,GNB,2008,12.60918,2105.543,1488059,Low-income countries
Guinea-Bissau,GNB,2009,12.000802,2102.9272,1526384,Low-income countries
Guinea-Bissau,GNB,2010,11.420447,2164.1335,1566352,Low-income countries
Guinea-Bissau,GNB,2011,10.867042,2278.4058,1608084,Low-income countries
Guinea-Bissau,GNB,2012,10.366081,2180.6077,1651425,Low-income countries
Guinea-Bissau,GNB,2013,9.934206,2192.4563,1695980,Low-income countries
Guinea-Bissau,GNB,2014,9.532687,2156.2021,1741126,Low-income countries
Guinea-Bissau,GNB,2015,9.180518,2230.391,1786461,Low-income countries
Guinea-Bissau,GNB,2016,8.837983,2293.2358,1831898,Low-income countries
Guinea-Bissau,GNB,2017,8.52567,2342.4153,1877074,Low-income countries
Guinea-Bissau,GNB,2018,8.208687,2373.5015,1922167,Low-income countries
Guinea-Bissau,GNB,2019,7.9108577,2442.1067,1967704,Low-income countries
Guinea-Bissau,GNB,2020,7.65668,2455.856,2013259,Low-income countries
Guinea-Bissau,GNB,2021,7.4146986,2522.7676,2058841,Low-income countries
Guinea-Bissau,GNB,2022,7.1638055,2603.2402,2105535,Low-income countries
Guinea-Bissau,GNB,2023,6.9304852,2693.7766,2153343,Low-income countries
Guinea-Bissau,GNB,2024,,2744.2798,2153343,Low-income countries
Guyana,GUY,1949,15.987401,,407716,High-income countries
Guyana,GUY,1950,15.259786,,418045,High-income countries
Guyana,GUY,1951,14.569096,,429112,High-income countries
Guyana,GUY,1952,13.8978195,,441249,High-income countries
Guyana,GUY,1953,13.229345,,454563,High-income countries
Guyana,GUY,1954,12.564574,,468986,High-income countries
Guyana,GUY,1955,11.9141865,,484374,High-income countries
Guyana,GUY,1956,11.2860365,,500583,High-income countries
Guyana,GUY,1957,10.693198,,517510,High-income countries
Guyana,GUY,1958,10.13754,,535076,High-income countries
Guyana,GUY,1959,9.638723,,553074,High-income countries
Guyana,GUY,1960,9.190031,,569156,High-income countries
Guyana,GUY,1961,8.810822,,582581,High-income countries
Guyana,GUY,1962,8.48615,,595468,High-income countries
Guyana,GUY,1963,8.208405,,608542,High-income countries
Guyana,GUY,1964,7.9859624,,621774,High-income countries
Guyana,GUY,1965,7.8026795,,635135,High-income countries
Guyana,GUY,1966,7.6606846,,648654,High-income countries
Guyana,GUY,1967,7.5554214,,662316,High-income countries
Guyana,GUY,1968,7.4841766,,676171,High-income countries
Guyana,GUY,1969,7.4287443,,690229,High-income countries
Guyana,GUY,1970,7.386291,,702714,High-income countries
Guyana,GUY,1971,7.3659596,,712672,High-income countries
Guyana,GUY,1972,7.3463635,,721630,High-income countries
Guyana,GUY,1973,7.326154,,730149,High-income countries
Guyana,GUY,1974,7.3060064,,738063,High-income countries
Guyana,GUY,1975,7.2747793,,745407,High-income countries
Guyana,GUY,1976,7.240142,,752258,High-income countries
Guyana,GUY,1977,7.193216,,758659,High-income countries
Guyana,GUY,1978,7.139837,,764594,High-income countries
Guyana,GUY,1979,7.0837674,,770067,High-income countries
Guyana,GUY,1980,7.022388,,774372,High-income countries
Guyana,GUY,1981,6.963239,,776461,High-income countries
Guyana,GUY,1982,6.891581,,776718,High-income countries
Guyana,GUY,1983,6.8207803,,775897,High-income countries
Guyana,GUY,1984,6.74134,,774119,High-income countries
Guyana,GUY,1985,6.664918,,771484,High-income countries
Guyana,GUY,1986,6.571759,,768104,High-income countries
Guyana,GUY,1987,6.4726624,,764125,High-income countries
Guyana,GUY,1988,6.354864,,759674,High-income countries
Guyana,GUY,1989,6.2203765,,754873,High-income countries
Guyana,GUY,1990,6.0782385,5074.431,749891,High-income countries
Guyana,GUY,1991,5.924373,5396.4634,747870,High-income countries
Guyana,GUY,1992,5.7658596,5799.2183,749919,High-income countries
Guyana,GUY,1993,5.6035523,6247.866,752969,High-income countries
Guyana,GUY,1994,5.4471054,6755.3286,755821,High-income countries
Guyana,GUY,1995,5.298786,7071.213,758395,High-income countries
Guyana,GUY,1996,5.1585474,7612.304,760535,High-income countries
Guyana,GUY,1997,5.0249186,8064.5674,762250,High-income countries
Guyana,GUY,1998,4.8948827,7915.2295,763596,High-income countries
Guyana,GUY,1999,4.7711,8139.97,764490,High-income countries
Guyana,GUY,2000,4.6520815,8025.2935,764836,High-income countries
Guyana,GUY,2001,4.5343285,8212.043,764484,High-income countries
Guyana,GUY,2002,4.423845,8314.027,763657,High-income countries
Guyana,GUY,2003,4.3221083,8267.429,763107,High-income countries
Guyana,GUY,2004,4.2257986,8404.2,762424,High-income countries
Guyana,GUY,2005,4.137334,8256.525,760922,High-income countries
Guyana,GUY,2006,4.05154,8702.331,758976,High-income countries
Guyana,GUY,2007,3.9672632,9354.08,756874,High-income countries
Guyana,GUY,2008,3.8855245,9546.709,754614,High-income countries
Guyana,GUY,2009,3.8080442,9924.526,752097,High-income countries
Guyana,GUY,2010,3.7321353,10374.395,749259,High-income countries
Guyana,GUY,2011,3.6544406,10958.86,746161,High-income countries
Guyana,GUY,2012,3.5769691,11534.999,746296,High-income countries
Guyana,GUY,2013,3.4933584,11896.907,750020,High-income countries
Guyana,GUY,2014,3.400868,12030.053,754231,High-income countries
Guyana,GUY,2015,3.3051105,12040.083,758783,High-income countries
Guyana,GUY,2016,3.2063122,12420.473,763553,High-income countries
Guyana,GUY,2017,3.111704,12801.641,768483,High-income countries
Guyana,GUY,2018,3.0193033,12980.357,791563,High-income countries
Guyana,GUY,2019,2.9278095,13402.422,807668,High-income countries
Guyana,GUY,2020,2.8363953,19234.13,807486,High-income countries
Guyana,GUY,2021,2.7459738,22865.928,815484,High-income countries
Guyana,GUY,2022,2.6581638,37068.2,821638,High-income countries
Guyana,GUY,2023,2.5735626,49312.36,826357,High-income countries
Guyana,GUY,2024,,70516.72,826357,High-income countries
Haiti,HTI,1956,31.289808,,3594808,Lower-middle-income countries
Haiti,HTI,1957,30.759134,,3657822,Lower-middle-income countries
Haiti,HTI,1958,30.21657,,3722713,Lower-middle-income countries
Haiti,HTI,1959,29.710735,,3789692,Lower-middle-income countries
Haiti,HTI,1960,29.232866,,3858447,Lower-middle-income countries
Haiti,HTI,1961,28.774044,,3929036,Lower-middle-income countries
Haiti,HTI,1962,28.33126,,4001578,Lower-middle-income countries
Haiti,HTI,1963,27.872427,,4073068,Lower-middle-income countries
Haiti,HTI,1964,27.415213,,4146245,Lower-middle-income countries
Haiti,HTI,1965,26.955439,,4223822,Lower-middle-income countries
Haiti,HTI,1966,26.47881,,4302647,Lower-middle-income countries
Haiti,HTI,1967,25.991924,,4383003,Lower-middle-income countries
Haiti,HTI,1968,25.492725,,4465327,Lower-middle-income countries
Haiti,HTI,1969,24.96585,,4549340,Lower-middle-income countries
Haiti,HTI,1970,24.44891,,4635126,Lower-middle-income countries
Haiti,HTI,1971,23.912365,,4723251,Lower-middle-income countries
Haiti,HTI,1972,23.368357,,4813866,Lower-middle-income countries
Haiti,HTI,1973,22.825016,,4906746,Lower-middle-income countries
Haiti,HTI,1974,22.287361,,5001803,Lower-middle-income countries
Haiti,HTI,1975,21.728556,,5099095,Lower-middle-income countries
Haiti,HTI,1976,21.180109,,5198354,Lower-middle-income countries
Haiti,HTI,1977,20.630577,,5299480,Lower-middle-income countries
Haiti,HTI,1978,20.098518,,5402580,Lower-middle-income countries
Haiti,HTI,1979,19.580688,,5507590,Lower-middle-income countries
Haiti,HTI,1980,19.074396,,5614494,Lower-middle-income countries
Haiti,HTI,1981,18.57192,,5723727,Lower-middle-income countries
Haiti,HTI,1982,18.074053,,5835939,Lower-middle-income countries
Haiti,HTI,1983,17.579626,,5951101,Lower-middle-income countries
Haiti,HTI,1984,17.105017,,6069238,Lower-middle-income countries
Haiti,HTI,1985,16.640642,,6190868,Lower-middle-income countries
Haiti,HTI,1986,16.184864,,6316123,Lower-middle-income countries
Haiti,HTI,1987,15.7455,,6445125,Lower-middle-income countries
Haiti,HTI,1988,15.322712,,6578150,Lower-middle-income countries
Haiti,HTI,1989,14.906617,,6714732,Lower-middle-income countries
Haiti,HTI,1990,14.491732,3959.0251,6854444,Lower-middle-income countries
Haiti,HTI,1991,14.080291,3952.1726,6995455,Lower-middle-income countries
Haiti,HTI,1992,13.660838,3668.3132,7136577,Lower-middle-income countries
Haiti,HTI,1993,13.23583,3401.759,7278182,Lower-middle-income countries
Haiti,HTI,1994,12.803793,2938.07,7419776,Lower-middle-income countries
Haiti,HTI,1995,12.374936,3167.913,7562551,Lower-middle-income countries
Haiti,HTI,1996,11.950827,3237.0198,7707560,Lower-middle-income countries
Haiti,HTI,1997,11.531077,3262.4592,7854304,Lower-middle-income countries
Haiti,HTI,1998,11.119233,3272.0496,8002144,Lower-middle-income countries
Haiti,HTI,1999,10.721389,3299.2354,8151301,Lower-middle-income countries
Haiti,HTI,2000,10.348513,3267.0764,8303151,Lower-middle-income countries
Haiti,HTI,2001,9.998876,3197.0571,8455917,Lower-middle-income countries
Haiti,HTI,2002,9.679736,3173.7385,8607648,Lower-middle-income countries
Haiti,HTI,2003,9.396622,3227.1208,8759913,Lower-middle-income countries
Haiti,HTI,2004,9.14166,3130.8555,8910267,Lower-middle-income countries
Haiti,HTI,2005,8.910224,3173.2607,9061274,Lower-middle-income countries
Haiti,HTI,2006,8.693709,3174.9763,9216569,Lower-middle-income countries
Haiti,HTI,2007,8.490448,3268.8188,9373300,Lower-middle-income countries
Haiti,HTI,2008,8.29494,3300.2585,9530782,Lower-middle-income countries
Haiti,HTI,2009,8.109805,3437.3806,9689585,Lower-middle-income countries
Haiti,HTI,2010,13.666866,3205.4983,9803299,Lower-middle-income countries
Haiti,HTI,2011,7.741844,3330.9983,9914904,Lower-middle-income countries
Haiti,HTI,2012,7.5564246,3296.2478,10069770,Lower-middle-income countries
Haiti,HTI,2013,7.375606,3387.4717,10222365,Lower-middle-income countries
Haiti,HTI,2014,7.1913047,3434.636,10373241,Lower-middle-income countries
Haiti,HTI,2015,6.993026,3433.0752,10523249,Lower-middle-income countries
Haiti,HTI,2016,6.7933917,3446.7527,10671462,Lower-middle-income countries
Haiti,HTI,2017,6.6078396,3485.4924,10817759,Lower-middle-income countries
Haiti,HTI,2018,6.417776,3496.8787,10962373,Lower-middle-income countries
Haiti,HTI,2019,6.2310147,3392.4326,11105165,Lower-middle-income countries
Haiti,HTI,2020,6.039903,3239.8354,11243846,Lower-middle-income countries
Haiti,HTI,2021,5.853053,3145.0068,11374592,Lower-middle-income countries
Haiti,HTI,2022,5.6867957,3057.4285,11503603,Lower-middle-income countries
Haiti,HTI,2023,5.511968,2965.9463,11637402,Lower-middle-income countries
Haiti,HTI,2024,,2809.6453,11637402,Lower-middle-income countries
High-income countries,OWID_HIC,1980,2.055141,,1106630742,
High-income countries,OWID_HIC,1981,1.9786536,,1115099447,
High-income countries,OWID_HIC,1982,1.9025759,,1123182624,
High-income countries,OWID_HIC,1983,1.8334919,,1131150387,
High-income countries,OWID_HIC,1984,1.7626418,,1138944221,
High-income countries,OWID_HIC,1985,1.6982373,,1146684440,
High-income countries,OWID_HIC,1986,1.6442289,,1154735607,
High-income countries,OWID_HIC,1987,1.588047,,1163054785,
High-income countries,OWID_HIC,1988,1.5211923,,1171490531,
High-income countries,OWID_HIC,1989,1.454208,,1179895365,
High-income countries,OWID_HIC,1990,1.3840327,34929.43,1187956164,
High-income countries,OWID_HIC,1991,1.3213208,34820.582,1196239408,
High-income countries,OWID_HIC,1992,1.261394,34720.812,1203963230,
High-income countries,OWID_HIC,1993,1.2053593,34667.574,1210728993,
High-income countries,OWID_HIC,1994,1.1582903,35197.805,1217906022,
High-income countries,OWID_HIC,1995,1.1133081,35892.344,1224543783,
High-income countries,OWID_HIC,1996,1.0658098,36633.758,1230513703,
High-income countries,OWID_HIC,1997,1.0230373,37650.688,1236583684,
High-income countries,OWID_HIC,1998,0.9863538,38308.953,1242177352,
High-income countries,OWID_HIC,1999,0.94935375,39471.53,1247730970,
High-income countries,OWID_HIC,2000,0.9142596,41052.55,1253937735,
High-income countries,OWID_HIC,2001,0.88545465,41571.387,1260506416,
High-income countries,OWID_HIC,2002,0.85986793,42108.766,1267822166,
High-income countries,OWID_HIC,2003,0.8346967,42964.38,1275305584,
High-income countries,OWID_HIC,2004,0.8062313,44356.785,1282405681,
High-income countries,OWID_HIC,2005,0.7776419,45533.9,1289639261,
High-income countries,OWID_HIC,2006,0.74870604,46910.86,1297063813,
High-income countries,OWID_HIC,2007,0.7250657,48145.7,1305649028,
High-income countries,OWID_HIC,2008,0.70233,48338.777,1314867453,
High-income countries,OWID_HIC,2009,0.6825173,46327.402,1323319806,
High-income countries,OWID_HIC,2010,0.66233045,47586.2,1331186276,
High-income countries,OWID_HIC,2011,0.6468096,48491.062,1339286565,
High-income countries,OWID_HIC,2012,0.63238204,48959.668,1347506296,
High-income countries,OWID_HIC,2013,0.61795163,49441.21,1355469061,
High-income countries,OWID_HIC,2014,0.60208535,50214.062,1363592543,
High-income countries,OWID_HIC,2015,0.58405536,50977.375,1372281696,
High-income countries,OWID_HIC,2016,0.565938,51585.492,1380894709,
High-income countries,OWID_HIC,2017,0.5486816,52651.33,1388094202,
High-income countries,OWID_HIC,2018,0.53345305,53756.51,1394159697,
High-income countries,OWID_HIC,2019,0.5209442,54610.215,1400146576,
High-income countries,OWID_HIC,2020,0.5094869,52316.61,1403650770,
High-income countries,OWID_HIC,2021,0.5012357,55480.527,1404873283,
High-income countries,OWID_HIC,2022,0.49830925,56904.445,1410112397,
High-income countries,OWID_HIC,2023,0.49548858,57537.246,1416794460,
High-income countries,OWID_HIC,2024,,58334.816,1416794460,
Honduras,HND,1956,23.58933,,1840670,Lower-middle-income countries
Honduras,HND,1957,22.837482,,1893583,Lower-middle-income countries
Honduras,HND,1958,22.086967,,1948157,Lower-middle-income countries
Honduras,HND,1959,21.3729,,2004321,Lower-middle-income countries
Honduras,HND,1960,20.68726,,2062067,Lower-middle-income countries
Honduras,HND,1961,20.015944,,2121245,Lower-middle-income countries
Honduras,HND,1962,19.365307,,2182064,Lower-middle-income countries
Honduras,HND,1963,18.740543,,2244884,Lower-middle-income countries
Honduras,HND,1964,18.118399,,2309861,Lower-middle-income countries
Honduras,HND,1965,17.511469,,2377163,Lower-middle-income countries
Honduras,HND,1966,16.914402,,2446752,Lower-middle-income countries
Honduras,HND,1967,16.313662,,2518650,Lower-middle-income countries
Honduras,HND,1968,15.737481,,2593057,Lower-middle-income countries
Honduras,HND,1969,15.161778,,2670286,Lower-middle-income countries
Honduras,HND,1970,14.593602,,2750721,Lower-middle-income countries
Honduras,HND,1971,14.039319,,2834624,Lower-middle-income countries
Honduras,HND,1972,13.490276,,2922075,Lower-middle-income countries
Honduras,HND,1973,12.940129,,3011471,Lower-middle-income countries
Honduras,HND,1974,14.911879,,3099844,Lower-middle-income countries
Honduras,HND,1975,11.895975,,3193239,Lower-middle-income countries
Honduras,HND,1976,11.388322,,3294460,Lower-middle-income countries
Honduras,HND,1977,10.892525,,3398659,Lower-middle-income countries
Honduras,HND,1978,10.409067,,3505466,Lower-middle-income countries
Honduras,HND,1979,9.940026,,3614990,Lower-middle-income countries
Honduras,HND,1980,9.484076,,3727179,Lower-middle-income countries
Honduras,HND,1981,9.046102,,3841781,Lower-middle-income countries
Honduras,HND,1982,8.617512,,3958735,Lower-middle-income countries
Honduras,HND,1983,8.201752,,4078177,Lower-middle-income countries
Honduras,HND,1984,7.807971,,4199855,Lower-middle-income countries
Honduras,HND,1985,7.4321513,,4323338,Lower-middle-income countries
Honduras,HND,1986,7.074078,,4448905,Lower-middle-income countries
Honduras,HND,1987,6.728497,,4576911,Lower-middle-income countries
Honduras,HND,1988,6.4041004,,4707683,Lower-middle-income countries
Honduras,HND,1989,6.098426,,4841843,Lower-middle-income countries
Honduras,HND,1990,5.813395,1172.0798,4980493,Lower-middle-income countries
Honduras,HND,1991,5.5414433,1436.0507,5123797,Lower-middle-income countries
Honduras,HND,1992,5.2916627,1521.9473,5271437,Lower-middle-income countries
Honduras,HND,1993,5.0587325,1681.0824,5423253,Lower-middle-income countries
Honduras,HND,1994,4.8413835,2108.2742,5579247,Lower-middle-income countries
Honduras,HND,1995,4.6352186,2555.0261,5739636,Lower-middle-income countries
Honduras,HND,1996,4.440107,3054.1577,5903962,Lower-middle-income countries
Honduras,HND,1997,4.2542586,3635.9807,6071458,Lower-middle-income countries
Honduras,HND,1998,6.4915943,3950.835,6234436,Lower-middle-income countries
Honduras,HND,1999,3.8998647,4293.827,6400470,Lower-middle-income countries
Honduras,HND,2000,3.7304983,4579.6895,6577781,Lower-middle-income countries
Honduras,HND,2001,3.5662615,4578.9478,6757992,Lower-middle-income countries
Honduras,HND,2002,3.4066105,4627.023,6938866,Lower-middle-income countries
Honduras,HND,2003,3.2556775,4714.867,7119213,Lower-middle-income countries
Honduras,HND,2004,3.114883,4885.343,7299003,Lower-middle-income countries
Honduras,HND,2005,2.9836762,5056.6753,7478362,Lower-middle-income countries
Honduras,HND,2006,2.8624594,5263.1504,7656832,Lower-middle-income countries
Honduras,HND,2007,2.7494867,5461.9014,7834806,Lower-middle-income countries
Honduras,HND,2008,2.6453357,5566.7065,8012590,Lower-middle-income countries
Honduras,HND,2009,2.5486903,5313.756,8189904,Lower-middle-income countries
Honduras,HND,2010,2.4558911,5396.0723,8365881,Lower-middle-income countries
Honduras,HND,2011,2.3688798,5488.4336,8540587,Lower-middle-income countries
Honduras,HND,2012,2.2841542,5600.608,8715081,Lower-middle-income countries
Honduras,HND,2013,2.2033148,5644.134,8889276,Lower-middle-income countries
Honduras,HND,2014,2.1247962,5705.1626,9063127,Lower-middle-income countries
Honduras,HND,2015,2.0494497,5812.5347,9237306,Lower-middle-income countries
Honduras,HND,2016,1.9756624,5926.49,9412380,Lower-middle-income countries
Honduras,HND,2017,1.9050112,6099.6074,9588144,Lower-middle-income countries
Honduras,HND,2018,1.8385382,6219.28,9765209,Lower-middle-income countries
Honduras,HND,2019,1.7764478,6264.019,9943637,Lower-middle-income countries
Honduras,HND,2020,1.7173487,5603.264,10119638,Lower-middle-income countries
Honduras,HND,2021,1.6594552,6202.981,10289881,Lower-middle-income countries
Honduras,HND,2022,1.603053,6352.587,10463880,Lower-middle-income countries
Honduras,HND,2023,1.5510595,6467.88,10644853,Lower-middle-income countries
Honduras,HND,2024,,6585.8555,10644853,Lower-middle-income countries
Hong Kong,HKG,1990,,31598.756,5560599,High-income countries
Hong Kong,HKG,1991,,33124.688,5628091,High-income countries
Hong Kong,HKG,1992,,34895.76,5759558,High-income countries
Hong Kong,HKG,1993,,36428.527,5902506,High-income countries
Hong Kong,HKG,1994,,37767.195,6042259,High-income countries
Hong Kong,HKG,1995,,37905.652,6177105,High-income countries
Hong Kong,HKG,1996,,37804.07,6302469,High-income countries
Hong Kong,HKG,1997,,39402.594,6416674,High-income countries
Hong Kong,HKG,1998,,36776.383,6521331,High-income countries
Hong Kong,HKG,1999,,37339.926,6616524,High-income countries
Hong Kong,HKG,2000,,39848.59,6704665,High-income countries
Hong Kong,HKG,2001,,39777.855,6774243,High-income countries
Hong Kong,HKG,2002,,40258.17,6821412,High-income countries
Hong Kong,HKG,2003,,41570.58,6858906,High-income countries
Hong Kong,HKG,2004,,44836.207,6888164,High-income countries
Hong Kong,HKG,2005,,47938.9,6908483,High-income countries
Hong Kong,HKG,2006,,50981.793,6931089,High-income countries
Hong Kong,HKG,2007,,53813.08,6971344,High-income countries
Hong Kong,HKG,2008,,54630.375,7020689,High-income countries
Hong Kong,HKG,2009,,53172.3,7064464,High-income countries
Hong Kong,HKG,2010,,56355.41,7101614,High-income countries
Hong Kong,HKG,2011,,58672.83,7142969,High-income countries
Hong Kong,HKG,2012,,59015.332,7201059,High-income countries
Hong Kong,HKG,2013,,60601.61,7264330,High-income countries
Hong Kong,HKG,2014,,61839.812,7319502,High-income countries
Hong Kong,HKG,2015,,62779.75,7366411,High-income countries
Hong Kong,HKG,2016,,63749.41,7408006,High-income countries
Hong Kong,HKG,2017,,65662.836,7444889,High-income countries
Hong Kong,HKG,2018,,66993.97,7471190,High-income countries
Hong Kong,HKG,2019,,65388.332,7485817,High-income countries
Hong Kong,HKG,2020,,61328.527,7490240,High-income countries
Hong Kong,HKG,2021,,65884.94,7484604,High-income countries
Hong Kong,HKG,2022,,64036.645,7465913,High-income countries
Hong Kong,HKG,2023,,64434.56,7442738,High-income countries
Hong Kong,HKG,2024,,66153.98,7442738,High-income countries
Hungary,HUN,1949,11.076214,,9309618,High-income countries
Hungary,HUN,1950,10.016502,,9337883,High-income countries
Hungary,HUN,1951,9.061753,,9423178,High-income countries
Hungary,HUN,1952,8.242703,,9503933,High-income countries
Hungary,HUN,1953,7.5619574,,9594481,High-income countries
Hungary,HUN,1954,7.061192,,9704596,High-income countries
Hungary,HUN,1955,6.7551107,,9823216,High-income countries
Hungary,HUN,1956,6.561262,,9853996,High-income countries
Hungary,HUN,1957,6.342632,,9837926,High-income countries
Hungary,HUN,1958,6.0413327,,9880680,High-income countries
Hungary,HUN,1959,5.7141747,,9936845,High-income countries
Hungary,HUN,1960,5.413073,,9983383,High-income countries
Hungary,HUN,1961,5.1556916,,10026515,High-income countries
Hungary,HUN,1962,4.9376416,,10058067,High-income countries
Hungary,HUN,1963,4.751996,,10083843,High-income countries
Hungary,HUN,1964,4.592742,,10114375,High-income countries
Hungary,HUN,1965,4.4522495,,10141118,High-income countries
Hungary,HUN,1966,4.324019,,10170409,High-income countries
Hungary,HUN,1967,4.200576,,10206812,High-income countries
Hungary,HUN,1968,4.0823426,,10244548,High-income countries
Hungary,HUN,1969,3.975387,,10281595,High-income countries
Hungary,HUN,1970,3.8878996,,10315142,High-income countries
Hungary,HUN,1971,3.832194,,10343972,High-income countries
Hungary,HUN,1972,3.823051,,10374303,High-income countries
Hungary,HUN,1973,3.8348384,,10407441,High-income countries
Hungary,HUN,1974,3.770481,,10453918,High-income countries
Hungary,HUN,1975,3.5456684,,10515654,High-income countries
Hungary,HUN,1976,3.226151,,10573770,High-income countries
Hungary,HUN,1977,2.9275668,,10623145,High-income countries
Hungary,HUN,1978,2.6989653,,10660190,High-income countries
Hungary,HUN,1979,2.5193126,,10688259,High-income countries
Hungary,HUN,1980,2.3691332,,10695372,High-income countries
Hungary,HUN,1981,2.2564902,,10679329,High-income countries
Hungary,HUN,1982,2.2000372,,10656109,High-income countries
Hungary,HUN,1983,2.195581,,10622989,High-income countries
Hungary,HUN,1984,2.1955838,,10584329,High-income countries
Hungary,HUN,1985,2.1523054,,10547258,High-income countries
Hungary,HUN,1986,2.0678341,,10511099,High-income countries
Hungary,HUN,1987,1.9665518,,10475103,High-income countries
Hungary,HUN,1988,1.8668531,,10440534,High-income countries
Hungary,HUN,1989,1.782158,,10403421,High-income countries
Hungary,HUN,1990,1.7175276,21297,10381280,High-income countries
Hungary,HUN,1991,1.654731,18765.416,10378174,High-income countries
Hungary,HUN,1992,1.5659468,18197.531,10371477,High-income countries
Hungary,HUN,1993,1.449654,18113.336,10356869,High-income countries
Hungary,HUN,1994,1.33717,18672.707,10339936,High-income countries
Hungary,HUN,1995,1.2527983,18977.244,10322792,High-income countries
Hungary,HUN,1996,1.194224,19029.113,10302238,High-income countries
Hungary,HUN,1997,1.1491886,19635.295,10278600,High-income countries
Hungary,HUN,1998,1.1076883,20438.383,10251717,High-income countries
Hungary,HUN,1999,1.063732,21128.889,10219797,High-income countries
Hungary,HUN,2000,1.0116016,22117.92,10190598,High-income countries
Hungary,HUN,2001,0.953758,23069.21,10166693,High-income countries
Hungary,HUN,2002,0.89618886,24229.295,10138461,High-income countries
Hungary,HUN,2003,0.8429315,25255.871,10108970,High-income countries
Hungary,HUN,2004,0.79515475,26568.12,10085788,High-income countries
Hungary,HUN,2005,0.7544424,27765.79,10065703,High-income countries
Hungary,HUN,2006,0.7183179,28903.047,10049946,High-income countries
Hungary,HUN,2007,0.6841472,29044.066,10034084,High-income countries
Hungary,HUN,2008,0.65156716,29384.008,10016653,High-income countries
Hungary,HUN,2009,0.6240091,27445.959,10001381,High-income countries
Hungary,HUN,2010,0.6033545,27801.834,9979128,High-income countries
Hungary,HUN,2011,0.5880195,28415.117,9946675,High-income countries
Hungary,HUN,2012,0.5736269,28179.656,9916621,High-income countries
Hungary,HUN,2013,0.5567114,28891.021,9889344,High-income countries
Hungary,HUN,2014,0.5344521,30264.95,9862843,High-income countries
Hungary,HUN,2015,0.50530547,31485.568,9839211,High-income countries
Hungary,HUN,2016,0.47401825,32378.967,9810529,High-income countries
Hungary,HUN,2017,0.4471053,33828.715,9785608,High-income countries
Hungary,HUN,2018,0.42746606,35798.043,9774395,High-income countries
Hungary,HUN,2019,0.41363406,37662.676,9770346,High-income countries
Hungary,HUN,2020,0.40373874,36119.52,9749459,High-income countries
Hungary,HUN,2021,0.39647532,38887.19,9707848,High-income countries
Hungary,HUN,2022,0.3889995,40610.973,9684308,High-income countries
Hungary,HUN,2023,0.3802798,40333.254,9686465,High-income countries
Hungary,HUN,2024,,40686.934,9686465,High-income countries
Iceland,ISL,1949,3.2226393,,140059,High-income countries
Iceland,ISL,1950,3.0598426,,142684,High-income countries
Iceland,ISL,1951,2.9094346,,145432,High-income countries
Iceland,ISL,1952,2.7706387,,147778,High-income countries
Iceland,ISL,1953,2.6466727,,150750,High-income countries
Iceland,ISL,1954,2.5341074,,154272,High-income countries
Iceland,ISL,1955,2.4392304,,157751,High-income countries
Iceland,ISL,1956,2.3564682,,161091,High-income countries
Iceland,ISL,1957,2.2859595,,164767,High-income countries
Iceland,ISL,1958,2.228595,,168490,High-income countries
Iceland,ISL,1959,2.181293,,172008,High-income countries
Iceland,ISL,1960,2.142613,,175572,High-income countries
Iceland,ISL,1961,2.105479,,179014,High-income countries
Iceland,ISL,1962,2.0679238,,182360,High-income countries
Iceland,ISL,1963,2.0244243,,185658,High-income countries
Iceland,ISL,1964,1.9732563,,189043,High-income countries
Iceland,ISL,1965,1.9156277,,192344,High-income countries
Iceland,ISL,1966,1.851511,,195604,High-income countries
Iceland,ISL,1967,1.7860622,,198796,High-income countries
Iceland,ISL,1968,1.72066,,201519,High-income countries
Iceland,ISL,1969,1.6582097,,203383,High-income countries
Iceland,ISL,1970,1.5973531,,204489,High-income countries
Iceland,ISL,1971,1.5364181,,206171,High-income countries
Iceland,ISL,1972,1.4763997,,209209,High-income countries
Iceland,ISL,1973,1.4148772,,212385,High-income countries
Iceland,ISL,1974,1.3529111,,215273,High-income countries
Iceland,ISL,1975,1.2870973,,218029,High-income countries
Iceland,ISL,1976,1.2204689,,220196,High-income countries
Iceland,ISL,1977,1.1537665,,221842,High-income countries
Iceland,ISL,1978,1.089266,,223580,High-income countries
Iceland,ISL,1979,1.0269494,,225765,High-income countries
Iceland,ISL,1980,0.96938163,,228147,High-income countries
Iceland,ISL,1981,0.9164409,,230754,High-income countries
Iceland,ISL,1982,0.8683584,,233852,High-income countries
Iceland,ISL,1983,0.8258169,,236968,High-income countries
Iceland,ISL,1984,0.7878741,,239513,High-income countries
Iceland,ISL,1985,0.754844,,241414,High-income countries
Iceland,ISL,1986,0.72603124,,243195,High-income countries
Iceland,ISL,1987,0.69943005,,245864,High-income countries
Iceland,ISL,1988,0.67464286,,249734,High-income countries
Iceland,ISL,1989,0.651474,,252861,High-income countries
Iceland,ISL,1990,0.6288938,42336.426,254842,High-income countries
Iceland,ISL,1991,0.6065862,41754.977,257817,High-income countries
Iceland,ISL,1992,0.584735,39842.375,261087,High-income countries
Iceland,ISL,1993,0.56259096,39957.32,263760,High-income countries
Iceland,ISL,1994,0.540334,41042.01,266063,High-income countries
Iceland,ISL,1995,0.5177912,40867.562,267516,High-income countries
Iceland,ISL,1996,0.4944884,42475.695,268967,High-income countries
Iceland,ISL,1997,0.47130027,43873.668,271194,High-income countries
Iceland,ISL,1998,0.44770843,46449.344,274121,High-income countries
Iceland,ISL,1999,0.42425,47679.87,277450,High-income countries
Iceland,ISL,2000,0.40143985,49338.473,281293,High-income countries
Iceland,ISL,2001,0.37948254,50556.992,285058,High-income countries
Iceland,ISL,2002,0.359722,50379.46,287609,High-income countries
Iceland,ISL,2003,0.3416068,51173.2,289616,High-income countries
Iceland,ISL,2004,0.32564792,54592.53,292172,High-income countries
Iceland,ISL,2005,0.31178993,57512.42,296852,High-income countries
Iceland,ISL,2006,0.29999414,59364.29,303883,High-income countries
Iceland,ISL,2007,0.28979877,62940.746,311662,High-income countries
Iceland,ISL,2008,0.28139275,62831.17,317519,High-income countries
Iceland,ISL,2009,0.2746183,57406.47,318619,High-income countries
Iceland,ISL,2010,0.26924616,56211.836,318163,High-income countries
Iceland,ISL,2011,0.26557335,56813.742,319139,High-income countries
Iceland,ISL,2012,0.26315874,57173.043,320851,High-income countries
Iceland,ISL,2013,0.26200143,58671.93,323891,High-income countries
Iceland,ISL,2014,0.2614579,59133.27,327517,High-income countries
Iceland,ISL,2015,0.2618505,60725.727,330962,High-income countries
Iceland,ISL,2016,0.2631685,63612.555,335571,High-income countries
Iceland,ISL,2017,0.26473293,64303.38,343537,High-income countries
Iceland,ISL,2018,0.26654443,65521.93,352860,High-income countries
Iceland,ISL,2019,0.26760417,64826.434,360709,High-income countries
Iceland,ISL,2020,0.26772836,59543.812,366626,High-income countries
Iceland,ISL,2021,0.2659382,61610.215,372647,High-income countries
Iceland,ISL,2022,0.26227102,65380.316,380368,High-income countries
Iceland,ISL,2023,0.25747254,68118.4,387559,High-income countries
Iceland,ISL,2024,,67310.055,387559,High-income countries
India,IND,1953,26.902998,,370104570,Lower-middle-income countries
India,IND,1954,26.452831,,378687141,Lower-middle-income countries
India,IND,1955,26.042452,,387700892,Lower-middle-income countries
India,IND,1956,25.609917,,396988905,Lower-middle-income countries
India,IND,1957,25.218456,,406253895,Lower-middle-income countries
India,IND,1958,24.829266,,415777436,Lower-middle-income countries
India,IND,1959,24.46103,,425780669,Lower-middle-income countries
India,IND,1960,24.109629,,435990342,Lower-middle-income countries
India,IND,1961,23.787064,,446564731,Lower-middle-income countries
India,IND,1962,23.479237,,457283091,Lower-middle-income countries
India,IND,1963,23.200655,,468138576,Lower-middle-income countries
India,IND,1964,22.934652,,479229599,Lower-middle-income countries
India,IND,1965,22.689642,,490140142,Lower-middle-income countries
India,IND,1966,22.44228,,500740250,Lower-middle-income countries
India,IND,1967,22.201069,,511606377,Lower-middle-income countries
India,IND,1968,21.972178,,522716893,Lower-middle-income countries
India,IND,1969,21.716644,,533880545,Lower-middle-income countries
India,IND,1970,21.45013,,545864271,Lower-middle-income countries
India,IND,1971,21.152035,,558096385,Lower-middle-income countries
India,IND,1972,20.83125,,570482138,Lower-middle-income countries
India,IND,1973,20.469213,,583465599,Lower-middle-income countries
India,IND,1974,20.06664,,597041391,Lower-middle-income countries
India,IND,1975,19.613846,,611309536,Lower-middle-income countries
India,IND,1976,19.117153,,625861887,Lower-middle-income countries
India,IND,1977,18.580086,,640801106,Lower-middle-income countries
India,IND,1978,18.023407,,655728226,Lower-middle-income countries
India,IND,1979,17.454954,,671155746,Lower-middle-income countries
India,IND,1980,16.905256,,687354029,Lower-middle-income countries
India,IND,1981,16.379427,,703696251,Lower-middle-income countries
India,IND,1982,15.896495,,720313473,Lower-middle-income countries
India,IND,1983,15.44736,,737372683,Lower-middle-income countries
India,IND,1984,15.027679,,754875449,Lower-middle-income countries
India,IND,1985,14.623038,,772647800,Lower-middle-income countries
India,IND,1986,14.224321,,790689977,Lower-middle-income countries
India,IND,1987,13.8216505,,808931268,Lower-middle-income countries
India,IND,1988,13.419752,,827342994,Lower-middle-income countries
India,IND,1989,13.027912,,846039528,Lower-middle-income countries
India,IND,1990,12.651697,2203.147,864972221,Lower-middle-income countries
India,IND,1991,12.291332,2178.686,883927605,Lower-middle-income countries
India,IND,1992,11.94767,2249.698,902957075,Lower-middle-income countries
India,IND,1993,11.612968,2307.6072,922118380,Lower-middle-income countries
India,IND,1994,11.2844305,2411.4626,941163772,Lower-middle-income countries
India,IND,1995,10.946851,2542.422,960301046,Lower-middle-income countries
India,IND,1996,10.600939,2680.2788,979678460,Lower-middle-income countries
India,IND,1997,10.24847,2734.521,999133764,Lower-middle-income countries
India,IND,1998,9.891467,2847.9624,1018665080,Lower-middle-income countries
India,IND,1999,9.526261,3041.4827,1038225822,Lower-middle-income countries
India,IND,2000,9.163727,3099.503,1057922731,Lower-middle-income countries
India,IND,2001,8.803641,3188.8103,1077898579,Lower-middle-income countries
India,IND,2002,8.452665,3250.6956,1097600380,Lower-middle-income countries
India,IND,2003,8.10762,3445.926,1116803000,Lower-middle-income countries
India,IND,2004,7.7716265,3656.1262,1135991509,Lower-middle-income countries
India,IND,2005,7.440811,3881.966,1154676321,Lower-middle-income countries
India,IND,2006,7.1132984,4129.7783,1172878888,Lower-middle-income countries
India,IND,2007,6.7851954,4379.696,1190676028,Lower-middle-income countries
India,IND,2008,6.459668,4450.39,1207930960,Lower-middle-income countries
India,IND,2009,6.137909,4731.362,1225524764,Lower-middle-income countries
India,IND,2010,5.8191915,5059.2827,1243481565,Lower-middle-income countries
India,IND,2011,5.503272,5249.5493,1261224956,Lower-middle-income countries
India,IND,2012,5.199608,5460.4375,1278674501,Lower-middle-income countries
India,IND,2013,4.9059362,5732.2417,1295829507,Lower-middle-income countries
India,IND,2014,4.6263266,6079.8438,1312277184,Lower-middle-income countries
India,IND,2015,4.3598237,6488.146,1328024494,Lower-middle-income countries
India,IND,2016,4.1078362,6940.626,1343944296,Lower-middle-income countries
India,IND,2017,3.8677459,7326.607,1359657398,Lower-middle-income countries
India,IND,2018,3.6439927,7714.34,1374659067,Lower-middle-income countries
India,IND,2019,3.4322462,7930.0913,1389030307,Lower-middle-income countries
India,IND,2020,3.2356682,7399.531,1402617694,Lower-middle-income countries
India,IND,2021,3.060366,8050.0186,1414203896,Lower-middle-income countries
India,IND,2022,2.9080667,8594.392,1425423209,Lower-middle-income countries
India,IND,2023,2.7745812,9301.756,1438069597,Lower-middle-income countries
India,IND,2024,,9818.043,1438069597,Lower-middle-income countries
Indonesia,IDN,1951,29.211803,,70286313,Upper-middle-income countries
Indonesia,IDN,1952,28.358301,,71876439,Upper-middle-income countries
Indonesia,IDN,1953,27.526836,,73569145,Upper-middle-income countries
Indonesia,IDN,1954,26.732018,,75367367,Upper-middle-income countries
Indonesia,IDN,1955,25.932959,,77273505,Upper-middle-income countries
Indonesia,IDN,1956,25.162035,,79282557,Upper-middle-income countries
Indonesia,IDN,1957,24.41132,,81390843,Upper-middle-income countries
Indonesia,IDN,1958,23.69781,,83592765,Upper-middle-income countries
Indonesia,IDN,1959,23.019012,,85892866,Upper-middle-income countries
Indonesia,IDN,1960,22.380404,,88296074,Upper-middle-income countries
Indonesia,IDN,1961,21.772085,,90791252,Upper-middle-income countries
Indonesia,IDN,1962,21.183825,,93375848,Upper-middle-income countries
Indonesia,IDN,1963,20.602905,,96051426,Upper-middle-income countries
Indonesia,IDN,1964,20.032381,,98833758,Upper-middle-income countries
Indonesia,IDN,1965,22.90532,,101365131,Upper-middle-income countries
Indonesia,IDN,1966,18.885136,,103792758,Upper-middle-income countries
Indonesia,IDN,1967,18.307848,,106526398,Upper-middle-income countries
Indonesia,IDN,1968,17.730913,,109450008,Upper-middle-income countries
Indonesia,IDN,1969,17.16094,,112517639,Upper-middle-income countries
Indonesia,IDN,1970,16.603228,,115657496,Upper-middle-income countries
Indonesia,IDN,1971,16.068079,,118833700,Upper-middle-income countries
Indonesia,IDN,1972,15.540424,,122039844,Upper-middle-income countries
Indonesia,IDN,1973,15.036316,,125288516,Upper-middle-income countries
Indonesia,IDN,1974,14.554121,,128555052,Upper-middle-income countries
Indonesia,IDN,1975,14.092197,,131843848,Upper-middle-income countries
Indonesia,IDN,1976,13.654371,,135173656,Upper-middle-income countries
Indonesia,IDN,1977,13.235397,,138533540,Upper-middle-income countries
Indonesia,IDN,1978,12.836525,,141953161,Upper-middle-income countries
Indonesia,IDN,1979,12.451078,,145434830,Upper-middle-income countries
Indonesia,IDN,1980,12.073762,,148950537,Upper-middle-income countries
Indonesia,IDN,1981,11.700336,,152485036,Upper-middle-income countries
Indonesia,IDN,1982,11.332836,,156052153,Upper-middle-income countries
Indonesia,IDN,1983,10.969656,,159651382,Upper-middle-income countries
Indonesia,IDN,1984,10.608094,,163251124,Upper-middle-income countries
Indonesia,IDN,1985,10.244566,,166776183,Upper-middle-income countries
Indonesia,IDN,1986,9.878205,,170175065,Upper-middle-income countries
Indonesia,IDN,1987,9.511737,,173511157,Upper-middle-income countries
Indonesia,IDN,1988,9.139476,,176855071,Upper-middle-income countries
Indonesia,IDN,1989,8.764535,,180201638,Upper-middle-income countries
Indonesia,IDN,1990,8.386873,4873.0537,183501097,Upper-middle-income countries
Indonesia,IDN,1991,8.01031,5118.468,186778239,Upper-middle-income countries
Indonesia,IDN,1992,7.639865,5357.376,190043742,Upper-middle-income countries
Indonesia,IDN,1993,7.2817283,5609.152,193305169,Upper-middle-income countries
Indonesia,IDN,1994,6.936625,5931.235,196591829,Upper-middle-income countries
Indonesia,IDN,1995,6.606649,6312.9346,199888055,Upper-middle-income countries
Indonesia,IDN,1996,6.2934675,6695.4097,203204353,Upper-middle-income countries
Indonesia,IDN,1997,5.994499,6897.0024,206536089,Upper-middle-income countries
Indonesia,IDN,1998,5.7114286,5897.6855,209826791,Upper-middle-income countries
Indonesia,IDN,1999,5.4446287,5855.658,213004667,Upper-middle-income countries
Indonesia,IDN,2000,5.1931505,6056.382,216077789,Upper-middle-income countries
Indonesia,IDN,2001,4.955903,6190.5195,219097905,Upper-middle-income countries
Indonesia,IDN,2002,4.731654,6381.9497,222088499,Upper-middle-income countries
Indonesia,IDN,2003,4.5197315,6599.092,225048005,Upper-middle-income countries
Indonesia,IDN,2004,4.912857,6843.5464,227926649,Upper-middle-income countries
Indonesia,IDN,2005,4.13508,7140.8545,230871648,Upper-middle-income countries
Indonesia,IDN,2006,3.9596527,7434.488,233951650,Upper-middle-income countries
Indonesia,IDN,2007,3.7953188,7802.464,237062338,Upper-middle-income countries
Indonesia,IDN,2008,3.6423564,8165.0615,240157902,Upper-middle-income countries
Indonesia,IDN,2009,3.4968429,8435.456,243220024,Upper-middle-income countries
Indonesia,IDN,2010,3.357304,8848.225,246305327,Upper-middle-income countries
Indonesia,IDN,2011,3.224171,9274.97,249470029,Upper-middle-income countries
Indonesia,IDN,2012,3.0958955,9708.612,252698525,Upper-middle-income countries
Indonesia,IDN,2013,2.973101,10121.814,255852464,Upper-middle-income countries
Indonesia,IDN,2014,2.8555934,10504.387,258877395,Upper-middle-income countries
Indonesia,IDN,2015,2.7436345,10893.662,261799249,Upper-middle-income countries
Indonesia,IDN,2016,2.6373615,11319.663,264627429,Upper-middle-income countries
Indonesia,IDN,2017,2.5376008,11772.574,267346654,Upper-middle-income countries
Indonesia,IDN,2018,2.4457364,12262.231,269951847,Upper-middle-income countries
Indonesia,IDN,2019,2.3612113,12757.785,272489381,Upper-middle-income countries
Indonesia,IDN,2020,2.2787976,12388.545,274814861,Upper-middle-income countries
Indonesia,IDN,2021,2.2020023,12757.074,276758056,Upper-middle-income countries
Indonesia,IDN,2022,2.1292703,13334.266,278830527,Upper-middle-income countries
Indonesia,IDN,2023,2.062438,13889.975,281190068,Upper-middle-income countries
Indonesia,IDN,2024,,14470.4375,281190068,Upper-middle-income countries
Iran,IRN,1971,18.89208,,30029069,Upper-middle-income countries
Iran,IRN,1972,17.968618,,30921178,Upper-middle-income countries
Iran,IRN,1973,17.093641,,31839835,Upper-middle-income countries
Iran,IRN,1974,16.220285,,32796453,Upper-middle-income countries
Iran,IRN,1975,15.344053,,33802971,Upper-middle-income countries
Iran,IRN,1976,14.443843,,34837282,Upper-middle-income countries
Iran,IRN,1977,13.541073,,35933181,Upper-middle-income countries
Iran,IRN,1978,12.614845,,37126534,Upper-middle-income countries
Iran,IRN,1979,11.711527,,38424956,Upper-middle-income countries
Iran,IRN,1980,10.843718,,39842323,Upper-middle-income countries
Iran,IRN,1981,10.030651,,41989316,Upper-middle-income countries
Iran,IRN,1982,9.303389,,44272140,Upper-middle-income countries
Iran,IRN,1983,8.671512,,46029540,Upper-middle-income countries
Iran,IRN,1984,8.125619,,47793999,Upper-middle-income countries
Iran,IRN,1985,7.643087,,49582289,Upper-middle-income countries
Iran,IRN,1986,7.2030115,,51446046,Upper-middle-income countries
Iran,IRN,1987,6.801731,,53323491,Upper-middle-income countries
Iran,IRN,1988,6.4245625,,55072691,Upper-middle-income countries
Iran,IRN,1989,6.074658,,56704920,Upper-middle-income countries
Iran,IRN,1990,5.756549,9656.001,58380098,Upper-middle-income countries
Iran,IRN,1991,5.4750323,10592.332,59986931,Upper-middle-income countries
Iran,IRN,1992,5.2218885,10727.418,61184982,Upper-middle-income countries
Iran,IRN,1993,4.995237,10531.995,61403548,Upper-middle-income countries
Iran,IRN,1994,4.7890077,10333.433,61520598,Upper-middle-income countries
Iran,IRN,1995,4.593557,10465.026,62205571,Upper-middle-income countries
Iran,IRN,1996,4.4040165,11010.01,62881298,Upper-middle-income countries
Iran,IRN,1997,4.2135725,11025.721,63639637,Upper-middle-income countries
Iran,IRN,1998,4.0226254,11101.508,64519866,Upper-middle-income countries
Iran,IRN,1999,3.8254323,11163.695,65445389,Upper-middle-income countries
Iran,IRN,2000,3.6253574,11643.122,66418661,Upper-middle-income countries
Iran,IRN,2001,3.4245472,11739.009,67452005,Upper-middle-income countries
Iran,IRN,2002,3.222134,12583.045,68011318,Upper-middle-income countries
Iran,IRN,2003,3.0219667,13519.45,68769343,Upper-middle-income countries
Iran,IRN,2004,2.8278384,13807.195,70256316,Upper-middle-income countries
Iran,IRN,2005,2.6459332,13935.774,71828455,Upper-middle-income countries
Iran,IRN,2006,2.4756238,14320.657,73392747,Upper-middle-income countries
Iran,IRN,2007,2.3167665,15237.424,74602648,Upper-middle-income countries
Iran,IRN,2008,2.1716847,15091.251,75514201,Upper-middle-income countries
Iran,IRN,2009,2.0421317,15055.149,76457831,Upper-middle-income countries
Iran,IRN,2010,1.9314448,15729.913,77420851,Upper-middle-income countries
Iran,IRN,2011,1.8385178,15947.766,78383602,Upper-middle-income countries
Iran,IRN,2012,1.7546763,15159.295,79370583,Upper-middle-income countries
Iran,IRN,2013,1.6788691,14734.74,80414689,Upper-middle-income countries
Iran,IRN,2014,1.6109316,15262.852,81502045,Upper-middle-income countries
Iran,IRN,2015,1.5541146,14841.905,82619365,Upper-middle-income countries
Iran,IRN,2016,1.4992143,15920.372,83812230,Upper-middle-income countries
Iran,IRN,2017,1.445904,16167.968,85026761,Upper-middle-income countries
Iran,IRN,2018,1.3947896,15364.805,86117999,Upper-middle-income countries
Iran,IRN,2019,1.3472011,14841.075,87051649,Upper-middle-income countries
Iran,IRN,2020,1.3021901,15381.585,87723448,Upper-middle-income countries
Iran,IRN,2021,1.2590235,15884.428,88455490,Upper-middle-income countries
Iran,IRN,2022,1.2175834,16377.961,89524247,Upper-middle-income countries
Iran,IRN,2023,1.1773313,17044.816,90608708,Upper-middle-income countries
Iran,IRN,2024,,17484.133,90608708,Upper-middle-income countries
Iraq,IRQ,1942,57.10657,,4347673,Upper-middle-income countries
Iraq,IRQ,1943,53.79977,,4495010,Upper-middle-income countries
Iraq,IRQ,1944,50.748085,,4647340,Upper-middle-income countries
Iraq,IRQ,1945,47.907715,,4804832,Upper-middle-income countries
Iraq,IRQ,1946,45.20985,,4967661,Upper-middle-income countries
Iraq,IRQ,1947,42.639896,,5136009,Upper-middle-income countries
Iraq,IRQ,1948,40.183872,,5310061,Upper-middle-income countries
Iraq,IRQ,1949,37.807964,,5483614,Upper-middle-income countries
Iraq,IRQ,1950,35.519066,,5653357,Upper-middle-income countries
Iraq,IRQ,1951,33.384018,,5774132,Upper-middle-income countries
Iraq,IRQ,1952,31.355078,,5913013,Upper-middle-income countries
Iraq,IRQ,1953,29.46292,,6064249,Upper-middle-income countries
Iraq,IRQ,1954,27.652029,,6219477,Upper-middle-income countries
Iraq,IRQ,1955,25.941935,,6366279,Upper-middle-income countries
Iraq,IRQ,1956,24.334455,,6507499,Upper-middle-income countries
Iraq,IRQ,1957,22.842209,,6633379,Upper-middle-income countries
Iraq,IRQ,1958,21.47721,,6741679,Upper-middle-income countries
Iraq,IRQ,1959,20.199667,,6870386,Upper-middle-income countries
Iraq,IRQ,1960,19.008934,,7022057,Upper-middle-income countries
Iraq,IRQ,1961,17.920486,,7194561,Upper-middle-income countries
Iraq,IRQ,1962,16.92678,,7413876,Upper-middle-income countries
Iraq,IRQ,1963,15.992563,,7667932,Upper-middle-income countries
Iraq,IRQ,1964,15.137654,,7929572,Upper-middle-income countries
Iraq,IRQ,1965,14.357549,,8202145,Upper-middle-income countries
Iraq,IRQ,1966,13.637934,,8485103,Upper-middle-income countries
Iraq,IRQ,1967,12.982639,,8778876,Upper-middle-income countries
Iraq,IRQ,1968,12.365534,,9085016,Upper-middle-income countries
Iraq,IRQ,1969,11.780124,,9403356,Upper-middle-income countries
Iraq,IRQ,1970,11.244761,,9735611,Upper-middle-income countries
Iraq,IRQ,1971,10.73052,,10077818,Upper-middle-income countries
Iraq,IRQ,1972,10.249179,,10430169,Upper-middle-income countries
Iraq,IRQ,1973,9.7879505,,10795872,Upper-middle-income countries
Iraq,IRQ,1974,9.350888,,11167770,Upper-middle-income countries
Iraq,IRQ,1975,8.934447,,11543643,Upper-middle-income countries
Iraq,IRQ,1976,8.538175,,11927652,Upper-middle-income countries
Iraq,IRQ,1977,8.172298,,12331051,Upper-middle-income countries
Iraq,IRQ,1978,7.8314,,12753355,Upper-middle-income countries
Iraq,IRQ,1979,7.5170736,,13170372,Upper-middle-income countries
Iraq,IRQ,1980,7.22989,,13591996,Upper-middle-income countries
Iraq,IRQ,1981,6.959698,,14006379,Upper-middle-income countries
Iraq,IRQ,1982,6.713015,,14406082,Upper-middle-income countries
Iraq,IRQ,1983,6.487669,,14840558,Upper-middle-income countries
Iraq,IRQ,1984,6.2789073,,15310729,Upper-middle-income countries
Iraq,IRQ,1985,6.085324,,15683431,Upper-middle-income countries
Iraq,IRQ,1986,5.910384,,16074146,Upper-middle-income countries
Iraq,IRQ,1987,5.7530127,,16521051,Upper-middle-income countries
Iraq,IRQ,1988,6.920691,,16908823,Upper-middle-income countries
Iraq,IRQ,1989,8.118081,,17364553,Upper-middle-income countries
Iraq,IRQ,1990,7.9735713,10735.094,17581208,Upper-middle-income countries
Iraq,IRQ,1991,6.4853673,3819.1619,17767257,Upper-middle-income countries
Iraq,IRQ,1992,5.169005,4916.264,18300849,Upper-middle-income countries
Iraq,IRQ,1993,5.073083,6105.0415,19201195,Upper-middle-income countries
Iraq,IRQ,1994,4.9817443,6044.871,20139818,Upper-middle-income countries
Iraq,IRQ,1995,4.8926296,5969.6694,20825859,Upper-middle-income countries
Iraq,IRQ,1996,4.7999034,6419.3696,21501321,Upper-middle-income countries
Iraq,IRQ,1997,4.7084713,7545.73,22176604,Upper-middle-income countries
Iraq,IRQ,1998,4.6142297,9871.734,22884402,Upper-middle-income countries
Iraq,IRQ,1999,4.519098,11237.854,23636530,Upper-middle-income countries
Iraq,IRQ,2000,4.428363,12702.164,24424060,Upper-middle-income countries
Iraq,IRQ,2001,4.3349633,12529.608,25197842,Upper-middle-income countries
Iraq,IRQ,2002,4.2441483,11144.051,26006558,Upper-middle-income countries
Iraq,IRQ,2003,4.155074,6849.332,26802660,Upper-middle-income countries
Iraq,IRQ,2004,4.066662,10210.563,27577876,Upper-middle-income countries
Iraq,IRQ,2005,3.9733872,10078.443,28407450,Upper-middle-income countries
Iraq,IRQ,2006,3.8762898,10568.914,28616518,Upper-middle-income countries
Iraq,IRQ,2007,3.775923,10853.816,28391606,Upper-middle-income countries
Iraq,IRQ,2008,3.67068,11511.938,28971042,Upper-middle-income countries
Iraq,IRQ,2009,3.5631235,11470.518,30058207,Upper-middle-income countries
Iraq,IRQ,2010,3.4556105,11816.841,31045367,Upper-middle-income countries
Iraq,IRQ,2011,3.3490217,12267.585,32161425,Upper-middle-income countries
Iraq,IRQ,2012,3.2430649,13357.015,33654843,Upper-middle-income countries
Iraq,IRQ,2013,3.1403432,13712.932,35281987,Upper-middle-income countries
Iraq,IRQ,2014,3.037219,13536.823,36550058,Upper-middle-income countries
Iraq,IRQ,2015,2.9380045,13516.027,37560535,Upper-middle-income countries
Iraq,IRQ,2016,2.8407173,15016.092,38469628,Upper-middle-income countries
Iraq,IRQ,2017,2.7486076,14417.631,39337358,Upper-middle-income countries
Iraq,IRQ,2018,2.6623938,14456.235,40265629,Upper-middle-income countries
Iraq,IRQ,2019,2.5746992,14910.225,41192172,Upper-middle-income countries
Iraq,IRQ,2020,2.490583,12827.635,42116602,Upper-middle-income countries
Iraq,IRQ,2021,2.4138734,12731.754,43071208,Upper-middle-income countries
Iraq,IRQ,2022,2.3337338,13433.397,44070556,Upper-middle-income countries
Iraq,IRQ,2023,2.2616258,13202.323,45074055,Upper-middle-income countries
Iraq,IRQ,2024,,12725.043,45074055,Upper-middle-income countries
Ireland,IRL,1949,5.633364,,2912656,High-income countries
Ireland,IRL,1950,5.421564,,2912656,High-income countries
Ireland,IRL,1951,5.196188,,2936865,High-income countries
Ireland,IRL,1952,4.955974,,2941463,High-income countries
Ireland,IRL,1953,4.715061,,2929083,High-income countries
Ireland,IRL,1954,4.49044,,2915174,High-income countries
Ireland,IRL,1955,4.2918086,,2899545,High-income countries
Ireland,IRL,1956,4.12215,,2883752,High-income countries
Ireland,IRL,1957,3.975083,,2869103,High-income countries
Ireland,IRL,1958,3.834435,,2854004,High-income countries
Ireland,IRL,1959,3.6813025,,2839216,High-income countries
Ireland,IRL,1960,3.5254095,,2827691,High-income countries
Ireland,IRL,1961,3.3809052,,2824696,High-income countries
Ireland,IRL,1962,3.2536995,,2831496,High-income countries
Ireland,IRL,1963,3.1325316,,2843035,High-income countries
Ireland,IRL,1964,3.0056465,,2857169,High-income countries
Ireland,IRL,1965,2.8668091,,2873157,High-income countries
Ireland,IRL,1966,2.7123864,,2888884,High-income countries
Ireland,IRL,1967,2.5501747,,2905420,High-income countries
Ireland,IRL,1968,2.4059367,,2922789,High-income countries
Ireland,IRL,1969,2.2967317,,2940759,High-income countries
Ireland,IRL,1970,2.222327,,2961402,High-income countries
Ireland,IRL,1971,2.1736836,,2993119,High-income countries
Ireland,IRL,1972,2.1410677,,3037153,High-income countries
Ireland,IRL,1973,2.10857,,3084436,High-income countries
Ireland,IRL,1974,2.0612304,,3132177,High-income countries
Ireland,IRL,1975,1.995509,,3180119,High-income countries
Ireland,IRL,1976,1.9097147,,3228393,High-income countries
Ireland,IRL,1977,1.8059323,,3277756,High-income countries
Ireland,IRL,1978,1.6864883,,3329185,High-income countries
Ireland,IRL,1979,1.5553905,,3375806,High-income countries
Ireland,IRL,1980,1.4275825,,3415240,High-income countries
Ireland,IRL,1981,1.3188573,,3448825,High-income countries
Ireland,IRL,1982,1.2349063,,3475532,High-income countries
Ireland,IRL,1983,1.1687056,,3497614,High-income countries
Ireland,IRL,1984,1.1140337,,3515953,High-income countries
Ireland,IRL,1985,1.070785,,3531275,High-income countries
Ireland,IRL,1986,1.0387379,,3541875,High-income countries
Ireland,IRL,1987,1.0158405,,3540382,High-income countries
Ireland,IRL,1988,0.9933143,,3525092,High-income countries
Ireland,IRL,1989,0.9610076,,3511070,High-income countries
Ireland,IRL,1990,0.91768515,29555.633,3514015,High-income countries
Ireland,IRL,1991,0.86552745,29953.244,3534258,High-income countries
Ireland,IRL,1992,0.8110236,30744.191,3558417,High-income countries
Ireland,IRL,1993,0.76608473,31414.596,3576118,High-income countries
Ireland,IRL,1994,0.7392563,33092.062,3590162,High-income countries
Ireland,IRL,1995,0.72844464,36094.76,3610695,High-income countries
Ireland,IRL,1996,0.7278429,38452.945,3638507,High-income countries
Ireland,IRL,1997,0.7313678,42265.164,3672287,High-income countries
Ireland,IRL,1998,0.73349094,45493.168,3711075,High-income countries
Ireland,IRL,1999,0.7296166,49719.887,3752938,High-income countries
Ireland,IRL,2000,0.7161251,53675.004,3802589,High-income countries
Ireland,IRL,2001,0.68942475,55630.1,3862981,High-income countries
Ireland,IRL,2002,0.6501686,57927.49,3928441,High-income countries
Ireland,IRL,2003,0.6045391,58709.156,3992935,High-income countries
Ireland,IRL,2004,0.55888194,61558.58,4066066,High-income countries
Ireland,IRL,2005,0.5179788,63689.086,4155283,High-income countries
Ireland,IRL,2006,0.48529106,65087.18,4268775,High-income countries
Ireland,IRL,2007,0.46131995,66590.195,4393518,High-income countries
Ireland,IRL,2008,0.44343445,62320.668,4485992,High-income countries
Ireland,IRL,2009,0.4290706,58547.266,4533750,High-income countries
Ireland,IRL,2010,0.4169014,59209.1,4559084,High-income countries
Ireland,IRL,2011,0.4062433,59899.918,4579603,High-income countries
Ireland,IRL,2012,0.39665893,59405.047,4600135,High-income countries
Ireland,IRL,2013,0.38686457,60388.94,4624686,High-income countries
Ireland,IRL,2014,0.37667018,65575.805,4658236,High-income countries
Ireland,IRL,2015,0.36612898,80954.664,4702497,High-income countries
Ireland,IRL,2016,0.35623226,80899.02,4753506,High-income countries
Ireland,IRL,2017,0.34779206,87882.71,4810258,High-income countries
Ireland,IRL,2018,0.34289098,93276.016,4872559,High-income countries
Ireland,IRL,2019,0.3435464,96371.29,4933493,High-income countries
Ireland,IRL,2020,0.3491474,101968.555,4982602,High-income countries
Ireland,IRL,2021,0.3585441,116903.61,5028428,High-income countries
Ireland,IRL,2022,0.37013352,123219.08,5110015,High-income countries
Ireland,IRL,2023,0.38037205,117862.125,5196629,High-income countries
Ireland,IRL,2024,,119037.734,5196629,High-income countries
Israel,ISR,1952,6.654545,,1414224,High-income countries
Israel,ISR,1953,6.3983774,,1476336,High-income countries
Israel,ISR,1954,6.15237,,1538044,High-income countries
Israel,ISR,1955,5.911345,,1599497,High-income countries
Israel,ISR,1956,5.672943,,1660640,High-income countries
Israel,ISR,1957,5.4272118,,1720530,High-income countries
Israel,ISR,1958,5.1808076,,1779007,High-income countries
Israel,ISR,1959,4.9408183,,1836348,High-income countries
Israel,ISR,1960,4.706032,,1891941,High-income countries
Israel,ISR,1961,4.4799333,,1956894,High-income countries
Israel,ISR,1962,4.260666,,2040967,High-income countries
Israel,ISR,1963,4.0558023,,2135049,High-income countries
Israel,ISR,1964,3.8633316,,2231855,High-income countries
Israel,ISR,1965,3.6816745,,2331450,High-income countries
Israel,ISR,1966,3.515704,,2433836,High-income countries
Israel,ISR,1967,3.3638637,,2538658,High-income countries
Israel,ISR,1968,3.2297096,,2645472,High-income countries
Israel,ISR,1969,3.1126235,,2754159,High-income countries
Israel,ISR,1970,3.0081885,,2864773,High-income countries
Israel,ISR,1971,2.9125533,,2977303,High-income countries
Israel,ISR,1972,2.8185594,,3079404,High-income countries
Israel,ISR,1973,2.722842,,3163042,High-income countries
Israel,ISR,1974,2.612148,,3239987,High-income countries
Israel,ISR,1975,2.4788427,,3318087,High-income countries
Israel,ISR,1976,2.332361,,3398266,High-income countries
Israel,ISR,1977,2.1850362,,3479619,High-income countries
Israel,ISR,1978,2.0487835,,3560404,High-income countries
Israel,ISR,1979,1.9274065,,3640877,High-income countries
Israel,ISR,1980,1.8245736,,3721666,High-income countries
Israel,ISR,1981,1.737381,,3802233,High-income countries
Israel,ISR,1982,1.6594312,,3883640,High-income countries
Israel,ISR,1983,1.5857106,,3959631,High-income countries
Israel,ISR,1984,1.5140958,,4033735,High-income countries
Israel,ISR,1985,1.4428668,,4105362,High-income countries
Israel,ISR,1986,1.3739922,,4168966,High-income countries
Israel,ISR,1987,1.3117591,,4236875,High-income countries
Israel,ISR,1988,1.2565212,,4307324,High-income countries
Israel,ISR,1989,1.2053473,,4381512,High-income countries
Israel,ISR,1990,1.1543006,25335.271,4544995,High-income countries
Israel,ISR,1991,1.1006898,25698.93,4779892,High-income countries
Israel,ISR,1992,1.0433908,26752.4,4957240,High-income countries
Israel,ISR,1993,0.9828608,27123.107,5086041,High-income countries
Israel,ISR,1994,0.9239335,28393,5216697,High-income countries
Israel,ISR,1995,0.8707768,29470.816,5354734,High-income countries
Israel,ISR,1996,0.8239901,30386.197,5499555,High-income countries
Israel,ISR,1997,0.78336036,30707.006,5646476,High-income countries
Israel,ISR,1998,0.748312,31246.857,5790143,High-income countries
Israel,ISR,1999,0.7171002,31465.613,5946079,High-income countries
Israel,ISR,2000,0.68859684,33275.062,6111194,High-income countries
Israel,ISR,2001,0.66154796,32590.229,6259977,High-income countries
Israel,ISR,2002,0.6349245,31897.584,6387714,High-income countries
Israel,ISR,2003,0.60852027,31780.78,6502821,High-income countries
Israel,ISR,2004,0.58247674,32675.209,6615084,High-income countries
Israel,ISR,2005,0.5570062,33512.89,6728212,High-income countries
Israel,ISR,2006,0.5331213,34770.027,6844029,High-income countries
Israel,ISR,2007,0.51088333,36317.85,6962456,High-income countries
Israel,ISR,2008,0.49075308,36827.926,7082621,High-income countries
Israel,ISR,2009,0.47270456,36403.164,7206096,High-income countries
Israel,ISR,2010,0.45611113,37722.41,7336735,High-income countries
Israel,ISR,2011,0.44085,39075.375,7471023,High-income countries
Israel,ISR,2012,0.42689133,39299.35,7607781,High-income countries
Israel,ISR,2013,0.414186,40148.777,7749369,High-income countries
Israel,ISR,2014,0.4026948,40872.582,7897173,High-income countries
Israel,ISR,2015,0.3923697,40967.37,8052916,High-income countries
Israel,ISR,2016,0.3829189,41963.676,8210006,High-income countries
Israel,ISR,2017,0.3739695,42947.06,8361796,High-income countries
Israel,ISR,2018,0.36541092,43814.297,8510067,High-income countries
Israel,ISR,2019,0.35770118,44580.81,8657466,High-income countries
Israel,ISR,2020,0.3513582,42915.94,8800380,High-income countries
Israel,ISR,2021,0.34632486,46162.082,8942925,High-income countries
Israel,ISR,2022,0.34231198,48098.188,9103143,High-income countries
Israel,ISR,2023,0.33853307,47527.152,9256311,High-income countries
Israel,ISR,2024,,47338.844,9256311,High-income countries
Italy,ITA,1950,8.862373,,46391674,High-income countries
Italy,ITA,1951,8.160946,,46751901,High-income countries
Italy,ITA,1952,7.5311246,,47018177,High-income countries
Italy,ITA,1953,6.9817057,,47410885,High-income countries
Italy,ITA,1954,6.531323,,47832233,High-income countries
Italy,ITA,1955,6.1961126,,48130817,High-income countries
Italy,ITA,1956,5.9475894,,48401948,High-income countries
Italy,ITA,1957,5.7469764,,48657025,High-income countries
Italy,ITA,1958,5.567482,,48927096,High-income countries
Italy,ITA,1959,5.3876667,,49219450,High-income countries
Italy,ITA,1960,5.1944985,,49514555,High-income countries
Italy,ITA,1961,4.984046,,49815254,High-income countries
Italy,ITA,1962,4.7610807,,50170591,High-income countries
Italy,ITA,1963,4.532397,,50570978,High-income countries
Italy,ITA,1964,4.312856,,51019579,High-income countries
Italy,ITA,1965,4.1119175,,51480733,High-income countries
Italy,ITA,1966,3.9340734,,51919068,High-income countries
Italy,ITA,1967,3.7808936,,52338335,High-income countries
Italy,ITA,1968,3.643612,,52712156,High-income countries
Italy,ITA,1969,3.5068624,,53060141,High-income countries
Italy,ITA,1970,3.3561041,,53390231,High-income countries
Italy,ITA,1971,3.18248,,53707794,High-income countries
Italy,ITA,1972,2.9804697,,54067562,High-income countries
Italy,ITA,1973,2.7551806,,54450571,High-income countries
Italy,ITA,1974,2.527026,,54821114,High-income countries
Italy,ITA,1975,2.3093948,,55166046,High-income countries
Italy,ITA,1976,2.1145504,,55459415,High-income countries
Italy,ITA,1977,1.9497075,,55714552,High-income countries
Italy,ITA,1978,1.8151233,,55938969,High-income countries
Italy,ITA,1979,1.702786,,56132382,High-income countries
Italy,ITA,1980,1.6060665,,56412086,High-income countries
Italy,ITA,1981,1.5181643,,56646752,High-income countries
Italy,ITA,1982,1.4330192,,56719178,High-income countries
Italy,ITA,1983,1.3488977,,56766114,High-income countries
Italy,ITA,1984,1.2695653,,56810355,High-income countries
Italy,ITA,1985,1.1984222,,56855499,High-income countries
Italy,ITA,1986,1.1362482,,56875982,High-income countries
Italy,ITA,1987,1.0827796,,56891919,High-income countries
Italy,ITA,1988,1.0375804,,56928748,High-income countries
Italy,ITA,1989,0.99912095,,56976750,High-income countries
Italy,ITA,1990,0.96581835,42656.746,57031457,High-income countries
Italy,ITA,1991,0.9324719,43283.02,57075394,High-income countries
Italy,ITA,1992,0.8931947,43614.484,57124993,High-income countries
Italy,ITA,1993,0.8461335,43216.11,57170762,High-income countries
Italy,ITA,1994,0.79623145,44136.707,57420136,High-income countries
Italy,ITA,1995,0.7481247,45410.14,57403342,High-income countries
Italy,ITA,1996,0.70296216,46008.24,57162098,High-income countries
Italy,ITA,1997,0.66090095,46869.426,57189272,High-income countries
Italy,ITA,1998,0.6219218,47701.4,57215190,High-income countries
Italy,ITA,1999,0.5870258,48493.664,57240796,High-income countries
Italy,ITA,2000,0.5566203,50353.42,57272200,High-income countries
Italy,ITA,2001,0.52988833,51332.29,57305760,High-income countries
Italy,ITA,2002,0.50557244,51369.113,57420636,High-income countries
Italy,ITA,2003,0.48309672,51126.258,57739697,High-income countries
Italy,ITA,2004,0.4634337,51495.004,58176736,High-income countries
Italy,ITA,2005,0.44725436,51585.645,58519696,High-income countries
Italy,ITA,2006,0.43410316,52304.242,58754434,High-income countries
Italy,ITA,2007,0.42337805,52747.19,59108723,High-income countries
Italy,ITA,2008,0.41418734,51806.39,59561687,High-income countries
Italy,ITA,2009,0.40554816,48774.39,59904016,High-income countries
Italy,ITA,2010,0.39641777,49301.695,60164212,High-income countries
Italy,ITA,2011,0.38694194,49473.016,60367882,High-income countries
Italy,ITA,2012,0.37749666,47795.957,60531522,High-income countries
Italy,ITA,2013,0.36846957,46833.363,60653864,High-income countries
Italy,ITA,2014,0.3596655,46825.652,60664169,High-income countries
Italy,ITA,2015,0.35100088,47311.824,60575314,High-income countries
Italy,ITA,2016,0.34185255,47987.84,60478103,High-income countries
Italy,ITA,2017,0.33134422,48849.22,60390317,High-income countries
Italy,ITA,2018,0.31957734,49133.145,60277496,High-income countries
Italy,ITA,2019,0.3078779,49690.63,60130136,High-income countries
Italy,ITA,2020,0.2974099,45505.07,59912763,High-income countries
Italy,ITA,2021,0.28857586,49825.395,59729353,High-income countries
Italy,ITA,2022,0.28138486,52333.33,59619106,High-income countries
Italy,ITA,2023,0.27559024,52870.324,59499452,High-income countries
Italy,ITA,2024,,53265.004,59499452,High-income countries
Jamaica,JAM,1952,12.510899,,1481349,Upper-middle-income countries
Jamaica,JAM,1953,11.869326,,1509742,Upper-middle-income countries
Jamaica,JAM,1954,11.251564,,1533451,Upper-middle-income countries
Jamaica,JAM,1955,10.666465,,1553716,Upper-middle-income countries
Jamaica,JAM,1956,10.112379,,1571975,Upper-middle-income countries
Jamaica,JAM,1957,9.579208,,1589680,Upper-middle-income countries
Jamaica,JAM,1958,9.061628,,1608269,Upper-middle-income countries
Jamaica,JAM,1959,8.594651,,1628236,Upper-middle-income countries
Jamaica,JAM,1960,8.1675005,,1650009,Upper-middle-income countries
Jamaica,JAM,1961,7.7874002,,1673267,Upper-middle-income countries
Jamaica,JAM,1962,7.4522347,,1696935,Upper-middle-income countries
Jamaica,JAM,1963,7.1652746,,1721105,Upper-middle-income countries
Jamaica,JAM,1964,6.9125237,,1745574,Upper-middle-income countries
Jamaica,JAM,1965,6.6866236,,1769206,Upper-middle-income countries
Jamaica,JAM,1966,6.4871516,,1791477,Upper-middle-income countries
Jamaica,JAM,1967,6.2839465,,1812870,Upper-middle-income countries
Jamaica,JAM,1968,6.080237,,1833769,Upper-middle-income countries
Jamaica,JAM,1969,5.865275,,1855132,Upper-middle-income countries
Jamaica,JAM,1970,5.6435947,,1878191,Upper-middle-income countries
Jamaica,JAM,1971,5.412988,,1903734,Upper-middle-income countries
Jamaica,JAM,1972,5.1763964,,1931552,Upper-middle-income countries
Jamaica,JAM,1973,4.9465013,,1961225,Upper-middle-income countries
Jamaica,JAM,1974,4.740895,,1990904,Upper-middle-income countries
Jamaica,JAM,1975,4.5519137,,2018985,Upper-middle-income countries
Jamaica,JAM,1976,4.374019,,2045578,Upper-middle-income countries
Jamaica,JAM,1977,4.211361,,2070657,Upper-middle-income countries
Jamaica,JAM,1978,4.059069,,2094848,Upper-middle-income countries
Jamaica,JAM,1979,3.917625,,2119492,Upper-middle-income countries
Jamaica,JAM,1980,3.7824593,,2145661,Upper-middle-income countries
Jamaica,JAM,1981,3.655221,,2173823,Upper-middle-income countries
Jamaica,JAM,1982,3.535907,,2203895,Upper-middle-income countries
Jamaica,JAM,1983,3.4252186,,2234834,Upper-middle-income countries
Jamaica,JAM,1984,3.3218942,,2264563,Upper-middle-income countries
Jamaica,JAM,1985,3.220695,,2290657,Upper-middle-income countries
Jamaica,JAM,1986,3.1253757,,2312124,Upper-middle-income countries
Jamaica,JAM,1987,3.0370088,,2329816,Upper-middle-income countries
Jamaica,JAM,1988,2.9582522,,2345786,Upper-middle-income countries
Jamaica,JAM,1989,2.879949,,2361923,Upper-middle-income countries
Jamaica,JAM,1990,2.8030071,8879.653,2379880,Upper-middle-income countries
Jamaica,JAM,1991,2.7292304,9227.876,2400873,Upper-middle-income countries
Jamaica,JAM,1992,2.658287,9315.858,2424698,Upper-middle-income countries
Jamaica,JAM,1993,2.5814235,10088.232,2449913,Upper-middle-income countries
Jamaica,JAM,1994,2.5069017,10123.234,2475225,Upper-middle-income countries
Jamaica,JAM,1995,2.4316864,10257.807,2500152,Upper-middle-income countries
Jamaica,JAM,1996,2.3520703,10147.464,2524470,Upper-middle-income countries
Jamaica,JAM,1997,2.2712338,9939.662,2547853,Upper-middle-income countries
Jamaica,JAM,1998,2.192424,9624.93,2569740,Upper-middle-income countries
Jamaica,JAM,1999,2.119322,9650.4375,2589796,Upper-middle-income countries
Jamaica,JAM,2000,2.056794,9667.925,2607827,Upper-middle-income countries
Jamaica,JAM,2001,2.004163,9736.0625,2624410,Upper-middle-income countries
Jamaica,JAM,2002,1.9653718,9869.713,2640582,Upper-middle-income countries
Jamaica,JAM,2003,1.9386513,10169.75,2656629,Upper-middle-income countries
Jamaica,JAM,2004,1.9244576,10244.207,2672227,Upper-middle-income countries
Jamaica,JAM,2005,1.916581,10278.684,2687070,Upper-middle-income countries
Jamaica,JAM,2006,1.914291,10522.236,2700973,Upper-middle-income countries
Jamaica,JAM,2007,1.9157364,10622.444,2713808,Upper-middle-income countries
Jamaica,JAM,2008,1.9151785,10490.469,2725633,Upper-middle-income countries
Jamaica,JAM,2009,1.9112632,9992.977,2737001,Upper-middle-income countries
Jamaica,JAM,2010,1.9083136,9805.901,2748573,Upper-middle-income countries
Jamaica,JAM,2011,1.9036199,9932.483,2760493,Upper-middle-income countries
Jamaica,JAM,2012,1.8942729,9829.035,2772432,Upper-middle-income countries
Jamaica,JAM,2013,1.8849908,9839.965,2783689,Upper-middle-income countries
Jamaica,JAM,2014,1.8745565,9872.159,2793756,Upper-middle-income countries
Jamaica,JAM,2015,1.8652878,9931.898,2802536,Upper-middle-income countries
Jamaica,JAM,2016,1.8616401,10179.254,2809919,Upper-middle-income countries
Jamaica,JAM,2017,1.8639326,10391.038,2815765,Upper-middle-income countries
Jamaica,JAM,2018,1.8719652,10636.093,2820103,Upper-middle-income countries
Jamaica,JAM,2019,1.883711,10816.372,2823275,Upper-middle-income countries
Jamaica,JAM,2020,1.8974578,9891.97,2830745,Upper-middle-income countries
Jamaica,JAM,2021,1.9131172,10430.691,2837680,Upper-middle-income countries
Jamaica,JAM,2022,1.9261134,11096.638,2839150,Upper-middle-income countries
Jamaica,JAM,2023,1.932888,11398.8125,2839785,Upper-middle-income countries
Jamaica,JAM,2024,,11340.264,2839785,Upper-middle-income countries
Japan,JPN,1949,10.124497,,83270008,High-income countries
Japan,JPN,1950,9.138143,,86443278,High-income countries
Japan,JPN,1951,8.2588215,,87849929,High-income countries
Japan,JPN,1952,7.490194,,89135133,High-income countries
Japan,JPN,1953,6.8305745,,90324185,High-income countries
Japan,JPN,1954,6.271376,,91407673,High-income countries
Japan,JPN,1955,5.8033543,,92425476,High-income countries
Japan,JPN,1956,5.400702,,93342005,High-income countries
Japan,JPN,1957,5.0330076,,94108980,High-income countries
Japan,JPN,1958,4.678057,,94846958,High-income countries
Japan,JPN,1959,4.3269486,,95622973,High-income countries
Japan,JPN,1960,3.972705,,96399755,High-income countries
Japan,JPN,1961,3.6235,,97217594,High-income countries
Japan,JPN,1962,3.2871463,,98076405,High-income countries
Japan,JPN,1963,2.9753826,,98958230,High-income countries
Japan,JPN,1964,2.697647,,99890175,High-income countries
Japan,JPN,1965,2.461731,,100916018,High-income countries
Japan,JPN,1966,2.2641337,,101887833,High-income countries
Japan,JPN,1967,2.0997841,,102965530,High-income countries
Japan,JPN,1968,1.9633613,,104237476,High-income countries
Japan,JPN,1969,1.8476435,,105475169,High-income countries
Japan,JPN,1970,1.7457244,,106712370,High-income countries
Japan,JPN,1971,1.6532408,,107952031,High-income countries
Japan,JPN,1972,1.5674661,,109238963,High-income countries
Japan,JPN,1973,1.4855129,,110614742,High-income countries
Japan,JPN,1974,1.4056443,,112009689,High-income countries
Japan,JPN,1975,1.3270383,,113321197,High-income countries
Japan,JPN,1976,1.2506709,,114502792,High-income countries
Japan,JPN,1977,1.178141,,115574278,High-income countries
Japan,JPN,1978,1.1108446,,116576940,High-income countries
Japan,JPN,1979,1.0481231,,117521561,High-income countries
Japan,JPN,1980,0.9893559,,118358761,High-income countries
Japan,JPN,1981,0.9341365,,118994054,High-income countries
Japan,JPN,1982,0.8821876,,119485775,High-income countries
Japan,JPN,1983,0.8332064,,119948943,High-income countries
Japan,JPN,1984,0.7880673,,120384395,High-income countries
Japan,JPN,1985,0.7474247,,120832158,High-income countries
Japan,JPN,1986,0.7122887,,121366733,High-income countries
Japan,JPN,1987,0.68353736,,121943588,High-income countries
Japan,JPN,1988,0.6611611,,122476957,High-income countries
Japan,JPN,1989,0.64444375,,122947411,High-income countries
Japan,JPN,1990,0.63226324,35272.418,123399767,High-income countries
Japan,JPN,1991,0.62260056,36372.035,123889870,High-income countries
Japan,JPN,1992,0.6133578,36563.62,124383707,High-income countries
Japan,JPN,1993,0.60207623,36277.92,124839955,High-income countries
Japan,JPN,1994,0.58740634,36568.71,125286861,High-income countries
Japan,JPN,1995,0.5684838,37442.895,125672659,High-income countries
Japan,JPN,1996,0.5460641,38528.793,125975304,High-income countries
Japan,JPN,1997,0.5215739,38814.254,126265926,High-income countries
Japan,JPN,1998,0.4968178,38217.195,126549182,High-income countries
Japan,JPN,1999,0.4727736,38020.094,126801566,High-income countries
Japan,JPN,2000,0.45025206,39005.914,127027794,High-income countries
Japan,JPN,2001,0.430051,39062.28,127260144,High-income countries
Japan,JPN,2002,0.4126948,38987.91,127484599,High-income countries
Japan,JPN,2003,0.3981585,39501.81,127671254,High-income countries
Japan,JPN,2004,0.38564298,40351.777,127815769,High-income countries
Japan,JPN,2005,0.3743201,41075.824,127913331,High-income countries
Japan,JPN,2006,0.36379546,41613.15,127997247,High-income countries
Japan,JPN,2007,0.35388473,42182.176,128087683,High-income countries
Japan,JPN,2008,0.3444988,41645.57,128155992,High-income countries
Japan,JPN,2009,0.33542493,39279.5,128192471,High-income countries
Japan,JPN,2010,0.32631254,40881.797,128185273,High-income countries
Japan,JPN,2011,0.327603,40967.344,128096430,High-income countries
Japan,JPN,2012,0.30682296,41596.92,127928283,High-income countries
Japan,JPN,2013,0.29610255,42492.242,127723642,High-income countries
Japan,JPN,2014,0.28557184,42674.7,127486601,High-income countries
Japan,JPN,2015,0.2759767,43386.71,127275868,High-income countries
Japan,JPN,2016,0.26740983,43736.13,127159950,High-income countries
Japan,JPN,2017,0.25963625,44505.277,127064686,High-income countries
Japan,JPN,2018,0.25252408,44848.49,126913432,High-income countries
Japan,JPN,2019,0.24637277,44730.91,126699421,High-income countries
Japan,JPN,2020,0.24137695,42992.48,126304533,High-income countries
Japan,JPN,2021,0.23793286,44355.348,125679342,High-income countries
Japan,JPN,2022,0.23632714,44972.344,124997585,High-income countries
Japan,JPN,2023,0.23632938,45858.66,124370947,High-income countries
Japan,JPN,2024,,46106.92,124370947,High-income countries
Jordan,JOR,1945,36.186417,,325022,Lower-middle-income countries
Jordan,JOR,1946,34.2749,,346033,Lower-middle-income countries
Jordan,JOR,1947,32.45154,,368401,Lower-middle-income countries
Jordan,JOR,1948,30.752277,,392215,Lower-middle-income countries
Jordan,JOR,1949,29.13399,,415581,Lower-middle-income countries
Jordan,JOR,1950,27.586977,,438808,Lower-middle-income countries
Jordan,JOR,1951,26.120647,,471160,Lower-middle-income countries
Jordan,JOR,1952,24.7298,,506449,Lower-middle-income countries
Jordan,JOR,1953,23.39448,,544109,Lower-middle-income countries
Jordan,JOR,1954,22.11714,,583856,Lower-middle-income countries
Jordan,JOR,1955,20.875395,,625572,Lower-middle-income countries
Jordan,JOR,1956,19.69757,,669110,Lower-middle-income countries
Jordan,JOR,1957,18.567266,,714362,Lower-middle-income countries
Jordan,JOR,1958,17.495417,,760829,Lower-middle-income countries
Jordan,JOR,1959,16.469692,,807612,Lower-middle-income countries
Jordan,JOR,1960,15.506036,,853471,Lower-middle-income countries
Jordan,JOR,1961,14.608935,,897599,Lower-middle-income countries
Jordan,JOR,1962,13.766915,,940564,Lower-middle-income countries
Jordan,JOR,1963,12.990744,,984720,Lower-middle-income countries
Jordan,JOR,1964,12.266948,,1035644,Lower-middle-income countries
Jordan,JOR,1965,11.595386,,1099446,Lower-middle-income countries
Jordan,JOR,1966,10.975862,,1178371,Lower-middle-income countries
Jordan,JOR,1967,10.406638,,1271186,Lower-middle-income countries
Jordan,JOR,1968,9.873948,,1372468,Lower-middle-income countries
Jordan,JOR,1969,9.378756,,1473101,Lower-middle-income countries
Jordan,JOR,1970,8.914653,,1565172,Lower-middle-income countries
Jordan,JOR,1971,8.4757805,,1645148,Lower-middle-income countries
Jordan,JOR,1972,8.061966,,1714562,Lower-middle-income countries
Jordan,JOR,1973,7.6731467,,1778096,Lower-middle-income countries
Jordan,JOR,1974,7.305173,,1839191,Lower-middle-income countries
Jordan,JOR,1975,6.9552927,,1899059,Lower-middle-income countries
Jordan,JOR,1976,6.6259,,1958181,Lower-middle-income countries
Jordan,JOR,1977,6.3143415,,2019008,Lower-middle-income countries
Jordan,JOR,1978,6.019833,,2083604,Lower-middle-income countries
Jordan,JOR,1979,5.739898,,2153891,Lower-middle-income countries
Jordan,JOR,1980,5.4753046,,2234192,Lower-middle-income countries
Jordan,JOR,1981,5.224484,,2325528,Lower-middle-income countries
Jordan,JOR,1982,4.987336,,2426933,Lower-middle-income countries
Jordan,JOR,1983,4.760003,,2537307,Lower-middle-income countries
Jordan,JOR,1984,4.546362,,2654689,Lower-middle-income countries
Jordan,JOR,1985,4.344151,,2778819,Lower-middle-income countries
Jordan,JOR,1986,4.1577106,,2909896,Lower-middle-income countries
Jordan,JOR,1987,3.9846451,,3047634,Lower-middle-income countries
Jordan,JOR,1988,3.824052,,3193044,Lower-middle-income countries
Jordan,JOR,1989,3.6780522,,3349638,Lower-middle-income countries
Jordan,JOR,1990,3.544182,7589.8203,3621915,Lower-middle-income countries
Jordan,JOR,1991,3.4217327,7134.29,3915152,Lower-middle-income countries
Jordan,JOR,1992,3.3085742,7737.969,4127699,Lower-middle-income countries
Jordan,JOR,1993,3.2019918,7675.4717,4348018,Lower-middle-income countries
Jordan,JOR,1994,3.1011736,7680.1406,4561409,Lower-middle-income countries
Jordan,JOR,1995,3.005484,7829.081,4752097,Lower-middle-income countries
Jordan,JOR,1996,2.9149547,7731.4785,4912518,Lower-middle-income countries
Jordan,JOR,1997,2.82928,7775.5425,5046287,Lower-middle-income countries
Jordan,JOR,1998,2.7439797,7826.74,5164290,Lower-middle-income countries
Jordan,JOR,1999,2.6602366,7920.0195,5276450,Lower-middle-income countries
Jordan,JOR,2000,2.5796597,8086.922,5386945,Lower-middle-income countries
Jordan,JOR,2001,2.5017529,8339.786,5498900,Lower-middle-income countries
Jordan,JOR,2002,2.4237294,8638.08,5616077,Lower-middle-income countries
Jordan,JOR,2003,2.3477263,8800.497,5741837,Lower-middle-income countries
Jordan,JOR,2004,2.2732744,9326.668,5882066,Lower-middle-income countries
Jordan,JOR,2005,2.2014544,9839.688,6029597,Lower-middle-income countries
Jordan,JOR,2006,2.1329036,9977.759,6427377,Lower-middle-income countries
Jordan,JOR,2007,2.0669193,10161.402,6827235,Lower-middle-income countries
Jordan,JOR,2008,2.0038269,10641.59,6989874,Lower-middle-income countries
Jordan,JOR,2009,1.9447163,10938.503,7141763,Lower-middle-income countries
Jordan,JOR,2010,1.8885881,10953.538,7297046,Lower-middle-income countries
Jordan,JOR,2011,1.8345765,10977.482,7480431,Lower-middle-income countries
Jordan,JOR,2012,1.7846209,11086.03,7587133,Lower-middle-income countries
Jordan,JOR,2013,1.7376401,10799.354,7991812,Lower-middle-income countries
Jordan,JOR,2014,1.6914343,10148.998,8791715,Lower-middle-income countries
Jordan,JOR,2015,1.6465423,9581.689,9544730,Lower-middle-income countries
Jordan,JOR,2016,1.6030716,9321.904,10006369,Lower-middle-income countries
Jordan,JOR,2017,1.5608258,9339.811,10234227,Lower-middle-income countries
Jordan,JOR,2018,1.5208404,9311.531,10462310,Lower-middle-income countries
Jordan,JOR,2019,1.4807421,9288.527,10671893,Lower-middle-income countries
Jordan,JOR,2020,1.4393839,9022.64,10865232,Lower-middle-income countries
Jordan,JOR,2021,1.4008629,9182.496,11066356,Lower-middle-income countries
Jordan,JOR,2022,1.3609662,9266.575,11256269,Lower-middle-income countries
Jordan,JOR,2023,1.3212277,9381.3545,11439220,Lower-middle-income countries
Jordan,JOR,2024,,9520.251,11439220,Lower-middle-income countries
Kazakhstan,KAZ,1971,8.538871,,12684817,Upper-middle-income countries
Kazakhstan,KAZ,1972,8.334439,,12951805,Upper-middle-income countries
Kazakhstan,KAZ,1973,8.1392,,13208122,Upper-middle-income countries
Kazakhstan,KAZ,1974,7.9554963,,13454576,Upper-middle-income countries
Kazakhstan,KAZ,1975,7.7995524,,13700850,Upper-middle-income countries
Kazakhstan,KAZ,1976,7.657531,,13998737,Upper-middle-income countries
Kazakhstan,KAZ,1977,7.5271406,,14353262,Upper-middle-income countries
Kazakhstan,KAZ,1978,7.3901134,,14711507,Upper-middle-income countries
Kazakhstan,KAZ,1979,7.239856,,14978703,Upper-middle-income countries
Kazakhstan,KAZ,1980,7.0485797,,15152953,Upper-middle-income countries
Kazakhstan,KAZ,1981,6.827199,,15323086,Upper-middle-income countries
Kazakhstan,KAZ,1982,6.6038065,,15492597,Upper-middle-income countries
Kazakhstan,KAZ,1983,6.3801417,,15665554,Upper-middle-income countries
Kazakhstan,KAZ,1984,6.1598825,,15844620,Upper-middle-income countries
Kazakhstan,KAZ,1985,5.9442286,,16031087,Upper-middle-income countries
Kazakhstan,KAZ,1986,5.7336097,,16262697,Upper-middle-income countries
Kazakhstan,KAZ,1987,5.538851,,16527717,Upper-middle-income countries
Kazakhstan,KAZ,1988,5.37061,,16781167,Upper-middle-income countries
Kazakhstan,KAZ,1989,5.2344317,,16997012,Upper-middle-income countries
Kazakhstan,KAZ,1990,5.1582727,16837.691,17154060,Upper-middle-income countries
Kazakhstan,KAZ,1991,5.134343,14877.527,17278604,Upper-middle-income countries
Kazakhstan,KAZ,1992,5.1642156,14045.104,17332624,Upper-middle-income countries
Kazakhstan,KAZ,1993,5.2289767,12795.875,17274487,Upper-middle-income countries
Kazakhstan,KAZ,1994,5.277995,11334.983,17043775,Upper-middle-income countries
Kazakhstan,KAZ,1995,5.261163,10600.33,16730541,Upper-middle-income countries
Kazakhstan,KAZ,1996,5.1559167,10857.436,16416036,Upper-middle-income countries
Kazakhstan,KAZ,1997,4.986706,11298.58,16043250,Upper-middle-income countries
Kazakhstan,KAZ,1998,4.762484,11364.031,15647789,Upper-middle-income countries
Kazakhstan,KAZ,1999,4.5102854,11815.773,15455877,Upper-middle-income countries
Kazakhstan,KAZ,2000,4.2480345,12935.864,15501108,Upper-middle-income countries
Kazakhstan,KAZ,2001,3.9925845,14612.029,15575550,Upper-middle-income countries
Kazakhstan,KAZ,2002,3.7577531,15960.874,15656680,Upper-middle-income countries
Kazakhstan,KAZ,2003,3.5378542,17344.752,15747377,Upper-middle-income countries
Kazakhstan,KAZ,2004,3.3250587,18886.582,15850164,Upper-middle-income countries
Kazakhstan,KAZ,2005,3.1161072,20565.53,15968118,Upper-middle-income countries
Kazakhstan,KAZ,2006,2.9047813,22574.344,16103718,Upper-middle-income countries
Kazakhstan,KAZ,2007,2.6891606,24351.346,16257212,Upper-middle-income countries
Kazakhstan,KAZ,2008,2.468449,24895.664,16426527,Upper-middle-income countries
Kazakhstan,KAZ,2009,2.2488537,24901.354,16619851,Upper-middle-income countries
Kazakhstan,KAZ,2010,2.035072,26374.84,16836808,Upper-middle-income countries
Kazakhstan,KAZ,2011,1.8300211,27946.16,17065996,Upper-middle-income countries
Kazakhstan,KAZ,2012,1.6348073,28881.242,17306115,Upper-middle-income countries
Kazakhstan,KAZ,2013,1.4553183,30177.488,17556502,Upper-middle-income countries
Kazakhstan,KAZ,2014,1.3037841,30986.438,17816285,Upper-middle-income countries
Kazakhstan,KAZ,2015,1.1866202,30893.76,18084175,Upper-middle-income countries
Kazakhstan,KAZ,2016,1.1043489,30758.322,18363600,Upper-middle-income countries
Kazakhstan,KAZ,2017,1.0547786,31524.441,18651931,Upper-middle-income countries
Kazakhstan,KAZ,2018,1.0315571,32330.227,18932725,Upper-middle-income countries
Kazakhstan,KAZ,2019,1.0216105,33298.21,19209556,Upper-middle-income countries
Kazakhstan,KAZ,2020,1.0119185,32011.549,19482116,Upper-middle-income countries
Kazakhstan,KAZ,2021,0.9989842,32945.85,19743607,Upper-middle-income countries
Kazakhstan,KAZ,2022,0.98308074,33506.26,20034612,Upper-middle-income countries
Kazakhstan,KAZ,2023,0.96476495,34703.234,20330109,Upper-middle-income countries
Kazakhstan,KAZ,2024,,35973.965,20330109,Upper-middle-income countries
Kenya,KEN,1952,29.737007,,6033296,Lower-middle-income countries
Kenya,KEN,1953,28.08559,,6183900,Lower-middle-income countries
Kenya,KEN,1954,26.57793,,6348143,Lower-middle-income countries
Kenya,KEN,1955,25.158981,,6529301,Lower-middle-income countries
Kenya,KEN,1956,23.83974,,6727685,Lower-middle-income countries
Kenya,KEN,1957,22.63735,,6944873,Lower-middle-income countries
Kenya,KEN,1958,21.535646,,7174794,Lower-middle-income countries
Kenya,KEN,1959,20.535042,,7422742,Lower-middle-income countries
Kenya,KEN,1960,19.632494,,7695310,Lower-middle-income countries
Kenya,KEN,1961,18.825275,,7987768,Lower-middle-income countries
Kenya,KEN,1962,18.112823,,8299311,Lower-middle-income countries
Kenya,KEN,1963,17.501133,,8627972,Lower-middle-income countries
Kenya,KEN,1964,17.00028,,8973539,Lower-middle-income countries
Kenya,KEN,1965,16.592672,,9338084,Lower-middle-income countries
Kenya,KEN,1966,16.25255,,9717825,Lower-middle-income countries
Kenya,KEN,1967,15.954309,,10111061,Lower-middle-income countries
Kenya,KEN,1968,15.655876,,10518828,Lower-middle-income countries
Kenya,KEN,1969,15.353155,,10939697,Lower-middle-income countries
Kenya,KEN,1970,15.026711,,11368806,Lower-middle-income countries
Kenya,KEN,1971,14.692301,,11788906,Lower-middle-income countries
Kenya,KEN,1972,14.334561,,12206063,Lower-middle-income countries
Kenya,KEN,1973,13.949571,,12634841,Lower-middle-income countries
Kenya,KEN,1974,13.542383,,13070078,Lower-middle-income countries
Kenya,KEN,1975,13.115819,,13511672,Lower-middle-income countries
Kenya,KEN,1976,12.672494,,13957620,Lower-middle-income countries
Kenya,KEN,1977,12.22563,,14428824,Lower-middle-income countries
Kenya,KEN,1978,11.78032,,14934127,Lower-middle-income countries
Kenya,KEN,1979,11.353672,,15460668,Lower-middle-income countries
Kenya,KEN,1980,10.961845,,16018465,Lower-middle-income countries
Kenya,KEN,1981,10.594734,,16601510,Lower-middle-income countries
Kenya,KEN,1982,10.261993,,17206177,Lower-middle-income countries
Kenya,KEN,1983,9.975456,,17846374,Lower-middle-income countries
Kenya,KEN,1984,9.738872,,18514908,Lower-middle-income countries
Kenya,KEN,1985,9.571468,,19201772,Lower-middle-income countries
Kenya,KEN,1986,9.493206,,19901643,Lower-middle-income countries
Kenya,KEN,1987,9.506106,,20616091,Lower-middle-income countries
Kenya,KEN,1988,9.627241,,21356222,Lower-middle-income countries
Kenya,KEN,1989,9.851237,,22118437,Lower-middle-income countries
Kenya,KEN,1990,10.144997,4177.486,22892655,Lower-middle-income countries
Kenya,KEN,1991,10.46178,4102.4766,23646514,Lower-middle-income countries
Kenya,KEN,1992,10.741132,3946.8408,24382466,Lower-middle-income countries
Kenya,KEN,1993,10.934845,3844.9204,25117192,Lower-middle-income countries
Kenya,KEN,1994,11.023913,3833.2236,25857136,Lower-middle-income countries
Kenya,KEN,1995,11.00473,3890.0986,26601753,Lower-middle-income countries
Kenya,KEN,1996,10.892847,3941.4092,27344211,Lower-middle-income countries
Kenya,KEN,1997,10.69883,3853.3713,28101762,Lower-middle-income countries
Kenya,KEN,1998,10.416953,3871.8218,28888063,Lower-middle-income countries
Kenya,KEN,1999,10.055915,3848.4646,29733413,Lower-middle-income countries
Kenya,KEN,2000,9.633559,3756.6362,30642893,Lower-middle-income countries
Kenya,KEN,2001,9.162531,3778.2585,31619170,Lower-middle-income countries
Kenya,KEN,2002,8.659967,3681.2568,32629809,Lower-middle-income countries
Kenya,KEN,2003,8.156517,3674.086,33652233,Lower-middle-income countries
Kenya,KEN,2004,7.661653,3743.5679,34713453,Lower-middle-income countries
Kenya,KEN,2005,7.153385,3844.7356,35796485,Lower-middle-income countries
Kenya,KEN,2006,6.7085423,3970.7334,36904010,Lower-middle-income countries
Kenya,KEN,2007,6.317064,4116.451,38036354,Lower-middle-income countries
Kenya,KEN,2008,5.8177223,4002.8835,39206349,Lower-middle-income countries
Kenya,KEN,2009,5.537033,4012.1943,40408887,Lower-middle-income countries
Kenya,KEN,2010,5.3462296,4211.5244,41598570,Lower-middle-income countries
Kenya,KEN,2011,5.2195344,4307.106,42758467,Lower-middle-income countries
Kenya,KEN,2012,5.1218038,4387.938,43888306,Lower-middle-income countries
Kenya,KEN,2013,4.9977527,4443.371,44986794,Lower-middle-income countries
Kenya,KEN,2014,4.8782105,4558.552,46051441,Lower-middle-income countries
Kenya,KEN,2015,4.7407713,4679.622,47088528,Lower-middle-income countries
Kenya,KEN,2016,4.602417,4770.3105,48139683,Lower-middle-income countries
Kenya,KEN,2017,4.526858,4846.8623,49197757,Lower-middle-income countries
Kenya,KEN,2018,4.426288,5017.668,50207109,Lower-middle-income countries
Kenya,KEN,2019,4.325353,5171.7124,51202829,Lower-middle-income countries
Kenya,KEN,2020,4.277858,5057.4014,52217327,Lower-middle-income countries
Kenya,KEN,2021,4.1912766,5338.8525,53219167,Lower-middle-income countries
Kenya,KEN,2022,4.109156,5491.694,54252458,Lower-middle-income countries
Kenya,KEN,2023,3.9902086,5691.825,55339007,Lower-middle-income countries
Kenya,KEN,2024,,5845.201,55339007,Lower-middle-income countries
Kiribati,KIR,1946,22.304062,,36788,Lower-middle-income countries
Kiribati,KIR,1947,22.221869,,36966,Lower-middle-income countries
Kiribati,KIR,1948,22.15515,,37144,Lower-middle-income countries
Kiribati,KIR,1949,22.063688,,37437,Lower-middle-income countries
Kiribati,KIR,1950,22.011662,,37871,Lower-middle-income countries
Kiribati,KIR,1951,21.920708,,38644,Lower-middle-income countries
Kiribati,KIR,1952,21.846869,,39449,Lower-middle-income countries
Kiribati,KIR,1953,21.767448,,40285,Lower-middle-income countries
Kiribati,KIR,1954,21.65027,,41151,Lower-middle-income countries
Kiribati,KIR,1955,21.505022,,42062,Lower-middle-income countries
Kiribati,KIR,1956,21.289862,,43009,Lower-middle-income countries
Kiribati,KIR,1957,21.027515,,43992,Lower-middle-income countries
Kiribati,KIR,1958,20.738369,,45005,Lower-middle-income countries
Kiribati,KIR,1959,20.37573,,46061,Lower-middle-income countries
Kiribati,KIR,1960,19.934856,,47177,Lower-middle-income countries
Kiribati,KIR,1961,19.448828,,48347,Lower-middle-income countries
Kiribati,KIR,1962,18.904291,,49562,Lower-middle-income countries
Kiribati,KIR,1963,18.32696,,50812,Lower-middle-income countries
Kiribati,KIR,1964,17.696133,,52106,Lower-middle-income countries
Kiribati,KIR,1965,17.052685,,53452,Lower-middle-income countries
Kiribati,KIR,1966,16.399612,,54449,Lower-middle-income countries
Kiribati,KIR,1967,15.766153,,55016,Lower-middle-income countries
Kiribati,KIR,1968,15.175323,,55545,Lower-middle-income countries
Kiribati,KIR,1969,14.629838,,56380,Lower-middle-income countries
Kiribati,KIR,1970,14.113863,,57530,Lower-middle-income countries
Kiribati,KIR,1971,13.66615,,58672,Lower-middle-income countries
Kiribati,KIR,1972,13.266987,,59796,Lower-middle-income countries
Kiribati,KIR,1973,12.95345,,60839,Lower-middle-income countries
Kiribati,KIR,1974,12.716627,,61235,Lower-middle-income countries
Kiribati,KIR,1975,12.53988,,61011,Lower-middle-income countries
Kiribati,KIR,1976,12.409152,,60683,Lower-middle-income countries
Kiribati,KIR,1977,12.286602,,60285,Lower-middle-income countries
Kiribati,KIR,1978,12.167064,,59878,Lower-middle-income countries
Kiribati,KIR,1979,12.037877,,60192,Lower-middle-income countries
Kiribati,KIR,1980,11.90554,,61170,Lower-middle-income countries
Kiribati,KIR,1981,11.7443075,,62137,Lower-middle-income countries
Kiribati,KIR,1982,11.559362,,63146,Lower-middle-income countries
Kiribati,KIR,1983,11.354948,,64183,Lower-middle-income countries
Kiribati,KIR,1984,11.117244,,65245,Lower-middle-income countries
Kiribati,KIR,1985,10.854926,,66510,Lower-middle-income countries
Kiribati,KIR,1986,10.553329,,68079,Lower-middle-income countries
Kiribati,KIR,1987,10.220726,,69749,Lower-middle-income countries
Kiribati,KIR,1988,9.867609,,71445,Lower-middle-income countries
Kiribati,KIR,1989,9.496955,,73164,Lower-middle-income countries
Kiribati,KIR,1990,9.1275215,2213.5403,74872,Lower-middle-income countries
Kiribati,KIR,1991,8.774347,2047.1538,76385,Lower-middle-income countries
Kiribati,KIR,1992,8.437372,2495.9963,77655,Lower-middle-income countries
Kiribati,KIR,1993,8.129305,2455.45,78853,Lower-middle-income countries
Kiribati,KIR,1994,7.8677225,2468.7212,80033,Lower-middle-income countries
Kiribati,KIR,1995,7.635355,2498.7876,81251,Lower-middle-income countries
Kiribati,KIR,1996,7.424261,2455.501,82637,Lower-middle-income countries
Kiribati,KIR,1997,7.2231646,2439.4102,84161,Lower-middle-income countries
Kiribati,KIR,1998,7.02461,2502.862,85672,Lower-middle-income countries
Kiribati,KIR,1999,6.827375,2364.3462,87139,Lower-middle-income countries
Kiribati,KIR,2000,6.6364107,2481.4153,88632,Lower-middle-income countries
Kiribati,KIR,2001,6.4576926,2357.5818,90350,Lower-middle-income countries
Kiribati,KIR,2002,6.3080935,2341.6956,92281,Lower-middle-income countries
Kiribati,KIR,2003,6.19806,2258.034,94189,Lower-middle-income countries
Kiribati,KIR,2004,6.1255794,2199.6707,96096,Lower-middle-income countries
Kiribati,KIR,2005,6.0726385,2183.7812,98045,Lower-middle-income countries
Kiribati,KIR,2006,6.0277452,2264.1616,100028,Lower-middle-income countries
Kiribati,KIR,2007,5.9853463,2286.4465,102081,Lower-middle-income countries
Kiribati,KIR,2008,5.929944,2172.3577,104235,Lower-middle-income countries
Kiribati,KIR,2009,5.873285,2137.9658,106479,Lower-middle-income countries
Kiribati,KIR,2010,5.819511,2119.6401,108717,Lower-middle-income countries
Kiribati,KIR,2011,5.791619,2150.383,110660,Lower-middle-income countries
Kiribati,KIR,2012,5.7800508,2242.0137,112293,Lower-middle-income countries
Kiribati,KIR,2013,5.7967415,2382.3704,113847,Lower-middle-income countries
Kiribati,KIR,2014,5.841006,2381.3484,115339,Lower-middle-income countries
Kiribati,KIR,2015,5.8921914,2615.8416,116826,Lower-middle-income countries
Kiribati,KIR,2016,5.951263,2761.9336,118488,Lower-middle-income countries
Kiribati,KIR,2017,5.985677,2822.6697,120288,Lower-middle-income countries
Kiribati,KIR,2018,5.9826016,2877.602,122097,Lower-middle-income countries
Kiribati,KIR,2019,5.929978,2927.4846,123928,Lower-middle-income countries
Kiribati,KIR,2020,5.857836,2834.6858,126110,Lower-middle-income countries
Kiribati,KIR,2021,5.760058,3020.494,128387,Lower-middle-income countries
Kiribati,KIR,2022,5.6456833,3107.7761,130483,Lower-middle-income countries
Kiribati,KIR,2023,5.514162,3140.5833,132540,Lower-middle-income countries
Kiribati,KIR,2024,,3257.1362,132540,Lower-middle-income countries
Kosovo,OWID_KOS,1985,14.596611,,1796023,Upper-middle-income countries
Kosovo,OWID_KOS,1986,13.61665,,1836981,Upper-middle-income countries
Kosovo,OWID_KOS,1987,12.729807,,1880597,Upper-middle-income countries
Kosovo,OWID_KOS,1988,11.891719,,1917885,Upper-middle-income countries
Kosovo,OWID_KOS,1989,11.1094055,,1946342,Upper-middle-income countries
Kosovo,OWID_KOS,1990,10.382852,,1973789,Upper-middle-income countries
Kosovo,OWID_KOS,1991,9.7074375,,2005365,Upper-middle-income countries
Kosovo,OWID_KOS,1992,9.06443,,2039723,Upper-middle-income countries
Kosovo,OWID_KOS,1993,8.464758,,2072671,Upper-middle-income countries
Kosovo,OWID_KOS,1994,7.877631,,2105260,Upper-middle-income countries
Kosovo,OWID_KOS,1995,7.313862,,2137514,Upper-middle-income countries
Kosovo,OWID_KOS,1996,6.770402,,2168751,Upper-middle-income countries
Kosovo,OWID_KOS,1997,6.2453446,,2197286,Upper-middle-income countries
Kosovo,OWID_KOS,1998,5.753279,,2078972,Upper-middle-income countries
Kosovo,OWID_KOS,1999,5.27719,,1871527,Upper-middle-income countries
Kosovo,OWID_KOS,2000,4.828919,,1802488,Upper-middle-income countries
Kosovo,OWID_KOS,2001,4.4093347,,1820013,Upper-middle-income countries
Kosovo,OWID_KOS,2002,4.0168624,,1829467,Upper-middle-income countries
Kosovo,OWID_KOS,2003,3.6632109,,1826436,Upper-middle-income countries
Kosovo,OWID_KOS,2004,3.342525,,1822778,Upper-middle-income countries
Kosovo,OWID_KOS,2005,3.0531242,,1818356,Upper-middle-income countries
Kosovo,OWID_KOS,2006,2.793494,,1813077,Upper-middle-income countries
Kosovo,OWID_KOS,2007,2.5630372,,1807098,Upper-middle-income countries
Kosovo,OWID_KOS,2008,2.3565187,7098.403,1800861,Upper-middle-income countries
Kosovo,OWID_KOS,2009,2.1735644,7481.459,1794688,Upper-middle-income countries
Kosovo,OWID_KOS,2010,2.010034,7877.102,1788756,Upper-middle-income countries
Kosovo,OWID_KOS,2011,1.8664045,8359.937,1791949,Upper-middle-income countries
Kosovo,OWID_KOS,2012,1.7394904,8431.662,1806538,Upper-middle-income countries
Kosovo,OWID_KOS,2013,1.6258916,8828.276,1817171,Upper-middle-income countries
Kosovo,OWID_KOS,2014,1.5223165,9150.75,1808983,Upper-middle-income countries
Kosovo,OWID_KOS,2015,1.4283673,9824.991,1779019,Upper-middle-income countries
Kosovo,OWID_KOS,2016,1.3429571,10434.889,1761765,Upper-middle-income countries
Kosovo,OWID_KOS,2017,1.2613857,10856.29,1768125,Upper-middle-income countries
Kosovo,OWID_KOS,2018,1.1859317,11188.225,1767748,Upper-middle-income countries
Kosovo,OWID_KOS,2019,1.1150733,11774.118,1755048,Upper-middle-income countries
Kosovo,OWID_KOS,2020,1.05185,11137.503,1751413,Upper-middle-income countries
Kosovo,OWID_KOS,2021,0.99659616,12362.421,1741449,Upper-middle-income countries
Kosovo,OWID_KOS,2022,0.95102644,13022.463,1717950,Upper-middle-income countries
Kosovo,OWID_KOS,2023,0.9105815,14240.203,1700039,Upper-middle-income countries
Kosovo,OWID_KOS,2024,,15716.293,1700039,Upper-middle-income countries
Kuwait,KWT,1959,15.216722,,279532,High-income countries
Kuwait,KWT,1960,14.190105,,311066,High-income countries
Kuwait,KWT,1961,13.218089,,345953,High-income countries
Kuwait,KWT,1962,12.296883,,385005,High-income countries
Kuwait,KWT,1963,11.440653,,427702,High-income countries
Kuwait,KWT,1964,10.613833,,473122,High-income countries
Kuwait,KWT,1965,9.860974,,521180,High-income countries
Kuwait,KWT,1966,9.171575,,572597,High-income countries
Kuwait,KWT,1967,8.547546,,628104,High-income countries
Kuwait,KWT,1968,7.9768596,,687726,High-income countries
Kuwait,KWT,1969,7.4656982,,749460,High-income countries
Kuwait,KWT,1970,7.0013843,,809118,High-income countries
Kuwait,KWT,1971,6.570514,,865079,High-income countries
Kuwait,KWT,1972,6.1698813,,920358,High-income countries
Kuwait,KWT,1973,5.798986,,977665,High-income countries
Kuwait,KWT,1974,5.449849,,1038354,High-income countries
Kuwait,KWT,1975,5.116885,,1104869,High-income countries
Kuwait,KWT,1976,4.798091,,1178717,High-income countries
Kuwait,KWT,1977,4.4901595,,1258029,High-income countries
Kuwait,KWT,1978,4.190317,,1340323,High-income countries
Kuwait,KWT,1979,3.8926175,,1423523,High-income countries
Kuwait,KWT,1980,3.5934284,,1504789,High-income countries
Kuwait,KWT,1981,3.2940552,,1583428,High-income countries
Kuwait,KWT,1982,2.9997714,,1662489,High-income countries
Kuwait,KWT,1983,2.7219837,,1744302,High-income countries
Kuwait,KWT,1984,2.4842713,,1820692,High-income countries
Kuwait,KWT,1985,2.3013732,,1894255,High-income countries
Kuwait,KWT,1986,2.1608138,,1972520,High-income countries
Kuwait,KWT,1987,2.042708,,2053007,High-income countries
Kuwait,KWT,1988,1.9331056,,2134708,High-income countries
Kuwait,KWT,1989,1.8289906,,2217470,High-income countries
Kuwait,KWT,1990,1.7287916,38932.945,1684833,High-income countries
Kuwait,KWT,1991,1.6396055,28633.969,1351403,High-income countries
Kuwait,KWT,1992,1.5699707,43266.934,1634968,High-income countries
Kuwait,KWT,1993,1.5227368,56684.188,1672158,High-income countries
Kuwait,KWT,1994,1.4874889,61753.848,1664371,High-income countries
Kuwait,KWT,1995,1.455461,64093.52,1681518,High-income countries
Kuwait,KWT,1996,1.4213985,62665.223,1730255,High-income countries
Kuwait,KWT,1997,1.3830935,62151.953,1787692,High-income countries
Kuwait,KWT,1998,1.340922,62450.09,1844308,High-income countries
Kuwait,KWT,1999,1.3023338,59533.953,1900035,High-income countries
Kuwait,KWT,2000,1.2737215,60585.3,1954713,High-income countries
Kuwait,KWT,2001,1.2526498,59099.664,2008127,High-income countries
Kuwait,KWT,2002,1.2338023,59348.617,2059983,High-income countries
Kuwait,KWT,2003,1.2136743,67984.31,2109886,High-income countries
Kuwait,KWT,2004,1.193378,73298.06,2157329,High-income countries
Kuwait,KWT,2005,1.1742667,78193.9,2236797,High-income countries
Kuwait,KWT,2006,1.1571189,79521.35,2364741,High-income countries
Kuwait,KWT,2007,1.1410776,79474.76,2507890,High-income countries
Kuwait,KWT,2008,1.1249535,77036.51,2651433,High-income countries
Kuwait,KWT,2009,1.1029651,67896.266,2795489,High-income countries
Kuwait,KWT,2010,1.0712788,62956.215,2943374,High-income countries
Kuwait,KWT,2011,1.0325847,64844.5,3132815,High-income countries
Kuwait,KWT,2012,0.99403214,64908.26,3337025,High-income countries
Kuwait,KWT,2013,0.95968634,62458.81,3507755,High-income countries
Kuwait,KWT,2014,0.9316384,60065.656,3665769,High-income countries
Kuwait,KWT,2015,0.91109645,57763.516,3834465,High-income countries
Kuwait,KWT,2016,0.89751464,56936.62,4003976,High-income countries
Kuwait,KWT,2017,0.8900781,52285.586,4154686,High-income countries
Kuwait,KWT,2018,0.8871726,51623.81,4323389,High-income countries
Kuwait,KWT,2019,0.88669086,51380.645,4442201,High-income countries
Kuwait,KWT,2020,0.8870071,49372.82,4400146,High-income countries
Kuwait,KWT,2021,0.88568664,50651.957,4360748,High-income countries
Kuwait,KWT,2022,0.8821701,51379.883,4589514,High-income countries
Kuwait,KWT,2023,0.8750813,47777.402,4838781,High-income countries
Kuwait,KWT,2024,,46137.47,4838781,High-income countries
Kyrgyzstan,KGZ,1975,11.45874,,3381368,Lower-middle-income countries
Kyrgyzstan,KGZ,1976,11.170732,,3447009,Lower-middle-income countries
Kyrgyzstan,KGZ,1977,10.873172,,3514133,Lower-middle-income countries
Kyrgyzstan,KGZ,1978,10.567684,,3584533,Lower-middle-income countries
Kyrgyzstan,KGZ,1979,10.256515,,3656193,Lower-middle-income countries
Kyrgyzstan,KGZ,1980,9.92057,,3729372,Lower-middle-income countries
Kyrgyzstan,KGZ,1981,9.564819,,3804455,Lower-middle-income countries
Kyrgyzstan,KGZ,1982,9.172149,,3882820,Lower-middle-income countries
Kyrgyzstan,KGZ,1983,8.754643,,3965765,Lower-middle-income countries
Kyrgyzstan,KGZ,1984,8.338459,,4039348,Lower-middle-income countries
Kyrgyzstan,KGZ,1985,7.9221063,,4102389,Lower-middle-income countries
Kyrgyzstan,KGZ,1986,7.5364,,4168594,Lower-middle-income countries
Kyrgyzstan,KGZ,1987,7.1825,,4238467,Lower-middle-income countries
Kyrgyzstan,KGZ,1988,6.866939,,4308022,Lower-middle-income countries
Kyrgyzstan,KGZ,1989,6.6356626,,4381999,Lower-middle-income countries
Kyrgyzstan,KGZ,1990,6.517069,6095.681,4459545,Lower-middle-income countries
Kyrgyzstan,KGZ,1991,6.469491,5520.4297,4532124,Lower-middle-income countries
Kyrgyzstan,KGZ,1992,6.47422,4701.991,4600308,Lower-middle-income countries
Kyrgyzstan,KGZ,1993,6.494008,3973.8833,4626809,Lower-middle-income countries
Kyrgyzstan,KGZ,1994,6.477016,3176.9238,4649190,Lower-middle-income countries
Kyrgyzstan,KGZ,1995,6.36295,2974.7117,4713641,Lower-middle-income countries
Kyrgyzstan,KGZ,1996,6.1680307,3138.6663,4782885,Lower-middle-income countries
Kyrgyzstan,KGZ,1997,5.9154463,3399.9343,4847998,Lower-middle-income countries
Kyrgyzstan,KGZ,1998,5.631473,3419.2234,4907792,Lower-middle-income countries
Kyrgyzstan,KGZ,1999,5.3515086,3491.9377,4968593,Lower-middle-income countries
Kyrgyzstan,KGZ,2000,5.076496,3638.4631,5025150,Lower-middle-income countries
Kyrgyzstan,KGZ,2001,4.813932,3795.8906,5071960,Lower-middle-income countries
Kyrgyzstan,KGZ,2002,4.5653563,3760.5325,5116252,Lower-middle-income countries
Kyrgyzstan,KGZ,2003,4.332815,3982.9272,5159422,Lower-middle-income countries
Kyrgyzstan,KGZ,2004,4.1195173,4211.5225,5203048,Lower-middle-income countries
Kyrgyzstan,KGZ,2005,3.9329646,4156.9585,5246337,Lower-middle-income countries
Kyrgyzstan,KGZ,2006,3.758338,4240.1704,5282451,Lower-middle-income countries
Kyrgyzstan,KGZ,2007,3.5728898,4558.713,5313376,Lower-middle-income countries
Kyrgyzstan,KGZ,2008,3.3703463,4894.943,5342530,Lower-middle-income countries
Kyrgyzstan,KGZ,2009,3.16097,4969.9614,5398013,Lower-middle-income countries
Kyrgyzstan,KGZ,2010,2.9559622,4876.4795,5491763,Lower-middle-income countries
Kyrgyzstan,KGZ,2011,2.7669356,5092.8516,5594537,Lower-middle-income countries
Kyrgyzstan,KGZ,2012,2.6041226,4993.3945,5696521,Lower-middle-income countries
Kyrgyzstan,KGZ,2013,2.4686716,5418.5405,5797294,Lower-middle-income countries
Kyrgyzstan,KGZ,2014,2.3450634,5513.7544,5898322,Lower-middle-income countries
Kyrgyzstan,KGZ,2015,2.2235677,5600.2144,6001876,Lower-middle-income countries
Kyrgyzstan,KGZ,2016,2.1056392,5715.0103,6108460,Lower-middle-income countries
Kyrgyzstan,KGZ,2017,1.9990618,5861.222,6220148,Lower-middle-income countries
Kyrgyzstan,KGZ,2018,1.9082564,5951.8286,6341733,Lower-middle-income countries
Kyrgyzstan,KGZ,2019,1.8359437,6087.602,6494036,Lower-middle-income countries
Kyrgyzstan,KGZ,2020,1.7845334,5537.7954,6664143,Lower-middle-income countries
Kyrgyzstan,KGZ,2021,1.7482893,5736.479,6820483,Lower-middle-income countries
Kyrgyzstan,KGZ,2022,1.7221649,6139.778,6955792,Lower-middle-income countries
Kyrgyzstan,KGZ,2023,1.6981885,6575.7754,7073523,Lower-middle-income countries
Kyrgyzstan,KGZ,2024,,7048.9897,7073523,Lower-middle-income countries
Laos,LAO,1978,21.740526,,3171753,Lower-middle-income countries
Laos,LAO,1979,21.13939,,3228198,Lower-middle-income countries
Laos,LAO,1980,20.55583,,3292575,Lower-middle-income countries
Laos,LAO,1981,20.002483,,3366638,Lower-middle-income countries
Laos,LAO,1982,19.465645,,3450022,Lower-middle-income countries
Laos,LAO,1983,18.944124,,3541003,Lower-middle-income countries
Laos,LAO,1984,18.439388,,3637845,Lower-middle-income countries
Laos,LAO,1985,17.948433,,3739985,Lower-middle-income countries
Laos,LAO,1986,17.440165,,3846720,Lower-middle-income countries
Laos,LAO,1987,16.935028,,3957624,Lower-middle-income countries
Laos,LAO,1988,16.430014,,4072608,Lower-middle-income countries
Laos,LAO,1989,15.9291725,,4190972,Lower-middle-income countries
Laos,LAO,1990,15.413591,2005.5005,4311960,Lower-middle-income countries
Laos,LAO,1991,14.895747,2033.5826,4435121,Lower-middle-income countries
Laos,LAO,1992,14.386956,2088.02,4559650,Lower-middle-income countries
Laos,LAO,1993,13.873893,2152.2766,4685064,Lower-middle-income countries
Laos,LAO,1994,13.387554,2267.7822,4809223,Lower-middle-income countries
Laos,LAO,1995,12.912659,2368.0547,4929410,Lower-middle-income countries
Laos,LAO,1996,12.454688,2473.773,5045686,Lower-middle-income countries
Laos,LAO,1997,12.011044,2589.2075,5152015,Lower-middle-income countries
Laos,LAO,1998,11.584569,2642.5662,5248273,Lower-middle-income countries
Laos,LAO,1999,11.168095,2786.5205,5340784,Lower-middle-income countries
Laos,LAO,2000,10.750361,2899.0195,5431213,Lower-middle-income countries
Laos,LAO,2001,10.336301,3015.6326,5521481,Lower-middle-income countries
Laos,LAO,2002,9.913636,3143.2234,5610888,Lower-middle-income countries
Laos,LAO,2003,9.492859,3282.9854,5697944,Lower-middle-income countries
Laos,LAO,2004,9.084863,3441.17,5781627,Lower-middle-income countries
Laos,LAO,2005,8.677449,3630.5588,5869531,Lower-middle-income countries
Laos,LAO,2006,8.272651,3881.5374,5963199,Lower-middle-income countries
Laos,LAO,2007,7.8835683,4112.253,6056237,Lower-middle-income countries
Laos,LAO,2008,7.5020037,4367.163,6148974,Lower-middle-income countries
Laos,LAO,2009,7.136373,4625.072,6241649,Lower-middle-income countries
Laos,LAO,2010,6.79651,4946.1055,6334198,Lower-middle-income countries
Laos,LAO,2011,6.4666934,5266.879,6426592,Lower-middle-income countries
Laos,LAO,2012,6.153255,5608.9697,6518981,Lower-middle-income countries
Laos,LAO,2013,5.856525,5974.4736,6611385,Lower-middle-income countries
Laos,LAO,2014,5.5783515,6341.2124,6703170,Lower-middle-income countries
Laos,LAO,2015,5.3222384,6703.741,6801647,Lower-middle-income countries
Laos,LAO,2016,5.0885973,7063.2554,6908800,Lower-middle-income countries
Laos,LAO,2017,4.8784337,7432.4595,7018150,Lower-middle-income countries
Laos,LAO,2018,4.6837273,7775.086,7128043,Lower-middle-income countries
Laos,LAO,2019,4.5071125,8075.275,7237635,Lower-middle-income countries
Laos,LAO,2020,4.3442454,7995.595,7346534,Lower-middle-income countries
Laos,LAO,2021,4.1895294,8080.4355,7453192,Lower-middle-income countries
Laos,LAO,2022,4.043121,8183.0327,7559008,Lower-middle-income countries
Laos,LAO,2023,3.900136,8372.156,7665001,Lower-middle-income countries
Laos,LAO,2024,,8600.324,7665001,Lower-middle-income countries
Latin America and Caribbean (WB),WB_LAC,1990,,12426.25,,
Latin America and Caribbean (WB),WB_LAC,1991,,12604.222,,
Latin America and Caribbean (WB),WB_LAC,1992,,12735.489,,
Latin America and Caribbean (WB),WB_LAC,1993,,13103.561,,
Latin America and Caribbean (WB),WB_LAC,1994,,13570.513,,
Latin America and Caribbean (WB),WB_LAC,1995,,13464.159,,
Latin America and Caribbean (WB),WB_LAC,1996,,13773.65,,
Latin America and Caribbean (WB),WB_LAC,1997,,14298.498,,
Latin America and Caribbean (WB),WB_LAC,1998,,14501.8125,,
Latin America and Caribbean (WB),WB_LAC,1999,,14364.294,,
Latin America and Caribbean (WB),WB_LAC,2000,,14663.654,,
Latin America and Caribbean (WB),WB_LAC,2001,,14518.147,,
Latin America and Caribbean (WB),WB_LAC,2002,,14398.792,,
Latin America and Caribbean (WB),WB_LAC,2003,,14568.346,,
Latin America and Caribbean (WB),WB_LAC,2004,,15160.492,,
Latin America and Caribbean (WB),WB_LAC,2005,,15565.822,,
Latin America and Caribbean (WB),WB_LAC,2006,,16172.71,,
Latin America and Caribbean (WB),WB_LAC,2007,,16820.953,,
Latin America and Caribbean (WB),WB_LAC,2008,,17243.326,,
Latin America and Caribbean (WB),WB_LAC,2009,,16665.797,,
Latin America and Caribbean (WB),WB_LAC,2010,,17552.035,,
Latin America and Caribbean (WB),WB_LAC,2011,,18151.834,,
Latin America and Caribbean (WB),WB_LAC,2012,,18434.943,,
Latin America and Caribbean (WB),WB_LAC,2013,,18767.875,,
Latin America and Caribbean (WB),WB_LAC,2014,,18853.408,,
Latin America and Caribbean (WB),WB_LAC,2015,,18763.834,,
Latin America and Caribbean (WB),WB_LAC,2016,,18551.818,,
Latin America and Caribbean (WB),WB_LAC,2017,,18745.582,,
Latin America and Caribbean (WB),WB_LAC,2018,,18894.209,,
Latin America and Caribbean (WB),WB_LAC,2019,,18882.951,,
Latin America and Caribbean (WB),WB_LAC,2020,,17508.242,,
Latin America and Caribbean (WB),WB_LAC,2021,,18694.14,,
Latin America and Caribbean (WB),WB_LAC,2022,,19352.182,,
Latin America and Caribbean (WB),WB_LAC,2023,,19656.629,,
Latin America and Caribbean (WB),WB_LAC,2024,,19959.44,,
Latvia,LVA,1979,2.082691,,2505526,High-income countries
Latvia,LVA,1980,2.073595,,2511756,High-income countries
Latvia,LVA,1981,2.057419,,2519972,High-income countries
Latvia,LVA,1982,2.0252383,,2532020,High-income countries
Latvia,LVA,1983,1.9646246,,2546976,High-income countries
Latvia,LVA,1984,1.866788,,2562773,High-income countries
Latvia,LVA,1985,1.7480205,,2579237,High-income countries
Latvia,LVA,1986,1.6357162,,2599784,High-income countries
Latvia,LVA,1987,1.5515032,,2625969,High-income countries
Latvia,LVA,1988,1.5255977,,2652250,High-income countries
Latvia,LVA,1989,1.5828489,,2664839,High-income countries
Latvia,LVA,1990,1.7022588,17508.787,2660131,High-income countries
Latvia,LVA,1991,1.8334098,15376.091,2648933,High-income countries
Latvia,LVA,1992,1.9311755,10582.207,2614833,High-income countries
Latvia,LVA,1993,1.987228,10255.142,2563820,High-income countries
Latvia,LVA,1994,2.0031698,10656.608,2521238,High-income countries
Latvia,LVA,1995,1.9757475,10707.515,2485948,High-income countries
Latvia,LVA,1996,1.9034653,11077.862,2457907,High-income countries
Latvia,LVA,1997,1.7936709,12215.016,2433229,High-income countries
Latvia,LVA,1998,1.6659025,13138.401,2410217,High-income countries
Latvia,LVA,1999,1.5383172,13619.099,2390822,High-income countries
Latvia,LVA,2000,1.4239349,14554.213,2368320,High-income countries
Latvia,LVA,2001,1.3303388,15695.906,2338299,High-income countries
Latvia,LVA,2002,1.2561461,17096.559,2311358,High-income countries
Latvia,LVA,2003,1.1886079,18717.668,2288983,High-income countries
Latvia,LVA,2004,1.1186197,20574.12,2264179,High-income countries
Latvia,LVA,2005,1.0480137,23213.354,2239787,High-income countries
Latvia,LVA,2006,0.98549867,26431.814,2219039,High-income countries
Latvia,LVA,2007,0.9321089,29423.736,2200774,High-income countries
Latvia,LVA,2008,0.8824001,28726.973,2177710,High-income countries
Latvia,LVA,2009,0.8322771,24520.68,2142044,High-income countries
Latvia,LVA,2010,0.7792816,24119.73,2097834,High-income countries
Latvia,LVA,2011,0.72147954,25308.732,2059940,High-income countries
Latvia,LVA,2012,0.66183573,27496.545,2034639,High-income countries
Latvia,LVA,2013,0.60372144,28375.184,2013004,High-income countries
Latvia,LVA,2014,0.55174315,29243.742,1994153,High-income countries
Latvia,LVA,2015,0.5073655,30599.613,1977874,High-income countries
Latvia,LVA,2016,0.47203016,31668.516,1959863,High-income countries
Latvia,LVA,2017,0.44514868,33036.39,1942599,High-income countries
Latvia,LVA,2018,0.4215466,34729.707,1927586,High-income countries
Latvia,LVA,2019,0.39738092,35208.195,1914267,High-income countries
Latvia,LVA,2020,0.37277818,34225.9,1901119,High-income countries
Latvia,LVA,2021,0.34695676,36912.01,1885593,High-income countries
Latvia,LVA,2022,0.320624,37718.71,1881059,High-income countries
Latvia,LVA,2023,0.29638675,37277.723,1882399,High-income countries
Latvia,LVA,2024,,37611.67,1882399,High-income countries
Lebanon,LBN,1956,8.610405,,1599146,Lower-middle-income countries
Lebanon,LBN,1957,8.316834,,1645925,Lower-middle-income countries
Lebanon,LBN,1958,8.025742,,1693554,Lower-middle-income countries
Lebanon,LBN,1959,7.7439733,,1742776,Lower-middle-income countries
Lebanon,LBN,1960,7.484302,,1794411,Lower-middle-income countries
Lebanon,LBN,1961,7.239086,,1850090,Lower-middle-income countries
Lebanon,LBN,1962,7.0092115,,1909583,Lower-middle-income countries
Lebanon,LBN,1963,6.80353,,1970319,Lower-middle-income countries
Lebanon,LBN,1964,6.6198287,,2030547,Lower-middle-income countries
Lebanon,LBN,1965,6.46305,,2088838,Lower-middle-income countries
Lebanon,LBN,1966,6.331841,,2148255,Lower-middle-income countries
Lebanon,LBN,1967,6.2213225,,2206736,Lower-middle-income countries
Lebanon,LBN,1968,6.139018,,2266376,Lower-middle-income countries
Lebanon,LBN,1969,6.0731835,,2328162,Lower-middle-income countries
Lebanon,LBN,1970,6.0147223,,2386119,Lower-middle-income countries
Lebanon,LBN,1971,5.975081,,2446319,Lower-middle-income countries
Lebanon,LBN,1972,5.932846,,2509730,Lower-middle-income countries
Lebanon,LBN,1973,5.8753047,,2572932,Lower-middle-income countries
Lebanon,LBN,1974,5.8137097,,2635185,Lower-middle-income countries
Lebanon,LBN,1975,5.727927,,2693197,Lower-middle-income countries
Lebanon,LBN,1976,18.618107,,2726474,Lower-middle-income countries
Lebanon,LBN,1977,7.5070086,,2762162,Lower-middle-income countries
Lebanon,LBN,1978,7.538848,,2822681,Lower-middle-income countries
Lebanon,LBN,1979,7.5971127,,2882635,Lower-middle-income countries
Lebanon,LBN,1980,7.3863626,,2944765,Lower-middle-income countries
Lebanon,LBN,1981,7.157532,,3008985,Lower-middle-income countries
Lebanon,LBN,1982,12.154975,,3054932,Lower-middle-income countries
Lebanon,LBN,1983,5.394204,,3095001,Lower-middle-income countries
Lebanon,LBN,1984,5.175012,,3152742,Lower-middle-income countries
Lebanon,LBN,1985,4.958013,,3217377,Lower-middle-income countries
Lebanon,LBN,1986,4.738421,,3300373,Lower-middle-income countries
Lebanon,LBN,1987,5.7493067,,3385557,Lower-middle-income countries
Lebanon,LBN,1988,5.527927,,3454647,Lower-middle-income countries
Lebanon,LBN,1989,3.3370833,,3525288,Lower-middle-income countries
Lebanon,LBN,1990,3.1765065,5345.512,3595175,Lower-middle-income countries
Lebanon,LBN,1991,3.0257297,7828.172,3668916,Lower-middle-income countries
Lebanon,LBN,1992,2.883069,8924.152,3747375,Lower-middle-income countries
Lebanon,LBN,1993,2.7542503,9695.315,3820652,Lower-middle-income countries
Lebanon,LBN,1994,2.6303291,10294.8125,3889802,Lower-middle-income countries
Lebanon,LBN,1995,2.5165725,10762.442,3960741,Lower-middle-income countries
Lebanon,LBN,1996,2.4048843,11757.282,4034782,Lower-middle-income countries
Lebanon,LBN,1997,2.29819,11668.4,4108409,Lower-middle-income countries
Lebanon,LBN,1998,2.1946015,11885.308,4181287,Lower-middle-income countries
Lebanon,LBN,1999,2.09058,11617.25,4255278,Lower-middle-income countries
Lebanon,LBN,2000,1.9878732,11571.732,4329345,Lower-middle-income countries
Lebanon,LBN,2001,1.885157,11817.931,4401923,Lower-middle-income countries
Lebanon,LBN,2002,1.7836226,12053.834,4463505,Lower-middle-income countries
Lebanon,LBN,2003,1.6875283,12272.344,4525513,Lower-middle-income countries
Lebanon,LBN,2004,1.5962214,12882.076,4599285,Lower-middle-income countries
Lebanon,LBN,2005,1.5152665,13024.665,4671105,Lower-middle-income countries
Lebanon,LBN,2006,1.4430003,13003.681,4751146,Lower-middle-income countries
Lebanon,LBN,2007,1.3832691,13941.562,4844119,Lower-middle-income countries
Lebanon,LBN,2008,1.3332726,14955.142,4925359,Lower-middle-income countries
Lebanon,LBN,2009,1.2950704,16264.351,4992295,Lower-middle-income countries
Lebanon,LBN,2010,1.2672745,17390.758,5041290,Lower-middle-income countries
Lebanon,LBN,2011,1.2499611,17353.195,5096018,Lower-middle-income countries
Lebanon,LBN,2012,1.2408342,17323.3,5235742,Lower-middle-income countries
Lebanon,LBN,2013,1.2428076,16396.496,5743441,Lower-middle-income countries
Lebanon,LBN,2014,1.2541245,15205.873,6346993,Lower-middle-income countries
Lebanon,LBN,2015,1.274215,14980.0205,6472470,Lower-middle-income countries
Lebanon,LBN,2016,1.3055116,15572.361,6323061,Lower-middle-income countries
Lebanon,LBN,2017,1.3479425,16128.584,6160129,Lower-middle-income countries
Lebanon,LBN,2018,1.4025996,16290.052,5984120,Lower-middle-income countries
Lebanon,LBN,2019,1.468422,15659.566,5794601,Lower-middle-income countries
Lebanon,LBN,2020,1.5456982,12507.437,5702400,Lower-middle-income countries
Lebanon,LBN,2021,1.634044,11599.775,5718129,Lower-middle-income countries
Lebanon,LBN,2022,1.7309719,11474.751,5744492,Lower-middle-income countries
Lebanon,LBN,2023,1.831359,11330.269,5773494,Lower-middle-income countries
Lesotho,LSO,1952,22.881737,,601947,Lower-middle-income countries
Lesotho,LSO,1953,22.122416,,614478,Lower-middle-income countries
Lesotho,LSO,1954,21.408566,,627902,Lower-middle-income countries
Lesotho,LSO,1955,20.713757,,642186,Lower-middle-income countries
Lesotho,LSO,1956,20.09132,,657317,Lower-middle-income countries
Lesotho,LSO,1957,19.545254,,674674,Lower-middle-income countries
Lesotho,LSO,1958,19.118242,,694324,Lower-middle-income countries
Lesotho,LSO,1959,18.785994,,714949,Lower-middle-income countries
Lesotho,LSO,1960,18.594769,,736507,Lower-middle-income countries
Lesotho,LSO,1961,18.500399,,758833,Lower-middle-income countries
Lesotho,LSO,1962,18.499603,,781819,Lower-middle-income countries
Lesotho,LSO,1963,18.557137,,805374,Lower-middle-income countries
Lesotho,LSO,1964,18.632145,,829442,Lower-middle-income countries
Lesotho,LSO,1965,18.657524,,854094,Lower-middle-income countries
Lesotho,LSO,1966,18.63298,,881879,Lower-middle-income countries
Lesotho,LSO,1967,18.518545,,913986,Lower-middle-income countries
Lesotho,LSO,1968,18.308716,,948108,Lower-middle-income countries
Lesotho,LSO,1969,18.02715,,983200,Lower-middle-income countries
Lesotho,LSO,1970,17.67797,,1019273,Lower-middle-income countries
Lesotho,LSO,1971,17.302666,,1056248,Lower-middle-income countries
Lesotho,LSO,1972,16.90689,,1094069,Lower-middle-income countries
Lesotho,LSO,1973,16.48594,,1132706,Lower-middle-income countries
Lesotho,LSO,1974,16.008217,,1172420,Lower-middle-income countries
Lesotho,LSO,1975,15.465367,,1213650,Lower-middle-income countries
Lesotho,LSO,1976,14.860958,,1253217,Lower-middle-income countries
Lesotho,LSO,1977,14.226789,,1289966,Lower-middle-income countries
Lesotho,LSO,1978,13.578233,,1327244,Lower-middle-income countries
Lesotho,LSO,1979,12.93164,,1366171,Lower-middle-income countries
Lesotho,LSO,1980,12.303616,,1406530,Lower-middle-income countries
Lesotho,LSO,1981,11.683829,,1448073,Lower-middle-income countries
Lesotho,LSO,1982,11.1187935,,1490732,Lower-middle-income countries
Lesotho,LSO,1983,10.59295,,1534414,Lower-middle-income countries
Lesotho,LSO,1984,10.125936,,1578992,Lower-middle-income countries
Lesotho,LSO,1985,9.715404,,1624385,Lower-middle-income countries
Lesotho,LSO,1986,9.361549,,1666140,Lower-middle-income countries
Lesotho,LSO,1987,9.055153,,1703395,Lower-middle-income countries
Lesotho,LSO,1988,8.797704,,1739847,Lower-middle-income countries
Lesotho,LSO,1989,8.59971,,1775437,Lower-middle-income countries
Lesotho,LSO,1990,8.471039,1422.1505,1809698,Lower-middle-income countries
Lesotho,LSO,1991,8.4329405,1494.2404,1842383,Lower-middle-income countries
Lesotho,LSO,1992,8.513624,1571.827,1873281,Lower-middle-income countries
Lesotho,LSO,1993,8.730871,1602.5963,1901799,Lower-middle-income countries
Lesotho,LSO,1994,9.066286,1675.5978,1927708,Lower-middle-income countries
Lesotho,LSO,1995,9.4497595,1709.6943,1951441,Lower-middle-income countries
Lesotho,LSO,1996,9.829488,1786.1823,1972424,Lower-middle-income countries
Lesotho,LSO,1997,10.158045,1837.6965,1988140,Lower-middle-income countries
Lesotho,LSO,1998,10.448679,1856.6908,1998048,Lower-middle-income countries
Lesotho,LSO,1999,10.718524,1860.7006,2003238,Lower-middle-income countries
Lesotho,LSO,2000,10.939565,1932.158,2003919,Lower-middle-income countries
Lesotho,LSO,2001,11.10974,2004.0334,2000859,Lower-middle-income countries
Lesotho,LSO,2002,11.23978,2024.7872,1994686,Lower-middle-income countries
Lesotho,LSO,2003,11.367342,2127.373,1985060,Lower-middle-income countries
Lesotho,LSO,2004,11.4685,2178.6648,1971130,Lower-middle-income countries
Lesotho,LSO,2005,11.557537,2275.016,1953080,Lower-middle-income countries
Lesotho,LSO,2006,11.532543,2381.0203,1945066,Lower-middle-income countries
Lesotho,LSO,2007,11.151246,2470.3147,1953273,Lower-middle-income countries
Lesotho,LSO,2008,10.878919,2589.1663,1966547,Lower-middle-income countries
Lesotho,LSO,2009,9.640579,2538.1934,1980884,Lower-middle-income countries
Lesotho,LSO,2010,9.00596,2651.378,1996256,Lower-middle-income countries
Lesotho,LSO,2011,8.587719,2749.3196,2014015,Lower-middle-income countries
Lesotho,LSO,2012,8.258401,2894.227,2034363,Lower-middle-income countries
Lesotho,LSO,2013,8.023236,2914.3752,2056509,Lower-middle-income countries
Lesotho,LSO,2014,7.8243465,2930.6172,2080091,Lower-middle-income countries
Lesotho,LSO,2015,7.5111923,2986.9587,2104614,Lower-middle-income countries
Lesotho,LSO,2016,7.182644,3057.261,2130424,Lower-middle-income countries
Lesotho,LSO,2017,7.116421,2924.681,2157117,Lower-middle-income countries
Lesotho,LSO,2018,6.905149,2846.4182,2183611,Lower-middle-income countries
Lesotho,LSO,2019,6.870795,2773.2864,2209414,Lower-middle-income countries
Lesotho,LSO,2020,6.6780224,2517.1104,2235727,Lower-middle-income countries
Lesotho,LSO,2021,6.439861,2544.7825,2261549,Lower-middle-income countries
Lesotho,LSO,2022,6.1538363,2577.5454,2286112,Lower-middle-income countries
Lesotho,LSO,2023,5.893403,2595.8296,2311476,Lower-middle-income countries
Lesotho,LSO,2024,,2640.2854,2311476,Lower-middle-income countries
Liberia,LBR,1954,30.205841,,994771,Low-income countries
Liberia,LBR,1955,30.412022,,1016396,Low-income countries
Liberia,LBR,1956,30.611668,,1039157,Low-income countries
Liberia,LBR,1957,30.813623,,1062947,Low-income countries
Liberia,LBR,1958,30.948595,,1087253,Low-income countries
Liberia,LBR,1959,31.130962,,1112560,Low-income countries
Liberia,LBR,1960,31.251995,,1139519,Low-income countries
Liberia,LBR,1961,31.295887,,1167721,Low-income countries
Liberia,LBR,1962,31.271687,,1197042,Low-income countries
Liberia,LBR,1963,31.202854,,1227417,Low-income countries
Liberia,LBR,1964,31.048845,,1258749,Low-income countries
Liberia,LBR,1965,30.843874,,1291155,Low-income countries
Liberia,LBR,1966,30.588581,,1324390,Low-income countries
Liberia,LBR,1967,30.227116,,1358439,Low-income countries
Liberia,LBR,1968,29.789164,,1393532,Low-income countries
Liberia,LBR,1969,29.281702,,1429612,Low-income countries
Liberia,LBR,1970,28.785444,,1466677,Low-income countries
Liberia,LBR,1971,28.295616,,1504082,Low-income countries
Liberia,LBR,1972,27.816813,,1542674,Low-income countries
Liberia,LBR,1973,27.360012,,1583590,Low-income countries
Liberia,LBR,1974,26.903769,,1626363,Low-income countries
Liberia,LBR,1975,26.446901,,1670914,Low-income countries
Liberia,LBR,1976,26.009449,,1717071,Low-income countries
Liberia,LBR,1977,25.614105,,1766028,Low-income countries
Liberia,LBR,1978,25.249113,,1818255,Low-income countries
Liberia,LBR,1979,24.907576,,1872714,Low-income countries
Liberia,LBR,1980,24.57572,,1929260,Low-income countries
Liberia,LBR,1981,24.300884,,1986864,Low-income countries
Liberia,LBR,1982,24.099821,,2045076,Low-income countries
Liberia,LBR,1983,24.008806,,2107114,Low-income countries
Liberia,LBR,1984,24.060715,,2173314,Low-income countries
Liberia,LBR,1985,24.288698,,2240549,Low-income countries
Liberia,LBR,1986,24.677338,,2308516,Low-income countries
Liberia,LBR,1987,25.186928,,2377233,Low-income countries
Liberia,LBR,1988,25.77787,,2446942,Low-income countries
Liberia,LBR,1989,26.346743,,2517864,Low-income countries
Liberia,LBR,1990,26.77748,1866.4055,2223667,Low-income countries
Liberia,LBR,1991,26.988258,1819.4978,1956523,Low-income countries
Liberia,LBR,1992,26.923315,1115.0377,2072466,Low-income countries
Liberia,LBR,1993,26.545786,718.6832,2155135,Low-income countries
Liberia,LBR,1994,25.929422,563.6404,2149929,Low-income countries
Liberia,LBR,1995,25.090757,534.8097,2169167,Low-income countries
Liberia,LBR,1996,24.113905,582.678,2232286,Low-income countries
Liberia,LBR,1997,22.998905,1111.9376,2412995,Low-income countries
Liberia,LBR,1998,21.796022,1308.4056,2670128,Low-income countries
Liberia,LBR,1999,20.541029,1507.3147,2821689,Low-income countries
Liberia,LBR,2000,19.238062,1868.1798,2928117,Low-income countries
Liberia,LBR,2001,17.941402,1867.1191,3015343,Low-income countries
Liberia,LBR,2002,16.659637,1887.646,3094793,Low-income countries
Liberia,LBR,2003,15.433517,1308.1509,3119534,Low-income countries
Liberia,LBR,2004,14.305151,1326.5356,3156893,Low-income countries
Liberia,LBR,2005,13.3181925,1335.6173,3301016,Low-income countries
Liberia,LBR,2006,12.481121,1364.6035,3490792,Low-income countries
Liberia,LBR,2007,11.80197,1422.1002,3669050,Low-income countries
Liberia,LBR,2008,11.257301,1463.124,3821006,Low-income countries
Liberia,LBR,2009,10.810344,1492.9982,3943035,Low-income countries
Liberia,LBR,2010,10.436484,1538.8508,4058897,Low-income countries
Liberia,LBR,2011,10.114368,1601.0337,4221177,Low-income countries
Liberia,LBR,2012,9.818912,1668.9729,4373046,Low-income countries
Liberia,LBR,2013,9.540641,1774.5206,4470246,Low-income countries
Liberia,LBR,2014,9.50388,1750.1438,4564299,Low-income countries
Liberia,LBR,2015,9.075238,1714.0905,4659436,Low-income countries
Liberia,LBR,2016,8.825311,1653.3105,4755607,Low-income countries
Liberia,LBR,2017,8.602758,1661.3029,4848927,Low-income countries
Liberia,LBR,2018,8.398907,1647.9745,4944728,Low-income countries
Liberia,LBR,2019,8.190629,1575.7666,5043719,Low-income countries
Liberia,LBR,2020,7.965545,1497.377,5149470,Low-income countries
Liberia,LBR,2021,7.736771,1539.2089,5259327,Low-income countries
Liberia,LBR,2022,7.5052514,1578.9984,5373297,Low-income countries
Liberia,LBR,2023,7.288282,1616.9237,5493035,Low-income countries
Liberia,LBR,2024,,1646.0586,5493035,Low-income countries
Libya,LBY,1956,36.134483,,1282962,Upper-middle-income countries
Libya,LBY,1957,33.8325,,1328858,Upper-middle-income countries
Libya,LBY,1958,31.681318,,1379206,Upper-middle-income countries
Libya,LBY,1959,29.665644,,1433965,Upper-middle-income countries
Libya,LBY,1960,27.741901,,1492890,Upper-middle-income countries
Libya,LBY,1961,25.98594,,1555703,Upper-middle-income countries
Libya,LBY,1962,24.303497,,1621960,Upper-middle-income countries
Libya,LBY,1963,22.684093,,1690458,Upper-middle-income countries
Libya,LBY,1964,21.17877,,1753692,Upper-middle-income countries
Libya,LBY,1965,19.71363,,1804016,Upper-middle-income countries
Libya,LBY,1966,18.324423,,1849066,Upper-middle-income countries
Libya,LBY,1967,17.02432,,1898203,Upper-middle-income countries
Libya,LBY,1968,15.793809,,1952789,Upper-middle-income countries
Libya,LBY,1969,14.646776,,2014294,Upper-middle-income countries
Libya,LBY,1970,13.586161,,2082597,Upper-middle-income countries
Libya,LBY,1971,12.610855,,2153537,Upper-middle-income countries
Libya,LBY,1972,11.699579,,2226105,Upper-middle-income countries
Libya,LBY,1973,10.890325,,2314200,Upper-middle-income countries
Libya,LBY,1974,10.163594,,2432218,Upper-middle-income countries
Libya,LBY,1975,9.498509,,2571563,Upper-middle-income countries
Libya,LBY,1976,8.909397,,2721246,Upper-middle-income countries
Libya,LBY,1977,8.390062,,2881540,Upper-middle-income countries
Libya,LBY,1978,7.921474,,3052532,Upper-middle-income countries
Libya,LBY,1979,7.495915,,3233849,Upper-middle-income countries
Libya,LBY,1980,7.1094494,,3424375,Upper-middle-income countries
Libya,LBY,1981,6.755226,,3621488,Upper-middle-income countries
Libya,LBY,1982,6.4204755,,3724772,Upper-middle-income countries
Libya,LBY,1983,6.0967526,,3718966,Upper-middle-income countries
Libya,LBY,1984,5.792531,,3773639,Upper-middle-income countries
Libya,LBY,1985,5.495726,,3898746,Upper-middle-income countries
Libya,LBY,1986,5.207244,,4017403,Upper-middle-income countries
Libya,LBY,1987,4.936481,,4129743,Upper-middle-income countries
Libya,LBY,1988,4.67193,,4237757,Upper-middle-income countries
Libya,LBY,1989,4.420931,,4342927,Upper-middle-income countries
Libya,LBY,1990,4.1905026,18126.588,4445243,Upper-middle-income countries
Libya,LBY,1991,3.9766057,20506.877,4544404,Upper-middle-income countries
Libya,LBY,1992,3.7845986,19538.139,4640360,Upper-middle-income countries
Libya,LBY,1993,3.612002,18434.64,4733053,Upper-middle-income countries
Libya,LBY,1994,3.45893,18444.514,4822039,Upper-middle-income countries
Libya,LBY,1995,3.3173842,17723.268,4906851,Upper-middle-income countries
Libya,LBY,1996,3.195731,17809.152,4987402,Upper-middle-income countries
Libya,LBY,1997,3.088189,18451.7,5064642,Upper-middle-income countries
Libya,LBY,1998,2.9889305,17532.926,5140711,Upper-middle-income countries
Libya,LBY,1999,2.8973258,17402.568,5218039,Upper-middle-income countries
Libya,LBY,2000,2.811967,17747.02,5305020,Upper-middle-income countries
Libya,LBY,2001,2.729302,17115.988,5403639,Upper-middle-income countries
Libya,LBY,2002,2.645519,16629.436,5508412,Upper-middle-income countries
Libya,LBY,2003,2.5510511,18422.734,5619405,Upper-middle-income countries
Libya,LBY,2004,2.440303,18851.203,5736696,Upper-middle-income countries
Libya,LBY,2005,2.3114204,20649.463,5858793,Upper-middle-income countries
Libya,LBY,2006,2.1683624,21545.299,5980212,Upper-middle-income countries
Libya,LBY,2007,2.0192192,22422.012,6104381,Upper-middle-income countries
Libya,LBY,2008,1.8796004,21915.197,6235433,Upper-middle-income countries
Libya,LBY,2009,1.7614409,20518.965,6366689,Upper-middle-income countries
Libya,LBY,2010,1.6632535,21115.525,6497837,Upper-middle-income countries
Libya,LBY,2011,1.9560575,10741.921,6343210,Upper-middle-income countries
Libya,LBY,2012,1.5087231,20601.002,6179327,Upper-middle-income countries
Libya,LBY,2013,1.445882,16557.5,6304636,Upper-middle-income countries
Libya,LBY,2014,1.3866011,12499.083,6427260,Upper-middle-income countries
Libya,LBY,2015,1.3329439,12195.349,6531825,Upper-middle-income countries
Libya,LBY,2016,1.2827303,11831.826,6632130,Upper-middle-income countries
Libya,LBY,2017,1.2353419,15428.116,6738771,Upper-middle-income countries
Libya,LBY,2018,1.1935874,16385.164,6849058,Upper-middle-income countries
Libya,LBY,2019,1.1556216,14337.196,6951040,Upper-middle-income countries
Libya,LBY,2020,1.1172917,9978.664,7045403,Upper-middle-income countries
Libya,LBY,2021,1.0836614,12641.51,7135179,Upper-middle-income countries
Libya,LBY,2022,1.0464698,11450.06,7223804,Upper-middle-income countries
Libya,LBY,2023,3.0784101,12476.598,7305659,Upper-middle-income countries
Libya,LBY,2024,,12583.834,7305659,Upper-middle-income countries
Lithuania,LTU,1967,2.6310766,,3035382,High-income countries
Lithuania,LTU,1968,2.628378,,3070263,High-income countries
Lithuania,LTU,1969,2.5085213,,3103424,High-income countries
Lithuania,LTU,1970,2.2889621,,3135874,High-income countries
Lithuania,LTU,1971,2.1119611,,3170711,High-income countries
Lithuania,LTU,1972,2.079969,,3204904,High-income countries
Lithuania,LTU,1973,2.1566257,,3236223,High-income countries
Lithuania,LTU,1974,2.2408576,,3266366,High-income countries
Lithuania,LTU,1975,2.2648544,,3295734,High-income countries
Lithuania,LTU,1976,2.2498071,,3324568,High-income countries
Lithuania,LTU,1977,2.2198982,,3353250,High-income countries
Lithuania,LTU,1978,2.1816196,,3380072,High-income countries
Lithuania,LTU,1979,2.1244833,,3404743,High-income countries
Lithuania,LTU,1980,2.0497403,,3428417,High-income countries
Lithuania,LTU,1981,1.9766157,,3452313,High-income countries
Lithuania,LTU,1982,1.9201728,,3477581,High-income countries
Lithuania,LTU,1983,1.8745774,,3505434,High-income countries
Lithuania,LTU,1984,1.8198996,,3534123,High-income countries
Lithuania,LTU,1985,1.7433435,,3562393,High-income countries
Lithuania,LTU,1986,1.6407682,,3593782,High-income countries
Lithuania,LTU,1987,1.5160636,,3627368,High-income countries
Lithuania,LTU,1988,1.419722,,3672653,High-income countries
Lithuania,LTU,1989,1.4150577,,3696107,High-income countries
Lithuania,LTU,1990,1.5210667,20586.229,3695016,High-income countries
Lithuania,LTU,1991,1.674827,19384.818,3701408,High-income countries
Lithuania,LTU,1992,1.7834364,15280.389,3697552,High-income countries
Lithuania,LTU,1993,1.7942357,12861.695,3680201,High-income countries
Lithuania,LTU,1994,1.6928968,11686.438,3654893,High-income countries
Lithuania,LTU,1995,1.5138131,12164.204,3627038,High-income countries
Lithuania,LTU,1996,1.3409337,12873.201,3599721,High-income countries
Lithuania,LTU,1997,1.2283697,14045.005,3573418,High-income countries
Lithuania,LTU,1998,1.1632372,15202.912,3547768,High-income countries
Lithuania,LTU,1999,1.1165401,15143.193,3522905,High-income countries
Lithuania,LTU,2000,1.0710819,15771.427,3500410,High-income countries
Lithuania,LTU,2001,1.027873,16933.023,3473008,High-income countries
Lithuania,LTU,2002,0.9900783,18216.545,3444051,High-income countries
Lithuania,LTU,2003,0.9575477,20302.984,3415276,High-income countries
Lithuania,LTU,2004,0.9290437,21867.287,3376703,High-income countries
Lithuania,LTU,2005,0.90019846,23944.701,3322264,High-income countries
Lithuania,LTU,2006,0.860891,26129.34,3269809,High-income countries
Lithuania,LTU,2007,0.8040503,29370.773,3231378,High-income countries
Lithuania,LTU,2008,0.73638314,30445.781,3198482,High-income countries
Lithuania,LTU,2009,0.6666206,26217.545,3163255,High-income countries
Lithuania,LTU,2010,0.603641,26887.492,3097721,High-income countries
Lithuania,LTU,2011,0.55578405,29240.748,3028642,High-income countries
Lithuania,LTU,2012,0.52743834,30920.33,2988334,High-income countries
Lithuania,LTU,2013,0.51398146,32474.64,2958359,High-income countries
Lithuania,LTU,2014,0.50793636,33975.086,2933171,High-income countries
Lithuania,LTU,2015,0.50221133,35251.297,2905771,High-income countries
Lithuania,LTU,2016,0.48737898,36618.15,2869109,High-income countries
Lithuania,LTU,2017,0.4584855,38774.49,2829317,High-income countries
Lithuania,LTU,2018,0.4228319,41019.79,2802485,High-income countries
Lithuania,LTU,2019,0.39121148,43062.324,2795057,High-income countries
Lithuania,LTU,2020,0.3697293,43091.797,2795766,High-income countries
Lithuania,LTU,2021,0.3552328,45873.527,2794490,High-income countries
Lithuania,LTU,2022,0.3450926,46651.215,2816923,High-income countries
Lithuania,LTU,2023,0.33803073,46159.707,2854104,High-income countries
Lithuania,LTU,2024,,47165.367,2854104,High-income countries
Low-income countries,OWID_LIC,1980,21.6307,,226723539,
Low-income countries,OWID_LIC,1981,21.21292,,231201169,
Low-income countries,OWID_LIC,1982,21.081738,,236787467,
Low-income countries,OWID_LIC,1983,22.610703,,243197076,
Low-income countries,OWID_LIC,1984,22.403605,,249764062,
Low-income countries,OWID_LIC,1985,21.978697,,256472922,
Low-income countries,OWID_LIC,1986,21.169273,,263230599,
Low-income countries,OWID_LIC,1987,19.657047,,270279297,
Low-income countries,OWID_LIC,1988,20.536264,,277539287,
Low-income countries,OWID_LIC,1989,18.671284,,285123979,
Low-income countries,OWID_LIC,1990,18.410538,2091.577,292663595,
Low-income countries,OWID_LIC,1991,18.8581,2086.3845,300360059,
Low-income countries,OWID_LIC,1992,18.58011,2042.2125,309369865,
Low-income countries,OWID_LIC,1993,17.572527,1978.6189,319277771,
Low-income countries,OWID_LIC,1994,17.447777,1942.905,328801392,
Low-income countries,OWID_LIC,1995,16.849968,1981.9554,338406194,
Low-income countries,OWID_LIC,1996,16.446468,2036.1765,348513467,
Low-income countries,OWID_LIC,1997,16.04791,2109.07,358535391,
Low-income countries,OWID_LIC,1998,15.983144,2148.3252,368772687,
Low-income countries,OWID_LIC,1999,15.042376,2115.6118,379366090,
Low-income countries,OWID_LIC,2000,14.506968,2100.0354,389723485,
Low-income countries,OWID_LIC,2001,13.94847,2115.2341,400384099,
Low-income countries,OWID_LIC,2002,13.390737,2172.3687,412284807,
Low-income countries,OWID_LIC,2003,12.704025,2247.3982,424679097,
Low-income countries,OWID_LIC,2004,12.233095,2317.1028,436967699,
Low-income countries,OWID_LIC,2005,11.7112255,2392.5898,449724246,
Low-income countries,OWID_LIC,2006,11.124675,2455.3108,463303557,
Low-income countries,OWID_LIC,2007,10.634261,2534.7456,477111736,
Low-income countries,OWID_LIC,2008,10.16644,2592.9873,490973774,
Low-income countries,OWID_LIC,2009,10.174761,2614.398,505164159,
Low-income countries,OWID_LIC,2010,9.49634,2703.7039,519647365,
Low-income countries,OWID_LIC,2011,9.716992,2705.9165,534392915,
Low-income countries,OWID_LIC,2012,8.859899,2496.4563,549004721,
Low-income countries,OWID_LIC,2013,8.488963,2414.5007,563040135,
Low-income countries,OWID_LIC,2014,8.458121,2419.5178,577051647,
Low-income countries,OWID_LIC,2015,8.249647,2431.4712,591583770,
Low-income countries,OWID_LIC,2016,8.019633,2422.1921,607210136,
Low-income countries,OWID_LIC,2017,7.900535,2425.2117,623824285,
Low-income countries,OWID_LIC,2018,7.3502517,2432.9915,641385698,
Low-income countries,OWID_LIC,2019,7.1626244,2434.319,659875267,
Low-income countries,OWID_LIC,2020,6.820925,2347.0789,678679145,
Low-income countries,OWID_LIC,2021,6.6780787,2301.291,697273071,
Low-income countries,OWID_LIC,2022,6.8511147,2312.3845,715844683,
Low-income countries,OWID_LIC,2023,6.2260566,2245.1287,735385966,
Low-income countries,OWID_LIC,2024,,2252.951,735385966,
Lower-middle-income countries,OWID_LMC,1980,16.472506,,1333878754,
Lower-middle-income countries,OWID_LMC,1981,16.016352,,1369121632,
Lower-middle-income countries,OWID_LMC,1982,15.597808,,1404778309,
Lower-middle-income countries,OWID_LMC,1983,15.184492,,1441034781,
Lower-middle-income countries,OWID_LMC,1984,14.80206,,1477907041,
Lower-middle-income countries,OWID_LMC,1985,14.442517,,1515552078,
Lower-middle-income countries,OWID_LMC,1986,14.093325,,1553815501,
Lower-middle-income countries,OWID_LMC,1987,13.750517,,1592569215,
Lower-middle-income countries,OWID_LMC,1988,13.414841,,1631722258,
Lower-middle-income countries,OWID_LMC,1989,13.092679,,1671269097,
Lower-middle-income countries,OWID_LMC,1990,12.787589,3015.438,1711864220,
Lower-middle-income countries,OWID_LMC,1991,12.497572,3003.4285,1752608523,
Lower-middle-income countries,OWID_LMC,1992,12.227588,3050.2703,1793067376,
Lower-middle-income countries,OWID_LMC,1993,11.968124,3055.9973,1833937911,
Lower-middle-income countries,OWID_LMC,1994,11.711871,3115.1677,1874934474,
Lower-middle-income countries,OWID_LMC,1995,11.444986,3212.7397,1916258972,
Lower-middle-income countries,OWID_LMC,1996,11.165009,3347.0972,1957849353,
Lower-middle-income countries,OWID_LMC,1997,10.860075,3411.546,1999733954,
Lower-middle-income countries,OWID_LMC,1998,10.548181,3500.263,2042077792,
Lower-middle-income countries,OWID_LMC,1999,10.202262,3626.8872,2084331968,
Lower-middle-income countries,OWID_LMC,2000,9.849653,3707.9395,2126916405,
Lower-middle-income countries,OWID_LMC,2001,9.494599,3796.1543,2169845903,
Lower-middle-income countries,OWID_LMC,2002,9.133801,3892.3313,2211922405,
Lower-middle-income countries,OWID_LMC,2003,8.798583,4053.374,2253565571,
Lower-middle-income countries,OWID_LMC,2004,8.484731,4263.3096,2295613093,
Lower-middle-income countries,OWID_LMC,2005,8.169598,4473.2188,2337232229,
Lower-middle-income countries,OWID_LMC,2006,7.8751173,4707.42,2379086325,
Lower-middle-income countries,OWID_LMC,2007,7.5841475,4946.4395,2421832593,
Lower-middle-income countries,OWID_LMC,2008,7.3507185,5080.3003,2464297892,
Lower-middle-income countries,OWID_LMC,2009,7.0404778,5301.5405,2507036280,
Lower-middle-income countries,OWID_LMC,2010,6.8035192,5575.538,2550520230,
Lower-middle-income countries,OWID_LMC,2011,6.539207,5746.0674,2594096178,
Lower-middle-income countries,OWID_LMC,2012,6.304486,5944.4634,2637381315,
Lower-middle-income countries,OWID_LMC,2013,6.0780525,6183.676,2680848784,
Lower-middle-income countries,OWID_LMC,2014,5.871494,6464.03,2724066420,
Lower-middle-income countries,OWID_LMC,2015,5.6766376,6755.226,2765984952,
Lower-middle-income countries,OWID_LMC,2016,5.4802346,7049.0415,2807490854,
Lower-middle-income countries,OWID_LMC,2017,5.2983885,7334.511,2848767185,
Lower-middle-income countries,OWID_LMC,2018,5.1253304,7635.979,2889324239,
Lower-middle-income countries,OWID_LMC,2019,4.9531846,7843.6367,2929401303,
Lower-middle-income countries,OWID_LMC,2020,4.786894,7439.8076,2969245757,
Lower-middle-income countries,OWID_LMC,2021,4.63362,7837.433,3007019418,
Lower-middle-income countries,OWID_LMC,2022,4.4875813,8238.695,3044254723,
Lower-middle-income countries,OWID_LMC,2023,4.3494577,8649.748,3083154885,
Lower-middle-income countries,OWID_LMC,2024,,8995.874,3083154885,
Luxembourg,LUX,1949,5.7700605,,296190,High-income countries
Luxembourg,LUX,1950,5.5729823,,296580,High-income countries
Luxembourg,LUX,1951,5.3753796,,298161,High-income countries
Luxembourg,LUX,1952,5.189804,,299909,High-income countries
Luxembourg,LUX,1953,5.0036044,,301692,High-income countries
Luxembourg,LUX,1954,4.8213363,,303489,High-income countries
Luxembourg,LUX,1955,4.6365304,,305315,High-income countries
Luxembourg,LUX,1956,4.4559445,,306957,High-income countries
Luxembourg,LUX,1957,4.275067,,308439,High-income countries
Luxembourg,LUX,1958,4.0922737,,310039,High-income countries
Luxembourg,LUX,1959,3.9087353,,312043,High-income countries
Luxembourg,LUX,1960,3.724982,,313888,High-income countries
Luxembourg,LUX,1961,3.5417712,,316347,High-income countries
Luxembourg,LUX,1962,3.3636854,,319663,High-income countries
Luxembourg,LUX,1963,3.1969173,,322855,High-income countries
Luxembourg,LUX,1964,3.0377617,,326232,High-income countries
Luxembourg,LUX,1965,2.8879242,,329709,High-income countries
Luxembourg,LUX,1966,2.748154,,333085,High-income countries
Luxembourg,LUX,1967,2.6139064,,335524,High-income countries
Luxembourg,LUX,1968,2.4838245,,337015,High-income countries
Luxembourg,LUX,1969,2.3576071,,338271,High-income countries
Luxembourg,LUX,1970,2.2357306,,339337,High-income countries
Luxembourg,LUX,1971,2.1139882,,341961,High-income countries
Luxembourg,LUX,1972,1.9931933,,346085,High-income countries
Luxembourg,LUX,1973,1.8761694,,349206,High-income countries
Luxembourg,LUX,1974,1.7682725,,351432,High-income countries
Luxembourg,LUX,1975,1.6703241,,353686,High-income countries
Luxembourg,LUX,1976,1.5837084,,355877,High-income countries
Luxembourg,LUX,1977,1.5077811,,358252,High-income countries
Luxembourg,LUX,1978,1.4424168,,361047,High-income countries
Luxembourg,LUX,1979,1.3865273,,362898,High-income countries
Luxembourg,LUX,1980,1.3383509,,363711,High-income countries
Luxembourg,LUX,1981,1.2930967,,364487,High-income countries
Luxembourg,LUX,1982,1.2495271,,365061,High-income countries
Luxembourg,LUX,1983,1.2055929,,365495,High-income countries
Luxembourg,LUX,1984,1.1609972,,365904,High-income countries
Luxembourg,LUX,1985,1.1159849,,366665,High-income countries
Luxembourg,LUX,1986,1.0693415,,368409,High-income countries
Luxembourg,LUX,1987,1.0225192,,370789,High-income countries
Luxembourg,LUX,1988,0.97432876,,373789,High-income countries
Luxembourg,LUX,1989,0.92500263,,377384,High-income countries
Luxembourg,LUX,1990,0.87545466,81450.57,381707,High-income countries
Luxembourg,LUX,1991,0.8256429,87313.72,386819,High-income countries
Luxembourg,LUX,1992,0.7758579,87729.4,391972,High-income countries
Luxembourg,LUX,1993,0.72696245,90195.664,397210,High-income countries
Luxembourg,LUX,1994,0.6812958,92375.36,402597,High-income countries
Luxembourg,LUX,1995,0.6384104,92391.34,408237,High-income countries
Luxembourg,LUX,1996,0.5986291,92416.516,413779,High-income countries
Luxembourg,LUX,1997,0.5623269,96211.734,418970,High-income countries
Luxembourg,LUX,1998,0.5290462,101364.67,424158,High-income countries
Luxembourg,LUX,1999,0.49747735,108180.41,429909,High-income countries
Luxembourg,LUX,2000,0.4687908,114141.586,436142,High-income countries
Luxembourg,LUX,2001,0.44139442,116258.43,441754,High-income countries
Luxembourg,LUX,2002,0.41507033,118757.53,446392,High-income countries
Luxembourg,LUX,2003,0.3903604,120396.26,451845,High-income countries
Luxembourg,LUX,2004,0.367612,123720.26,458305,High-income countries
Luxembourg,LUX,2005,0.34690318,124866.86,465369,High-income countries
Luxembourg,LUX,2006,0.328703,130284.97,472869,High-income countries
Luxembourg,LUX,2007,0.3133106,138677.97,480277,High-income countries
Luxembourg,LUX,2008,0.30047753,135812.22,488995,High-income countries
Luxembourg,LUX,2009,0.28981602,129002.24,498196,High-income countries
Luxembourg,LUX,2010,0.28126323,131432.06,507418,High-income countries
Luxembourg,LUX,2011,0.27416638,129885.37,518583,High-income countries
Luxembourg,LUX,2012,0.26882523,128895.41,530951,High-income countries
Luxembourg,LUX,2013,0.2643687,129945.45,543358,High-income countries
Luxembourg,LUX,2014,0.26060644,130247.664,556285,High-income countries
Luxembourg,LUX,2015,0.25743613,130097.26,569540,High-income countries
Luxembourg,LUX,2016,0.25487572,133661.66,583511,High-income countries
Luxembourg,LUX,2017,0.2524054,132169.83,596506,High-income countries
Luxembourg,LUX,2018,0.25039288,131733.89,608109,High-income countries
Luxembourg,LUX,2019,0.24821961,132724.75,620167,High-income countries
Luxembourg,LUX,2020,0.24594632,129865.63,630597,High-income countries
Luxembourg,LUX,2021,0.24256974,136772.44,640276,High-income countries
Luxembourg,LUX,2022,0.23855777,132570.83,653315,High-income countries
Luxembourg,LUX,2023,0.23358402,130048.92,665101,High-income countries
Luxembourg,LUX,2024,,128475.28,665101,High-income countries
Macao,MAC,1990,,55300.746,351123,High-income countries
Macao,MAC,1991,,54602.055,362275,High-income countries
Macao,MAC,1992,,58652.79,372256,High-income countries
Macao,MAC,1993,,59589.977,381331,High-income countries
Macao,MAC,1994,,60120.66,390126,High-income countries
Macao,MAC,1995,,60205.707,398703,High-income countries
Macao,MAC,1996,,59115.234,407033,High-income countries
Macao,MAC,1997,,58639.523,415074,High-income countries
Macao,MAC,1998,,55296.5,422816,High-income countries
Macao,MAC,1999,,53348.01,430253,High-income countries
Macao,MAC,2000,,55994.76,437316,High-income countries
Macao,MAC,2001,,57173.86,445121,High-income countries
Macao,MAC,2002,,61625.957,456026,High-income countries
Macao,MAC,2003,,67994.78,469062,High-income countries
Macao,MAC,2004,,84004.45,482209,High-income countries
Macao,MAC,2005,,87185.52,495416,High-income countries
Macao,MAC,2006,,93828.32,508752,High-income countries
Macao,MAC,2007,,102879.64,522281,High-income countries
Macao,MAC,2008,,102474.67,535935,High-income countries
Macao,MAC,2009,,104911.14,549492,High-income countries
Macao,MAC,2010,,130758.28,562809,High-income countries
Macao,MAC,2011,,155385.33,575644,High-income countries
Macao,MAC,2012,,164239.27,587450,High-income countries
Macao,MAC,2013,,174569.52,598752,High-income countries
Macao,MAC,2014,,162813.44,610308,High-income countries
Macao,MAC,2015,,123194.07,622185,High-income countries
Macao,MAC,2016,,120530.055,634317,High-income countries
Macao,MAC,2017,,133322.62,646558,High-income countries
Macao,MAC,2018,,139541.16,658777,High-income countries
Macao,MAC,2019,,133453.89,670982,High-income countries
Macao,MAC,2020,,59662.484,683069,High-income countries
Macao,MAC,2021,,73374.445,694404,High-income countries
Macao,MAC,2022,,59921.44,704360,High-income countries
Macao,MAC,2023,,104815.2,713916,High-income countries
Macao,MAC,2024,,111693.5,713916,High-income countries
Madagascar,MDG,1968,14.558982,,6306501,Low-income countries
Madagascar,MDG,1969,14.732356,,6484718,Low-income countries
Madagascar,MDG,1970,14.910902,,6672004,Low-income countries
Madagascar,MDG,1971,15.115055,,6868874,Low-income countries
Madagascar,MDG,1972,15.326335,,7074405,Low-income countries
Madagascar,MDG,1973,15.565683,,7288053,Low-income countries
Madagascar,MDG,1974,15.817906,,7509733,Low-income countries
Madagascar,MDG,1975,16.069336,,7739341,Low-income countries
Madagascar,MDG,1976,16.30492,,7976838,Low-income countries
Madagascar,MDG,1977,16.52267,,8222240,Low-income countries
Madagascar,MDG,1978,16.713812,,8475862,Low-income countries
Madagascar,MDG,1979,16.917027,,8737585,Low-income countries
Madagascar,MDG,1980,17.142202,,9006039,Low-income countries
Madagascar,MDG,1981,17.387672,,9279017,Low-income countries
Madagascar,MDG,1982,17.599688,,9557679,Low-income countries
Madagascar,MDG,1983,17.759233,,9843046,Low-income countries
Madagascar,MDG,1984,17.803104,,10134559,Low-income countries
Madagascar,MDG,1985,17.715027,,10433143,Low-income countries
Madagascar,MDG,1986,17.481165,,10736862,Low-income countries
Madagascar,MDG,1987,17.114237,,11047297,Low-income countries
Madagascar,MDG,1988,16.639956,,11369458,Low-income countries
Madagascar,MDG,1989,16.098906,,11705002,Low-income countries
Madagascar,MDG,1990,15.547684,1968.2723,12055649,Low-income countries
Madagascar,MDG,1991,15.006422,1789.8417,12421413,Low-income countries
Madagascar,MDG,1992,14.501698,1757.2946,12800870,Low-income countries
Madagascar,MDG,1993,14.019384,1740.2952,13197353,Low-income countries
Madagascar,MDG,1994,13.541284,1686.3419,13613859,Low-income countries
Madagascar,MDG,1995,13.059553,1661.2706,14051279,Low-income countries
Madagascar,MDG,1996,12.5599575,1643.3258,14510712,Low-income countries
Madagascar,MDG,1997,12.038649,1649.4481,14990818,Low-income countries
Madagascar,MDG,1998,11.510541,1658.8885,15489364,Low-income countries
Madagascar,MDG,1999,10.998753,1681.3594,16000506,Low-income countries
Madagascar,MDG,2000,10.501264,1701.4432,16516336,Low-income countries
Madagascar,MDG,2001,10.03631,1748.5035,17032933,Low-income countries
Madagascar,MDG,2002,9.6026745,1486.4343,17549915,Low-income countries
Madagascar,MDG,2003,9.200983,1584.7493,18071860,Low-income countries
Madagascar,MDG,2004,8.819793,1620.1195,18606606,Low-income countries
Madagascar,MDG,2005,8.464469,1648.1763,19159711,Low-income countries
Madagascar,MDG,2006,8.124274,1686.8634,19730916,Low-income countries
Madagascar,MDG,2007,7.8087845,1731.6176,20318590,Low-income countries
Madagascar,MDG,2008,7.525025,1794.4023,20923842,Low-income countries
Madagascar,MDG,2009,7.2817783,1673.1555,21547277,Low-income countries
Madagascar,MDG,2010,7.0738735,1635.2451,22183343,Low-income countries
Madagascar,MDG,2011,6.900991,1614.5514,22822305,Low-income countries
Madagascar,MDG,2012,6.7739835,1617.7908,23462444,Low-income countries
Madagascar,MDG,2013,6.6862936,1610.6023,24109290,Low-income countries
Madagascar,MDG,2014,6.6195135,1620.3579,24764356,Low-income countries
Madagascar,MDG,2015,6.5842423,1627.5806,25426703,Low-income countries
Madagascar,MDG,2016,6.5669894,1648.9122,26099950,Low-income countries
Madagascar,MDG,2017,6.5676484,1669.7277,26788379,Low-income countries
Madagascar,MDG,2018,6.5834146,1678.7863,27494930,Low-income countries
Madagascar,MDG,2019,6.6084075,1707.8315,28219559,Low-income countries
Madagascar,MDG,2020,6.6259594,1545.7272,28953560,Low-income countries
Madagascar,MDG,2021,6.6211786,1577.4325,29691087,Low-income countries
Madagascar,MDG,2022,6.5740047,1602.7136,30437261,Low-income countries
Madagascar,MDG,2023,6.4770794,1629.4609,31195937,Low-income countries
Madagascar,MDG,2024,,1657.0497,31195937,Low-income countries
Malawi,MWI,1961,35.89001,,3715543,Low-income countries
Malawi,MWI,1962,35.798977,,3806310,Low-income countries
Malawi,MWI,1963,35.655884,,3900513,Low-income countries
Malawi,MWI,1964,35.523727,,3997309,Low-income countries
Malawi,MWI,1965,35.37919,,4096158,Low-income countries
Malawi,MWI,1966,35.261227,,4197929,Low-income countries
Malawi,MWI,1967,35.13646,,4303018,Low-income countries
Malawi,MWI,1968,34.99176,,4411055,Low-income countries
Malawi,MWI,1969,34.735165,,4521184,Low-income countries
Malawi,MWI,1970,34.362034,,4633949,Low-income countries
Malawi,MWI,1971,33.856033,,4751441,Low-income countries
Malawi,MWI,1972,33.183975,,4874479,Low-income countries
Malawi,MWI,1973,32.392815,,5003935,Low-income countries
Malawi,MWI,1974,31.509214,,5141342,Low-income countries
Malawi,MWI,1975,30.58006,,5287371,Low-income countries
Malawi,MWI,1976,29.645569,,5443390,Low-income countries
Malawi,MWI,1977,28.676617,,5614993,Low-income countries
Malawi,MWI,1978,27.603434,,5810135,Low-income countries
Malawi,MWI,1979,26.54427,,6028750,Low-income countries
Malawi,MWI,1980,25.628897,,6265529,Low-income countries
Malawi,MWI,1981,24.902708,,6516460,Low-income countries
Malawi,MWI,1982,24.504118,,6778885,Low-income countries
Malawi,MWI,1983,24.488615,,7051707,Low-income countries
Malawi,MWI,1984,24.773947,,7332811,Low-income countries
Malawi,MWI,1985,25.137655,,7620509,Low-income countries
Malawi,MWI,1986,25.419598,,7906485,Low-income countries
Malawi,MWI,1987,25.495705,,8293173,Low-income countries
Malawi,MWI,1988,25.321812,,8753265,Low-income countries
Malawi,MWI,1989,24.890066,,9176223,Low-income countries
Malawi,MWI,1990,24.278418,1047.4644,9545860,Low-income countries
Malawi,MWI,1991,23.553051,1104.3905,9844228,Low-income countries
Malawi,MWI,1992,22.768484,994.0365,10135082,Low-income countries
Malawi,MWI,1993,22.02425,1074.5848,10284027,Low-income countries
Malawi,MWI,1994,21.335115,975.8497,10164899,Low-income countries
Malawi,MWI,1995,20.662413,1140.7561,10150122,Low-income countries
Malawi,MWI,1996,20.18719,1200.3206,10352227,Low-income countries
Malawi,MWI,1997,19.726097,1221.094,10562035,Low-income countries
Malawi,MWI,1998,19.166052,1241.5243,10792877,Low-income countries
Malawi,MWI,1999,18.391802,1249.7753,11047812,Low-income countries
Malawi,MWI,2000,17.331402,1239.3917,11315947,Low-income countries
Malawi,MWI,2001,15.991844,1149.5804,11593057,Low-income countries
Malawi,MWI,2002,14.547879,1140.8428,11880443,Low-income countries
Malawi,MWI,2003,13.151948,1176.1239,12181575,Low-income countries
Malawi,MWI,2004,11.931977,1208.2197,12500736,Low-income countries
Malawi,MWI,2005,10.993861,1214.7427,12840034,Low-income countries
Malawi,MWI,2006,10.343487,1237.2739,13198699,Low-income countries
Malawi,MWI,2007,9.828045,1318.3319,13576344,Low-income countries
Malawi,MWI,2008,9.306868,1378.4288,13976415,Low-income countries
Malawi,MWI,2009,8.808056,1449.7261,14395788,Low-income countries
Malawi,MWI,2010,8.302742,1504.3751,14826466,Low-income countries
Malawi,MWI,2011,7.6686563,1533.2289,15265026,Low-income countries
Malawi,MWI,2012,6.9792795,1518.1481,15709577,Low-income countries
Malawi,MWI,2013,6.3998322,1555.5061,16161816,Low-income countries
Malawi,MWI,2014,6.022397,1597.5648,16621534,Low-income countries
Malawi,MWI,2015,5.670846,1597.6914,17085587,Low-income countries
Malawi,MWI,2016,5.350293,1593.5955,17557741,Low-income countries
Malawi,MWI,2017,5.0646772,1613.0593,18039714,Low-income countries
Malawi,MWI,2018,4.752374,1638.9166,18528086,Low-income countries
Malawi,MWI,2019,4.5455947,1687.2894,19025748,Low-income countries
Malawi,MWI,2020,4.308623,1656.4398,19533885,Low-income countries
Malawi,MWI,2021,4.152687,1687.5936,20047264,Low-income countries
Malawi,MWI,2022,3.9939682,1659.9594,20568731,Low-income countries
Malawi,MWI,2023,3.8340082,1649.2987,21104480,Low-income countries
Malawi,MWI,2024,,1634.2466,21104480,Low-income countries
Malaysia,MYS,1950,16.874472,,6098285,Upper-middle-income countries
Malaysia,MYS,1951,15.944715,,6257415,Upper-middle-income countries
Malaysia,MYS,1952,15.079404,,6422851,Upper-middle-income countries
Malaysia,MYS,1953,14.253798,,6593945,Upper-middle-income countries
Malaysia,MYS,1954,13.482666,,6772374,Upper-middle-income countries
Malaysia,MYS,1955,12.768401,,6959959,Upper-middle-income countries
Malaysia,MYS,1956,12.087527,,7156627,Upper-middle-income countries
Malaysia,MYS,1957,11.425221,,7362818,Upper-middle-income countries
Malaysia,MYS,1958,10.759778,,7562886,Upper-middle-income countries
Malaysia,MYS,1959,10.103602,,7755779,Upper-middle-income countries
Malaysia,MYS,1960,9.458471,,7956201,Upper-middle-income countries
Malaysia,MYS,1961,8.832719,,8164448,Upper-middle-income countries
Malaysia,MYS,1962,8.249614,,8380174,Upper-middle-income countries
Malaysia,MYS,1963,7.7358246,,8602166,Upper-middle-income countries
Malaysia,MYS,1964,7.2846894,,8828416,Upper-middle-income countries
Malaysia,MYS,1965,6.891518,,9056415,Upper-middle-income countries
Malaysia,MYS,1966,6.5584993,,9284693,Upper-middle-income countries
Malaysia,MYS,1967,6.27134,,9507107,Upper-middle-income countries
Malaysia,MYS,1968,6.019582,,9725283,Upper-middle-income countries
Malaysia,MYS,1969,5.7895703,,9947604,Upper-middle-income countries
Malaysia,MYS,1970,5.562483,,10178802,Upper-middle-income countries
Malaysia,MYS,1971,5.3210955,,10423466,Upper-middle-income countries
Malaysia,MYS,1972,5.063405,,10676839,Upper-middle-income countries
Malaysia,MYS,1973,4.785573,,10935622,Upper-middle-income countries
Malaysia,MYS,1974,4.5022016,,11200903,Upper-middle-income countries
Malaysia,MYS,1975,4.2276554,,11471914,Upper-middle-income countries
Malaysia,MYS,1976,3.9652917,,11750093,Upper-middle-income countries
Malaysia,MYS,1977,3.7149458,,12035716,Upper-middle-income countries
Malaysia,MYS,1978,3.4782903,,12328158,Upper-middle-income countries
Malaysia,MYS,1979,3.2519038,,12627866,Upper-middle-income countries
Malaysia,MYS,1980,3.0382526,,12983365,Upper-middle-income countries
Malaysia,MYS,1981,2.8351815,,13399206,Upper-middle-income countries
Malaysia,MYS,1982,2.6474433,,13832796,Upper-middle-income countries
Malaysia,MYS,1983,2.4748862,,14285914,Upper-middle-income countries
Malaysia,MYS,1984,2.3172328,,14759013,Upper-middle-income countries
Malaysia,MYS,1985,2.1751533,,15252262,Upper-middle-income countries
Malaysia,MYS,1986,2.0479043,,15760425,Upper-middle-income countries
Malaysia,MYS,1987,1.9341499,,16276735,Upper-middle-income countries
Malaysia,MYS,1988,1.8341373,,16796612,Upper-middle-income countries
Malaysia,MYS,1989,1.7438524,,17315003,Upper-middle-income countries
Malaysia,MYS,1990,1.6611185,12013.697,17833179,Upper-middle-income countries
Malaysia,MYS,1991,1.5836053,12795.05,18342474,Upper-middle-income countries
Malaysia,MYS,1992,1.5116872,13567.894,18834569,Upper-middle-income countries
Malaysia,MYS,1993,1.4454542,14533.79,19322667,Upper-middle-income countries
Malaysia,MYS,1994,1.386785,15474.015,19820446,Upper-middle-income countries
Malaysia,MYS,1995,1.3357497,16568.516,20330602,Upper-middle-income countries
Malaysia,MYS,1996,1.2851696,17771.71,20850085,Upper-middle-income countries
Malaysia,MYS,1997,1.2252475,18604.514,21375225,Upper-middle-income countries
Malaysia,MYS,1998,1.1526546,16817.172,21906713,Upper-middle-income countries
Malaysia,MYS,1999,1.0742358,17428.625,22435532,Upper-middle-income countries
Malaysia,MYS,2000,0.99640566,18532.91,22967817,Upper-middle-income countries
Malaysia,MYS,2001,0.92901224,18186.441,23526535,Upper-middle-income countries
Malaysia,MYS,2002,0.88130265,18708.87,24102477,Upper-middle-income countries
Malaysia,MYS,2003,0.8548153,19329.006,24679604,Upper-middle-income countries
Malaysia,MYS,2004,0.84133106,20168.506,25256773,Upper-middle-income countries
Malaysia,MYS,2005,0.8334447,20767.586,25836075,Upper-middle-income countries
Malaysia,MYS,2006,0.8281097,21444.486,26417909,Upper-middle-income countries
Malaysia,MYS,2007,0.82497203,22305.12,26998383,Upper-middle-income countries
Malaysia,MYS,2008,0.8229278,22898.002,27570052,Upper-middle-income countries
Malaysia,MYS,2009,0.8197782,22106.643,28124779,Upper-middle-income countries
Malaysia,MYS,2010,0.81398904,23307.97,28655772,Upper-middle-income countries
Malaysia,MYS,2011,0.80743307,24115.818,29162034,Upper-middle-income countries
Malaysia,MYS,2012,0.8040116,25006.36,29662835,Upper-middle-income countries
Malaysia,MYS,2013,0.8055723,25736.354,30174269,Upper-middle-income countries
Malaysia,MYS,2014,0.81012386,26818.432,30696133,Upper-middle-income countries
Malaysia,MYS,2015,0.8149265,27699.627,31232796,Upper-middle-income countries
Malaysia,MYS,2016,0.81860554,28425.371,31789692,Upper-middle-income countries
Malaysia,MYS,2017,0.82024515,29551.545,32355642,Upper-middle-income countries
Malaysia,MYS,2018,0.8193115,30459.965,32910963,Upper-middle-income countries
Malaysia,MYS,2019,0.81687385,31300.508,33440590,Upper-middle-income countries
Malaysia,MYS,2020,0.814119,29200.453,33889554,Upper-middle-income countries
Malaysia,MYS,2021,0.8115734,29822.85,34282404,Upper-middle-income countries
Malaysia,MYS,2022,0.8096207,32129.223,34695494,Upper-middle-income countries
Malaysia,MYS,2023,0.80801296,32857.668,35126295,Upper-middle-income countries
Malaysia,MYS,2024,,34116.23,35126295,Upper-middle-income countries
Maldives,MDV,1962,33.360615,,95817,Upper-middle-income countries
Maldives,MDV,1963,32.464466,,98236,Upper-middle-income countries
Maldives,MDV,1964,31.511738,,100673,Upper-middle-income countries
Maldives,MDV,1965,30.595718,,104116,Upper-middle-income countries
Maldives,MDV,1966,29.67782,,108528,Upper-middle-income countries
Maldives,MDV,1967,28.705256,,112543,Upper-middle-income countries
Maldives,MDV,1968,27.737492,,116092,Upper-middle-income countries
Maldives,MDV,1969,26.786055,,119581,Upper-middle-income countries
Maldives,MDV,1970,25.780981,,123240,Upper-middle-income countries
Maldives,MDV,1971,24.735987,,127052,Upper-middle-income countries
Maldives,MDV,1972,23.610458,,130979,Upper-middle-income countries
Maldives,MDV,1973,22.4373,,134971,Upper-middle-income countries
Maldives,MDV,1974,21.241188,,138994,Upper-middle-income countries
Maldives,MDV,1975,20.061777,,143169,Upper-middle-income countries
Maldives,MDV,1976,18.926224,,147539,Upper-middle-income countries
Maldives,MDV,1977,17.862148,,151943,Upper-middle-income countries
Maldives,MDV,1978,16.862152,,156169,Upper-middle-income countries
Maldives,MDV,1979,15.916568,,160372,Upper-middle-income countries
Maldives,MDV,1980,15.01275,,164844,Upper-middle-income countries
Maldives,MDV,1981,14.175824,,169544,Upper-middle-income countries
Maldives,MDV,1982,13.399878,,174341,Upper-middle-income countries
Maldives,MDV,1983,12.675211,,179141,Upper-middle-income countries
Maldives,MDV,1984,11.991071,,184212,Upper-middle-income countries
Maldives,MDV,1985,11.342937,,190182,Upper-middle-income countries
Maldives,MDV,1986,10.727109,,196949,Upper-middle-income countries
Maldives,MDV,1987,10.139118,,203961,Upper-middle-income countries
Maldives,MDV,1988,9.591177,,210899,Upper-middle-income countries
Maldives,MDV,1989,9.0613575,,217749,Upper-middle-income countries
Maldives,MDV,1990,8.565635,8945.805,224772,Upper-middle-income countries
Maldives,MDV,1991,8.084309,8799.255,231810,Upper-middle-income countries
Maldives,MDV,1992,7.611578,9120.992,238559,Upper-middle-income countries
Maldives,MDV,1993,7.1501575,9378.522,244893,Upper-middle-income countries
Maldives,MDV,1994,6.682444,9866.075,250831,Upper-middle-income countries
Maldives,MDV,1995,6.216004,10894.173,256660,Upper-middle-income countries
Maldives,MDV,1996,5.7445974,11495.099,262354,Upper-middle-income countries
Maldives,MDV,1997,5.278301,12210.969,267711,Upper-middle-income countries
Maldives,MDV,1998,4.813912,12884.723,272734,Upper-middle-income countries
Maldives,MDV,1999,4.3562727,13449.203,277423,Upper-middle-income countries
Maldives,MDV,2000,3.9048681,13738.281,282025,Upper-middle-income countries
Maldives,MDV,2001,3.4745464,12977.999,286778,Upper-middle-income countries
Maldives,MDV,2002,3.0784893,13689.807,291631,Upper-middle-income countries
Maldives,MDV,2003,2.7234817,15316.119,296497,Upper-middle-income countries
Maldives,MDV,2004,2.7016194,15958.656,301416,Upper-middle-income countries
Maldives,MDV,2005,2.1550436,13942.875,306429,Upper-middle-income countries
Maldives,MDV,2006,1.9372706,16829.977,313866,Upper-middle-income countries
Maldives,MDV,2007,1.7585324,17439.951,324489,Upper-middle-income countries
Maldives,MDV,2008,1.6118214,18344.486,336178,Upper-middle-income countries
Maldives,MDV,2009,1.4879235,16230.009,348282,Upper-middle-income countries
Maldives,MDV,2010,1.3825339,16730.014,360802,Upper-middle-income countries
Maldives,MDV,2011,1.2896457,17581.768,373683,Upper-middle-income countries
Maldives,MDV,2012,1.2051615,17390.148,386821,Upper-middle-income countries
Maldives,MDV,2013,1.1277393,17986.89,400077,Upper-middle-income countries
Maldives,MDV,2014,1.0549648,18765.36,413623,Upper-middle-income countries
Maldives,MDV,2015,0.9856999,18829.447,428165,Upper-middle-income countries
Maldives,MDV,2016,0.91946673,19345.18,443316,Upper-middle-income countries
Maldives,MDV,2017,0.8562235,20036.717,458297,Upper-middle-income countries
Maldives,MDV,2018,0.79694873,21072.58,473106,Upper-middle-income countries
Maldives,MDV,2019,0.74043155,21855.502,487737,Upper-middle-income countries
Maldives,MDV,2020,0.6881541,14242.975,502127,Upper-middle-income countries
Maldives,MDV,2021,0.6412537,19052.623,516163,Upper-middle-income countries
Maldives,MDV,2022,0.60267,21357.81,524116,Upper-middle-income countries
Maldives,MDV,2023,0.5705662,22333.047,526009,Upper-middle-income countries
Maldives,MDV,2024,,23034.41,526009,Upper-middle-income countries
Mali,MLI,1963,42.633625,,5646606,Low-income countries
Mali,MLI,1964,41.887043,,5730130,Low-income countries
Mali,MLI,1965,41.18393,,5815483,Low-income countries
Mali,MLI,1966,40.47834,,5902209,Low-income countries
Mali,MLI,1967,39.791405,,5990908,Low-income countries
Mali,MLI,1968,39.170288,,6082987,Low-income countries
Mali,MLI,1969,38.55349,,6177698,Low-income countries
Mali,MLI,1970,37.947746,,6276476,Low-income countries
Mali,MLI,1971,37.324547,,6377945,Low-income countries
Mali,MLI,1972,36.675064,,6483730,Low-income countries
Mali,MLI,1973,35.965923,,6597114,Low-income countries
Mali,MLI,1974,35.18775,,6715435,Low-income countries
Mali,MLI,1975,34.39371,,6837265,Low-income countries
Mali,MLI,1976,33.551975,,6960979,Low-income countries
Mali,MLI,1977,32.693462,,7090985,Low-income countries
Mali,MLI,1978,31.830341,,7229654,Low-income countries
Mali,MLI,1979,30.98444,,7375272,Low-income countries
Mali,MLI,1980,30.147894,,7530522,Low-income countries
Mali,MLI,1981,29.314808,,7692763,Low-income countries
Mali,MLI,1982,28.487288,,7860196,Low-income countries
Mali,MLI,1983,27.68114,,8034400,Low-income countries
Mali,MLI,1984,26.89456,,8208599,Low-income countries
Mali,MLI,1985,26.14166,,8374661,Low-income countries
Mali,MLI,1986,25.424255,,8531272,Low-income countries
Mali,MLI,1987,24.772247,,8681167,Low-income countries
Mali,MLI,1988,24.164637,,8834001,Low-income countries
Mali,MLI,1989,23.604998,,8999935,Low-income countries
Mali,MLI,1990,23.1033,1890.5021,9178826,Low-income countries
Mali,MLI,1991,22.654804,2087.919,9362885,Low-income countries
Mali,MLI,1992,22.261698,1942.7285,9553540,Low-income countries
Mali,MLI,1993,21.89115,1985.3806,9754786,Low-income countries
Mali,MLI,1994,21.538338,2051.755,9967035,Low-income countries
Mali,MLI,1995,21.18945,2022.4038,10185368,Low-income countries
Mali,MLI,1996,20.807108,2105.2754,10407274,Low-income countries
Mali,MLI,1997,20.379616,2142.7876,10646499,Low-income countries
Mali,MLI,1998,19.896193,2228.2004,10919577,Low-income countries
Mali,MLI,1999,19.352627,2269.0874,11227420,Low-income countries
Mali,MLI,2000,18.757917,2187.719,11559291,Low-income countries
Mali,MLI,2001,18.14676,2458.4617,11912162,Low-income countries
Mali,MLI,2002,17.51779,2455.6194,12288051,Low-income countries
Mali,MLI,2003,16.899624,2611.837,12684951,Low-income countries
Mali,MLI,2004,16.30759,2565.9775,13102415,Low-income countries
Mali,MLI,2005,15.743325,2546.3328,13538648,Low-income countries
Mali,MLI,2006,15.218331,2555.0747,13990143,Low-income countries
Mali,MLI,2007,14.727178,2515.947,14457776,Low-income countries
Mali,MLI,2008,14.261634,2523.1997,14940786,Low-income countries
Mali,MLI,2009,13.816791,2575.5454,15435536,Low-income countries
Mali,MLI,2010,13.392248,2632.2646,15945201,Low-income countries
Mali,MLI,2011,12.987369,2623.3462,16469054,Low-income countries
Mali,MLI,2012,12.605569,2520.5293,16957039,Low-income countries
Mali,MLI,2013,12.244956,2528.53,17459619,Low-income countries
Mali,MLI,2014,11.898162,2609.1672,18020267,Low-income countries
Mali,MLI,2015,11.567633,2686.5605,18593022,Low-income countries
Mali,MLI,2016,11.242545,2759.1106,19191298,Low-income countries
Mali,MLI,2017,10.927206,2816.1943,19813016,Low-income countries
Mali,MLI,2018,10.612484,2862.4072,20442031,Low-income countries
Mali,MLI,2019,10.311488,2916.1716,21068405,Low-income countries
Mali,MLI,2020,9.999777,2796.4104,21713837,Low-income countries
Mali,MLI,2021,9.694745,2796.228,22388637,Low-income countries
Mali,MLI,2022,9.398285,2813.811,23072641,Low-income countries
Mali,MLI,2023,9.130145,2860.4282,23769130,Low-income countries
Mali,MLI,2024,,2916.1853,23769130,Low-income countries
Malta,MLT,1950,10.913289,,294685,High-income countries
Malta,MLT,1951,9.516971,,300461,High-income countries
Malta,MLT,1952,8.327891,,304913,High-income countries
Malta,MLT,1953,7.3122973,,309348,High-income countries
Malta,MLT,1954,6.4673805,,313752,High-income countries
Malta,MLT,1955,5.7808127,,318149,High-income countries
Malta,MLT,1956,5.2298875,,322464,High-income countries
Malta,MLT,1957,4.794678,,326702,High-income countries
Malta,MLT,1958,4.456696,,329414,High-income countries
Malta,MLT,1959,4.195395,,330361,High-income countries
Malta,MLT,1960,3.9999683,,330832,High-income countries
Malta,MLT,1961,3.848441,,330855,High-income countries
Malta,MLT,1962,3.7298708,,330499,High-income countries
Malta,MLT,1963,3.6275895,,329815,High-income countries
Malta,MLT,1964,3.5311465,,328794,High-income countries
Malta,MLT,1965,3.4276612,,327407,High-income countries
Malta,MLT,1966,3.3144543,,325677,High-income countries
Malta,MLT,1967,3.1907692,,323820,High-income countries
Malta,MLT,1968,3.0599504,,323515,High-income countries
Malta,MLT,1969,2.9266913,,324762,High-income countries
Malta,MLT,1970,2.7919173,,326017,High-income countries
Malta,MLT,1971,2.6568635,,327300,High-income countries
Malta,MLT,1972,2.5218832,,328617,High-income countries
Malta,MLT,1973,2.3893652,,330059,High-income countries
Malta,MLT,1974,2.2626336,,331686,High-income countries
Malta,MLT,1975,2.1402678,,333458,High-income countries
Malta,MLT,1976,2.0270553,,335291,High-income countries
Malta,MLT,1977,1.9253681,,337169,High-income countries
Malta,MLT,1978,1.8351235,,339069,High-income countries
Malta,MLT,1979,1.7563021,,340974,High-income countries
Malta,MLT,1980,1.687731,,342882,High-income countries
Malta,MLT,1981,1.6247578,,344754,High-income countries
Malta,MLT,1982,1.5652957,,346653,High-income countries
Malta,MLT,1983,1.5071207,,348598,High-income countries
Malta,MLT,1984,1.4487385,,350555,High-income countries
Malta,MLT,1985,1.3900949,,352567,High-income countries
Malta,MLT,1986,1.3321111,,355082,High-income countries
Malta,MLT,1987,1.2774687,,358089,High-income countries
Malta,MLT,1988,1.2258643,,361226,High-income countries
Malta,MLT,1989,1.1789069,,364530,High-income countries
Malta,MLT,1990,1.1349368,18207.428,367913,High-income countries
Malta,MLT,1991,1.0954652,18832.13,371335,High-income countries
Malta,MLT,1992,1.0566955,19513.186,374805,High-income countries
Malta,MLT,1993,1.0177202,20184.914,378222,High-income countries
Malta,MLT,1994,0.97865224,21127.064,381467,High-income countries
Malta,MLT,1995,0.9396195,22310.963,384559,High-income countries
Malta,MLT,1996,0.9003052,23002.21,387627,High-income countries
Malta,MLT,1997,0.8611588,24028.895,390687,High-income countries
Malta,MLT,1998,0.82432044,25096.875,393782,High-income countries
Malta,MLT,1999,0.7913071,26126.09,396897,High-income countries
Malta,MLT,2000,0.76334226,31066.924,399905,High-income countries
Malta,MLT,2001,0.7396794,30600.973,402788,High-income countries
Malta,MLT,2002,0.7207178,31206.271,405571,High-income countries
Malta,MLT,2003,0.70677227,32146.68,408236,High-income countries
Malta,MLT,2004,0.69769293,32061.572,410800,High-income countries
Malta,MLT,2005,0.6917161,32775.75,413324,High-income countries
Malta,MLT,2006,0.68885833,33419.473,415463,High-income countries
Malta,MLT,2007,0.68800855,34980.402,417201,High-income countries
Malta,MLT,2008,0.6877969,36286.375,418969,High-income countries
Malta,MLT,2009,0.6873641,35511.355,420800,High-income countries
Malta,MLT,2010,0.6860054,37527.34,422654,High-income countries
Malta,MLT,2011,0.68309027,37739.445,424635,High-income countries
Malta,MLT,2012,0.6789129,38935.7,426616,High-income countries
Malta,MLT,2013,0.67379767,40919.793,428457,High-income countries
Malta,MLT,2014,0.66755307,43161.543,434494,High-income countries
Malta,MLT,2015,0.65983945,46170.17,444978,High-income countries
Malta,MLT,2016,0.65006477,46965.6,455276,High-income countries
Malta,MLT,2017,0.638479,51626.348,467902,High-income countries
Malta,MLT,2018,0.626149,53417.016,484560,High-income countries
Malta,MLT,2019,0.6118086,53391.438,504017,High-income countries
Malta,MLT,2020,0.5967491,50387.82,518212,High-income countries
Malta,MLT,2021,0.58152884,56852.32,524383,High-income countries
Malta,MLT,2022,0.5653155,56841.957,528194,High-income countries
Malta,MLT,2023,0.54956377,60418.395,532964,High-income countries
Malta,MLT,2024,,62700.496,532964,High-income countries
Marshall Islands,MHL,1959,12.747574,,14217,Upper-middle-income countries
Marshall Islands,MHL,1960,12.155425,,14728,Upper-middle-income countries
Marshall Islands,MHL,1961,11.579107,,15240,Upper-middle-income countries
Marshall Islands,MHL,1962,11.032514,,15782,Upper-middle-income countries
Marshall Islands,MHL,1963,10.528584,,16325,Upper-middle-income countries
Marshall Islands,MHL,1964,10.06135,,16881,Upper-middle-income countries
Marshall Islands,MHL,1965,9.641356,,17430,Upper-middle-income countries
Marshall Islands,MHL,1966,9.251366,,17947,Upper-middle-income countries
Marshall Islands,MHL,1967,8.876297,,18678,Upper-middle-income countries
Marshall Islands,MHL,1968,8.526831,,19889,Upper-middle-income countries
Marshall Islands,MHL,1969,8.186565,,21328,Upper-middle-income countries
Marshall Islands,MHL,1970,7.8701563,,22552,Upper-middle-income countries
Marshall Islands,MHL,1971,7.577499,,23392,Upper-middle-income countries
Marshall Islands,MHL,1972,7.332039,,24015,Upper-middle-income countries
Marshall Islands,MHL,1973,7.1297398,,24607,Upper-middle-income countries
Marshall Islands,MHL,1974,6.9719152,,25318,Upper-middle-income countries
Marshall Islands,MHL,1975,6.86082,,26177,Upper-middle-income countries
Marshall Islands,MHL,1976,6.7730985,,27040,Upper-middle-income countries
Marshall Islands,MHL,1977,6.6928496,,27928,Upper-middle-income countries
Marshall Islands,MHL,1978,6.6102204,,28831,Upper-middle-income countries
Marshall Islands,MHL,1979,6.519634,,29757,Upper-middle-income countries
Marshall Islands,MHL,1980,6.4159074,,30793,Upper-middle-income countries
Marshall Islands,MHL,1981,6.2926106,,32040,Upper-middle-income countries
Marshall Islands,MHL,1982,6.1542196,,33418,Upper-middle-income countries
Marshall Islands,MHL,1983,5.997187,,34832,Upper-middle-income countries
Marshall Islands,MHL,1984,5.8317375,,36282,Upper-middle-income countries
Marshall Islands,MHL,1985,5.6607103,,37779,Upper-middle-income countries
Marshall Islands,MHL,1986,5.4910164,,39307,Upper-middle-income countries
Marshall Islands,MHL,1987,5.312932,,40846,Upper-middle-income countries
Marshall Islands,MHL,1988,5.1333036,,42338,Upper-middle-income countries
Marshall Islands,MHL,1989,4.9459205,,43611,Upper-middle-income countries
Marshall Islands,MHL,1990,4.7587123,3905.586,44648,Upper-middle-income countries
Marshall Islands,MHL,1991,4.5857587,3828.4636,45587,Upper-middle-income countries
Marshall Islands,MHL,1992,4.4269567,4029.3413,46406,Upper-middle-income countries
Marshall Islands,MHL,1993,4.2941394,4207.4097,47112,Upper-middle-income countries
Marshall Islands,MHL,1994,4.203465,4396.9146,47731,Upper-middle-income countries
Marshall Islands,MHL,1995,4.1538043,4703.433,48283,Upper-middle-income countries
Marshall Islands,MHL,1996,4.139201,4174.814,48795,Upper-middle-income countries
Marshall Islands,MHL,1997,4.1523128,3867.3428,49277,Upper-middle-income countries
Marshall Islands,MHL,1998,4.1909533,3805.887,49732,Upper-middle-income countries
Marshall Islands,MHL,1999,4.226498,3718.811,50221,Upper-middle-income countries
Marshall Islands,MHL,2000,4.2466373,3772.2158,50721,Upper-middle-income countries
Marshall Islands,MHL,2001,4.2503924,4000.7305,51137,Upper-middle-income countries
Marshall Islands,MHL,2002,4.238054,4121.84,51441,Upper-middle-income countries
Marshall Islands,MHL,2003,4.2130427,4040.655,51657,Upper-middle-income countries
Marshall Islands,MHL,2004,4.179865,4012.3445,51803,Upper-middle-income countries
Marshall Islands,MHL,2005,4.1422048,4075.1587,51928,Upper-middle-income countries
Marshall Islands,MHL,2006,4.100929,4075.5764,52011,Upper-middle-income countries
Marshall Islands,MHL,2007,4.0601273,4222.413,52050,Upper-middle-income countries
Marshall Islands,MHL,2008,4.0185976,3903.3057,52049,Upper-middle-income countries
Marshall Islands,MHL,2009,3.9743817,4047.2268,52036,Upper-middle-income countries
Marshall Islands,MHL,2010,3.9366224,4269.3584,52064,Upper-middle-income countries
Marshall Islands,MHL,2011,3.8867917,4259.116,51927,Upper-middle-income countries
Marshall Islands,MHL,2012,3.8214016,4244.0444,51438,Upper-middle-income countries
Marshall Islands,MHL,2013,3.7484665,4469.8535,50696,Upper-middle-income countries
Marshall Islands,MHL,2014,3.66176,4491.9917,49815,Upper-middle-income countries
Marshall Islands,MHL,2015,3.5673873,4670.1094,48823,Upper-middle-income countries
Marshall Islands,MHL,2016,3.4778326,4896.522,47730,Upper-middle-income countries
Marshall Islands,MHL,2017,3.3811183,5199.344,46544,Upper-middle-income countries
Marshall Islands,MHL,2018,3.2864037,5635.3076,45307,Upper-middle-income countries
Marshall Islands,MHL,2019,3.192528,6405.0757,44030,Upper-middle-income countries
Marshall Islands,MHL,2020,3.10286,6417.1846,42728,Upper-middle-income countries
Marshall Islands,MHL,2021,3.0033739,6767.958,41387,Upper-middle-income countries
Marshall Islands,MHL,2022,2.9131749,6936.865,40094,Upper-middle-income countries
Marshall Islands,MHL,2023,2.817664,6801.6147,38849,Upper-middle-income countries
Marshall Islands,MHL,2024,,7209.2666,38849,Upper-middle-income countries
Mauritania,MRT,1940,33.982635,,549640,Lower-middle-income countries
Mauritania,MRT,1941,33.692467,,558674,Lower-middle-income countries
Mauritania,MRT,1942,33.50462,,568298,Lower-middle-income countries
Mauritania,MRT,1943,33.246685,,578527,Lower-middle-income countries
Mauritania,MRT,1944,32.99448,,588941,Lower-middle-income countries
Mauritania,MRT,1945,32.694183,,599542,Lower-middle-income countries
Mauritania,MRT,1946,32.355293,,610334,Lower-middle-income countries
Mauritania,MRT,1947,32.066612,,621320,Lower-middle-income countries
Mauritania,MRT,1948,31.704472,,632503,Lower-middle-income countries
Mauritania,MRT,1949,31.315983,,644899,Lower-middle-income countries
Mauritania,MRT,1950,30.918787,,657722,Lower-middle-income countries
Mauritania,MRT,1951,30.485771,,670891,Lower-middle-income countries
Mauritania,MRT,1952,30.039541,,684812,Lower-middle-income countries
Mauritania,MRT,1953,29.552574,,699392,Lower-middle-income countries
Mauritania,MRT,1954,29.043898,,714679,Lower-middle-income countries
Mauritania,MRT,1955,28.475098,,730730,Lower-middle-income countries
Mauritania,MRT,1956,27.899336,,747615,Lower-middle-income countries
Mauritania,MRT,1957,27.277323,,765353,Lower-middle-income countries
Mauritania,MRT,1958,26.665318,,783999,Lower-middle-income countries
Mauritania,MRT,1959,26.020142,,803611,Lower-middle-income countries
Mauritania,MRT,1960,25.33798,,824307,Lower-middle-income countries
Mauritania,MRT,1961,24.65357,,846174,Lower-middle-income countries
Mauritania,MRT,1962,23.99711,,869192,Lower-middle-income countries
Mauritania,MRT,1963,23.355759,,893425,Lower-middle-income countries
Mauritania,MRT,1964,22.68174,,918957,Lower-middle-income countries
Mauritania,MRT,1965,22.014517,,945847,Lower-middle-income countries
Mauritania,MRT,1966,21.320837,,974159,Lower-middle-income countries
Mauritania,MRT,1967,20.601664,,1003858,Lower-middle-income countries
Mauritania,MRT,1968,19.910091,,1034748,Lower-middle-income countries
Mauritania,MRT,1969,19.390886,,1066763,Lower-middle-income countries
Mauritania,MRT,1970,19.041489,,1099815,Lower-middle-income countries
Mauritania,MRT,1971,18.896854,,1133708,Lower-middle-income countries
Mauritania,MRT,1972,18.902979,,1168359,Lower-middle-income countries
Mauritania,MRT,1973,18.973392,,1203840,Lower-middle-income countries
Mauritania,MRT,1974,18.97651,,1240193,Lower-middle-income countries
Mauritania,MRT,1975,18.859879,,1277335,Lower-middle-income countries
Mauritania,MRT,1976,18.57558,,1315341,Lower-middle-income countries
Mauritania,MRT,1977,18.14676,,1353771,Lower-middle-income countries
Mauritania,MRT,1978,17.623917,,1392716,Lower-middle-income countries
Mauritania,MRT,1979,17.09024,,1432762,Lower-middle-income countries
Mauritania,MRT,1980,16.576086,,1474046,Lower-middle-income countries
Mauritania,MRT,1981,16.088465,,1516883,Lower-middle-income countries
Mauritania,MRT,1982,15.600616,,1561183,Lower-middle-income countries
Mauritania,MRT,1983,15.080374,,1606748,Lower-middle-income countries
Mauritania,MRT,1984,14.479289,,1653696,Lower-middle-income countries
Mauritania,MRT,1985,13.821418,,1702110,Lower-middle-income countries
Mauritania,MRT,1986,13.16271,,1751843,Lower-middle-income countries
Mauritania,MRT,1987,12.5887165,,1803016,Lower-middle-income countries
Mauritania,MRT,1988,12.1069355,,1855862,Lower-middle-income countries
Mauritania,MRT,1989,11.7610855,,1903059,Lower-middle-income countries
Mauritania,MRT,1990,11.540077,5519.6104,1951881,Lower-middle-income countries
Mauritania,MRT,1991,11.405129,5456.5557,2009739,Lower-middle-income countries
Mauritania,MRT,1992,11.310046,5350.118,2088143,Lower-middle-income countries
Mauritania,MRT,1993,11.228806,5439.8223,2174333,Lower-middle-income countries
Mauritania,MRT,1994,11.157253,5097.2085,2249462,Lower-middle-income countries
Mauritania,MRT,1995,11.078833,5446.2695,2312027,Lower-middle-income countries
Mauritania,MRT,1996,10.965386,5650.3413,2358193,Lower-middle-income countries
Mauritania,MRT,1997,10.78935,5302.3667,2411316,Lower-middle-income countries
Mauritania,MRT,1998,10.554142,5310.158,2474650,Lower-middle-income countries
Mauritania,MRT,1999,10.226768,5359.989,2541700,Lower-middle-income countries
Mauritania,MRT,2000,9.821867,5008.608,2613450,Lower-middle-income countries
Mauritania,MRT,2001,9.347151,4847.4106,2678766,Lower-middle-income countries
Mauritania,MRT,2002,8.81241,4806.8984,2738659,Lower-middle-income countries
Mauritania,MRT,2003,8.247239,5023.6523,2802050,Lower-middle-income countries
Mauritania,MRT,2004,7.699027,5139.2256,2868671,Lower-middle-income countries
Mauritania,MRT,2005,7.1836395,5445.8296,2939060,Lower-middle-income countries
Mauritania,MRT,2006,6.729865,6284.702,3013659,Lower-middle-income countries
Mauritania,MRT,2007,6.3463855,6002.7783,3093065,Lower-middle-income countries
Mauritania,MRT,2008,6.04033,5813.356,3183276,Lower-middle-income countries
Mauritania,MRT,2009,5.7946277,5639.7876,3284454,Lower-middle-income countries
Mauritania,MRT,2010,5.608813,5605.7637,3390968,Lower-middle-income countries
Mauritania,MRT,2011,5.449157,5653.2173,3502813,Lower-middle-income countries
Mauritania,MRT,2012,5.3060393,5716.252,3619035,Lower-middle-income countries
Mauritania,MRT,2013,5.172453,5769.7285,3734324,Lower-middle-income countries
Mauritania,MRT,2014,5.036522,5837.852,3848511,Lower-middle-income countries
Mauritania,MRT,2015,4.894641,5969.5425,3965959,Lower-middle-income countries
Mauritania,MRT,2016,4.744474,5866.2812,4086655,Lower-middle-income countries
Mauritania,MRT,2017,4.5935125,6050.6216,4210603,Lower-middle-income countries
Mauritania,MRT,2018,4.4464,6153.6377,4337685,Lower-middle-income countries
Mauritania,MRT,2019,4.304797,6162.2104,4467714,Lower-middle-income countries
Mauritania,MRT,2020,4.166925,5963.2354,4600136,Lower-middle-income countries
Mauritania,MRT,2021,4.03209,5836.566,4734874,Lower-middle-income countries
Mauritania,MRT,2022,3.912151,6053.2617,4875644,Lower-middle-income countries
Mauritania,MRT,2023,3.7804275,6276.475,5022442,Lower-middle-income countries
Mauritania,MRT,2024,,6482.69,5022442,Lower-middle-income countries
Mauritius,MUS,1956,13.338482,,614565,Upper-middle-income countries
Mauritius,MUS,1957,12.080319,,630414,Upper-middle-income countries
Mauritius,MUS,1958,11.197746,,647158,Upper-middle-income countries
Mauritius,MUS,1959,10.609109,,664841,Upper-middle-income countries
Mauritius,MUS,1960,10.200753,,680332,Upper-middle-income countries
Mauritius,MUS,1961,9.823073,,692533,Upper-middle-income countries
Mauritius,MUS,1962,9.313226,,705283,Upper-middle-income countries
Mauritius,MUS,1963,8.716561,,720357,Upper-middle-income countries
Mauritius,MUS,1964,8.395151,,736546,Upper-middle-income countries
Mauritius,MUS,1965,8.656967,,752668,Upper-middle-income countries
Mauritius,MUS,1966,9.245687,,768652,Upper-middle-income countries
Mauritius,MUS,1967,9.554616,,784260,Upper-middle-income countries
Mauritius,MUS,1968,9.251849,,799288,Upper-middle-income countries
Mauritius,MUS,1969,8.722219,,813740,Upper-middle-income countries
Mauritius,MUS,1970,8.350341,,827700,Upper-middle-income countries
Mauritius,MUS,1971,8.14756,,841116,Upper-middle-income countries
Mauritius,MUS,1972,7.978613,,853610,Upper-middle-income countries
Mauritius,MUS,1973,7.712678,,865153,Upper-middle-income countries
Mauritius,MUS,1974,7.2426577,,876473,Upper-middle-income countries
Mauritius,MUS,1975,6.525096,,888031,Upper-middle-income countries
Mauritius,MUS,1976,5.737057,,899858,Upper-middle-income countries
Mauritius,MUS,1977,5.0793257,,912153,Upper-middle-income countries
Mauritius,MUS,1978,4.6168036,,925287,Upper-middle-income countries
Mauritius,MUS,1979,4.282183,,939395,Upper-middle-income countries
Mauritius,MUS,1980,4.0209875,,954221,Upper-middle-income countries
Mauritius,MUS,1981,3.7699742,,969222,Upper-middle-income countries
Mauritius,MUS,1982,3.4740808,,983609,Upper-middle-income countries
Mauritius,MUS,1983,3.1507235,,997375,Upper-middle-income countries
Mauritius,MUS,1984,2.917107,,1011247,Upper-middle-income countries
Mauritius,MUS,1985,2.8506727,,1025066,Upper-middle-income countries
Mauritius,MUS,1986,2.878648,,1038348,Upper-middle-income countries
Mauritius,MUS,1987,2.851359,,1051115,Upper-middle-income countries
Mauritius,MUS,1988,2.6981797,,1063596,Upper-middle-income countries
Mauritius,MUS,1989,2.4953814,,1075985,Upper-middle-income countries
Mauritius,MUS,1990,2.3170605,9058.666,1089033,Upper-middle-income countries
Mauritius,MUS,1991,2.1907485,9358.886,1103050,Upper-middle-income countries
Mauritius,MUS,1992,2.12653,9838.103,1117676,Upper-middle-income countries
Mauritius,MUS,1993,2.122739,10216.242,1132397,Upper-middle-income countries
Mauritius,MUS,1994,2.16157,10490.889,1146559,Upper-middle-income countries
Mauritius,MUS,1995,2.2199607,10847.03,1159824,Upper-middle-income countries
Mauritius,MUS,1996,2.2627418,11336.6045,1172390,Upper-middle-income countries
Mauritius,MUS,1997,2.250312,11832.288,1184304,Upper-middle-income countries
Mauritius,MUS,1998,2.1645973,12419.468,1195111,Upper-middle-income countries
Mauritius,MUS,1999,2.0341344,12582.752,1205903,Upper-middle-income countries
Mauritius,MUS,2000,1.8901927,13481.754,1216632,Upper-middle-income countries
Mauritius,MUS,2001,1.7590889,13823.417,1225807,Upper-middle-income countries
Mauritius,MUS,2002,1.6620289,13949.475,1234090,Upper-middle-income countries
Mauritius,MUS,2003,1.6036682,14669.5,1242094,Upper-middle-income countries
Mauritius,MUS,2004,1.5714979,15209.017,1249799,Upper-middle-income countries
Mauritius,MUS,2005,1.5540404,15387.98,1257215,Upper-middle-income countries
Mauritius,MUS,2006,1.5401138,16061.603,1263785,Upper-middle-income countries
Mauritius,MUS,2007,1.5226737,16904.275,1269522,Upper-middle-income countries
Mauritius,MUS,2008,1.4999167,17750.594,1274635,Upper-middle-income countries
Mauritius,MUS,2009,1.482986,18290.406,1278976,Upper-middle-income countries
Mauritius,MUS,2010,1.482764,19045.654,1282710,Upper-middle-income countries
Mauritius,MUS,2011,1.491652,19790.53,1286270,Upper-middle-income countries
Mauritius,MUS,2012,1.4958358,20425.707,1289174,Upper-middle-income countries
Mauritius,MUS,2013,1.4870851,21061.03,1290988,Upper-middle-income countries
Mauritius,MUS,2014,1.4748034,21827.48,1292006,Upper-middle-income countries
Mauritius,MUS,2015,1.4675142,22603.088,1292283,Upper-middle-income countries
Mauritius,MUS,2016,1.4723492,23460.002,1291807,Upper-middle-income countries
Mauritius,MUS,2017,1.496306,24361.875,1290654,Upper-middle-income countries
Mauritius,MUS,2018,1.5343609,25324.178,1288836,Upper-middle-income countries
Mauritius,MUS,2019,1.5705123,26047.975,1286269,Upper-middle-income countries
Mauritius,MUS,2020,1.5847442,22258.387,1283231,Upper-middle-income countries
Mauritius,MUS,2021,1.574677,23010.201,1279628,Upper-middle-income countries
Mauritius,MUS,2022,1.5494499,25085.988,1276134,Upper-middle-income countries
Mauritius,MUS,2023,1.5172535,26635.012,1273591,Upper-middle-income countries
Mauritius,MUS,2024,,28011.158,1273591,Upper-middle-income countries
Mexico,MEX,1951,23.780594,,28320487,Upper-middle-income countries
Mexico,MEX,1952,22.634098,,29090173,Upper-middle-income countries
Mexico,MEX,1953,21.539972,,29899242,Upper-middle-income countries
Mexico,MEX,1954,20.492668,,30753012,Upper-middle-income countries
Mexico,MEX,1955,19.501022,,31650600,Upper-middle-income countries
Mexico,MEX,1956,18.562279,,32587939,Upper-middle-income countries
Mexico,MEX,1957,17.705091,,33562718,Upper-middle-income countries
Mexico,MEX,1958,16.903574,,34575074,Upper-middle-income countries
Mexico,MEX,1959,16.158829,,35627261,Upper-middle-income countries
Mexico,MEX,1960,15.466779,,36724614,Upper-middle-income countries
Mexico,MEX,1961,14.834136,,37890125,Upper-middle-income countries
Mexico,MEX,1962,14.2470045,,39129204,Upper-middle-income countries
Mexico,MEX,1963,13.703369,,40424068,Upper-middle-income countries
Mexico,MEX,1964,13.202869,,41772051,Upper-middle-income countries
Mexico,MEX,1965,12.734612,,43174476,Upper-middle-income countries
Mexico,MEX,1966,12.290561,,44629105,Upper-middle-income countries
Mexico,MEX,1967,11.874095,,46129602,Upper-middle-income countries
Mexico,MEX,1968,11.46662,,47668308,Upper-middle-income countries
Mexico,MEX,1969,11.069193,,49233192,Upper-middle-income countries
Mexico,MEX,1970,10.678711,,50814958,Upper-middle-income countries
Mexico,MEX,1971,10.29879,,52412564,Upper-middle-income countries
Mexico,MEX,1972,9.929057,,54030172,Upper-middle-income countries
Mexico,MEX,1973,9.56317,,55667287,Upper-middle-income countries
Mexico,MEX,1974,9.206108,,57320150,Upper-middle-income countries
Mexico,MEX,1975,8.861578,,58982403,Upper-middle-income countries
Mexico,MEX,1976,8.521188,,60645513,Upper-middle-income countries
Mexico,MEX,1977,8.184165,,62308499,Upper-middle-income countries
Mexico,MEX,1978,7.846916,,63979053,Upper-middle-income countries
Mexico,MEX,1979,7.511346,,65648868,Upper-middle-income countries
Mexico,MEX,1980,7.1823163,,67300338,Upper-middle-income countries
Mexico,MEX,1981,6.864985,,68892107,Upper-middle-income countries
Mexico,MEX,1982,6.554602,,70433258,Upper-middle-income countries
Mexico,MEX,1983,6.259071,,71971238,Upper-middle-income countries
Mexico,MEX,1984,5.9793086,,73506848,Upper-middle-income countries
Mexico,MEX,1985,5.714732,,75043415,Upper-middle-income countries
Mexico,MEX,1986,5.458078,,76585638,Upper-middle-income countries
Mexico,MEX,1987,5.213729,,78136652,Upper-middle-income countries
Mexico,MEX,1988,4.9784927,,79695526,Upper-middle-income countries
Mexico,MEX,1989,4.751362,,81247174,Upper-middle-income countries
Mexico,MEX,1990,4.5306373,17169.592,82820170,Upper-middle-income countries
Mexico,MEX,1991,4.319633,17511.73,84430565,Upper-middle-income countries
Mexico,MEX,1992,4.1167374,17796.406,86044806,Upper-middle-income countries
Mexico,MEX,1993,3.9238715,17970.588,87653817,Upper-middle-income countries
Mexico,MEX,1994,3.7403097,18422.82,89259202,Upper-middle-income countries
Mexico,MEX,1995,3.5653126,17028.121,90862449,Upper-middle-income countries
Mexico,MEX,1996,3.3999426,17775.873,92452700,Upper-middle-income countries
Mexico,MEX,1997,3.2396536,18737.643,94021204,Upper-middle-income countries
Mexico,MEX,1998,3.0882206,19573.066,95575242,Upper-middle-income countries
Mexico,MEX,1999,2.9434972,19793.285,97115710,Upper-middle-income countries
Mexico,MEX,2000,2.8091989,20470.494,98625553,Upper-middle-income countries
Mexico,MEX,2001,2.6838799,20078.219,100099101,Upper-middle-income countries
Mexico,MEX,2002,2.567085,19744.793,101548627,Upper-middle-income countries
Mexico,MEX,2003,2.460198,19701.463,102978517,Upper-middle-income countries
Mexico,MEX,2004,2.3626251,20127.225,104394131,Upper-middle-income countries
Mexico,MEX,2005,2.2717092,20277.256,105811504,Upper-middle-income countries
Mexico,MEX,2006,2.1894915,20965.826,107253666,Upper-middle-income countries
Mexico,MEX,2007,2.1144745,21102.27,108774356,Upper-middle-income countries
Mexico,MEX,2008,2.043182,20992.56,110374286,Upper-middle-income countries
Mexico,MEX,2009,1.9767975,19385.543,111999720,Upper-middle-income countries
Mexico,MEX,2010,1.9120082,20058.385,113623898,Upper-middle-income countries
Mexico,MEX,2011,1.8506655,20457.6,115243503,Upper-middle-income countries
Mexico,MEX,2012,1.7909636,20898.936,116818208,Upper-middle-income countries
Mexico,MEX,2013,1.7337346,20805.348,118343572,Upper-middle-income countries
Mexico,MEX,2014,1.6778768,21069.766,119784265,Upper-middle-income countries
Mexico,MEX,2015,1.6247327,21408.928,121072310,Upper-middle-income countries
Mexico,MEX,2016,1.5723331,21578.264,122251344,Upper-middle-income countries
Mexico,MEX,2017,1.5215377,21777.523,123400052,Upper-middle-income countries
Mexico,MEX,2018,1.4720647,21997.773,124573713,Upper-middle-income countries
Mexico,MEX,2019,1.422841,21704.186,125762978,Upper-middle-income countries
Mexico,MEX,2020,1.3760648,19728.482,126799053,Upper-middle-income countries
Mexico,MEX,2021,1.3323996,20782.588,127648151,Upper-middle-income countries
Mexico,MEX,2022,1.2873857,21391.857,128613116,Upper-middle-income countries
Mexico,MEX,2023,1.2459075,21917.248,129739761,Upper-middle-income countries
Mexico,MEX,2024,,22039.629,129739761,Upper-middle-income countries
Micronesia (country),FSM,1958,13.677081,,40425,Lower-middle-income countries
Micronesia (country),FSM,1959,13.100914,,41683,Lower-middle-income countries
Micronesia (country),FSM,1960,12.552912,,43081,Lower-middle-income countries
Micronesia (country),FSM,1961,12.021719,,44628,Lower-middle-income countries
Micronesia (country),FSM,1962,11.548033,,46239,Lower-middle-income countries
Micronesia (country),FSM,1963,11.077961,,47762,Lower-middle-income countries
Micronesia (country),FSM,1964,10.62175,,49198,Lower-middle-income countries
Micronesia (country),FSM,1965,10.19066,,50701,Lower-middle-income countries
Micronesia (country),FSM,1966,9.772457,,52276,Lower-middle-income countries
Micronesia (country),FSM,1967,9.364411,,53865,Lower-middle-income countries
Micronesia (country),FSM,1968,8.9853325,,55480,Lower-middle-income countries
Micronesia (country),FSM,1969,8.620048,,57162,Lower-middle-income countries
Micronesia (country),FSM,1970,8.272542,,58943,Lower-middle-income countries
Micronesia (country),FSM,1971,7.9591327,,60655,Lower-middle-income countries
Micronesia (country),FSM,1972,7.6673527,,62293,Lower-middle-income countries
Micronesia (country),FSM,1973,7.400936,,64000,Lower-middle-income countries
Micronesia (country),FSM,1974,7.1427083,,65763,Lower-middle-income countries
Micronesia (country),FSM,1975,6.922147,,67445,Lower-middle-income countries
Micronesia (country),FSM,1976,6.717153,,69067,Lower-middle-income countries
Micronesia (country),FSM,1977,6.5265636,,70774,Lower-middle-income countries
Micronesia (country),FSM,1978,6.36109,,72772,Lower-middle-income countries
Micronesia (country),FSM,1979,6.2127824,,75070,Lower-middle-income countries
Micronesia (country),FSM,1980,6.092123,,77421,Lower-middle-income countries
Micronesia (country),FSM,1981,5.999836,,79810,Lower-middle-income countries
Micronesia (country),FSM,1982,5.913107,,82236,Lower-middle-income countries
Micronesia (country),FSM,1983,5.8400006,,84698,Lower-middle-income countries
Micronesia (country),FSM,1984,5.759536,,87196,Lower-middle-income countries
Micronesia (country),FSM,1985,5.656721,,89721,Lower-middle-income countries
Micronesia (country),FSM,1986,5.5237265,,92275,Lower-middle-income countries
Micronesia (country),FSM,1987,5.3754673,,94860,Lower-middle-income countries
Micronesia (country),FSM,1988,5.221728,,97110,Lower-middle-income countries
Micronesia (country),FSM,1989,5.0676394,,99018,Lower-middle-income countries
Micronesia (country),FSM,1990,4.930951,3112.4648,100904,Lower-middle-income countries
Micronesia (country),FSM,1991,4.8090034,3282.9182,102764,Lower-middle-income countries
Micronesia (country),FSM,1992,4.706681,3347.6455,104823,Lower-middle-income countries
Micronesia (country),FSM,1993,4.615298,3543.7498,107082,Lower-middle-income countries
Micronesia (country),FSM,1994,4.523715,3459.8857,109090,Lower-middle-income countries
Micronesia (country),FSM,1995,4.4323606,3663.7825,110244,Lower-middle-income countries
Micronesia (country),FSM,1996,4.3285685,3526.0925,110723,Lower-middle-income countries
Micronesia (country),FSM,1997,4.2122064,3296.3357,111088,Lower-middle-income countries
Micronesia (country),FSM,1998,4.0941744,3380.5332,111394,Lower-middle-income countries
Micronesia (country),FSM,1999,3.9744139,3409.417,111693,Lower-middle-income countries
Micronesia (country),FSM,2000,3.8618577,3555.4995,112067,Lower-middle-income countries
Micronesia (country),FSM,2001,3.7695897,3609.8726,112378,Lower-middle-income countries
Micronesia (country),FSM,2002,4.1574087,3623.1963,112464,Lower-middle-income countries
Micronesia (country),FSM,2003,3.6453657,3692.4172,112298,Lower-middle-income countries
Micronesia (country),FSM,2004,3.6112018,3586.1125,111939,Lower-middle-income countries
Micronesia (country),FSM,2005,3.5890539,3685.9944,111420,Lower-middle-income countries
Micronesia (country),FSM,2006,3.5922284,3701.3508,110739,Lower-middle-income countries
Micronesia (country),FSM,2007,3.5751674,3665.6575,109896,Lower-middle-income countries
Micronesia (country),FSM,2008,3.5397046,3601.9004,108947,Lower-middle-income countries
Micronesia (country),FSM,2009,3.4866037,3674.4883,107968,Lower-middle-income countries
Micronesia (country),FSM,2010,3.419559,3764.953,107559,Lower-middle-income countries
Micronesia (country),FSM,2011,3.3458035,3901.6758,107712,Lower-middle-income countries
Micronesia (country),FSM,2012,3.2542803,3828.747,107908,Lower-middle-income countries
Micronesia (country),FSM,2013,3.1633186,3680.1064,108133,Lower-middle-income countries
Micronesia (country),FSM,2014,3.0717144,3575.8508,108407,Lower-middle-income countries
Micronesia (country),FSM,2015,2.9754333,3723.399,108727,Lower-middle-income countries
Micronesia (country),FSM,2016,2.8829625,3746.1301,109088,Lower-middle-income countries
Micronesia (country),FSM,2017,2.7949002,3813.4421,109495,Lower-middle-income countries
Micronesia (country),FSM,2018,2.7129776,3798.592,109925,Lower-middle-income countries
Micronesia (country),FSM,2019,2.63489,3940.2644,110293,Lower-middle-income countries
Micronesia (country),FSM,2020,2.549067,3852.2002,110930,Lower-middle-income countries
Micronesia (country),FSM,2021,2.4696906,3946.416,111635,Lower-middle-income countries
Micronesia (country),FSM,2022,2.3892186,3814.9907,112122,Lower-middle-income countries
Micronesia (country),FSM,2023,2.308384,3814.7202,112646,Lower-middle-income countries
Micronesia (country),FSM,2024,,3824.1523,112646,Lower-middle-income countries
"Middle East, North Africa, Afghanistan and Pakistan (WB)",WB_MENAP,1990,,9205.145,,
"Middle East, North Africa, Afghanistan and Pakistan (WB)",WB_MENAP,1991,,9095.262,,
"Middle East, North Africa, Afghanistan and Pakistan (WB)",WB_MENAP,1992,,9368.716,,
"Middle East, North Africa, Afghanistan and Pakistan (WB)",WB_MENAP,1993,,9318.904,,
"Middle East, North Africa, Afghanistan and Pakistan (WB)",WB_MENAP,1994,,9316.932,,
"Middle East, North Africa, Afghanistan and Pakistan (WB)",WB_MENAP,1995,,9366.083,,
"Middle East, North Africa, Afghanistan and Pakistan (WB)",WB_MENAP,1996,,9618.568,,
"Middle East, North Africa, Afghanistan and Pakistan (WB)",WB_MENAP,1997,,9752.916,,
"Middle East, North Africa, Afghanistan and Pakistan (WB)",WB_MENAP,1998,,9957.327,,
"Middle East, North Africa, Afghanistan and Pakistan (WB)",WB_MENAP,1999,,10015.553,,
"Middle East, North Africa, Afghanistan and Pakistan (WB)",WB_MENAP,2000,,10377.118,,
"Middle East, North Africa, Afghanistan and Pakistan (WB)",WB_MENAP,2001,,10360.04,,
"Middle East, North Africa, Afghanistan and Pakistan (WB)",WB_MENAP,2002,,10367.434,,
"Middle East, North Africa, Afghanistan and Pakistan (WB)",WB_MENAP,2003,,10569.36,,
"Middle East, North Africa, Afghanistan and Pakistan (WB)",WB_MENAP,2004,,11141.106,,
"Middle East, North Africa, Afghanistan and Pakistan (WB)",WB_MENAP,2005,,11442.411,,
"Middle East, North Africa, Afghanistan and Pakistan (WB)",WB_MENAP,2006,,11811.969,,
"Middle East, North Africa, Afghanistan and Pakistan (WB)",WB_MENAP,2007,,12144.084,,
"Middle East, North Africa, Afghanistan and Pakistan (WB)",WB_MENAP,2008,,12379.392,,
"Middle East, North Africa, Afghanistan and Pakistan (WB)",WB_MENAP,2009,,12295.783,,
"Middle East, North Africa, Afghanistan and Pakistan (WB)",WB_MENAP,2010,,12616.922,,
"Middle East, North Africa, Afghanistan and Pakistan (WB)",WB_MENAP,2011,,12850.983,,
"Middle East, North Africa, Afghanistan and Pakistan (WB)",WB_MENAP,2012,,12973.573,,
"Middle East, North Africa, Afghanistan and Pakistan (WB)",WB_MENAP,2013,,12954.756,,
"Middle East, North Africa, Afghanistan and Pakistan (WB)",WB_MENAP,2014,,13111.288,,
"Middle East, North Africa, Afghanistan and Pakistan (WB)",WB_MENAP,2015,,13259.931,,
"Middle East, North Africa, Afghanistan and Pakistan (WB)",WB_MENAP,2016,,13645.836,,
"Middle East, North Africa, Afghanistan and Pakistan (WB)",WB_MENAP,2017,,13723.836,,
"Middle East, North Africa, Afghanistan and Pakistan (WB)",WB_MENAP,2018,,13842.64,,
"Middle East, North Africa, Afghanistan and Pakistan (WB)",WB_MENAP,2019,,13860.935,,
"Middle East, North Africa, Afghanistan and Pakistan (WB)",WB_MENAP,2020,,13244.126,,
"Middle East, North Africa, Afghanistan and Pakistan (WB)",WB_MENAP,2021,,13650.496,,
"Middle East, North Africa, Afghanistan and Pakistan (WB)",WB_MENAP,2022,,14243.885,,
"Middle East, North Africa, Afghanistan and Pakistan (WB)",WB_MENAP,2023,,14296.296,,
"Middle East, North Africa, Afghanistan and Pakistan (WB)",WB_MENAP,2024,,14355.141,,
Moldova,MDA,1971,6.3885536,,3677928,Upper-middle-income countries
Moldova,MDA,1972,6.204119,,3713997,Upper-middle-income countries
Moldova,MDA,1973,6.0316815,,3752617,Upper-middle-income countries
Moldova,MDA,1974,5.8617873,,3793852,Upper-middle-income countries
Moldova,MDA,1975,5.684367,,3836949,Upper-middle-income countries
Moldova,MDA,1976,5.527269,,3881031,Upper-middle-income countries
Moldova,MDA,1977,5.378413,,3925587,Upper-middle-income countries
Moldova,MDA,1978,5.225814,,3970300,Upper-middle-income countries
Moldova,MDA,1979,5.0846043,,4010389,Upper-middle-income countries
Moldova,MDA,1980,4.9341664,,4048713,Upper-middle-income countries
Moldova,MDA,1981,4.7759547,,4089537,Upper-middle-income countries
Moldova,MDA,1982,4.607913,,4130066,Upper-middle-income countries
Moldova,MDA,1983,4.407432,,4172081,Upper-middle-income countries
Moldova,MDA,1984,4.200728,,4215890,Upper-middle-income countries
Moldova,MDA,1985,3.9954262,,4261133,Upper-middle-income countries
Moldova,MDA,1986,3.7992132,,4309371,Upper-middle-income countries
Moldova,MDA,1987,3.6242394,,4359065,Upper-middle-income countries
Moldova,MDA,1988,3.480871,,4407777,Upper-middle-income countries
Moldova,MDA,1989,3.3817263,,4439386,Upper-middle-income countries
Moldova,MDA,1990,3.3490038,15902.895,4451150,Upper-middle-income countries
Moldova,MDA,1991,3.3885405,13342.06,4456609,Upper-middle-income countries
Moldova,MDA,1992,3.4831815,9461.428,4455714,Upper-middle-income countries
Moldova,MDA,1993,3.619723,9363.593,4448241,Upper-middle-income countries
Moldova,MDA,1994,3.7512343,6490.353,4434457,Upper-middle-income countries
Moldova,MDA,1995,3.8383794,6428.84,4414216,Upper-middle-income countries
Moldova,MDA,1996,3.8500419,6063.1406,4387653,Upper-middle-income countries
Moldova,MDA,1997,3.7797275,6185.8394,4355537,Upper-middle-income countries
Moldova,MDA,1998,3.6228127,5783.486,4318713,Upper-middle-income countries
Moldova,MDA,1999,3.4002976,5597.4653,4278220,Upper-middle-income countries
Moldova,MDA,2000,3.1304653,5727.079,4234969,Upper-middle-income countries
Moldova,MDA,2001,2.8479078,6090.0347,4189769,Upper-middle-income countries
Moldova,MDA,2002,2.5809996,6580.2783,4142937,Upper-middle-income countries
Moldova,MDA,2003,2.3438716,7034.358,4095418,Upper-middle-income countries
Moldova,MDA,2004,2.1552556,7573.6177,4046672,Upper-middle-income countries
Moldova,MDA,2005,2.0102484,8161.4736,3988668,Upper-middle-income countries
Moldova,MDA,2006,1.9075221,8577.028,3921320,Upper-middle-income countries
Moldova,MDA,2007,1.8297324,8854.834,3851397,Upper-middle-income countries
Moldova,MDA,2008,1.7727653,9563.698,3779503,Upper-middle-income countries
Moldova,MDA,2009,1.7295189,9001.234,3706212,Upper-middle-income countries
Moldova,MDA,2010,1.6937512,9649.951,3631990,Upper-middle-income countries
Moldova,MDA,2011,1.664068,10217.309,3557278,Upper-middle-income countries
Moldova,MDA,2012,1.6341217,10158.386,3482629,Upper-middle-income countries
Moldova,MDA,2013,1.6042864,11080.063,3408741,Upper-middle-income countries
Moldova,MDA,2014,1.5806484,11641.121,3342715,Upper-middle-income countries
Moldova,MDA,2015,1.553898,11691.08,3287168,Upper-middle-income countries
Moldova,MDA,2016,1.5343988,12377.366,3237798,Upper-middle-income countries
Moldova,MDA,2017,1.518438,13118.822,3193500,Upper-middle-income countries
Moldova,MDA,2018,1.5064789,13895.504,3153779,Upper-middle-income countries
Moldova,MDA,2019,1.4992521,14621.24,3112561,Upper-middle-income countries
Moldova,MDA,2020,1.4927409,13559.26,3069135,Upper-middle-income countries
Moldova,MDA,2021,1.484394,15682.07,3023780,Upper-middle-income countries
Moldova,MDA,2022,1.4766916,15358.016,3039986,Upper-middle-income countries
Moldova,MDA,2023,1.4674314,15990.4795,3067072,Upper-middle-income countries
Moldova,MDA,2024,,16376.611,3067072,Upper-middle-income countries
Monaco,MCO,1985,0.9721706,,28756,High-income countries
Monaco,MCO,1986,0.9284864,,29119,High-income countries
Monaco,MCO,1987,0.88751715,,29470,High-income countries
Monaco,MCO,1988,0.84876835,,29806,High-income countries
Monaco,MCO,1989,0.81115746,,30108,High-income countries
Monaco,MCO,1990,0.7749408,,30382,High-income countries
Monaco,MCO,1991,0.7414911,,30654,High-income countries
Monaco,MCO,1992,0.70962095,,30909,High-income countries
Monaco,MCO,1993,0.6790776,,31165,High-income countries
Monaco,MCO,1994,0.6508552,,31398,High-income countries
Monaco,MCO,1995,0.6237424,,31636,High-income countries
Monaco,MCO,1996,0.59876245,,31859,High-income countries
Monaco,MCO,1997,0.5754823,,32090,High-income countries
Monaco,MCO,1998,0.553533,,32289,High-income countries
Monaco,MCO,1999,0.53371435,,32435,High-income countries
Monaco,MCO,2000,0.51585305,,32477,High-income countries
Monaco,MCO,2001,0.4992762,,32466,High-income countries
Monaco,MCO,2002,0.4844892,,32441,High-income countries
Monaco,MCO,2003,0.47145778,,32396,High-income countries
Monaco,MCO,2004,0.45934957,,32329,High-income countries
Monaco,MCO,2005,0.448195,,32235,High-income countries
Monaco,MCO,2006,0.437457,,32083,High-income countries
Monaco,MCO,2007,0.4275772,,31859,High-income countries
Monaco,MCO,2008,0.4177393,,31862,High-income countries
Monaco,MCO,2009,0.40834323,,32390,High-income countries
Monaco,MCO,2010,0.39934728,,33188,High-income countries
Monaco,MCO,2011,0.39041585,,33968,High-income countries
Monaco,MCO,2012,0.38126227,,34738,High-income countries
Monaco,MCO,2013,0.37205335,,35476,High-income countries
Monaco,MCO,2014,0.36286795,,36155,High-income countries
Monaco,MCO,2015,0.35291255,,36785,High-income countries
Monaco,MCO,2016,0.3427843,,37301,High-income countries
Monaco,MCO,2017,0.332661,,37700,High-income countries
Monaco,MCO,2018,0.3224004,,38179,High-income countries
Monaco,MCO,2019,0.31251928,,38131,High-income countries
Monaco,MCO,2020,0.30231938,,38074,High-income countries
Monaco,MCO,2021,0.29299185,,38548,High-income countries
Monaco,MCO,2022,0.28359205,,38950,High-income countries
Monaco,MCO,2023,0.27435797,,38979,High-income countries
Mongolia,MNG,1978,17.339779,,1619479,Upper-middle-income countries
Mongolia,MNG,1979,16.69625,,1660661,Upper-middle-income countries
Mongolia,MNG,1980,16.093094,,1701341,Upper-middle-income countries
Mongolia,MNG,1981,15.529081,,1742856,Upper-middle-income countries
Mongolia,MNG,1982,14.975694,,1785364,Upper-middle-income countries
Mongolia,MNG,1983,14.437973,,1829093,Upper-middle-income countries
Mongolia,MNG,1984,13.900775,,1874355,Upper-middle-income countries
Mongolia,MNG,1985,13.354643,,1921519,Upper-middle-income countries
Mongolia,MNG,1986,12.789498,,1970967,Upper-middle-income countries
Mongolia,MNG,1987,12.225798,,2022803,Upper-middle-income countries
Mongolia,MNG,1988,11.669053,,2076326,Upper-middle-income countries
Mongolia,MNG,1989,11.1379,,2124190,Upper-middle-income countries
Mongolia,MNG,1990,10.64903,6637.8193,2164578,Upper-middle-income countries
Mongolia,MNG,1991,10.197672,5874.2554,2202772,Upper-middle-income countries
Mongolia,MNG,1992,9.783446,5324.488,2239130,Upper-middle-income countries
Mongolia,MNG,1993,9.391255,5162.1,2273515,Upper-middle-income countries
Mongolia,MNG,1994,9.000628,5213.846,2305743,Upper-middle-income countries
Mongolia,MNG,1995,8.602773,5457.685,2335717,Upper-middle-income countries
Mongolia,MNG,1996,8.185476,5494.3213,2363469,Upper-middle-income countries
Mongolia,MNG,1997,7.737927,5628.1064,2389133,Upper-middle-income countries
Mongolia,MNG,1998,7.2685757,5735.8438,2412793,Upper-middle-income countries
Mongolia,MNG,1999,6.78061,5829.1665,2434041,Upper-middle-income countries
Mongolia,MNG,2000,6.285981,5818.243,2455182,Upper-middle-income countries
Mongolia,MNG,2001,5.7972164,5917.071,2477704,Upper-middle-income countries
Mongolia,MNG,2002,5.3243957,6117.9824,2500074,Upper-middle-income countries
Mongolia,MNG,2003,4.874141,6463.7896,2521809,Upper-middle-income countries
Mongolia,MNG,2004,4.453507,7070.667,2542801,Upper-middle-income countries
Mongolia,MNG,2005,4.0673323,7499.848,2563466,Upper-middle-income countries
Mongolia,MNG,2006,3.713838,8043.9966,2584761,Upper-middle-income countries
Mongolia,MNG,2007,3.39463,8750.134,2607976,Upper-middle-income countries
Mongolia,MNG,2008,3.106533,9379.8545,2634431,Upper-middle-income countries
Mongolia,MNG,2009,2.8509634,9095.977,2665333,Upper-middle-income countries
Mongolia,MNG,2010,2.6261923,9507.119,2701739,Upper-middle-income countries
Mongolia,MNG,2011,2.4350338,10960.096,2745183,Upper-middle-income countries
Mongolia,MNG,2012,2.2787786,12078.919,2795463,Upper-middle-income countries
Mongolia,MNG,2013,2.1531916,13210.095,2851887,Upper-middle-income countries
Mongolia,MNG,2014,2.0445206,13943.428,2913041,Upper-middle-income countries
Mongolia,MNG,2015,1.9422,13974.597,2976528,Upper-middle-income countries
Mongolia,MNG,2016,1.8413702,13898.1455,3040815,Upper-middle-income countries
Mongolia,MNG,2017,1.7407297,14401.537,3104371,Upper-middle-income countries
Mongolia,MNG,2018,1.6429864,15230.241,3167714,Upper-middle-income countries
Mongolia,MNG,2019,1.5555161,15790.696,3232118,Upper-middle-income countries
Mongolia,MNG,2020,1.4838042,14801.342,3290786,Upper-middle-income countries
Mongolia,MNG,2021,1.4290817,14792.251,3339676,Upper-middle-income countries
Mongolia,MNG,2022,1.3899428,15310.435,3386015,Upper-middle-income countries
Mongolia,MNG,2023,1.3635615,16222.864,3431938,Upper-middle-income countries
Mongolia,MNG,2024,,16842.65,3431938,Upper-middle-income countries
Montenegro,MNE,1984,2.7242193,,600258,Upper-middle-income countries
Montenegro,MNE,1985,2.4762237,,603506,Upper-middle-income countries
Montenegro,MNE,1986,2.2512064,,606803,Upper-middle-income countries
Montenegro,MNE,1987,2.0548441,,610181,Upper-middle-income countries
Montenegro,MNE,1988,1.8874726,,613594,Upper-middle-income countries
Montenegro,MNE,1989,1.7517462,,617048,Upper-middle-income countries
Montenegro,MNE,1990,1.6497045,,620507,Upper-middle-income countries
Montenegro,MNE,1991,1.5813887,,623564,Upper-middle-income countries
Montenegro,MNE,1992,1.5386865,,626030,Upper-middle-income countries
Montenegro,MNE,1993,1.5174865,,628107,Upper-middle-income countries
Montenegro,MNE,1994,1.5101712,,629890,Upper-middle-income countries
Montenegro,MNE,1995,1.50936,,631386,Upper-middle-income countries
Montenegro,MNE,1996,1.5096998,,632625,Upper-middle-income countries
Montenegro,MNE,1997,1.5053157,14638.797,633539,Upper-middle-income countries
Montenegro,MNE,1998,1.4908512,15403.052,634099,Upper-middle-income countries
Montenegro,MNE,1999,1.463903,13993.415,634280,Upper-middle-income countries
Montenegro,MNE,2000,1.421985,14452.276,634198,Upper-middle-income countries
Montenegro,MNE,2001,1.3664616,14552.556,634001,Upper-middle-income countries
Montenegro,MNE,2002,1.2989187,14770.316,633767,Upper-middle-income countries
Montenegro,MNE,2003,1.2231491,15076.714,633563,Upper-middle-income countries
Montenegro,MNE,2004,1.140565,15716.141,633756,Upper-middle-income countries
Montenegro,MNE,2005,1.0557929,16348.968,634059,Upper-middle-income countries
Montenegro,MNE,2006,0.97020453,17727.44,633876,Upper-middle-income countries
Montenegro,MNE,2007,0.8857881,18966.531,633388,Upper-middle-income countries
Montenegro,MNE,2008,0.8041041,20239.006,632855,Upper-middle-income countries
Montenegro,MNE,2009,0.7276947,18985.018,632445,Upper-middle-income countries
Montenegro,MNE,2010,0.6579077,19476.244,632088,Upper-middle-income countries
Montenegro,MNE,2011,0.59495944,20110.57,632689,Upper-middle-income countries
Montenegro,MNE,2012,0.5394238,19576.494,633546,Upper-middle-income countries
Montenegro,MNE,2013,0.49060577,20201.375,633199,Upper-middle-income countries
Montenegro,MNE,2014,0.4484523,20641.85,631377,Upper-middle-income countries
Montenegro,MNE,2015,0.4125952,21131.928,628145,Upper-middle-income countries
Montenegro,MNE,2016,0.38197467,21834.182,624246,Upper-middle-income countries
Montenegro,MNE,2017,0.35619062,22513.875,620112,Upper-middle-income countries
Montenegro,MNE,2018,0.33454922,23562.273,615798,Upper-middle-income countries
Montenegro,MNE,2019,0.31563723,24585.219,611671,Upper-middle-income countries
Montenegro,MNE,2020,0.29893562,20904.688,607934,Upper-middle-income countries
Montenegro,MNE,2021,0.28375703,23690.078,603854,Upper-middle-income countries
Montenegro,MNE,2022,0.27003583,25583.422,614649,Upper-middle-income countries
Montenegro,MNE,2023,0.2584639,27243.518,633553,Upper-middle-income countries
Montenegro,MNE,2024,,28105.709,633553,Upper-middle-income countries
Montserrat,MSR,1958,14.903787,,12230,
Montserrat,MSR,1959,13.575832,,12135,
Montserrat,MSR,1960,12.377959,,12057,
Montserrat,MSR,1961,11.286276,,11984,
Montserrat,MSR,1962,10.3101225,,11911,
Montserrat,MSR,1963,9.4560585,,11825,
Montserrat,MSR,1964,8.705378,,11751,
Montserrat,MSR,1965,8.052842,,11667,
Montserrat,MSR,1966,7.481951,,11600,
Montserrat,MSR,1967,6.9812307,,11526,
Montserrat,MSR,1968,6.533818,,11465,
Montserrat,MSR,1969,6.1325984,,11399,
Montserrat,MSR,1970,5.7737465,,11358,
Montserrat,MSR,1971,5.447221,,11361,
Montserrat,MSR,1972,5.1471252,,11372,
Montserrat,MSR,1973,4.872248,,11389,
Montserrat,MSR,1974,4.6136174,,11409,
Montserrat,MSR,1975,4.3717856,,11434,
Montserrat,MSR,1976,4.1480923,,11441,
Montserrat,MSR,1977,3.9320214,,11460,
Montserrat,MSR,1978,3.7218173,,11459,
Montserrat,MSR,1979,3.5223985,,11437,
Montserrat,MSR,1980,3.3345242,,11364,
Montserrat,MSR,1981,3.1573675,,11275,
Montserrat,MSR,1982,2.9901054,,11200,
Montserrat,MSR,1983,2.8361816,,11148,
Montserrat,MSR,1984,2.6939347,,11078,
Montserrat,MSR,1985,2.5586445,,11018,
Montserrat,MSR,1986,2.4412017,,10967,
Montserrat,MSR,1987,2.3267775,,10920,
Montserrat,MSR,1988,2.2217944,,10872,
Montserrat,MSR,1989,2.1255643,,10798,
Montserrat,MSR,1990,2.037857,,10700,
Montserrat,MSR,1991,1.9529581,,10464,
Montserrat,MSR,1992,1.877415,,10013,
Montserrat,MSR,1993,1.8067683,,9454,
Montserrat,MSR,1994,1.7400303,,8867,
Montserrat,MSR,1995,1.6720531,,8257,
Montserrat,MSR,1996,1.6143385,,7626,
Montserrat,MSR,1997,1.556097,,6979,
Montserrat,MSR,1998,1.4988819,,6321,
Montserrat,MSR,1999,1.4438369,,5685,
Montserrat,MSR,2000,1.3923047,,5053,
Montserrat,MSR,2001,1.3426981,,4616,
Montserrat,MSR,2002,1.2969449,,4500,
Montserrat,MSR,2003,1.2529022,,4515,
Montserrat,MSR,2004,1.2115872,,4541,
Montserrat,MSR,2005,1.1707442,,4574,
Montserrat,MSR,2006,1.131936,,4606,
Montserrat,MSR,2007,1.0966784,,4649,
Montserrat,MSR,2008,1.0598277,,4700,
Montserrat,MSR,2009,1.0258408,,4759,
Montserrat,MSR,2010,0.9930646,,4819,
Montserrat,MSR,2011,0.9611611,,4846,
Montserrat,MSR,2012,0.93023884,,4822,
Montserrat,MSR,2013,0.8984528,,4774,
Montserrat,MSR,2014,0.8691158,,4738,
Montserrat,MSR,2015,0.8388981,,4693,
Montserrat,MSR,2016,0.8109156,,4665,
Montserrat,MSR,2017,0.78656334,,4624,
Montserrat,MSR,2018,0.7604418,,4595,
Montserrat,MSR,2019,0.7328723,,4564,
Montserrat,MSR,2020,0.71243674,,4532,
Montserrat,MSR,2021,0.6896779,,4505,
Montserrat,MSR,2022,0.6674626,,4476,
Montserrat,MSR,2023,0.6466313,,4440,
Morocco,MAR,1956,26.494461,,10434022,Lower-middle-income countries
Morocco,MAR,1957,25.942616,,10720555,Lower-middle-income countries
Morocco,MAR,1958,25.406025,,11013746,Lower-middle-income countries
Morocco,MAR,1959,24.890627,,11317012,Lower-middle-income countries
Morocco,MAR,1960,24.389273,,11624932,Lower-middle-income countries
Morocco,MAR,1961,23.884768,,11931097,Lower-middle-income countries
Morocco,MAR,1962,23.387293,,12253096,Lower-middle-income countries
Morocco,MAR,1963,22.871841,,12577499,Lower-middle-income countries
Morocco,MAR,1964,22.32069,,12898882,Lower-middle-income countries
Morocco,MAR,1965,21.760881,,13239173,Lower-middle-income countries
Morocco,MAR,1966,21.191046,,13597063,Lower-middle-income countries
Morocco,MAR,1967,20.614317,,13968180,Lower-middle-income countries
Morocco,MAR,1968,20.069468,,14347897,Lower-middle-income countries
Morocco,MAR,1969,19.55865,,14734252,Lower-middle-income countries
Morocco,MAR,1970,19.093597,,15129453,Lower-middle-income countries
Morocco,MAR,1971,18.665794,,15527227,Lower-middle-income countries
Morocco,MAR,1972,18.258701,,15924695,Lower-middle-income countries
Morocco,MAR,1973,17.839493,,16326276,Lower-middle-income countries
Morocco,MAR,1974,17.378788,,16733850,Lower-middle-income countries
Morocco,MAR,1975,16.840761,,17150790,Lower-middle-income countries
Morocco,MAR,1976,16.239014,,17574187,Lower-middle-income countries
Morocco,MAR,1977,15.576647,,18014761,Lower-middle-income countries
Morocco,MAR,1978,14.875665,,18477383,Lower-middle-income countries
Morocco,MAR,1979,14.162426,,18955587,Lower-middle-income countries
Morocco,MAR,1980,13.461086,,19459942,Lower-middle-income countries
Morocco,MAR,1981,12.774864,,19985407,Lower-middle-income countries
Morocco,MAR,1982,12.113628,,20520324,Lower-middle-income countries
Morocco,MAR,1983,11.478434,,21060697,Lower-middle-income countries
Morocco,MAR,1984,10.878846,,21593777,Lower-middle-income countries
Morocco,MAR,1985,10.313711,,22113953,Lower-middle-income countries
Morocco,MAR,1986,9.7863455,,22600803,Lower-middle-income countries
Morocco,MAR,1987,9.30128,,23054390,Lower-middle-income countries
Morocco,MAR,1988,8.857322,,23500528,Lower-middle-income countries
Morocco,MAR,1989,8.450844,,23939414,Lower-middle-income countries
Morocco,MAR,1990,8.078195,4418.66,24375558,Lower-middle-income countries
Morocco,MAR,1991,7.7310977,4656.126,24799016,Lower-middle-income countries
Morocco,MAR,1992,7.401281,4483.2495,25212469,Lower-middle-income countries
Morocco,MAR,1993,7.086674,4379.764,25614586,Lower-middle-income countries
Morocco,MAR,1994,6.784173,4771.093,26000824,Lower-middle-income countries
Morocco,MAR,1995,6.4904394,4444.2285,26399431,Lower-middle-income countries
Morocco,MAR,1996,6.209177,4916.48,26808109,Lower-middle-income countries
Morocco,MAR,1997,5.9437985,4766.1104,27213340,Lower-middle-income countries
Morocco,MAR,1998,5.693297,5033.9233,27621638,Lower-middle-income countries
Morocco,MAR,1999,5.453483,5043.665,28027188,Lower-middle-income countries
Morocco,MAR,2000,5.224439,5100.1157,28423439,Lower-middle-income countries
Morocco,MAR,2001,5.0058837,5417.5786,28814646,Lower-middle-income countries
Morocco,MAR,2002,4.7882504,5544.072,29198146,Lower-middle-income countries
Morocco,MAR,2003,4.5734696,5810.053,29571415,Lower-middle-income countries
Morocco,MAR,2004,4.3553076,5996.39,29953021,Lower-middle-income countries
Morocco,MAR,2005,4.1331315,6103.4224,30358145,Lower-middle-income countries
Morocco,MAR,2006,3.9143505,6488.674,30771179,Lower-middle-income countries
Morocco,MAR,2007,3.6968627,6620.5903,31186468,Lower-middle-income countries
Morocco,MAR,2008,3.4911795,6901.9507,31606769,Lower-middle-income countries
Morocco,MAR,2009,3.2949786,7063.727,32030779,Lower-middle-income countries
Morocco,MAR,2010,3.108467,7210.6367,32467009,Lower-middle-income countries
Morocco,MAR,2011,2.933409,7503.793,32912585,Lower-middle-income countries
Morocco,MAR,2012,2.773164,7628.644,33355246,Lower-middle-income countries
Morocco,MAR,2013,2.6182053,7839.032,33787573,Lower-middle-income countries
Morocco,MAR,2014,2.4742281,7951.7983,34204784,Lower-middle-income countries
Morocco,MAR,2015,2.339738,8198.809,34607590,Lower-middle-income countries
Morocco,MAR,2016,2.2171164,8141.9404,35023459,Lower-middle-income countries
Morocco,MAR,2017,2.1123667,8450.009,35446395,Lower-middle-income countries
Morocco,MAR,2018,2.018873,8611.75,35839760,Lower-middle-income countries
Morocco,MAR,2019,1.9359554,8768.176,36210907,Lower-middle-income countries
Morocco,MAR,2020,1.8578532,8054.563,36584208,Lower-middle-income countries
Morocco,MAR,2021,1.7851665,8623.266,36954443,Lower-middle-income countries
Morocco,MAR,2022,1.7177097,8690.448,37329068,Lower-middle-income countries
Morocco,MAR,2023,1.6575052,8915.352,37712516,Lower-middle-income countries
Morocco,MAR,2024,,9162.747,37712516,Lower-middle-income countries
Mozambique,MOZ,1963,26.543726,,7109827,Low-income countries
Mozambique,MOZ,1964,26.65161,,7255064,Low-income countries
Mozambique,MOZ,1965,26.7468,,7406419,Low-income countries
Mozambique,MOZ,1966,26.805374,,7562991,Low-income countries
Mozambique,MOZ,1967,26.845789,,7724556,Low-income countries
Mozambique,MOZ,1968,26.851479,,7892610,Low-income countries
Mozambique,MOZ,1969,26.857841,,8066952,Low-income countries
Mozambique,MOZ,1970,26.806194,,8250504,Low-income countries
Mozambique,MOZ,1971,26.696629,,8456324,Low-income countries
Mozambique,MOZ,1972,26.564423,,8692931,Low-income countries
Mozambique,MOZ,1973,26.416824,,8954248,Low-income countries
Mozambique,MOZ,1974,26.272982,,9236094,Low-income countries
Mozambique,MOZ,1975,26.104778,,9540822,Low-income countries
Mozambique,MOZ,1976,25.972492,,9867205,Low-income countries
Mozambique,MOZ,1977,25.844522,,10224974,Low-income countries
Mozambique,MOZ,1978,25.73816,,10618247,Low-income countries
Mozambique,MOZ,1979,25.665272,,11028809,Low-income countries
Mozambique,MOZ,1980,25.61415,,11336220,Low-income countries
Mozambique,MOZ,1981,25.564817,,11568123,Low-income countries
Mozambique,MOZ,1982,25.476036,,11824371,Low-income countries
Mozambique,MOZ,1983,25.30711,,12073825,Low-income countries
Mozambique,MOZ,1984,25.102385,,12315953,Low-income countries
Mozambique,MOZ,1985,24.831257,,12548951,Low-income countries
Mozambique,MOZ,1986,24.514519,,12770581,Low-income countries
Mozambique,MOZ,1987,24.20688,,12822573,Low-income countries
Mozambique,MOZ,1988,23.909002,,12800556,Low-income countries
Mozambique,MOZ,1989,23.620636,,12906842,Low-income countries
Mozambique,MOZ,1990,23.294645,547.6228,13094535,Low-income countries
Mozambique,MOZ,1991,22.965822,563.5121,13352091,Low-income countries
Mozambique,MOZ,1992,22.576366,510.8228,13613314,Low-income countries
Mozambique,MOZ,1993,22.12487,549.04877,14051203,Low-income countries
Mozambique,MOZ,1994,21.545652,546.2097,15033852,Low-income countries
Mozambique,MOZ,1995,20.86235,525.4187,15960530,Low-income countries
Mozambique,MOZ,1996,20.062601,562.8575,16492484,Low-income countries
Mozambique,MOZ,1997,19.173721,612.3715,16949988,Low-income countries
Mozambique,MOZ,1998,18.213934,660.6502,17340463,Low-income countries
Mozambique,MOZ,1999,17.240568,722.30554,17734499,Low-income countries
Mozambique,MOZ,2000,16.29614,711.9764,18129652,Low-income countries
Mozambique,MOZ,2001,15.419586,785.79016,18537735,Low-income countries
Mozambique,MOZ,2002,14.596339,842.64526,18958338,Low-income countries
Mozambique,MOZ,2003,13.853719,883.23914,19392477,Low-income countries
Mozambique,MOZ,2004,13.156094,934.134,19840312,Low-income countries
Mozambique,MOZ,2005,12.499272,970.38995,20304577,Low-income countries
Mozambique,MOZ,2006,11.8155985,1041.8047,20787088,Low-income countries
Mozambique,MOZ,2007,11.0047,1095.1257,21287638,Low-income countries
Mozambique,MOZ,2008,10.365747,1141.9425,21819037,Low-income countries
Mozambique,MOZ,2009,9.751624,1178.7091,22391751,Low-income countries
Mozambique,MOZ,2010,9.497377,1224.2302,22999234,Low-income countries
Mozambique,MOZ,2011,9.046587,1275.5295,23649045,Low-income countries
Mozambique,MOZ,2012,8.629851,1338.516,24337849,Low-income countries
Mozambique,MOZ,2013,8.259942,1385.8325,25051613,Low-income countries
Mozambique,MOZ,2014,7.9206896,1449.9293,25788473,Low-income countries
Mozambique,MOZ,2015,7.514339,1512.5997,26547576,Low-income countries
Mozambique,MOZ,2016,7.2336307,1537.9086,27337107,Low-income countries
Mozambique,MOZ,2017,7.0926766,1532.0073,28166397,Low-income countries
Mozambique,MOZ,2018,6.951074,1538.8351,29018647,Low-income countries
Mozambique,MOZ,2019,6.834758,1528.8899,29884378,Low-income countries
Mozambique,MOZ,2020,6.734134,1466.1248,30783685,Low-income countries
Mozambique,MOZ,2021,6.580546,1457.2354,31707798,Low-income countries
Mozambique,MOZ,2022,6.4329977,1476.6656,32656242,Low-income countries
Mozambique,MOZ,2023,6.1653104,1512.2764,33635163,Low-income countries
Mozambique,MOZ,2024,,1500.3143,33635163,Low-income countries
Myanmar,MMR,1968,18.016594,,25989669,Lower-middle-income countries
Myanmar,MMR,1969,17.691761,,26585110,Lower-middle-income countries
Myanmar,MMR,1970,17.350664,,27193015,Lower-middle-income countries
Myanmar,MMR,1971,17.026846,,27807215,Lower-middle-income countries
Myanmar,MMR,1972,16.680647,,28428330,Lower-middle-income countries
Myanmar,MMR,1973,16.340246,,29026390,Lower-middle-income countries
Myanmar,MMR,1974,15.9919195,,29598163,Lower-middle-income countries
Myanmar,MMR,1975,15.622244,,30176563,Lower-middle-income countries
Myanmar,MMR,1976,15.268259,,30758818,Lower-middle-income countries
Myanmar,MMR,1977,14.922332,,31355968,Lower-middle-income countries
Myanmar,MMR,1978,14.5830145,,31972974,Lower-middle-income countries
Myanmar,MMR,1979,14.263909,,32596552,Lower-middle-income countries
Myanmar,MMR,1980,13.95972,,33227204,Lower-middle-income countries
Myanmar,MMR,1981,13.669798,,33858786,Lower-middle-income countries
Myanmar,MMR,1982,13.397219,,34482967,Lower-middle-income countries
Myanmar,MMR,1983,13.13885,,35162714,Lower-middle-income countries
Myanmar,MMR,1984,12.903204,,35899313,Lower-middle-income countries
Myanmar,MMR,1985,12.67159,,36622832,Lower-middle-income countries
Myanmar,MMR,1986,12.446861,,37314882,Lower-middle-income countries
Myanmar,MMR,1987,12.219827,,37971601,Lower-middle-income countries
Myanmar,MMR,1988,11.991698,,38600928,Lower-middle-income countries
Myanmar,MMR,1989,11.7553625,,39214624,Lower-middle-income countries
Myanmar,MMR,1990,11.509524,775.32825,39817253,Lower-middle-income countries
Myanmar,MMR,1991,11.250562,759.2828,40394159,Lower-middle-income countries
Myanmar,MMR,1992,10.989077,821.32776,40950342,Lower-middle-income countries
Myanmar,MMR,1993,10.722689,859.3455,41502423,Lower-middle-income countries
Myanmar,MMR,1994,10.461448,911.46844,42055150,Lower-middle-income countries
Myanmar,MMR,1995,10.195577,962.2094,42605343,Lower-middle-income countries
Myanmar,MMR,1996,9.936071,1011.1599,43154858,Lower-middle-income countries
Myanmar,MMR,1997,9.682535,1054.7675,43708802,Lower-middle-income countries
Myanmar,MMR,1998,9.429566,1102.791,44257793,Lower-middle-income countries
Myanmar,MMR,1999,9.185339,1209.0165,44787727,Lower-middle-income countries
Myanmar,MMR,2000,8.947431,1359.9304,45290850,Lower-middle-income countries
Myanmar,MMR,2001,8.712198,1498.3116,45771140,Lower-middle-income countries
Myanmar,MMR,2002,8.471056,1661.7358,46232656,Lower-middle-income countries
Myanmar,MMR,2003,8.221215,1874.1713,46667191,Lower-middle-income countries
Myanmar,MMR,2004,7.9692783,2110.2373,47068779,Lower-middle-income countries
Myanmar,MMR,2005,7.705522,2377.9026,47438362,Lower-middle-income countries
Myanmar,MMR,2006,7.4375534,2669.327,47785141,Lower-middle-income countries
Myanmar,MMR,2007,7.16114,2968.3032,48125047,Lower-middle-income countries
Myanmar,MMR,2008,10.108049,3254.739,48390790,Lower-middle-income countries
Myanmar,MMR,2009,6.5978036,3578.1743,48660458,Lower-middle-income countries
Myanmar,MMR,2010,6.321435,3893.7903,49024376,Lower-middle-income countries
Myanmar,MMR,2011,6.0514402,4078.6123,49419825,Lower-middle-income countries
Myanmar,MMR,2012,5.7978024,4340.9995,49837451,Lower-middle-income countries
Myanmar,MMR,2013,5.5584836,4666.9536,50262658,Lower-middle-income countries
Myanmar,MMR,2014,5.3429875,5006.507,50681635,Lower-middle-income countries
Myanmar,MMR,2015,5.134612,5313.886,51089060,Lower-middle-income countries
Myanmar,MMR,2016,4.947182,5580.9897,51495701,Lower-middle-income countries
Myanmar,MMR,2017,4.7722116,5877.8745,51894939,Lower-middle-income countries
Myanmar,MMR,2018,4.597762,6201.263,52272250,Lower-middle-income countries
Myanmar,MMR,2019,4.4401817,6562.989,52640718,Lower-middle-income countries
Myanmar,MMR,2020,4.2857366,5926.8345,53016525,Lower-middle-income countries
Myanmar,MMR,2021,4.136756,5178.4473,53387103,Lower-middle-income countries
Myanmar,MMR,2022,4.0030894,5350.4766,53756791,Lower-middle-income countries
Myanmar,MMR,2023,3.8736246,5364.138,54133800,Lower-middle-income countries
Myanmar,MMR,2024,,5276.2944,54133800,Lower-middle-income countries
Namibia,NAM,1967,9.659895,,696051,Lower-middle-income countries
Namibia,NAM,1968,9.636657,,715551,Lower-middle-income countries
Namibia,NAM,1969,9.646284,,736125,Lower-middle-income countries
Namibia,NAM,1970,9.64677,,757876,Lower-middle-income countries
Namibia,NAM,1971,9.669355,,780588,Lower-middle-income countries
Namibia,NAM,1972,9.679639,,804411,Lower-middle-income countries
Namibia,NAM,1973,9.7279625,,828932,Lower-middle-income countries
Namibia,NAM,1974,9.794174,,854325,Lower-middle-income countries
Namibia,NAM,1975,9.891965,,881041,Lower-middle-income countries
Namibia,NAM,1976,10.028217,,906574,Lower-middle-income countries
Namibia,NAM,1977,10.158278,,931118,Lower-middle-income countries
Namibia,NAM,1978,10.273144,,947277,Lower-middle-income countries
Namibia,NAM,1979,10.3368845,,962826,Lower-middle-income countries
Namibia,NAM,1980,10.312101,,981440,Lower-middle-income countries
Namibia,NAM,1981,10.181431,,992508,Lower-middle-income countries
Namibia,NAM,1982,9.933877,,1010315,Lower-middle-income countries
Namibia,NAM,1983,9.606339,,1037519,Lower-middle-income countries
Namibia,NAM,1984,9.220697,,1065996,Lower-middle-income countries
Namibia,NAM,1985,8.809531,,1096896,Lower-middle-income countries
Namibia,NAM,1986,8.430739,,1131083,Lower-middle-income countries
Namibia,NAM,1987,8.092758,,1167898,Lower-middle-income countries
Namibia,NAM,1988,7.809935,,1209700,Lower-middle-income countries
Namibia,NAM,1989,7.572767,,1288956,Lower-middle-income countries
Namibia,NAM,1990,7.389609,7281.779,1369309,Lower-middle-income countries
Namibia,NAM,1991,7.240037,7618.333,1415689,Lower-middle-income countries
Namibia,NAM,1992,7.1437335,7911.0103,1461324,Lower-middle-income countries
Namibia,NAM,1993,7.0968823,7541.561,1508698,Lower-middle-income countries
Namibia,NAM,1994,7.129017,7437.3354,1556315,Lower-middle-income countries
Namibia,NAM,1995,7.2402954,7506.105,1602181,Lower-middle-income countries
Namibia,NAM,1996,7.3909636,7538.925,1646107,Lower-middle-income countries
Namibia,NAM,1997,7.5562906,7656.325,1689274,Lower-middle-income countries
Namibia,NAM,1998,7.695591,7709.89,1732747,Lower-middle-income countries
Namibia,NAM,1999,7.7910933,7773.9434,1776371,Lower-middle-income countries
Namibia,NAM,2000,7.7921295,7858.3877,1818650,Lower-middle-income countries
Namibia,NAM,2001,7.7119026,7786.5415,1857059,Lower-middle-income countries
Namibia,NAM,2002,7.6072574,8017.2812,1889976,Lower-middle-income countries
Namibia,NAM,2003,7.514017,8237.366,1917469,Lower-middle-income countries
Namibia,NAM,2004,7.4115744,9130.824,1942087,Lower-middle-income countries
Namibia,NAM,2005,7.0509605,9245.137,1966581,Lower-middle-income countries
Namibia,NAM,2006,6.490724,9773.298,1991890,Lower-middle-income countries
Namibia,NAM,2007,6.062955,10162.24,2018607,Lower-middle-income countries
Namibia,NAM,2008,5.6429143,10286.513,2047059,Lower-middle-income countries
Namibia,NAM,2009,5.2858915,10166.29,2077400,Lower-middle-income countries
Namibia,NAM,2010,5.0791683,10614.62,2109815,Lower-middle-income countries
Namibia,NAM,2011,5.1641774,10965.273,2146331,Lower-middle-income countries
Namibia,NAM,2012,5.5096903,11266.609,2194656,Lower-middle-income countries
Namibia,NAM,2013,5.395123,11593.575,2252505,Lower-middle-income countries
Namibia,NAM,2014,5.3103585,11982.696,2312143,Lower-middle-income countries
Namibia,NAM,2015,5.5021896,12166.565,2374305,Lower-middle-income countries
Namibia,NAM,2016,5.422526,11846.788,2439219,Lower-middle-income countries
Namibia,NAM,2017,5.186797,11408.726,2506854,Lower-middle-income countries
Namibia,NAM,2018,5.0082765,11214.386,2577327,Lower-middle-income countries
Namibia,NAM,2019,4.781212,10813.305,2650499,Lower-middle-income countries
Namibia,NAM,2020,4.5723357,9652.248,2728760,Lower-middle-income countries
Namibia,NAM,2021,4.3826385,9709.1,2810552,Lower-middle-income countries
Namibia,NAM,2022,4.196795,9953.098,2889668,Lower-middle-income countries
Namibia,NAM,2023,4.065269,10137.673,2963102,Lower-middle-income countries
Namibia,NAM,2024,,10281.336,2963102,Lower-middle-income countries
Nauru,NRU,1985,8.624959,,8573,High-income countries
Nauru,NRU,1986,8.204052,,8765,High-income countries
Nauru,NRU,1987,7.809307,,8972,High-income countries
Nauru,NRU,1988,7.427177,,9183,High-income countries
Nauru,NRU,1989,7.082889,,9413,High-income countries
Nauru,NRU,1990,6.739897,30123.365,9645,High-income countries
Nauru,NRU,1991,6.412372,23836.965,9873,High-income countries
Nauru,NRU,1992,6.0936255,19620.383,10042,High-income countries
Nauru,NRU,1993,5.778959,16326.138,10123,High-income countries
Nauru,NRU,1994,5.491057,15640.759,10163,High-income countries
Nauru,NRU,1995,5.2219024,14361.795,10187,High-income countries
Nauru,NRU,1996,4.9708943,12636.182,10206,High-income countries
Nauru,NRU,1997,4.7377696,11488.991,10218,High-income countries
Nauru,NRU,1998,4.518712,10133.678,10220,High-income countries
Nauru,NRU,1999,4.3172383,9478.301,10207,High-income countries
Nauru,NRU,2000,4.131555,8844.947,10187,High-income countries
Nauru,NRU,2001,3.9647968,8277.868,10147,High-income countries
Nauru,NRU,2002,3.8081272,7487.931,10105,High-income countries
Nauru,NRU,2003,3.6632643,7526.416,10086,High-income countries
Nauru,NRU,2004,3.533838,7200.948,10084,High-income countries
Nauru,NRU,2005,3.410599,7208.8306,10071,High-income countries
Nauru,NRU,2006,3.2859898,7829.715,10061,High-income countries
Nauru,NRU,2007,3.1522622,6109.601,10042,High-income countries
Nauru,NRU,2008,3.002649,7339.5786,10032,High-income countries
Nauru,NRU,2009,2.8381352,6926.98,10041,High-income countries
Nauru,NRU,2010,2.6602216,6908.357,10067,High-income countries
Nauru,NRU,2011,2.4776757,7881.1313,10116,High-income countries
Nauru,NRU,2012,2.2928581,9639.566,10289,High-income countries
Nauru,NRU,2013,2.109902,9798.482,10539,High-income countries
Nauru,NRU,2014,1.9320468,11112.968,10766,High-income countries
Nauru,NRU,2015,1.7635854,11270.468,10975,High-income countries
Nauru,NRU,2016,1.6085497,11529.886,11173,High-income countries
Nauru,NRU,2017,1.466781,10631.914,11351,High-income countries
Nauru,NRU,2018,1.3363326,10401.28,11499,High-income countries
Nauru,NRU,2019,1.2163154,11183.096,11609,High-income countries
Nauru,NRU,2020,1.1129047,11304.572,11665,High-income countries
Nauru,NRU,2021,1.0249882,12112.235,11727,High-income countries
Nauru,NRU,2022,0.9529768,12363.6455,11822,High-income countries
Nauru,NRU,2023,0.8941596,12372.5205,11900,High-income countries
Nauru,NRU,2024,,12468.762,11900,High-income countries
Nepal,NPL,1950,34.094673,,8396610,Lower-middle-income countries
Nepal,NPL,1951,34.042336,,8572665,Lower-middle-income countries
Nepal,NPL,1952,33.96227,,8747300,Lower-middle-income countries
Nepal,NPL,1953,33.917572,,8918222,Lower-middle-income countries
Nepal,NPL,1954,33.853996,,9087775,Lower-middle-income countries
Nepal,NPL,1955,33.75224,,9257985,Lower-middle-income countries
Nepal,NPL,1956,33.643814,,9427889,Lower-middle-income countries
Nepal,NPL,1957,33.522995,,9598045,Lower-middle-income countries
Nepal,NPL,1958,33.34212,,9766252,Lower-middle-income countries
Nepal,NPL,1959,33.069042,,9938915,Lower-middle-income countries
Nepal,NPL,1960,32.764694,,10123664,Lower-middle-income countries
Nepal,NPL,1961,32.356915,,10318399,Lower-middle-income countries
Nepal,NPL,1962,31.860342,,10521122,Lower-middle-income countries
Nepal,NPL,1963,31.31527,,10729818,Lower-middle-income countries
Nepal,NPL,1964,30.690563,,10946389,Lower-middle-income countries
Nepal,NPL,1965,30.023836,,11173411,Lower-middle-income countries
Nepal,NPL,1966,29.345278,,11408714,Lower-middle-income countries
Nepal,NPL,1967,28.647734,,11652717,Lower-middle-income countries
Nepal,NPL,1968,27.984364,,11906275,Lower-middle-income countries
Nepal,NPL,1969,27.338657,,12167032,Lower-middle-income countries
Nepal,NPL,1970,26.722754,,12436191,Lower-middle-income countries
Nepal,NPL,1971,26.145424,,12710069,Lower-middle-income countries
Nepal,NPL,1972,25.57416,,12989103,Lower-middle-income countries
Nepal,NPL,1973,25.013626,,13275240,Lower-middle-income countries
Nepal,NPL,1974,24.46681,,13568436,Lower-middle-income countries
Nepal,NPL,1975,23.902115,,13870692,Lower-middle-income countries
Nepal,NPL,1976,23.328672,,14177650,Lower-middle-income countries
Nepal,NPL,1977,22.738363,,14499175,Lower-middle-income countries
Nepal,NPL,1978,22.11791,,14839704,Lower-middle-income countries
Nepal,NPL,1979,21.486795,,15190601,Lower-middle-income countries
Nepal,NPL,1980,20.826721,,15553106,Lower-middle-income countries
Nepal,NPL,1981,20.169407,,15922422,Lower-middle-income countries
Nepal,NPL,1982,19.50816,,16297996,Lower-middle-income countries
Nepal,NPL,1983,18.835215,,16689121,Lower-middle-income countries
Nepal,NPL,1984,18.162401,,17085243,Lower-middle-income countries
Nepal,NPL,1985,17.48467,,17477694,Lower-middle-income countries
Nepal,NPL,1986,16.790548,,17868128,Lower-middle-income countries
Nepal,NPL,1987,16.06872,,18250512,Lower-middle-income countries
Nepal,NPL,1988,15.344701,,18638660,Lower-middle-income countries
Nepal,NPL,1989,14.614471,,19057811,Lower-middle-income countries
Nepal,NPL,1990,13.890174,1808.2649,19524579,Lower-middle-income countries
Nepal,NPL,1991,13.176021,1874.2751,20036507,Lower-middle-income countries
Nepal,NPL,1992,12.482401,1896.9717,20609708,Lower-middle-income countries
Nepal,NPL,1993,11.819016,1916.9435,21180158,Lower-middle-income countries
Nepal,NPL,1994,11.182603,2023.1152,21717483,Lower-middle-income countries
Nepal,NPL,1995,10.57853,2043.6052,22245443,Lower-middle-income countries
Nepal,NPL,1996,10.002696,2105.5083,22741867,Lower-middle-income countries
Nepal,NPL,1997,9.441619,2166.3127,23219458,Lower-middle-income countries
Nepal,NPL,1998,8.909907,2188.222,23680358,Lower-middle-income countries
Nepal,NPL,1999,8.398893,2242.6501,24125201,Lower-middle-income countries
Nepal,NPL,2000,7.920723,2340.8157,24546509,Lower-middle-income countries
Nepal,NPL,2001,7.475777,2413.8142,24946755,Lower-middle-income countries
Nepal,NPL,2002,7.063578,2380.2441,25328989,Lower-middle-income countries
Nepal,NPL,2003,6.6853495,2439.4949,25688762,Lower-middle-income countries
Nepal,NPL,2004,6.347453,2521.541,26016652,Lower-middle-income countries
Nepal,NPL,2005,6.0410967,2580.231,26309462,Lower-middle-income countries
Nepal,NPL,2006,5.7627225,2641.348,26565430,Lower-middle-income countries
Nepal,NPL,2007,5.5099325,2708.7144,26788498,Lower-middle-income countries
Nepal,NPL,2008,5.2707963,2852.6099,26990036,Lower-middle-income countries
Nepal,NPL,2009,5.0453815,2961.839,27173035,Lower-middle-income countries
Nepal,NPL,2010,4.8287473,3085.314,27341955,Lower-middle-income countries
Nepal,NPL,2011,4.6167064,3176.6504,27464499,Lower-middle-income countries
Nepal,NPL,2012,4.4090667,3316.5007,27534916,Lower-middle-income countries
Nepal,NPL,2013,4.2062235,3426.5579,27589997,Lower-middle-income countries
Nepal,NPL,2014,4.0103755,3621.7317,27672373,Lower-middle-income countries
Nepal,NPL,2015,3.820886,3745.2617,27823631,Lower-middle-income countries
Nepal,NPL,2016,3.6372404,3743.7446,27955471,Lower-middle-income countries
Nepal,NPL,2017,3.4624343,4071.7043,28011258,Lower-middle-income countries
Nepal,NPL,2018,3.2962801,4371.3857,28079688,Lower-middle-income countries
Nepal,NPL,2019,3.1366806,4607.5244,28414066,Lower-middle-income countries
Nepal,NPL,2020,2.9906416,4412.542,28966580,Lower-middle-income countries
Nepal,NPL,2021,2.8642375,4546.2295,29475016,Lower-middle-income countries
Nepal,NPL,2022,2.7506568,4763.3877,29715435,Lower-middle-income countries
Nepal,NPL,2023,2.646811,4861.2305,29694614,Lower-middle-income countries
Nepal,NPL,2024,,5046.816,29694614,Lower-middle-income countries
Netherlands,NLD,1949,3.3397503,,9964193,High-income countries
Netherlands,NLD,1950,3.1887515,,10113759,High-income countries
Netherlands,NLD,1951,3.0440161,,10264536,High-income countries
Netherlands,NLD,1952,2.9028347,,10382295,High-income countries
Netherlands,NLD,1953,2.7654734,,10493531,High-income countries
Netherlands,NLD,1954,2.6352246,,10615733,High-income countries
Netherlands,NLD,1955,2.5130372,,10751231,High-income countries
Netherlands,NLD,1956,2.4022272,,10889767,High-income countries
Netherlands,NLD,1957,2.3051748,,11026879,High-income countries
Netherlands,NLD,1958,2.2217238,,11187365,High-income countries
Netherlands,NLD,1959,2.14896,,11348106,High-income countries
Netherlands,NLD,1960,2.0842595,,11486909,High-income countries
Netherlands,NLD,1961,2.0257828,,11639372,High-income countries
Netherlands,NLD,1962,1.9727937,,11807553,High-income countries
Netherlands,NLD,1963,1.9238719,,11969159,High-income countries
Netherlands,NLD,1964,1.8778087,,12131887,High-income countries
Netherlands,NLD,1965,1.8323333,,12301136,High-income countries
Netherlands,NLD,1966,1.7869864,,12464283,High-income countries
Netherlands,NLD,1967,1.740017,,12607835,High-income countries
Netherlands,NLD,1968,1.6906147,,12740851,High-income countries
Netherlands,NLD,1969,1.6382836,,12890641,High-income countries
Netherlands,NLD,1970,1.5826395,,13052082,High-income countries
Netherlands,NLD,1971,1.5257368,,13208353,High-income countries
Netherlands,NLD,1972,1.4691606,,13342780,High-income countries
Netherlands,NLD,1973,1.4141483,,13453743,High-income countries
Netherlands,NLD,1974,1.3607032,,13559671,High-income countries
Netherlands,NLD,1975,1.3081002,,13680033,High-income countries
Netherlands,NLD,1976,1.2571568,,13786641,High-income countries
Netherlands,NLD,1977,1.2086371,,13868605,High-income countries
Netherlands,NLD,1978,1.1636441,,13953922,High-income countries
Netherlands,NLD,1979,1.1235098,,14050176,High-income countries
Netherlands,NLD,1980,1.08947,,14162686,High-income countries
Netherlands,NLD,1981,1.0610124,,14262691,High-income countries
Netherlands,NLD,1982,1.0367017,,14333902,High-income countries
Netherlands,NLD,1983,1.0151083,,14396898,High-income countries
Netherlands,NLD,1984,0.9938087,,14462809,High-income countries
Netherlands,NLD,1985,0.9707643,,14538958,High-income countries
Netherlands,NLD,1986,0.94559467,,14626488,High-income countries
Netherlands,NLD,1987,0.91859615,,14724948,High-income countries
Netherlands,NLD,1988,0.89056695,,14825915,High-income countries
Netherlands,NLD,1989,0.8614383,,14921107,High-income countries
Netherlands,NLD,1990,0.8317535,43128.312,15030886,High-income countries
Netherlands,NLD,1991,0.80157834,43833.484,15155093,High-income countries
Netherlands,NLD,1992,0.7713761,44245.527,15276787,High-income countries
Netherlands,NLD,1993,0.74194574,44490.758,15389718,High-income countries
Netherlands,NLD,1994,0.71470886,45532.805,15485453,High-income countries
Netherlands,NLD,1995,0.6910047,46720.29,15565034,High-income countries
Netherlands,NLD,1996,0.67133176,48095.965,15640032,High-income countries
Netherlands,NLD,1997,0.6553021,49881.875,15723621,High-income countries
Netherlands,NLD,1998,0.6422723,51879.38,15827109,High-income countries
Netherlands,NLD,1999,0.63047683,54134.363,15940183,High-income countries
Netherlands,NLD,2000,0.61845,56016.87,16058757,High-income countries
Netherlands,NLD,2001,0.6050126,56887.434,16182705,High-income countries
Netherlands,NLD,2002,0.5893477,56664.414,16288060,High-income countries
Netherlands,NLD,2003,0.571417,56452.867,16366914,High-income countries
Netherlands,NLD,2004,0.5518756,57391.363,16425562,High-income countries
Netherlands,NLD,2005,0.53148305,58422.01,16465707,High-income countries
Netherlands,NLD,2006,0.5111764,60391.543,16493851,High-income countries
Netherlands,NLD,2007,0.4917747,62601.62,16531360,High-income countries
Netherlands,NLD,2008,0.4738282,63678.402,16597259,High-income countries
Netherlands,NLD,2009,0.45788845,61029.73,16684148,High-income countries
Netherlands,NLD,2010,0.44429854,61518.555,16771232,High-income countries
Netherlands,NLD,2011,0.43311533,62318.14,16851061,High-income countries
Netherlands,NLD,2012,0.42392075,61480.812,16915191,High-income countries
Netherlands,NLD,2013,0.41672862,61281.29,16967066,High-income countries
Netherlands,NLD,2014,0.41137737,62045.855,17030085,High-income countries
Netherlands,NLD,2015,0.40767726,63081.395,17107429,High-income countries
Netherlands,NLD,2016,0.40519664,64267.74,17204693,High-income countries
Netherlands,NLD,2017,0.40375078,65666,17315376,High-income countries
Netherlands,NLD,2018,0.4030077,66758.266,17421285,High-income countries
Netherlands,NLD,2019,0.4023332,67847.85,17537505,High-income countries
Netherlands,NLD,2020,0.40115917,64862.19,17636732,High-income countries
Netherlands,NLD,2021,0.3995812,68573.56,17730565,High-income countries
Netherlands,NLD,2022,0.39777878,71324.04,17904421,High-income countries
Netherlands,NLD,2023,0.39572987,70198.93,18092526,High-income countries
Netherlands,NLD,2024,,70498.88,18092526,High-income countries
New Zealand,NZL,1949,3.629246,,1877502,High-income countries
New Zealand,NZL,1950,3.5528078,,1911265,High-income countries
New Zealand,NZL,1951,3.4733205,,1951209,High-income countries
New Zealand,NZL,1952,3.3896012,,1997753,High-income countries
New Zealand,NZL,1953,3.3005385,,2047750,High-income countries
New Zealand,NZL,1954,3.2126398,,2095143,High-income countries
New Zealand,NZL,1955,3.134499,,2139674,High-income countries
New Zealand,NZL,1956,3.0675511,,2184844,High-income countries
New Zealand,NZL,1957,3.0064814,,2233688,High-income countries
New Zealand,NZL,1958,2.94288,,2284995,High-income countries
New Zealand,NZL,1959,2.8704517,,2333486,High-income countries
New Zealand,NZL,1960,2.7833743,,2379482,High-income countries
New Zealand,NZL,1961,2.682225,,2429744,High-income countries
New Zealand,NZL,1962,2.5766213,,2484403,High-income countries
New Zealand,NZL,1963,2.4755101,,2538117,High-income countries
New Zealand,NZL,1964,2.3857238,,2588770,High-income countries
New Zealand,NZL,1965,2.3112133,,2636493,High-income countries
New Zealand,NZL,1966,2.2521176,,2682589,High-income countries
New Zealand,NZL,1967,2.203896,,2723417,High-income countries
New Zealand,NZL,1968,2.1604211,,2754522,High-income countries
New Zealand,NZL,1969,2.118726,,2784399,High-income countries
New Zealand,NZL,1970,2.076324,,2822184,High-income countries
New Zealand,NZL,1971,2.0313423,,2867168,High-income countries
New Zealand,NZL,1972,1.9841453,,2919263,High-income countries
New Zealand,NZL,1973,1.9353263,,2978989,High-income countries
New Zealand,NZL,1974,1.8844455,,3041223,High-income countries
New Zealand,NZL,1975,1.82995,,3094039,High-income countries
New Zealand,NZL,1976,1.7721715,,3126639,High-income countries
New Zealand,NZL,1977,1.7138373,,3140129,High-income countries
New Zealand,NZL,1978,1.6582952,,3142245,High-income countries
New Zealand,NZL,1979,1.6072593,,3141596,High-income countries
New Zealand,NZL,1980,1.5612041,,3146325,High-income countries
New Zealand,NZL,1981,1.5203844,,3159844,High-income countries
New Zealand,NZL,1982,1.4838698,,3185129,High-income countries
New Zealand,NZL,1983,1.4492475,,3219281,High-income countries
New Zealand,NZL,1984,1.4144233,,3249828,High-income countries
New Zealand,NZL,1985,1.3773658,,3268030,High-income countries
New Zealand,NZL,1986,1.3365661,,3281510,High-income countries
New Zealand,NZL,1987,1.2896332,,3299443,High-income countries
New Zealand,NZL,1988,1.2355422,,3316026,High-income countries
New Zealand,NZL,1989,1.1763831,,3333822,High-income countries
New Zealand,NZL,1990,1.1155126,30695.467,3396981,High-income countries
New Zealand,NZL,1991,1.0562748,28924.744,3480933,High-income countries
New Zealand,NZL,1992,1.0015254,28938.098,3532246,High-income countries
New Zealand,NZL,1993,0.9530943,30438.627,3573609,High-income countries
New Zealand,NZL,1994,0.91085255,31574.357,3621030,High-income countries
New Zealand,NZL,1995,0.87353957,32584.654,3674434,High-income countries
New Zealand,NZL,1996,0.8401561,33231.45,3729383,High-income countries
New Zealand,NZL,1997,0.8102076,33480.145,3776950,High-income countries
New Zealand,NZL,1998,0.78334,33469.254,3811376,High-income countries
New Zealand,NZL,1999,0.7595532,35084.293,3835561,High-income countries
New Zealand,NZL,2000,0.73881525,35879.793,3857576,High-income countries
New Zealand,NZL,2001,0.72041625,36885.645,3891763,High-income countries
New Zealand,NZL,2002,0.7036201,37959.066,3951116,High-income countries
New Zealand,NZL,2003,0.6884469,38976.914,4022585,High-income countries
New Zealand,NZL,2004,0.6748426,39971.77,4083912,High-income countries
New Zealand,NZL,2005,0.6632779,40848.297,4135002,High-income countries
New Zealand,NZL,2006,0.65369636,41475.12,4181943,High-income countries
New Zealand,NZL,2007,0.64571095,42346.09,4223270,High-income countries
New Zealand,NZL,2008,0.63824993,41561.184,4261819,High-income countries
New Zealand,NZL,2009,0.6306693,41132.336,4304304,High-income countries
New Zealand,NZL,2010,0.62196547,41270.93,4347766,High-income countries
New Zealand,NZL,2011,0.6118148,41814.887,4382699,High-income countries
New Zealand,NZL,2012,0.6001474,42570.332,4411682,High-income countries
New Zealand,NZL,2013,0.5874743,43338.438,4453857,High-income countries
New Zealand,NZL,2014,0.57394075,44255.504,4522976,High-income countries
New Zealand,NZL,2015,0.56027675,44963.832,4614035,High-income countries
New Zealand,NZL,2016,0.5467997,45626.684,4714768,High-income countries
New Zealand,NZL,2017,0.53373903,46193.29,4812749,High-income countries
New Zealand,NZL,2018,0.5218999,46947.938,4900840,High-income countries
New Zealand,NZL,2019,0.51085085,47362.32,4989410,High-income countries
New Zealand,NZL,2020,0.5004425,46266.395,5069895,High-income countries
New Zealand,NZL,2021,0.49034783,48248.72,5107694,High-income countries
New Zealand,NZL,2022,0.47955912,49964.176,5131731,High-income countries
New Zealand,NZL,2023,0.46839836,49508.27,5172837,High-income countries
New Zealand,NZL,2024,,49316.4,5172837,High-income countries
Nicaragua,NIC,1955,20.890848,,1536247,Lower-middle-income countries
Nicaragua,NIC,1956,20.637486,,1581977,Lower-middle-income countries
Nicaragua,NIC,1957,20.432827,,1629469,Lower-middle-income countries
Nicaragua,NIC,1958,20.213158,,1678745,Lower-middle-income countries
Nicaragua,NIC,1959,20.004156,,1729794,Lower-middle-income countries
Nicaragua,NIC,1960,19.80057,,1782371,Lower-middle-income countries
Nicaragua,NIC,1961,19.587069,,1836456,Lower-middle-income countries
Nicaragua,NIC,1962,19.398888,,1892325,Lower-middle-income countries
Nicaragua,NIC,1963,19.187374,,1950162,Lower-middle-income countries
Nicaragua,NIC,1964,18.953697,,2010183,Lower-middle-income countries
Nicaragua,NIC,1965,18.695581,,2072687,Lower-middle-income countries
Nicaragua,NIC,1966,18.43286,,2137821,Lower-middle-income countries
Nicaragua,NIC,1967,18.133137,,2205571,Lower-middle-income countries
Nicaragua,NIC,1968,17.801512,,2275837,Lower-middle-income countries
Nicaragua,NIC,1969,17.437769,,2348401,Lower-middle-income countries
Nicaragua,NIC,1970,17.047083,,2423065,Lower-middle-income countries
Nicaragua,NIC,1971,16.60515,,2499829,Lower-middle-income countries
Nicaragua,NIC,1972,18.669508,,2573583,Lower-middle-income countries
Nicaragua,NIC,1973,15.590234,,2649283,Lower-middle-income countries
Nicaragua,NIC,1974,14.991191,,2732073,Lower-middle-income countries
Nicaragua,NIC,1975,14.345521,,2816947,Lower-middle-income countries
Nicaragua,NIC,1976,13.648294,,2903850,Lower-middle-income countries
Nicaragua,NIC,1977,12.922215,,2992532,Lower-middle-income countries
Nicaragua,NIC,1978,12.193992,,3080323,Lower-middle-income countries
Nicaragua,NIC,1979,11.480968,,3164524,Lower-middle-income countries
Nicaragua,NIC,1980,10.7972145,,3252404,Lower-middle-income countries
Nicaragua,NIC,1981,10.162129,,3345679,Lower-middle-income countries
Nicaragua,NIC,1982,9.58335,,3438747,Lower-middle-income countries
Nicaragua,NIC,1983,9.067128,,3530286,Lower-middle-income countries
Nicaragua,NIC,1984,8.615156,,3619109,Lower-middle-income countries
Nicaragua,NIC,1985,8.21356,,3706480,Lower-middle-income countries
Nicaragua,NIC,1986,7.8544326,,3794161,Lower-middle-income countries
Nicaragua,NIC,1987,7.5280747,,3882168,Lower-middle-income countries
Nicaragua,NIC,1988,7.2226863,,3972317,Lower-middle-income countries
Nicaragua,NIC,1989,6.922839,,4066483,Lower-middle-income countries
Nicaragua,NIC,1990,6.6207995,4217.609,4162566,Lower-middle-income countries
Nicaragua,NIC,1991,6.3141956,4113.6875,4259636,Lower-middle-income countries
Nicaragua,NIC,1992,6.001416,4037.2754,4357031,Lower-middle-income countries
Nicaragua,NIC,1993,5.687911,3934.0928,4453733,Lower-middle-income countries
Nicaragua,NIC,1994,5.3852696,3979.9854,4549317,Lower-middle-income countries
Nicaragua,NIC,1995,5.091305,4130.286,4642933,Lower-middle-income countries
Nicaragua,NIC,1996,4.809663,4311.493,4729979,Lower-middle-income countries
Nicaragua,NIC,1997,4.5373497,4408.329,4809574,Lower-middle-income countries
Nicaragua,NIC,1998,5.009692,4502.598,4883659,Lower-middle-income countries
Nicaragua,NIC,1999,4.04204,4750.9487,4954021,Lower-middle-income countries
Nicaragua,NIC,2000,3.821396,4878.2476,5022636,Lower-middle-income countries
Nicaragua,NIC,2001,3.618372,4958.3276,5087827,Lower-middle-income countries
Nicaragua,NIC,2002,3.4322493,4935.4854,5149914,Lower-middle-income countries
Nicaragua,NIC,2003,3.2596283,5000.612,5210970,Lower-middle-income countries
Nicaragua,NIC,2004,3.0961912,5204.382,5272909,Lower-middle-income countries
Nicaragua,NIC,2005,2.9469168,5356.9585,5342108,Lower-middle-income countries
Nicaragua,NIC,2006,2.8056593,5500.406,5418857,Lower-middle-income countries
Nicaragua,NIC,2007,2.6750267,5697.211,5497247,Lower-middle-income countries
Nicaragua,NIC,2008,2.5529177,5809.0996,5576597,Lower-middle-income countries
Nicaragua,NIC,2009,2.4369562,5538.3657,5656602,Lower-middle-income countries
Nicaragua,NIC,2010,2.3268154,5701.128,5737451,Lower-middle-income countries
Nicaragua,NIC,2011,2.2235587,5976.253,5819051,Lower-middle-income countries
Nicaragua,NIC,2012,2.1264102,6275.7876,5901290,Lower-middle-income countries
Nicaragua,NIC,2013,2.0337691,6494.1494,5983852,Lower-middle-income countries
Nicaragua,NIC,2014,1.9446352,6712.2173,6066493,Lower-middle-income countries
Nicaragua,NIC,2015,1.8606286,6939.0327,6149417,Lower-middle-income countries
Nicaragua,NIC,2016,1.780585,7158.758,6232664,Lower-middle-income countries
Nicaragua,NIC,2017,1.7066324,7391.197,6316235,Lower-middle-income countries
Nicaragua,NIC,2018,1.6364048,7049.0273,6400074,Lower-middle-income countries
Nicaragua,NIC,2019,1.5712365,6756.5938,6483660,Lower-middle-income countries
Nicaragua,NIC,2020,1.5092268,6523.3696,6565267,Lower-middle-income countries
Nicaragua,NIC,2021,1.4494765,7119.1694,6644745,Lower-middle-income countries
Nicaragua,NIC,2022,1.3927758,7277.8228,6730662,Lower-middle-income countries
Nicaragua,NIC,2023,1.34289,7496.5293,6823619,Lower-middle-income countries
Nicaragua,NIC,2024,,7661.602,6823619,Lower-middle-income countries
Niger,NER,1967,31.860933,,4283594,Low-income countries
Niger,NER,1968,32.29076,,4403640,Low-income countries
Niger,NER,1969,32.740524,,4525724,Low-income countries
Niger,NER,1970,33.18045,,4650272,Low-income countries
Niger,NER,1971,33.58593,,4776227,Low-income countries
Niger,NER,1972,33.98588,,4904847,Low-income countries
Niger,NER,1973,34.228138,,5037868,Low-income countries
Niger,NER,1974,34.293953,,5174956,Low-income countries
Niger,NER,1975,34.211052,,5317022,Low-income countries
Niger,NER,1976,33.92756,,5464963,Low-income countries
Niger,NER,1977,33.500065,,5619722,Low-income countries
Niger,NER,1978,33.034935,,5782939,Low-income countries
Niger,NER,1979,32.602123,,5955557,Low-income countries
Niger,NER,1980,32.333633,,6135968,Low-income countries
Niger,NER,1981,32.30764,,6322011,Low-income countries
Niger,NER,1982,32.50116,,6512733,Low-income countries
Niger,NER,1983,32.861935,,6708646,Low-income countries
Niger,NER,1984,33.299015,,6909974,Low-income countries
Niger,NER,1985,33.700768,,7118457,Low-income countries
Niger,NER,1986,33.99272,,7335814,Low-income countries
Niger,NER,1987,34.09367,,7561154,Low-income countries
Niger,NER,1988,33.98252,,7793752,Low-income countries
Niger,NER,1989,33.680817,,8034782,Low-income countries
Niger,NER,1990,33.166756,1411.8489,8286066,Low-income countries
Niger,NER,1991,32.504986,1362.7455,8546900,Low-income countries
Niger,NER,1992,31.669802,1347.3323,8817633,Low-income countries
Niger,NER,1993,30.633745,1309.6112,9100789,Low-income countries
Niger,NER,1994,29.42051,1291.6816,9398266,Low-income countries
Niger,NER,1995,28.129747,1280.3354,9714537,Low-income countries
Niger,NER,1996,26.876005,1239.4767,10044848,Low-income countries
Niger,NER,1997,25.728205,1217.3125,10383977,Low-income countries
Niger,NER,1998,24.674208,1294.1619,10741416,Low-income countries
Niger,NER,1999,23.720032,1247.6471,11117414,Low-income countries
Niger,NER,2000,22.77961,1190.5668,11509634,Low-income countries
Niger,NER,2001,21.748354,1233.0651,11920648,Low-income countries
Niger,NER,2002,20.623196,1248.8231,12349150,Low-income countries
Niger,NER,2003,19.441002,1231.2781,12796979,Low-income countries
Niger,NER,2004,18.281649,1192.0824,13265843,Low-income countries
Niger,NER,2005,17.190535,1233.8755,13756192,Low-income countries
Niger,NER,2006,16.202662,1260.1205,14268583,Low-income countries
Niger,NER,2007,15.361507,1252.7483,14803604,Low-income countries
Niger,NER,2008,14.658512,1300.5542,15361921,Low-income countries
Niger,NER,2009,14.085242,1277.6923,15943673,Low-income countries
Niger,NER,2010,13.65234,1336.5641,16548833,Low-income countries
Niger,NER,2011,13.314006,1318.1013,17176286,Low-income countries
Niger,NER,2012,13.066523,1403.1897,17836770,Low-income countries
Niger,NER,2013,12.887963,1423.2617,18519899,Low-income countries
Niger,NER,2014,12.740109,1462.8213,19215917,Low-income countries
Niger,NER,2015,12.625753,1471.6614,19939496,Low-income countries
Niger,NER,2016,12.5105915,1500.0085,20685758,Low-income countries
Niger,NER,2017,12.388344,1520.0016,21435449,Low-income countries
Niger,NER,2018,12.277874,1574.3384,22188074,Low-income countries
Niger,NER,2019,12.184826,1612.6373,22947765,Low-income countries
Niger,NER,2020,12.063661,1615.6927,23717615,Low-income countries
Niger,NER,2021,11.909655,1585.5992,24502145,Low-income countries
Niger,NER,2022,11.70688,1717.5189,25311978,Low-income countries
Niger,NER,2023,11.4788685,1689.5642,26159863,Low-income countries
Niger,NER,2024,,1803.4369,26159863,Low-income countries
Nigeria,NGA,1964,32.70821,,49012023,Lower-middle-income countries
Nigeria,NGA,1965,32.024937,,50086762,Lower-middle-income countries
Nigeria,NGA,1966,31.342783,,51188240,Lower-middle-income countries
Nigeria,NGA,1967,30.66064,,52293065,Lower-middle-income countries
Nigeria,NGA,1968,29.986444,,53432785,Lower-middle-income countries
Nigeria,NGA,1969,29.248936,,54631917,Lower-middle-income countries
Nigeria,NGA,1970,28.505077,,55893836,Lower-middle-income countries
Nigeria,NGA,1971,27.703045,,57214688,Lower-middle-income countries
Nigeria,NGA,1972,26.876272,,58601749,Lower-middle-income countries
Nigeria,NGA,1973,26.048183,,60082138,Lower-middle-income countries
Nigeria,NGA,1974,25.203585,,61679153,Lower-middle-income countries
Nigeria,NGA,1975,24.392578,,63410821,Lower-middle-income countries
Nigeria,NGA,1976,23.61947,,65258000,Lower-middle-income countries
Nigeria,NGA,1977,22.909483,,67234590,Lower-middle-income countries
Nigeria,NGA,1978,22.291248,,69326531,Lower-middle-income countries
Nigeria,NGA,1979,21.758629,,71498241,Lower-middle-income countries
Nigeria,NGA,1980,21.321764,,73764641,Lower-middle-income countries
Nigeria,NGA,1981,21.000423,,76068116,Lower-middle-income countries
Nigeria,NGA,1982,20.80247,,78378699,Lower-middle-income countries
Nigeria,NGA,1983,20.72373,,80438257,Lower-middle-income countries
Nigeria,NGA,1984,20.723019,,82526444,Lower-middle-income countries
Nigeria,NGA,1985,20.779202,,84897973,Lower-middle-income countries
Nigeria,NGA,1986,20.865292,,87235959,Lower-middle-income countries
Nigeria,NGA,1987,20.941505,,89591718,Lower-middle-income countries
Nigeria,NGA,1988,20.985535,,92020088,Lower-middle-income countries
Nigeria,NGA,1989,21.008099,,94531022,Lower-middle-income countries
Nigeria,NGA,1990,20.97662,5423.807,97120926,Lower-middle-income countries
Nigeria,NGA,1991,20.915419,5301.3633,99720161,Lower-middle-income countries
Nigeria,NGA,1992,20.83497,5403.1533,102372779,Lower-middle-income countries
Nigeria,NGA,1993,20.725658,5154.758,105122075,Lower-middle-income countries
Nigeria,NGA,1994,20.583109,4929.268,107935717,Lower-middle-income countries
Nigeria,NGA,1995,20.38162,4797.5117,110819430,Lower-middle-income countries
Nigeria,NGA,1996,20.110764,4869.8213,113754783,Lower-middle-income countries
Nigeria,NGA,1997,19.740276,4884.0474,116754790,Lower-middle-income countries
Nigeria,NGA,1998,19.288109,4880.88,119846261,Lower-middle-income countries
Nigeria,NGA,1999,18.77834,4781.6733,123047324,Lower-middle-income countries
Nigeria,NGA,2000,18.231026,4889.0034,126382490,Lower-middle-income countries
Nigeria,NGA,2001,17.675308,5039.549,129862594,Lower-middle-income countries
Nigeria,NGA,2002,17.107939,5654.897,133471995,Lower-middle-income countries
Nigeria,NGA,2003,16.535397,5905.315,137202646,Lower-middle-income countries
Nigeria,NGA,2004,15.984382,6275.299,141057045,Lower-middle-income countries
Nigeria,NGA,2005,15.446492,6496.932,145017256,Lower-middle-income countries
Nigeria,NGA,2006,14.955316,6702.9453,149077335,Lower-middle-income countries
Nigeria,NGA,2007,14.5185375,6949.4263,153267254,Lower-middle-income countries
Nigeria,NGA,2008,14.131962,7215.7695,157595014,Lower-middle-income countries
Nigeria,NGA,2009,13.804618,7581.406,162049466,Lower-middle-income countries
Nigeria,NGA,2010,13.513101,7962.6396,166642888,Lower-middle-income countries
Nigeria,NGA,2011,13.288625,8153.5317,171379602,Lower-middle-income countries
Nigeria,NGA,2012,13.087168,8265.905,176200627,Lower-middle-income countries
Nigeria,NGA,2013,12.92899,8581.208,181049440,Lower-middle-income countries
Nigeria,NGA,2014,12.785806,8884.774,185896917,Lower-middle-income countries
Nigeria,NGA,2015,12.642239,8892.058,190671883,Lower-middle-income countries
Nigeria,NGA,2016,12.483507,8534.692,195443698,Lower-middle-income countries
Nigeria,NGA,2017,12.275052,8396.784,200254580,Lower-middle-income countries
Nigeria,NGA,2018,12.019562,8362.623,204938752,Lower-middle-income countries
Nigeria,NGA,2019,11.7471,8361.787,209485637,Lower-middle-income countries
Nigeria,NGA,2020,11.436999,7664.211,213996185,Lower-middle-income countries
Nigeria,NGA,2021,11.127028,7588.479,218529286,Lower-middle-income countries
Nigeria,NGA,2022,10.806907,7752.262,223150906,Lower-middle-income countries
Nigeria,NGA,2023,10.490962,7843.8345,227882949,Lower-middle-income countries
Nigeria,NGA,2024,,7994.216,227882949,Lower-middle-income countries
Niue,NIU,1943,14.762588,,4519,
Niue,NIU,1944,14.549574,,4519,
Niue,NIU,1945,14.360665,,4519,
Niue,NIU,1946,14.193168,,4519,
Niue,NIU,1947,13.985723,,4519,
Niue,NIU,1948,13.771174,,4519,
Niue,NIU,1949,13.52845,,4519,
Niue,NIU,1950,13.288244,,4519,
Niue,NIU,1951,13.019429,,4565,
Niue,NIU,1952,12.711531,,4581,
Niue,NIU,1953,12.393638,,4600,
Niue,NIU,1954,12.070997,,4620,
Niue,NIU,1955,11.731787,,4649,
Niue,NIU,1956,11.376148,,4690,
Niue,NIU,1957,11.009739,,4738,
Niue,NIU,1958,10.640006,,4785,
Niue,NIU,1959,10.250069,,4826,
Niue,NIU,1960,9.852106,,4847,
Niue,NIU,1961,9.431477,,4870,
Niue,NIU,1962,9.016275,,4945,
Niue,NIU,1963,8.599788,,5055,
Niue,NIU,1964,8.185601,,5150,
Niue,NIU,1965,7.761706,,5227,
Niue,NIU,1966,7.3451924,,5259,
Niue,NIU,1967,6.9427886,,5262,
Niue,NIU,1968,6.5529737,,5234,
Niue,NIU,1969,6.154418,,5183,
Niue,NIU,1970,5.7662444,,5133,
Niue,NIU,1971,5.3928604,,5059,
Niue,NIU,1972,5.0322275,,4914,
Niue,NIU,1973,4.6778607,,4718,
Niue,NIU,1974,4.338451,,4497,
Niue,NIU,1975,4.011652,,4253,
Niue,NIU,1976,3.7068813,,4013,
Niue,NIU,1977,3.4317613,,3868,
Niue,NIU,1978,3.18968,,3776,
Niue,NIU,1979,2.9872768,,3673,
Niue,NIU,1980,2.826003,,3550,
Niue,NIU,1981,2.7002518,,3413,
Niue,NIU,1982,2.607623,,3281,
Niue,NIU,1983,2.542133,,3129,
Niue,NIU,1984,2.5041723,,2974,
Niue,NIU,1985,2.4837048,,2803,
Niue,NIU,1986,2.4820514,,2658,
Niue,NIU,1987,2.4931636,,2584,
Niue,NIU,1988,2.510607,,2559,
Niue,NIU,1989,2.5340743,,2537,
Niue,NIU,1990,2.558213,,2506,
Niue,NIU,1991,2.592086,,2476,
Niue,NIU,1992,2.6295326,,2443,
Niue,NIU,1993,2.6801102,,2403,
Niue,NIU,1994,2.7437289,,2362,
Niue,NIU,1995,2.8187957,,2326,
Niue,NIU,1996,2.9027793,,2290,
Niue,NIU,1997,2.9945176,,2242,
Niue,NIU,1998,3.0909553,,2187,
Niue,NIU,1999,3.184993,,2138,
Niue,NIU,2000,3.2747931,,2068,
Niue,NIU,2001,3.368207,,2007,
Niue,NIU,2002,3.4541724,,1965,
Niue,NIU,2003,3.5408769,,1928,
Niue,NIU,2004,3.6224558,,1891,
Niue,NIU,2005,3.6871192,,1849,
Niue,NIU,2006,3.7143023,,1818,
Niue,NIU,2007,3.7093015,,1810,
Niue,NIU,2008,3.6707995,,1805,
Niue,NIU,2009,3.6171412,,1801,
Niue,NIU,2010,3.5472653,,1786,
Niue,NIU,2011,3.4618666,,1776,
Niue,NIU,2012,3.366445,,1784,
Niue,NIU,2013,3.283575,,1786,
Niue,NIU,2014,3.1936567,,1792,
Niue,NIU,2015,3.1005006,,1803,
Niue,NIU,2016,3.0034237,,1806,
Niue,NIU,2017,2.9195702,,1803,
Niue,NIU,2018,2.8353307,,1805,
Niue,NIU,2019,2.7460966,,1814,
Niue,NIU,2020,2.6639295,,1822,
Niue,NIU,2021,2.5805295,,1836,
Niue,NIU,2022,2.502279,,1844,
Niue,NIU,2023,2.427946,,1841,
North America,OWID_NAM,1951,6.763486,,226777853,
North America,OWID_NAM,1952,6.57887,,230880347,
North America,OWID_NAM,1953,6.3664684,,235114817,
North America,OWID_NAM,1954,6.1589327,,239512127,
North America,OWID_NAM,1955,6.2273583,,244056556,
North America,OWID_NAM,1956,6.570491,,248743632,
North America,OWID_NAM,1957,6.6626267,,253588808,
North America,OWID_NAM,1958,6.436411,,258514843,
North America,OWID_NAM,1959,6.2822313,,263669394,
North America,OWID_NAM,1960,6.1351194,,269079991,
North America,OWID_NAM,1961,5.993567,,274663001,
North America,OWID_NAM,1962,5.8591614,,280344711,
North America,OWID_NAM,1963,5.73022,,285962471,
North America,OWID_NAM,1964,5.6054444,,291551215,
North America,OWID_NAM,1965,5.482354,,297056448,
North America,OWID_NAM,1966,5.3599124,,302406133,
North America,OWID_NAM,1967,5.2403,,307620058,
North America,OWID_NAM,1968,5.1140103,,312721535,
North America,OWID_NAM,1969,4.9845552,,317807457,
North America,OWID_NAM,1970,4.847238,,323225990,
North America,OWID_NAM,1971,4.7042794,,328861435,
North America,OWID_NAM,1972,4.5801673,,334187766,
North America,OWID_NAM,1973,4.416143,,339231488,
North America,OWID_NAM,1974,4.2939844,,344226868,
North America,OWID_NAM,1975,4.1264224,,349224556,
North America,OWID_NAM,1976,4.0252085,,354178873,
North America,OWID_NAM,1977,3.8397734,,359152730,
North America,OWID_NAM,1978,3.7011116,,364168545,
North America,OWID_NAM,1979,3.5657127,,369229445,
North America,OWID_NAM,1980,3.4581816,,374396450,
North America,OWID_NAM,1981,3.306931,,379564365,
North America,OWID_NAM,1982,3.2286835,,384744475,
North America,OWID_NAM,1983,3.0734634,,389995274,
North America,OWID_NAM,1984,2.9696004,,395240041,
North America,OWID_NAM,1985,2.8728561,,400471527,
North America,OWID_NAM,1986,2.780241,,405669376,
North America,OWID_NAM,1987,2.6914413,,410877360,
North America,OWID_NAM,1988,2.6043909,,416201801,
North America,OWID_NAM,1989,2.517417,,421643657,
North America,OWID_NAM,1990,2.4286427,,427527970,
North America,OWID_NAM,1991,2.3393936,,433792318,
North America,OWID_NAM,1992,2.251187,,440060892,
North America,OWID_NAM,1993,2.1656263,,446185596,
North America,OWID_NAM,1994,2.083902,,452083583,
North America,OWID_NAM,1995,2.0066803,,457858573,
North America,OWID_NAM,1996,1.9343686,,463530247,
North America,OWID_NAM,1997,1.8663087,,469106576,
North America,OWID_NAM,1998,1.8429062,,474677559,
North America,OWID_NAM,1999,1.7445259,,480238641,
North America,OWID_NAM,2000,1.690223,,485805117,
North America,OWID_NAM,2001,1.6398554,,491432309,
North America,OWID_NAM,2002,1.5933247,,497028245,
North America,OWID_NAM,2003,1.5508529,,502587589,
North America,OWID_NAM,2004,1.511355,,508166874,
North America,OWID_NAM,2005,1.4737965,,513798980,
North America,OWID_NAM,2006,1.4379904,,519545243,
North America,OWID_NAM,2007,1.4033705,,525495121,
North America,OWID_NAM,2008,1.3690532,,531570001,
North America,OWID_NAM,2009,1.3359181,,537617447,
North America,OWID_NAM,2010,1.4075809,,543593308,
North America,OWID_NAM,2011,1.2714379,,549552428,
North America,OWID_NAM,2012,1.2418913,,555486393,
North America,OWID_NAM,2013,1.2142906,,561345659,
North America,OWID_NAM,2014,1.1877978,,567078666,
North America,OWID_NAM,2015,1.1624268,,572637322,
North America,OWID_NAM,2016,1.1379873,,578186332,
North America,OWID_NAM,2017,1.1147686,,583669319,
North America,OWID_NAM,2018,1.09251,,589049569,
North America,OWID_NAM,2019,1.0719393,,594346844,
North America,OWID_NAM,2020,1.0522289,,598250669,
North America,OWID_NAM,2021,1.0355002,,600876349,
North America,OWID_NAM,2022,1.0191284,,604356255,
North America,OWID_NAM,2023,1.0029922,,608770547,
North America (WB),WB_NA,1990,,43996.17,,
North America (WB),WB_NA,1991,,43289.633,,
North America (WB),WB_NA,1992,,44104.367,,
North America (WB),WB_NA,1993,,44730.617,,
North America (WB),WB_NA,1994,,45989.266,,
North America (WB),WB_NA,1995,,46672.28,,
North America (WB),WB_NA,1996,,47793.414,,
North America (WB),WB_NA,1997,,49324.945,,
North America (WB),WB_NA,1998,,50930.855,,
North America (WB),WB_NA,1999,,52792.8,,
North America (WB),WB_NA,2000,,54395.99,,
North America (WB),WB_NA,2001,,54414.23,,
North America (WB),WB_NA,2002,,54881,,
North America (WB),WB_NA,2003,,55882.54,,
North America (WB),WB_NA,2004,,57460.652,,
North America (WB),WB_NA,2005,,58901.375,,
North America (WB),WB_NA,2006,,59950.812,,
North America (WB),WB_NA,2007,,60574.895,,
North America (WB),WB_NA,2008,,60110.46,,
North America (WB),WB_NA,2009,,58016.86,,
North America (WB),WB_NA,2010,,59082.02,,
North America (WB),WB_NA,2011,,59602.137,,
North America (WB),WB_NA,2012,,60435.074,,
North America (WB),WB_NA,2013,,61242.504,,
North America (WB),WB_NA,2014,,62295.5,,
North America (WB),WB_NA,2015,,63496.156,,
North America (WB),WB_NA,2016,,64079.96,,
North America (WB),WB_NA,2017,,65200.664,,
North America (WB),WB_NA,2018,,66672.05,,
North America (WB),WB_NA,2019,,67938.39,,
North America (WB),WB_NA,2020,,65982.81,,
North America (WB),WB_NA,2021,,69833.49,,
North America (WB),WB_NA,2022,,71184.96,,
North America (WB),WB_NA,2023,,72394.125,,
North America (WB),WB_NA,2024,,73462.04,,
North Korea,PRK,1950,46.31871,,11116734,Low-income countries
North Korea,PRK,1951,40.49095,,10583576,Low-income countries
North Korea,PRK,1952,26.53866,,10253639,Low-income countries
North Korea,PRK,1953,21.80179,,10177418,Low-income countries
North Korea,PRK,1954,16.904638,,10242806,Low-income countries
North Korea,PRK,1955,15.540985,,10403326,Low-income countries
North Korea,PRK,1956,14.3816,,10600386,Low-income countries
North Korea,PRK,1957,13.431765,,10854683,Low-income countries
North Korea,PRK,1958,12.668715,,11163751,Low-income countries
North Korea,PRK,1959,12.06351,,11452992,Low-income countries
North Korea,PRK,1960,11.576062,,11722950,Low-income countries
North Korea,PRK,1961,11.157217,,11990714,Low-income countries
North Korea,PRK,1962,10.762768,,12262886,Low-income countries
North Korea,PRK,1963,10.358125,,12567059,Low-income countries
North Korea,PRK,1964,9.924981,,12889774,Low-income countries
North Korea,PRK,1965,9.4578905,,13219375,Low-income countries
North Korea,PRK,1966,8.961054,,13569099,Low-income countries
North Korea,PRK,1967,8.44877,,13958350,Low-income countries
North Korea,PRK,1968,7.9394274,,14365601,Low-income countries
North Korea,PRK,1969,7.450622,,14767625,Low-income countries
North Korea,PRK,1970,6.9942374,,15172777,Low-income countries
North Korea,PRK,1971,6.576848,,15572460,Low-income countries
North Korea,PRK,1972,6.199811,,15975065,Low-income countries
North Korea,PRK,1973,5.8602343,,16350372,Low-income countries
North Korea,PRK,1974,5.5553575,,16673124,Low-income countries
North Korea,PRK,1975,5.279869,,16971055,Low-income countries
North Korea,PRK,1976,5.0295196,,17243455,Low-income countries
North Korea,PRK,1977,4.8010063,,17492797,Low-income countries
North Korea,PRK,1978,4.5908465,,17736000,Low-income countries
North Korea,PRK,1979,4.3966746,,17983465,Low-income countries
North Korea,PRK,1980,4.217521,,18236783,Low-income countries
North Korea,PRK,1981,4.054608,,18501303,Low-income countries
North Korea,PRK,1982,3.9115937,,18776359,Low-income countries
North Korea,PRK,1983,3.7954428,,19054039,Low-income countries
North Korea,PRK,1984,3.7141523,,19335049,Low-income countries
North Korea,PRK,1985,3.6751833,,19620396,Low-income countries
North Korea,PRK,1986,3.6834395,,19910856,Low-income countries
North Korea,PRK,1987,3.7750087,,20205485,Low-income countries
North Korea,PRK,1988,3.8331997,,20503161,Low-income countries
North Korea,PRK,1989,3.9516838,,20804363,Low-income countries
North Korea,PRK,1990,4.0741777,,21112134,Low-income countries
North Korea,PRK,1991,4.1787043,,21428637,Low-income countries
North Korea,PRK,1992,4.2468576,,21750912,Low-income countries
North Korea,PRK,1993,4.2707853,,22073354,Low-income countries
North Korea,PRK,1994,4.2507815,,22393967,Low-income countries
North Korea,PRK,1995,10.767897,,22669307,Low-income countries
North Korea,PRK,1996,10.618879,,22895753,Low-income countries
North Korea,PRK,1997,10.460477,,23110836,Low-income countries
North Korea,PRK,1998,10.316669,,23311570,Low-income countries
North Korea,PRK,1999,10.165164,,23497594,Low-income countries
North Korea,PRK,2000,10.023464,,23665909,Low-income countries
North Korea,PRK,2001,9.901604,,23815364,Low-income countries
North Korea,PRK,2002,9.775185,,23943975,Low-income countries
North Korea,PRK,2003,3.4526517,,24090382,Low-income countries
North Korea,PRK,2004,3.37982,,24254946,Low-income countries
North Korea,PRK,2005,3.3301272,,24396434,Low-income countries
North Korea,PRK,2006,3.276817,,24524508,Low-income countries
North Korea,PRK,2007,3.240202,,24646384,Low-income countries
North Korea,PRK,2008,3.1029665,,24764620,Low-income countries
North Korea,PRK,2009,2.996335,,24878338,Low-income countries
North Korea,PRK,2010,2.8662128,,24987257,Low-income countries
North Korea,PRK,2011,2.723479,,25097877,Low-income countries
North Korea,PRK,2012,2.5716238,,25211737,Low-income countries
North Korea,PRK,2013,2.411342,,25329456,Low-income countries
North Korea,PRK,2014,2.2628267,,25451263,Low-income countries
North Korea,PRK,2015,2.1352856,,25575355,Low-income countries
North Korea,PRK,2016,2.060518,,25698325,Low-income countries
North Korea,PRK,2017,1.9118627,,25817710,Low-income countries
North Korea,PRK,2018,1.8416384,,25931153,Low-income countries
North Korea,PRK,2019,1.7700214,,26037633,Low-income countries
North Korea,PRK,2020,1.7447898,,26136312,Low-income countries
North Korea,PRK,2021,1.7444437,,26232530,Low-income countries
North Korea,PRK,2022,1.7723707,,26328843,Low-income countries
North Korea,PRK,2023,1.7996751,,26418196,Low-income countries
North Macedonia,MKD,1981,5.7881336,,1959071,Upper-middle-income countries
North Macedonia,MKD,1982,5.5296803,,1978962,Upper-middle-income countries
North Macedonia,MKD,1983,5.2477703,,1991902,Upper-middle-income countries
North Macedonia,MKD,1984,5.06389,,2003400,Upper-middle-income countries
North Macedonia,MKD,1985,4.9954944,,2014334,Upper-middle-income countries
North Macedonia,MKD,1986,4.9116645,,2024729,Upper-middle-income countries
North Macedonia,MKD,1987,4.688448,,2035161,Upper-middle-income countries
North Macedonia,MKD,1988,4.355572,,2045739,Upper-middle-income countries
North Macedonia,MKD,1989,4.005507,,2055650,Upper-middle-income countries
North Macedonia,MKD,1990,3.697123,12904.54,2063690,Upper-middle-income countries
North Macedonia,MKD,1991,3.4630644,12153.549,2056002,Upper-middle-income countries
North Macedonia,MKD,1992,3.3031285,11486.776,2032516,Upper-middle-income countries
North Macedonia,MKD,1993,3.134856,10764.747,2006853,Upper-middle-income countries
North Macedonia,MKD,1994,2.8451762,10650.783,1992669,Upper-middle-income countries
North Macedonia,MKD,1995,2.4513545,10501.133,1998531,Upper-middle-income countries
North Macedonia,MKD,1996,2.1161163,10551.566,2012553,Upper-middle-income countries
North Macedonia,MKD,1997,1.927075,10787.575,2025764,Upper-middle-income countries
North Macedonia,MKD,1998,1.8318056,11092.875,2037575,Upper-middle-income countries
North Macedonia,MKD,1999,1.7297609,11519.005,2048088,Upper-middle-income countries
North Macedonia,MKD,2000,1.5933577,11988.295,2057254,Upper-middle-income countries
North Macedonia,MKD,2001,1.4801322,11571.859,2066300,Upper-middle-income countries
North Macedonia,MKD,2002,1.4343259,11830.312,2074482,Upper-middle-income countries
North Macedonia,MKD,2003,1.4333369,12077.899,2081417,Upper-middle-income countries
North Macedonia,MKD,2004,1.421646,12683.434,2086581,Upper-middle-income countries
North Macedonia,MKD,2005,1.371313,13354.517,2089809,Upper-middle-income countries
North Macedonia,MKD,2006,1.2991029,14118.288,2089232,Upper-middle-income countries
North Macedonia,MKD,2007,1.2307022,15118.307,2081972,Upper-middle-income countries
North Macedonia,MKD,2008,1.1660991,16038.107,2070837,Upper-middle-income countries
North Macedonia,MKD,2009,1.0998479,16084.295,2060601,Upper-middle-income countries
North Macedonia,MKD,2010,1.0374829,16731.16,2051510,Upper-middle-income countries
North Macedonia,MKD,2011,1.0039053,17201.307,2040445,Upper-middle-income countries
North Macedonia,MKD,2012,1.0179514,17190.066,2027288,Upper-middle-income countries
North Macedonia,MKD,2013,1.0656414,17758.3,2013280,Upper-middle-income countries
North Macedonia,MKD,2014,1.113813,18452.283,1997842,Upper-middle-income countries
North Macedonia,MKD,2015,1.1279705,19215.154,1980366,Upper-middle-income countries
North Macedonia,MKD,2016,1.0826025,19825.855,1961268,Upper-middle-income countries
North Macedonia,MKD,2017,0.96828604,20121.135,1940877,Upper-middle-income countries
North Macedonia,MKD,2018,0.825123,20806.008,1919730,Upper-middle-income countries
North Macedonia,MKD,2019,0.69688654,21766.975,1897643,Upper-middle-income countries
North Macedonia,MKD,2020,0.5949994,20971.53,1872021,Upper-middle-income countries
North Macedonia,MKD,2021,0.5016863,22144.285,1851109,Upper-middle-income countries
North Macedonia,MKD,2022,0.40818846,22822.328,1840236,Upper-middle-income countries
North Macedonia,MKD,2023,0.32587263,23455.32,1831800,Upper-middle-income countries
North Macedonia,MKD,2024,,24203.285,1831800,Upper-middle-income countries
Norway,NOR,1950,3.2797687,,3265199,High-income countries
Norway,NOR,1951,3.0846725,,3295964,High-income countries
Norway,NOR,1952,2.9127903,,3327839,High-income countries
Norway,NOR,1953,2.7686174,,3361030,High-income countries
Norway,NOR,1954,2.6563954,,3394397,High-income countries
Norway,NOR,1955,2.5773394,,3428532,High-income countries
Norway,NOR,1956,2.51705,,3461074,High-income countries
Norway,NOR,1957,2.4581952,,3491980,High-income countries
Norway,NOR,1958,2.3920043,,3523007,High-income countries
Norway,NOR,1959,2.3245053,,3552828,High-income countries
Norway,NOR,1960,2.2623057,,3581119,High-income countries
Norway,NOR,1961,2.206505,,3609661,High-income countries
Norway,NOR,1962,2.1541245,,3638841,High-income countries
Norway,NOR,1963,2.1022162,,3666497,High-income countries
Norway,NOR,1964,2.0439103,,3694319,High-income countries
Norway,NOR,1965,1.9744312,,3723173,High-income countries
Norway,NOR,1966,1.8974888,,3752788,High-income countries
Norway,NOR,1967,1.8227037,,3784111,High-income countries
Norway,NOR,1968,1.7540797,,3816089,High-income countries
Norway,NOR,1969,1.689114,,3847304,High-income countries
Norway,NOR,1970,1.6249391,,3875351,High-income countries
Norway,NOR,1971,1.5609753,,3902754,High-income countries
Norway,NOR,1972,1.496076,,3932913,High-income countries
Norway,NOR,1973,1.430247,,3960597,High-income countries
Norway,NOR,1974,1.3624982,,3985283,High-income countries
Norway,NOR,1975,1.2918662,,4007368,High-income countries
Norway,NOR,1976,1.2207665,,4026219,High-income countries
Norway,NOR,1977,1.1528206,,4043259,High-income countries
Norway,NOR,1978,1.0912373,,4058668,High-income countries
Norway,NOR,1979,1.0415008,,4072499,High-income countries
Norway,NOR,1980,1.0080986,,4085603,High-income countries
Norway,NOR,1981,0.99117416,,4099675,High-income countries
Norway,NOR,1982,0.9886459,,4114742,High-income countries
Norway,NOR,1983,0.99716294,,4128332,High-income countries
Norway,NOR,1984,1.0105981,,4139970,High-income countries
Norway,NOR,1985,1.0220648,,4152399,High-income countries
Norway,NOR,1986,1.0246116,,4167252,High-income countries
Norway,NOR,1987,1.0122181,,4186818,High-income countries
Norway,NOR,1988,0.9809193,,4209470,High-income countries
Norway,NOR,1989,0.9316032,,4226914,High-income countries
Norway,NOR,1990,0.8665405,57106.883,4241440,High-income countries
Norway,NOR,1991,0.79429466,58588.47,4261618,High-income countries
Norway,NOR,1992,0.7241263,60333.45,4286255,High-income countries
Norway,NOR,1993,0.66171205,61681.805,4311864,High-income countries
Norway,NOR,1994,0.61067677,64432.074,4336467,High-income countries
Norway,NOR,1995,0.57189995,66762.16,4358991,High-income countries
Norway,NOR,1996,0.5443333,69764.38,4381137,High-income countries
Norway,NOR,1997,0.52475613,73053.97,4404988,High-income countries
Norway,NOR,1998,0.51069784,74558.3,4431308,High-income countries
Norway,NOR,1999,0.49845573,75583.836,4461789,High-income countries
Norway,NOR,2000,0.48574,77587.21,4490864,High-income countries
Norway,NOR,2001,0.47142926,78791.305,4513650,High-income countries
Norway,NOR,2002,0.45560592,79447.09,4538016,High-income countries
Norway,NOR,2003,0.43892258,79728.78,4564666,High-income countries
Norway,NOR,2004,0.42199814,82440.95,4591739,High-income countries
Norway,NOR,2005,0.40556785,84080,4623120,High-income countries
Norway,NOR,2006,0.3895229,85458.55,4660487,High-income countries
Norway,NOR,2007,0.37346599,87043.5,4709017,High-income countries
Norway,NOR,2008,0.35749164,86379.664,4768097,High-income countries
Norway,NOR,2009,0.34171662,83642.07,4828625,High-income countries
Norway,NOR,2010,0.32664174,83256.79,4889160,High-income countries
Norway,NOR,2011,0.31265634,83092.44,4952969,High-income countries
Norway,NOR,2012,0.29999042,84237.15,5018453,High-income countries
Norway,NOR,2013,0.288789,84070.46,5080126,High-income countries
Norway,NOR,2014,0.2787847,84830.26,5137397,High-income countries
Norway,NOR,2015,0.2695439,85550.3,5189777,High-income countries
Norway,NOR,2016,0.26083705,85787.62,5235974,High-income countries
Norway,NOR,2017,0.25278157,87194.11,5276807,High-income countries
Norway,NOR,2018,0.24584211,87338.47,5311751,High-income countries
Norway,NOR,2019,0.2402453,87725.73,5347733,High-income countries
Norway,NOR,2020,0.23650816,86096.055,5379275,High-income countries
Norway,NOR,2021,0.23467822,88984.14,5408082,High-income countries
Norway,NOR,2022,0.23460397,91051.086,5456796,High-income countries
Norway,NOR,2023,0.23553099,90085.44,5519167,High-income countries
Norway,NOR,2024,,91105.25,5519167,High-income countries
Oceania,OWID_OCE,1949,6.8808703,,12315375,
Oceania,OWID_OCE,1950,6.7710824,,12582453,
Oceania,OWID_OCE,1951,6.934774,,12915446,
Oceania,OWID_OCE,1952,6.458349,,13229396,
Oceania,OWID_OCE,1953,6.284657,,13527446,
Oceania,OWID_OCE,1954,6.122751,,13824685,
Oceania,OWID_OCE,1955,5.9568524,,14145499,
Oceania,OWID_OCE,1956,5.8001995,,14484837,
Oceania,OWID_OCE,1957,5.651534,,14825605,
Oceania,OWID_OCE,1958,5.530853,,15166229,
Oceania,OWID_OCE,1959,5.3949246,,15510259,
Oceania,OWID_OCE,1960,5.251495,,15862697,
Oceania,OWID_OCE,1961,5.1024737,,16216895,
Oceania,OWID_OCE,1962,4.9552426,,16560976,
Oceania,OWID_OCE,1963,4.824244,,16904641,
Oceania,OWID_OCE,1964,4.698738,,17254690,
Oceania,OWID_OCE,1965,4.5587296,,17617233,
Oceania,OWID_OCE,1966,4.4427023,,17986091,
Oceania,OWID_OCE,1967,4.341516,,18332240,
Oceania,OWID_OCE,1968,4.248421,,18670233,
Oceania,OWID_OCE,1969,4.154568,,19033793,
Oceania,OWID_OCE,1970,4.047175,,19494215,
Oceania,OWID_OCE,1971,3.922919,,20036088,
Oceania,OWID_OCE,1972,3.797974,,20494156,
Oceania,OWID_OCE,1973,3.6698067,,20866225,
Oceania,OWID_OCE,1974,3.5360515,,21228268,
Oceania,OWID_OCE,1975,3.409929,,21555937,
Oceania,OWID_OCE,1976,3.2741284,,21842502,
Oceania,OWID_OCE,1977,3.1532068,,22114617,
Oceania,OWID_OCE,1978,3.044964,,22383486,
Oceania,OWID_OCE,1979,2.9479563,,22653748,
Oceania,OWID_OCE,1980,2.860346,,22954484,
Oceania,OWID_OCE,1981,2.7821403,,23307534,
Oceania,OWID_OCE,1982,2.712161,,23690693,
Oceania,OWID_OCE,1983,2.6516588,,24064499,
Oceania,OWID_OCE,1984,2.5963895,,24421103,
Oceania,OWID_OCE,1985,2.5455823,,24777609,
Oceania,OWID_OCE,1986,2.4919074,,25149869,
Oceania,OWID_OCE,1987,2.4353714,,25544592,
Oceania,OWID_OCE,1988,2.3732383,,25956460,
Oceania,OWID_OCE,1989,2.3102221,,26377044,
Oceania,OWID_OCE,1990,2.2463093,,26839397,
Oceania,OWID_OCE,1991,2.1884904,,27315331,
Oceania,OWID_OCE,1992,2.1410768,,27746651,
Oceania,OWID_OCE,1993,2.1017916,,28154388,
Oceania,OWID_OCE,1994,2.068834,,28573089,
Oceania,OWID_OCE,1995,2.0416105,,29025267,
Oceania,OWID_OCE,1996,2.0194457,,29498702,
Oceania,OWID_OCE,1997,2.002502,,29964609,
Oceania,OWID_OCE,1998,1.9899236,,30420070,
Oceania,OWID_OCE,1999,1.9790677,,30880117,
Oceania,OWID_OCE,2000,1.969425,,31352968,
Oceania,OWID_OCE,2001,1.9579232,,31847232,
Oceania,OWID_OCE,2002,1.9473047,,32366021,
Oceania,OWID_OCE,2003,1.934492,,32894563,
Oceania,OWID_OCE,2004,1.9230995,,33419063,
Oceania,OWID_OCE,2005,1.9071792,,33956165,
Oceania,OWID_OCE,2006,1.8857915,,34540362,
Oceania,OWID_OCE,2007,1.8586591,,35190049,
Oceania,OWID_OCE,2008,1.8263644,,35890355,
Oceania,OWID_OCE,2009,1.7944933,,36593549,
Oceania,OWID_OCE,2010,1.7550079,,37254088,
Oceania,OWID_OCE,2011,1.7182263,,37890098,
Oceania,OWID_OCE,2012,1.6807528,,38550537,
Oceania,OWID_OCE,2013,1.6447113,,39233938,
Oceania,OWID_OCE,2014,1.6111733,,39918746,
Oceania,OWID_OCE,2015,1.5807662,,40615015,
Oceania,OWID_OCE,2016,1.549374,,41347231,
Oceania,OWID_OCE,2017,1.5209737,,42093989,
Oceania,OWID_OCE,2018,1.4921939,,42815501,
Oceania,OWID_OCE,2019,1.4674771,,43504534,
Oceania,OWID_OCE,2020,1.440963,,44079305,
Oceania,OWID_OCE,2021,1.4153316,,44558542,
Oceania,OWID_OCE,2022,1.3852202,,45049680,
Oceania,OWID_OCE,2023,1.35308,,45563135,
Oman,OMN,1959,39.281223,,521320,High-income countries
Oman,OMN,1960,37.515575,,530489,High-income countries
Oman,OMN,1961,35.770603,,539859,High-income countries
Oman,OMN,1962,34.195282,,549951,High-income countries
Oman,OMN,1963,32.655003,,560832,High-income countries
Oman,OMN,1964,31.2062,,572586,High-income countries
Oman,OMN,1965,29.790102,,585245,High-income countries
Oman,OMN,1966,28.442053,,598815,High-income countries
Oman,OMN,1967,27.057892,,613318,High-income countries
Oman,OMN,1968,25.730497,,628801,High-income countries
Oman,OMN,1969,24.410685,,645262,High-income countries
Oman,OMN,1970,23.092337,,662691,High-income countries
Oman,OMN,1971,21.793383,,681125,High-income countries
Oman,OMN,1972,20.528688,,700591,High-income countries
Oman,OMN,1973,19.304014,,721182,High-income countries
Oman,OMN,1974,18.101572,,746995,High-income countries
Oman,OMN,1975,16.910305,,778871,High-income countries
Oman,OMN,1976,15.714632,,814703,High-income countries
Oman,OMN,1977,14.528614,,855316,High-income countries
Oman,OMN,1978,13.362963,,900312,High-income countries
Oman,OMN,1979,12.226945,,949122,High-income countries
Oman,OMN,1980,11.130923,,1001248,High-income countries
Oman,OMN,1981,10.08698,,1057326,High-income countries
Oman,OMN,1982,9.103062,,1117686,High-income countries
Oman,OMN,1983,8.184236,,1181464,High-income countries
Oman,OMN,1984,7.3394766,,1247723,High-income countries
Oman,OMN,1985,6.5771666,,1325489,High-income countries
Oman,OMN,1986,5.895058,,1413424,High-income countries
Oman,OMN,1987,5.3012176,,1501006,High-income countries
Oman,OMN,1988,4.777992,,1588573,High-income countries
Oman,OMN,1989,4.3182774,,1676234,High-income countries
Oman,OMN,1990,3.9096284,35201.55,1763957,High-income countries
Oman,OMN,1991,3.539155,35574.676,1851476,High-income countries
Oman,OMN,1992,3.204625,36841.402,1938240,High-income countries
Oman,OMN,1993,2.902473,37455.34,2021677,High-income countries
Oman,OMN,1994,2.6390297,37782.723,2081839,High-income countries
Oman,OMN,1995,2.4118874,38946.773,2120531,High-income countries
Oman,OMN,1996,2.215334,39455.83,2156925,High-income countries
Oman,OMN,1997,2.042498,41191.03,2190726,High-income countries
Oman,OMN,1998,1.8925594,40574.676,2222492,High-income countries
Oman,OMN,1999,1.7571867,40145.93,2252910,High-income countries
Oman,OMN,2000,1.6387442,42086.043,2282139,High-income countries
Oman,OMN,2001,1.535791,43492.285,2310223,High-income countries
Oman,OMN,2002,1.4496887,42654.15,2337144,High-income countries
Oman,OMN,2003,1.3791095,41247.586,2363801,High-income countries
Oman,OMN,2004,1.3227865,41351.77,2404822,High-income countries
Oman,OMN,2005,1.2785424,41551.14,2459808,High-income countries
Oman,OMN,2006,1.2446442,42540.44,2514794,High-income countries
Oman,OMN,2007,1.2193835,43696.97,2570175,High-income countries
Oman,OMN,2008,1.2002397,46586.395,2626536,High-income countries
Oman,OMN,2009,1.1852028,48304.117,2684665,High-income countries
Oman,OMN,2010,1.1722887,48191.613,2757450,High-income countries
Oman,OMN,2011,1.1592783,44440.31,3076762,High-income countries
Oman,OMN,2012,1.1455698,41964.082,3547104,High-income countries
Oman,OMN,2013,1.1332644,40854.484,3833915,High-income countries
Oman,OMN,2014,1.1239674,39639.99,4002444,High-income countries
Oman,OMN,2015,1.1177295,39813.79,4184898,High-income countries
Oman,OMN,2016,1.1108942,39860.99,4390880,High-income countries
Oman,OMN,2017,1.1027538,38691.11,4537397,High-income countries
Oman,OMN,2018,1.0935786,38673.605,4597878,High-income countries
Oman,OMN,2019,1.0827117,38292.387,4591248,High-income countries
Oman,OMN,2020,1.072204,37560.6,4522502,High-income countries
Oman,OMN,2021,1.0620546,38719.457,4500429,High-income countries
Oman,OMN,2022,1.052682,39780.21,4730229,High-income countries
Oman,OMN,2023,1.0404669,37793.617,5049267,High-income countries
Oman,OMN,2024,,36721.082,5049267,High-income countries
Pakistan,PAK,1950,37.21803,,35849256,Lower-middle-income countries
Pakistan,PAK,1951,35.704437,,36581906,Lower-middle-income countries
Pakistan,PAK,1952,34.24827,,37377005,Lower-middle-income countries
Pakistan,PAK,1953,32.868664,,38229661,Lower-middle-income countries
Pakistan,PAK,1954,31.542461,,39137072,Lower-middle-income countries
Pakistan,PAK,1955,30.288857,,40098068,Lower-middle-income countries
Pakistan,PAK,1956,29.098392,,41113927,Lower-middle-income countries
Pakistan,PAK,1957,27.968348,,42185142,Lower-middle-income countries
Pakistan,PAK,1958,26.927126,,43312058,Lower-middle-income countries
Pakistan,PAK,1959,25.942402,,44495164,Lower-middle-income countries
Pakistan,PAK,1960,25.013885,,45709314,Lower-middle-income countries
Pakistan,PAK,1961,24.123045,,46921277,Lower-middle-income countries
Pakistan,PAK,1962,23.292028,,48156130,Lower-middle-income countries
Pakistan,PAK,1963,22.518665,,49447780,Lower-middle-income countries
Pakistan,PAK,1964,21.806557,,50799995,Lower-middle-income countries
Pakistan,PAK,1965,21.18048,,52209015,Lower-middle-income countries
Pakistan,PAK,1966,20.631428,,53678671,Lower-middle-income countries
Pakistan,PAK,1967,20.152786,,55214772,Lower-middle-income countries
Pakistan,PAK,1968,19.739922,,56810512,Lower-middle-income countries
Pakistan,PAK,1969,19.362898,,58460945,Lower-middle-income countries
Pakistan,PAK,1970,19.020952,,60166721,Lower-middle-income countries
Pakistan,PAK,1971,18.6983,,61847896,Lower-middle-income countries
Pakistan,PAK,1972,18.392712,,63583192,Lower-middle-income countries
Pakistan,PAK,1973,18.106836,,65461912,Lower-middle-income countries
Pakistan,PAK,1974,17.84298,,67415487,Lower-middle-income countries
Pakistan,PAK,1975,17.589842,,69461179,Lower-middle-income countries
Pakistan,PAK,1976,17.352795,,71620249,Lower-middle-income countries
Pakistan,PAK,1977,17.129742,,73901831,Lower-middle-income countries
Pakistan,PAK,1978,16.912731,,76307381,Lower-middle-income countries
Pakistan,PAK,1979,16.697268,,78997040,Lower-middle-income countries
Pakistan,PAK,1980,16.488548,,82291008,Lower-middle-income countries
Pakistan,PAK,1981,16.270557,,85802048,Lower-middle-income countries
Pakistan,PAK,1982,16.045568,,89089247,Lower-middle-income countries
Pakistan,PAK,1983,15.808269,,92227711,Lower-middle-income countries
Pakistan,PAK,1984,15.55934,,95164940,Lower-middle-income countries
Pakistan,PAK,1985,15.3002615,,98229291,Lower-middle-income countries
Pakistan,PAK,1986,15.039086,,101606770,Lower-middle-income countries
Pakistan,PAK,1987,14.773533,,105130710,Lower-middle-income countries
Pakistan,PAK,1988,14.508478,,108724740,Lower-middle-income countries
Pakistan,PAK,1989,14.244562,,112336634,Lower-middle-income countries
Pakistan,PAK,1990,13.981103,3199.7297,116155584,Lower-middle-income countries
Pakistan,PAK,1991,13.707053,3252.351,120060409,Lower-middle-income countries
Pakistan,PAK,1992,13.416093,3404.1213,123546855,Lower-middle-income countries
Pakistan,PAK,1993,13.114912,3369.238,127020117,Lower-middle-income countries
Pakistan,PAK,1994,12.797315,3395.5044,130748076,Lower-middle-income countries
Pakistan,PAK,1995,12.468118,3462.4734,134582255,Lower-middle-income countries
Pakistan,PAK,1996,12.122519,3526.1416,138557089,Lower-middle-income countries
Pakistan,PAK,1997,11.779771,3462.5815,142531801,Lower-middle-income countries
Pakistan,PAK,1998,11.445923,3454.1768,146522354,Lower-middle-income countries
Pakistan,PAK,1999,11.117774,3484.4568,150565381,Lower-middle-income countries
Pakistan,PAK,2000,10.812906,3531.713,154879124,Lower-middle-income countries
Pakistan,PAK,2001,10.534375,3559.7278,159270910,Lower-middle-income countries
Pakistan,PAK,2002,10.279019,3563.6785,163222552,Lower-middle-income countries
Pakistan,PAK,2003,10.052716,3668.7793,167110250,Lower-middle-income countries
Pakistan,PAK,2004,9.846884,3859.646,171285999,Lower-middle-income countries
Pakistan,PAK,2005,9.654274,4042.1545,175453212,Lower-middle-income countries
Pakistan,PAK,2006,9.465202,4185.8667,179682690,Lower-middle-income countries
Pakistan,PAK,2007,9.286183,4257.926,184493231,Lower-middle-income countries
Pakistan,PAK,2008,9.101879,4233.348,189499112,Lower-middle-income countries
Pakistan,PAK,2009,8.909856,4270.439,194376535,Lower-middle-income countries
Pakistan,PAK,2010,8.707254,4228.7817,199239048,Lower-middle-income countries
Pakistan,PAK,2011,8.49255,4246.067,203746069,Lower-middle-income countries
Pakistan,PAK,2012,8.267764,4292.021,207667129,Lower-middle-income countries
Pakistan,PAK,2013,8.035664,4407.147,211073979,Lower-middle-income countries
Pakistan,PAK,2014,7.79999,4520.235,214264649,Lower-middle-income countries
Pakistan,PAK,2015,7.5599895,4645.286,217290884,Lower-middle-income countries
Pakistan,PAK,2016,7.327791,4886.6123,220138863,Lower-middle-income countries
Pakistan,PAK,2017,7.09646,5031.5605,223273974,Lower-middle-income countries
Pakistan,PAK,2018,6.8773546,5255.0635,226928893,Lower-middle-income countries
Pakistan,PAK,2019,6.668287,5295.953,230800908,Lower-middle-income countries
Pakistan,PAK,2020,6.4575777,5135.0146,235001745,Lower-middle-income countries
Pakistan,PAK,2021,6.2506967,5367.2734,239477805,Lower-middle-income countries
Pakistan,PAK,2022,6.0463037,5526.2793,243700667,Lower-middle-income countries
Pakistan,PAK,2023,5.846387,5418.7695,247504505,Lower-middle-income countries
Pakistan,PAK,2024,,5500.3237,247504505,Lower-middle-income countries
Palau,PLW,1965,9.577289,,10567,High-income countries
Palau,PLW,1966,9.266001,,10825,High-income countries
Palau,PLW,1967,8.965874,,11012,High-income countries
Palau,PLW,1968,8.653597,,11104,High-income countries
Palau,PLW,1969,8.3426,,11182,High-income countries
Palau,PLW,1970,7.9967566,,11393,High-income countries
Palau,PLW,1971,7.6204615,,11783,High-income countries
Palau,PLW,1972,7.244518,,12216,High-income countries
Palau,PLW,1973,6.8535457,,12577,High-income countries
Palau,PLW,1974,6.4573426,,12711,High-income countries
Palau,PLW,1975,6.0616055,,12675,High-income countries
Palau,PLW,1976,5.699668,,12622,High-income countries
Palau,PLW,1977,5.371064,,12548,High-income countries
Palau,PLW,1978,5.0867968,,12465,High-income countries
Palau,PLW,1979,4.842238,,12359,High-income countries
Palau,PLW,1980,4.628253,,12296,High-income countries
Palau,PLW,1981,4.4427147,,12423,High-income countries
Palau,PLW,1982,4.273017,,12721,High-income countries
Palau,PLW,1983,4.1262116,,13028,High-income countries
Palau,PLW,1984,4.00538,,13359,High-income countries
Palau,PLW,1985,3.901058,,13712,High-income countries
Palau,PLW,1986,3.8076305,,14044,High-income countries
Palau,PLW,1987,3.7284186,,14357,High-income countries
Palau,PLW,1988,3.6607864,,14664,High-income countries
Palau,PLW,1989,3.59822,,14969,High-income countries
Palau,PLW,1990,3.5323138,17851.184,15282,High-income countries
Palau,PLW,1991,3.4686973,18301.05,15635,High-income countries
Palau,PLW,1992,3.3969903,16728.021,16017,High-income countries
Palau,PLW,1993,3.3221762,14327.272,16397,High-income countries
Palau,PLW,1994,3.232967,15008.319,16796,High-income countries
Palau,PLW,1995,3.1407554,16232.837,17217,High-income countries
Palau,PLW,1996,3.0420547,17455.115,17683,High-income countries
Palau,PLW,1997,2.9400885,17408.885,18126,High-income countries
Palau,PLW,1998,2.8406878,17358.283,18548,High-income countries
Palau,PLW,1999,2.743315,16093.402,18926,High-income countries
Palau,PLW,2000,2.6469676,15447.952,19206,High-income countries
Palau,PLW,2001,2.5512028,16433.64,19379,High-income countries
Palau,PLW,2002,2.4629414,17075.248,19527,High-income countries
Palau,PLW,2003,2.3773289,16579.314,19683,High-income countries
Palau,PLW,2004,2.2925851,17015.68,19841,High-income countries
Palau,PLW,2005,2.2118127,17507.436,19837,High-income countries
Palau,PLW,2006,2.1379483,17749.773,19616,High-income countries
Palau,PLW,2007,2.0748227,18255.67,19324,High-income countries
Palau,PLW,2008,2.0235782,17574.074,19031,High-income countries
Palau,PLW,2009,1.9849856,16688.723,18736,High-income countries
Palau,PLW,2010,1.9685036,16524.043,18420,High-income countries
Palau,PLW,2011,1.9690973,17670.914,18099,High-income countries
Palau,PLW,2012,1.9888096,18279.889,17791,High-income countries
Palau,PLW,2013,2.025441,17931.432,17670,High-income countries
Palau,PLW,2014,2.076951,18786.834,17740,High-income countries
Palau,PLW,2015,2.1433625,20212.018,17791,High-income countries
Palau,PLW,2016,2.212298,20449.13,17824,High-income countries
Palau,PLW,2017,2.2785046,19821.098,17838,High-income countries
Palau,PLW,2018,2.3229632,19572.344,17843,High-income countries
Palau,PLW,2019,2.3376224,19519.018,17821,High-income countries
Palau,PLW,2020,2.328932,18183.736,17817,High-income countries
Palau,PLW,2021,2.3049204,15780.55,17809,High-income countries
Palau,PLW,2022,2.2732923,16040.908,17784,High-income countries
Palau,PLW,2023,2.2298372,16425.973,17751,High-income countries
Palestine,PSE,1975,10.795716,,1279321,Lower-middle-income countries
Palestine,PSE,1976,10.157313,,1316398,Lower-middle-income countries
Palestine,PSE,1977,9.548866,,1352720,Lower-middle-income countries
Palestine,PSE,1978,8.984952,,1389501,Lower-middle-income countries
Palestine,PSE,1979,8.452492,,1428122,Lower-middle-income countries
Palestine,PSE,1980,7.9508595,,1469058,Lower-middle-income countries
Palestine,PSE,1981,7.4839416,,1512710,Lower-middle-income countries
Palestine,PSE,1982,7.04394,,1560995,Lower-middle-income countries
Palestine,PSE,1983,6.631899,,1618780,Lower-middle-income countries
Palestine,PSE,1984,6.249332,,1688613,Lower-middle-income countries
Palestine,PSE,1985,5.891693,,1745262,Lower-middle-income countries
Palestine,PSE,1986,5.5606914,,1789315,Lower-middle-income countries
Palestine,PSE,1987,5.2541275,,1876764,Lower-middle-income countries
Palestine,PSE,1988,4.973676,,1977311,Lower-middle-income countries
Palestine,PSE,1989,4.7198515,,2055617,Lower-middle-income countries
Palestine,PSE,1990,4.49081,,2139065,Lower-middle-income countries
Palestine,PSE,1991,4.281497,,2228955,Lower-middle-income countries
Palestine,PSE,1992,4.0918193,,2324698,Lower-middle-income countries
Palestine,PSE,1993,3.9217825,,2425066,Lower-middle-income countries
Palestine,PSE,1994,3.7664993,3966.6887,2529164,Lower-middle-income countries
Palestine,PSE,1995,3.6208684,4062.963,2636554,Lower-middle-income countries
Palestine,PSE,1996,3.4860632,3932.227,2746830,Lower-middle-income countries
Palestine,PSE,1997,3.359874,4311.5386,2859581,Lower-middle-income countries
Palestine,PSE,1998,3.2419772,4805.1914,2962895,Lower-middle-income countries
Palestine,PSE,1999,3.1323118,5071.8213,3056256,Lower-middle-income countries
Palestine,PSE,2000,3.0326016,4520.89,3151800,Lower-middle-income countries
Palestine,PSE,2001,2.9398239,3996.5088,3242286,Lower-middle-income countries
Palestine,PSE,2002,2.8515403,3409.1729,3322369,Lower-middle-income countries
Palestine,PSE,2003,2.7671013,3788.9265,3398071,Lower-middle-income countries
Palestine,PSE,2004,2.6841843,4503.0806,3475178,Lower-middle-income countries
Palestine,PSE,2005,2.601381,4885.0728,3557406,Lower-middle-income countries
Palestine,PSE,2006,2.5170476,4714.3735,3645096,Lower-middle-income countries
Palestine,PSE,2007,2.434319,4769.5234,3736694,Lower-middle-income countries
Palestine,PSE,2008,2.3545032,4984.8057,3829039,Lower-middle-income countries
Palestine,PSE,2009,2.2754605,5270.663,3921245,Lower-middle-income countries
Palestine,PSE,2010,2.1975753,5432.2437,4016918,Lower-middle-income countries
Palestine,PSE,2011,2.1193027,5805.3213,4115912,Lower-middle-income countries
Palestine,PSE,2012,2.0445123,6009.1094,4215318,Lower-middle-income countries
Palestine,PSE,2013,1.9702152,6142.202,4315263,Lower-middle-income countries
Palestine,PSE,2014,2.203597,5990.427,4415887,Lower-middle-income countries
Palestine,PSE,2015,1.8260823,6072.6504,4521564,Lower-middle-income countries
Palestine,PSE,2016,1.7570802,6464.1333,4632743,Lower-middle-income countries
Palestine,PSE,2017,1.6937817,6426.7954,4742747,Lower-middle-income countries
Palestine,PSE,2018,1.6314889,6342.9375,4850593,Lower-middle-income countries
Palestine,PSE,2019,1.5739701,6269.891,4957773,Lower-middle-income countries
Palestine,PSE,2020,1.5205599,5423.6826,5069692,Lower-middle-income countries
Palestine,PSE,2021,1.467704,5663.1216,5185341,Lower-middle-income countries
Palestine,PSE,2022,1.4178135,5753.084,5305274,Lower-middle-income countries
Palestine,PSE,2023,2.6280816,5361.131,5409201,Lower-middle-income countries
Palestine,PSE,2024,,3845.503,5409201,Lower-middle-income countries
Panama,PAN,1951,12.075422,,882013,High-income countries
Panama,PAN,1952,11.71688,,904460,High-income countries
Panama,PAN,1953,11.369433,,928203,High-income countries
Panama,PAN,1954,11.032933,,953092,High-income countries
Panama,PAN,1955,10.708697,,978971,High-income countries
Panama,PAN,1956,10.408511,,1005877,High-income countries
Panama,PAN,1957,10.126822,,1033915,High-income countries
Panama,PAN,1958,9.849468,,1063168,High-income countries
Panama,PAN,1959,9.578966,,1093804,High-income countries
Panama,PAN,1960,9.311007,,1126004,High-income countries
Panama,PAN,1961,9.042109,,1159880,High-income countries
Panama,PAN,1962,8.780279,,1195311,High-income countries
Panama,PAN,1963,8.524122,,1232136,High-income countries
Panama,PAN,1964,8.284504,,1270068,High-income countries
Panama,PAN,1965,8.054409,,1308840,High-income countries
Panama,PAN,1966,7.8334417,,1348390,High-income countries
Panama,PAN,1967,7.6174717,,1388630,High-income countries
Panama,PAN,1968,7.3750734,,1429452,High-income countries
Panama,PAN,1969,7.09607,,1470888,High-income countries
Panama,PAN,1970,6.7832885,,1513071,High-income countries
Panama,PAN,1971,6.4338727,,1556079,High-income countries
Panama,PAN,1972,6.074511,,1599721,High-income countries
Panama,PAN,1973,5.7224617,,1643696,High-income countries
Panama,PAN,1974,5.4123015,,1687932,High-income countries
Panama,PAN,1975,5.146699,,1732393,High-income countries
Panama,PAN,1976,4.9299903,,1776943,High-income countries
Panama,PAN,1977,4.7576895,,1821550,High-income countries
Panama,PAN,1978,4.61046,,1866317,High-income countries
Panama,PAN,1979,4.4718337,,1911555,High-income countries
Panama,PAN,1980,4.337769,,1957543,High-income countries
Panama,PAN,1981,4.1931887,,2004424,High-income countries
Panama,PAN,1982,4.047818,,2052278,High-income countries
Panama,PAN,1983,3.9014208,,2101107,High-income countries
Panama,PAN,1984,3.754764,,2150781,High-income countries
Panama,PAN,1985,3.609593,,2200921,High-income countries
Panama,PAN,1986,3.4732857,,2251331,High-income countries
Panama,PAN,1987,3.35006,,2301979,High-income countries
Panama,PAN,1988,3.2377465,,2352856,High-income countries
Panama,PAN,1989,3.1358414,,2403821,High-income countries
Panama,PAN,1990,3.0450456,10263.688,2455588,High-income countries
Panama,PAN,1991,2.972535,10994.55,2508273,High-income countries
Panama,PAN,1992,2.9116025,11649.796,2561342,High-income countries
Panama,PAN,1993,2.867683,12032.808,2615099,High-income countries
Panama,PAN,1994,2.830584,12123.35,2669545,High-income countries
Panama,PAN,1995,2.797352,12086.644,2724555,High-income countries
Panama,PAN,1996,2.7660317,12327.852,2780228,High-income countries
Panama,PAN,1997,2.7291718,13013.891,2836702,High-income countries
Panama,PAN,1998,2.6840277,13826.532,2893918,High-income countries
Panama,PAN,1999,2.6304736,14261.741,2951820,High-income countries
Panama,PAN,2000,2.5636065,14572.976,3010376,High-income countries
Panama,PAN,2001,2.49022,14427.83,3069545,High-income countries
Panama,PAN,2002,2.4092903,14507.144,3129343,High-income countries
Panama,PAN,2003,2.327263,14957.554,3189813,High-income countries
Panama,PAN,2004,2.247104,15875.112,3251158,High-income countries
Panama,PAN,2005,2.1703753,16867.96,3313024,High-income countries
Panama,PAN,2006,2.098882,18190.273,3375024,High-income countries
Panama,PAN,2007,2.0301738,20208.822,3437490,High-income countries
Panama,PAN,2008,1.9669449,21867.818,3500646,High-income countries
Panama,PAN,2009,1.9086579,21822.988,3564383,High-income countries
Panama,PAN,2010,1.8558981,22739.111,3628537,High-income countries
Panama,PAN,2011,1.8106558,24999.46,3693509,High-income countries
Panama,PAN,2012,1.7743639,26926.885,3759261,High-income countries
Panama,PAN,2013,1.7484035,28135.328,3825333,High-income countries
Panama,PAN,2014,1.7296877,28931.805,3892100,High-income countries
Panama,PAN,2015,1.7165459,29933.156,3960034,High-income countries
Panama,PAN,2016,1.7027965,30765.236,4029085,High-income countries
Panama,PAN,2017,1.6829488,31979.812,4098704,High-income countries
Panama,PAN,2018,1.6477588,32681.447,4167860,High-income countries
Panama,PAN,2019,1.5923742,33163.727,4234698,High-income countries
Panama,PAN,2020,1.5229536,26881.799,4293258,High-income countries
Panama,PAN,2021,1.452042,30932.764,4345410,High-income countries
Panama,PAN,2022,1.3875841,33915.152,4400775,High-income countries
Panama,PAN,2023,1.3283068,35872.95,4458758,High-income countries
Panama,PAN,2024,,36394.918,4458758,High-income countries
Papua New Guinea,PNG,1948,28.288458,,1422069,Lower-middle-income countries
Papua New Guinea,PNG,1949,27.441343,,1485598,Lower-middle-income countries
Papua New Guinea,PNG,1950,26.670088,,1543441,Lower-middle-income countries
Papua New Guinea,PNG,1951,28.614931,,1574928,Lower-middle-income countries
Papua New Guinea,PNG,1952,25.156067,,1609545,Lower-middle-income countries
Papua New Guinea,PNG,1953,24.434278,,1650236,Lower-middle-income countries
Papua New Guinea,PNG,1954,23.733526,,1693505,Lower-middle-income countries
Papua New Guinea,PNG,1955,23.040712,,1739220,Lower-middle-income countries
Papua New Guinea,PNG,1956,22.380754,,1787446,Lower-middle-income countries
Papua New Guinea,PNG,1957,21.728313,,1837511,Lower-middle-income countries
Papua New Guinea,PNG,1958,21.090197,,1888969,Lower-middle-income countries
Papua New Guinea,PNG,1959,20.452177,,1941505,Lower-middle-income countries
Papua New Guinea,PNG,1960,19.831095,,1995115,Lower-middle-income countries
Papua New Guinea,PNG,1961,19.211939,,2046133,Lower-middle-income countries
Papua New Guinea,PNG,1962,18.61583,,2093926,Lower-middle-income countries
Papua New Guinea,PNG,1963,18.026243,,2141380,Lower-middle-income countries
Papua New Guinea,PNG,1964,17.441372,,2188332,Lower-middle-income countries
Papua New Guinea,PNG,1965,16.866905,,2235830,Lower-middle-income countries
Papua New Guinea,PNG,1966,16.30468,,2285785,Lower-middle-income countries
Papua New Guinea,PNG,1967,15.759503,,2337542,Lower-middle-income countries
Papua New Guinea,PNG,1968,15.228478,,2390812,Lower-middle-income countries
Papua New Guinea,PNG,1969,14.7098875,,2446932,Lower-middle-income countries
Papua New Guinea,PNG,1970,14.220702,,2505632,Lower-middle-income countries
Papua New Guinea,PNG,1971,13.742379,,2566429,Lower-middle-income countries
Papua New Guinea,PNG,1972,13.286783,,2628436,Lower-middle-income countries
Papua New Guinea,PNG,1973,12.845623,,2690639,Lower-middle-income countries
Papua New Guinea,PNG,1974,12.432686,,2752679,Lower-middle-income countries
Papua New Guinea,PNG,1975,12.046494,,2814827,Lower-middle-income countries
Papua New Guinea,PNG,1976,11.684741,,2877337,Lower-middle-income countries
Papua New Guinea,PNG,1977,11.336073,,2940331,Lower-middle-income countries
Papua New Guinea,PNG,1978,11.021153,,3003718,Lower-middle-income countries
Papua New Guinea,PNG,1979,10.723759,,3067350,Lower-middle-income countries
Papua New Guinea,PNG,1980,10.437327,,3131516,Lower-middle-income countries
Papua New Guinea,PNG,1981,10.178043,,3197030,Lower-middle-income countries
Papua New Guinea,PNG,1982,9.935915,,3264301,Lower-middle-income countries
Papua New Guinea,PNG,1983,9.711984,,3333642,Lower-middle-income countries
Papua New Guinea,PNG,1984,9.498292,,3405200,Lower-middle-income countries
Papua New Guinea,PNG,1985,9.30273,,3478945,Lower-middle-income countries
Papua New Guinea,PNG,1986,9.123411,,3554802,Lower-middle-income countries
Papua New Guinea,PNG,1987,8.955136,,3632546,Lower-middle-income countries
Papua New Guinea,PNG,1988,8.782708,,3711894,Lower-middle-income countries
Papua New Guinea,PNG,1989,8.6252,,3796088,Lower-middle-income countries
Papua New Guinea,PNG,1990,8.466192,3164.149,3896482,Lower-middle-income countries
Papua New Guinea,PNG,1991,8.31171,3358.1887,4021840,Lower-middle-income countries
Papua New Guinea,PNG,1992,8.166991,3690.345,4166702,Lower-middle-income countries
Papua New Guinea,PNG,1993,8.027258,4206.429,4320880,Lower-middle-income countries
Papua New Guinea,PNG,1994,7.893357,4297.891,4480210,Lower-middle-income countries
Papua New Guinea,PNG,1995,7.766586,4008.722,4644282,Lower-middle-income countries
Papua New Guinea,PNG,1996,7.6432467,4167.036,4813363,Lower-middle-income countries
Papua New Guinea,PNG,1997,7.5219035,3864.2302,4987887,Lower-middle-income countries
Papua New Guinea,PNG,1998,7.40804,3590.1,5166390,Lower-middle-income countries
Papua New Guinea,PNG,1999,7.2971673,3531.6594,5349333,Lower-middle-income countries
Papua New Guinea,PNG,2000,7.191719,3326.7986,5537068,Lower-middle-income countries
Papua New Guinea,PNG,2001,7.0779676,3211.7593,5728444,Lower-middle-income countries
Papua New Guinea,PNG,2002,6.957308,3100.7952,5924010,Lower-middle-income countries
Papua New Guinea,PNG,2003,6.835341,3064.444,6124005,Lower-middle-income countries
Papua New Guinea,PNG,2004,6.712731,3046.333,6328042,Lower-middle-income countries
Papua New Guinea,PNG,2005,6.5809135,3136.5857,6535905,Lower-middle-income countries
Papua New Guinea,PNG,2006,6.4441586,3202.4873,6747724,Lower-middle-income countries
Papua New Guinea,PNG,2007,6.3057075,3345.8503,6963353,Lower-middle-income countries
Papua New Guinea,PNG,2008,6.1649013,3233.9182,7183002,Lower-middle-income countries
Papua New Guinea,PNG,2009,6.022986,3349.6436,7406442,Lower-middle-income countries
Papua New Guinea,PNG,2010,5.8759336,3579.1714,7633524,Lower-middle-income countries
Papua New Guinea,PNG,2011,5.7288494,3514.8328,7859349,Lower-middle-income countries
Papua New Guinea,PNG,2012,5.5850596,3577.4517,8081396,Lower-middle-income countries
Papua New Guinea,PNG,2013,5.4445667,3615.2832,8302700,Lower-middle-income countries
Papua New Guinea,PNG,2014,5.304602,3998.6182,8523440,Lower-middle-income countries
Papua New Guinea,PNG,2015,5.166697,4154.5234,8743247,Lower-middle-income countries
Papua New Guinea,PNG,2016,5.016924,4275.7485,8961717,Lower-middle-income countries
Papua New Guinea,PNG,2017,4.8747773,4322.2227,9178717,Lower-middle-income countries
Papua New Guinea,PNG,2018,4.7242727,4211.1455,9394518,Lower-middle-income countries
Papua New Guinea,PNG,2019,4.585073,4301.6113,9609014,Lower-middle-income countries
Papua New Guinea,PNG,2020,4.446272,4077.6313,9815743,Lower-middle-income countries
Papua New Guinea,PNG,2021,4.3090243,3976.9038,10012898,Lower-middle-income countries
Papua New Guinea,PNG,2022,4.1674485,4125.493,10203177,Lower-middle-income countries
Papua New Guinea,PNG,2023,4.03057,4205.8477,10389638,Lower-middle-income countries
Papua New Guinea,PNG,2024,,4288.5283,10389638,Lower-middle-income countries
Paraguay,PRY,1956,8.480127,,1720418,Upper-middle-income countries
Paraguay,PRY,1957,8.403433,,1759490,Upper-middle-income countries
Paraguay,PRY,1958,8.319919,,1799653,Upper-middle-income countries
Paraguay,PRY,1959,8.244969,,1840972,Upper-middle-income countries
Paraguay,PRY,1960,8.177662,,1883517,Upper-middle-income countries
Paraguay,PRY,1961,8.11217,,1927401,Upper-middle-income countries
Paraguay,PRY,1962,8.057639,,1973136,Upper-middle-income countries
Paraguay,PRY,1963,8.021638,,2021913,Upper-middle-income countries
Paraguay,PRY,1964,7.990063,,2073121,Upper-middle-income countries
Paraguay,PRY,1965,7.9635863,,2125179,Upper-middle-income countries
Paraguay,PRY,1966,7.9398546,,2177590,Upper-middle-income countries
Paraguay,PRY,1967,7.9084244,,2229992,Upper-middle-income countries
Paraguay,PRY,1968,7.877444,,2282394,Upper-middle-income countries
Paraguay,PRY,1969,7.8416004,,2334998,Upper-middle-income countries
Paraguay,PRY,1970,7.7921233,,2388030,Upper-middle-income countries
Paraguay,PRY,1971,7.7322454,,2442540,Upper-middle-income countries
Paraguay,PRY,1972,7.6562076,,2499885,Upper-middle-income countries
Paraguay,PRY,1973,7.566555,,2561103,Upper-middle-income countries
Paraguay,PRY,1974,7.4619303,,2625622,Upper-middle-income countries
Paraguay,PRY,1975,7.34445,,2691649,Upper-middle-income countries
Paraguay,PRY,1976,7.208843,,2758844,Upper-middle-income countries
Paraguay,PRY,1977,7.0618196,,2827876,Upper-middle-income countries
Paraguay,PRY,1978,6.9067936,,2899268,Upper-middle-income countries
Paraguay,PRY,1979,6.736677,,2973967,Upper-middle-income countries
Paraguay,PRY,1980,6.5462437,,3053239,Upper-middle-income countries
Paraguay,PRY,1981,6.3480654,,3137611,Upper-middle-income countries
Paraguay,PRY,1982,6.138978,,3226195,Upper-middle-income countries
Paraguay,PRY,1983,5.92265,,3318075,Upper-middle-income countries
Paraguay,PRY,1984,5.708603,,3412939,Upper-middle-income countries
Paraguay,PRY,1985,5.5000014,,3510678,Upper-middle-income countries
Paraguay,PRY,1986,5.298225,,3611474,Upper-middle-income countries
Paraguay,PRY,1987,5.103436,,3714892,Upper-middle-income countries
Paraguay,PRY,1988,4.9162316,,3820551,Upper-middle-income countries
Paraguay,PRY,1989,4.7302394,,3927802,Upper-middle-income countries
Paraguay,PRY,1990,4.553836,9962.48,4035752,Upper-middle-income countries
Paraguay,PRY,1991,4.3833966,10040.3125,4144370,Upper-middle-income countries
Paraguay,PRY,1992,4.226564,9948.421,4253608,Upper-middle-income countries
Paraguay,PRY,1993,4.08159,10178.455,4362706,Upper-middle-income countries
Paraguay,PRY,1994,3.9486306,10459.09,4471423,Upper-middle-income countries
Paraguay,PRY,1995,3.8261108,10908.272,4579803,Upper-middle-income countries
Paraguay,PRY,1996,3.7173395,10825.287,4687540,Upper-middle-income countries
Paraguay,PRY,1997,3.6213837,11033.016,4794415,Upper-middle-income countries
Paraguay,PRY,1998,3.5314388,10802.56,4900028,Upper-middle-income countries
Paraguay,PRY,1999,3.4457126,10435.398,5003139,Upper-middle-income countries
Paraguay,PRY,2000,3.3635426,9998.593,5100875,Upper-middle-income countries
Paraguay,PRY,2001,3.2891004,9749.259,5187690,Upper-middle-income countries
Paraguay,PRY,2002,3.2187226,9610.748,5261334,Upper-middle-income countries
Paraguay,PRY,2003,3.1416829,9903.45,5326437,Upper-middle-income countries
Paraguay,PRY,2004,3.0666614,10187.194,5388181,Upper-middle-income countries
Paraguay,PRY,2005,2.9887261,10290.101,5448100,Upper-middle-income countries
Paraguay,PRY,2006,2.9112425,10672.993,5505145,Upper-middle-income countries
Paraguay,PRY,2007,2.8322608,11141.87,5559385,Upper-middle-income countries
Paraguay,PRY,2008,2.7503955,11751.14,5613577,Upper-middle-income countries
Paraguay,PRY,2009,2.6668787,11601.285,5671243,Upper-middle-income countries
Paraguay,PRY,2010,2.5929065,12738.576,5737973,Upper-middle-income countries
Paraguay,PRY,2011,2.5092618,13109.467,5814632,Upper-middle-income countries
Paraguay,PRY,2012,2.4408681,12834.802,5897011,Upper-middle-income countries
Paraguay,PRY,2013,2.3686817,13700.703,5982447,Upper-middle-income countries
Paraguay,PRY,2014,2.2959697,14219.3545,6069819,Upper-middle-income countries
Paraguay,PRY,2015,2.2186587,14427.601,6159106,Upper-middle-income countries
Paraguay,PRY,2016,2.1472445,14826.664,6249129,Upper-middle-income countries
Paraguay,PRY,2017,2.0768306,15320.337,6338658,Upper-middle-income countries
Paraguay,PRY,2018,2.0071585,15592.984,6427382,Upper-middle-income countries
Paraguay,PRY,2019,1.9399927,15321.324,6515059,Upper-middle-income countries
Paraguay,PRY,2020,1.882634,14991.66,6603741,Upper-middle-income countries
Paraguay,PRY,2021,1.8192865,15406.167,6684184,Upper-middle-income countries
Paraguay,PRY,2022,1.757266,15259.1455,6760460,Upper-middle-income countries
Paraguay,PRY,2023,1.7017711,15826.088,6844150,Upper-middle-income countries
Paraguay,PRY,2024,,16296.283,6844150,Upper-middle-income countries
Peru,PER,1952,30.748714,,8116670,Upper-middle-income countries
Peru,PER,1953,29.35923,,8344907,Upper-middle-income countries
Peru,PER,1954,28.02231,,8579314,Upper-middle-income countries
Peru,PER,1955,26.78103,,8822015,Upper-middle-income countries
Peru,PER,1956,25.70018,,9073471,Upper-middle-income countries
Peru,PER,1957,24.81182,,9333871,Upper-middle-income countries
Peru,PER,1958,24.07748,,9603649,Upper-middle-income countries
Peru,PER,1959,23.440968,,9883656,Upper-middle-income countries
Peru,PER,1960,22.854557,,10174128,Upper-middle-income countries
Peru,PER,1961,22.241251,,10475126,Upper-middle-income countries
Peru,PER,1962,21.594183,,10784615,Upper-middle-income countries
Peru,PER,1963,20.896387,,11102095,Upper-middle-income countries
Peru,PER,1964,20.164412,,11427988,Upper-middle-income countries
Peru,PER,1965,19.43736,,11761091,Upper-middle-income countries
Peru,PER,1966,18.743767,,12101300,Upper-middle-income countries
Peru,PER,1967,18.105495,,12448815,Upper-middle-income countries
Peru,PER,1968,17.528372,,12803985,Upper-middle-income countries
Peru,PER,1969,17.011436,,13166756,Upper-middle-income countries
Peru,PER,1970,19.6956,,13501237,Upper-middle-income countries
Peru,PER,1971,16.070234,,13838069,Upper-middle-income countries
Peru,PER,1972,15.597246,,14210147,Upper-middle-income countries
Peru,PER,1973,15.126068,,14582864,Upper-middle-income countries
Peru,PER,1974,14.6560135,,14956554,Upper-middle-income countries
Peru,PER,1975,14.21822,,15333955,Upper-middle-income countries
Peru,PER,1976,13.8226595,,15716814,Upper-middle-income countries
Peru,PER,1977,13.48973,,16109808,Upper-middle-income countries
Peru,PER,1978,13.202042,,16516061,Upper-middle-income countries
Peru,PER,1979,12.931521,,16933143,Upper-middle-income countries
Peru,PER,1980,12.661765,,17360955,Upper-middle-income countries
Peru,PER,1981,12.363531,,17798803,Upper-middle-income countries
Peru,PER,1982,12.000767,,18246506,Upper-middle-income countries
Peru,PER,1983,11.577323,,18705961,Upper-middle-income countries
Peru,PER,1984,11.084148,,19174717,Upper-middle-income countries
Peru,PER,1985,10.532802,,19648212,Upper-middle-income countries
Peru,PER,1986,9.969508,,20117127,Upper-middle-income countries
Peru,PER,1987,9.4280205,,20582325,Upper-middle-income countries
Peru,PER,1988,8.923644,,21054704,Upper-middle-income countries
Peru,PER,1989,8.460985,,21532587,Upper-middle-income countries
Peru,PER,1990,8.041305,6317.079,22014772,Upper-middle-income countries
Peru,PER,1991,7.6299777,6322.5747,22483784,Upper-middle-income countries
Peru,PER,1992,7.201961,6161.6357,22946345,Upper-middle-income countries
Peru,PER,1993,6.7545223,6355.262,23413783,Upper-middle-income countries
Peru,PER,1994,6.288846,6997.706,23881497,Upper-middle-income countries
Peru,PER,1995,5.8189564,7372.0425,24348922,Upper-middle-income countries
Peru,PER,1996,5.3595896,7437.1924,24811174,Upper-middle-income countries
Peru,PER,1997,4.918444,7773.827,25274149,Upper-middle-income countries
Peru,PER,1998,4.5059514,7603.809,25738101,Upper-middle-income countries
Peru,PER,1999,4.1308165,7585.328,26186499,Upper-middle-income countries
Peru,PER,2000,3.7934597,7669.095,26598328,Upper-middle-income countries
Peru,PER,2001,3.4949582,7611.6665,26964610,Upper-middle-income countries
Peru,PER,2002,3.237001,7931.5796,27288211,Upper-middle-income countries
Peru,PER,2003,3.0131392,8174.3794,27580485,Upper-middle-income countries
Peru,PER,2004,2.8190753,8495.986,27852190,Upper-middle-income countries
Peru,PER,2005,2.6504185,8949.954,28101175,Upper-middle-income countries
Peru,PER,2006,2.5005302,9547.913,28324488,Upper-middle-income countries
Peru,PER,2007,2.3659108,10286.3545,28530704,Upper-middle-income countries
Peru,PER,2008,2.2450905,11151.53,28719038,Upper-middle-income countries
Peru,PER,2009,2.137471,11204.377,28896819,Upper-middle-income countries
Peru,PER,2010,2.0427911,12059.018,29086021,Upper-middle-income countries
Peru,PER,2011,1.9611522,12726.6,29304083,Upper-middle-income countries
Peru,PER,2012,1.8925244,13395.399,29550367,Upper-middle-income countries
Peru,PER,2013,1.8368355,14052.138,29817908,Upper-middle-income countries
Peru,PER,2014,1.7925721,14244.566,30115825,Upper-middle-income countries
Peru,PER,2015,1.758419,14542.793,30457598,Upper-middle-income countries
Peru,PER,2016,1.7320349,14917.449,30866497,Upper-middle-income countries
Peru,PER,2017,1.7107985,15069.522,31324639,Upper-middle-income countries
Peru,PER,2018,1.6933663,15386.26,31897590,Upper-middle-income countries
Peru,PER,2019,1.679437,15463.543,32449302,Upper-middle-income countries
Peru,PER,2020,1.6627978,13609.6,32838577,Upper-middle-income countries
Peru,PER,2021,1.6386349,15280.551,33155883,Upper-middle-income countries
Peru,PER,2022,1.6133685,15559.821,33475436,Upper-middle-income countries
Peru,PER,2023,1.580508,15327.582,33845616,Upper-middle-income countries
Peru,PER,2024,,15661.75,33845616,Upper-middle-income countries
Philippines,PHL,1953,13.2164345,,21132502,Lower-middle-income countries
Philippines,PHL,1954,12.6874485,,21982504,Lower-middle-income countries
Philippines,PHL,1955,12.193328,,22880568,Lower-middle-income countries
Philippines,PHL,1956,11.724452,,23825808,Lower-middle-income countries
Philippines,PHL,1957,11.281167,,24815856,Lower-middle-income countries
Philippines,PHL,1958,10.851283,,25842525,Lower-middle-income countries
Philippines,PHL,1959,10.4507475,,26907612,Lower-middle-income countries
Philippines,PHL,1960,10.103679,,27891900,Lower-middle-income countries
Philippines,PHL,1961,9.7955885,,28792620,Lower-middle-income countries
Philippines,PHL,1962,9.540555,,29723535,Lower-middle-income countries
Philippines,PHL,1963,9.32548,,30674733,Lower-middle-income countries
Philippines,PHL,1964,9.130461,,31643038,Lower-middle-income countries
Philippines,PHL,1965,8.950883,,32625328,Lower-middle-income countries
Philippines,PHL,1966,8.783358,,33617171,Lower-middle-income countries
Philippines,PHL,1967,8.620696,,34621326,Lower-middle-income countries
Philippines,PHL,1968,8.4788475,,35638338,Lower-middle-income countries
Philippines,PHL,1969,8.365856,,36660795,Lower-middle-income countries
Philippines,PHL,1970,8.275813,,37622203,Lower-middle-income countries
Philippines,PHL,1971,8.2149725,,38518656,Lower-middle-income countries
Philippines,PHL,1972,8.180251,,39408560,Lower-middle-income countries
Philippines,PHL,1973,8.168726,,40294126,Lower-middle-income countries
Philippines,PHL,1974,8.167614,,41174338,Lower-middle-income countries
Philippines,PHL,1975,8.167898,,42120830,Lower-middle-income countries
Philippines,PHL,1976,8.150159,,43201486,Lower-middle-income countries
Philippines,PHL,1977,8.113181,,44367965,Lower-middle-income countries
Philippines,PHL,1978,8.064254,,45575286,Lower-middle-income countries
Philippines,PHL,1979,7.994114,,46807104,Lower-middle-income countries
Philippines,PHL,1980,7.9039745,,48043744,Lower-middle-income countries
Philippines,PHL,1981,7.8029327,,49311730,Lower-middle-income countries
Philippines,PHL,1982,7.6903195,,50695715,Lower-middle-income countries
Philippines,PHL,1983,7.559417,,52194624,Lower-middle-income countries
Philippines,PHL,1984,7.4029126,,53726187,Lower-middle-income countries
Philippines,PHL,1985,7.2099137,,55213007,Lower-middle-income countries
Philippines,PHL,1986,6.961432,,56645083,Lower-middle-income countries
Philippines,PHL,1987,6.659154,,58157496,Lower-middle-income countries
Philippines,PHL,1988,6.318121,,59739056,Lower-middle-income countries
Philippines,PHL,1989,5.957478,,61265259,Lower-middle-income countries
Philippines,PHL,1990,5.6009183,4504.4624,62854668,Lower-middle-income countries
Philippines,PHL,1991,5.2738004,4378.3955,64382249,Lower-middle-income countries
Philippines,PHL,1992,4.983268,4293.7183,65926130,Lower-middle-income countries
Philippines,PHL,1993,4.7281938,4283.1597,67530621,Lower-middle-income countries
Philippines,PHL,1994,4.5066476,4374.0674,69019297,Lower-middle-income countries
Philippines,PHL,1995,4.3122787,4477.323,70546245,Lower-middle-income countries
Philippines,PHL,1996,4.144547,4631.772,72190237,Lower-middle-income countries
Philippines,PHL,1997,4.0009828,4758.7085,73908813,Lower-middle-income countries
Philippines,PHL,1998,3.8788264,4616.673,75791031,Lower-middle-income countries
Philippines,PHL,1999,3.7792418,4650.7593,77753256,Lower-middle-income countries
Philippines,PHL,2000,3.6899414,4740.439,79625401,Lower-middle-income countries
Philippines,PHL,2001,3.6068206,4778.401,81401488,Lower-middle-income countries
Philippines,PHL,2002,3.5247538,4856.4995,83068889,Lower-middle-income countries
Philippines,PHL,2003,3.443621,5003.3833,84731836,Lower-middle-income countries
Philippines,PHL,2004,3.3626096,5229.4507,86394510,Lower-middle-income countries
Philippines,PHL,2005,3.2826667,5386.8164,88015959,Lower-middle-income countries
Philippines,PHL,2006,3.2073011,5578.5723,89508992,Lower-middle-income countries
Philippines,PHL,2007,3.1372216,5840.068,91075180,Lower-middle-income countries
Philippines,PHL,2008,3.0729458,5987.0376,92699091,Lower-middle-income countries
Philippines,PHL,2009,3.013511,5965.307,94384256,Lower-middle-income countries
Philippines,PHL,2010,2.9596431,6273.039,96337127,Lower-middle-income countries
Philippines,PHL,2011,2.9100056,6388.313,98248614,Lower-middle-income countries
Philippines,PHL,2012,2.8654222,6697.556,100175511,Lower-middle-income countries
Philippines,PHL,2013,2.8283134,7016.5386,102076334,Lower-middle-income countries
Philippines,PHL,2014,2.8013816,7340.362,103767127,Lower-middle-income countries
Philippines,PHL,2015,2.7836392,7691.763,105312988,Lower-middle-income countries
Philippines,PHL,2016,2.7801201,8131.825,106735721,Lower-middle-income countries
Philippines,PHL,2017,2.7822218,8584.136,108119691,Lower-middle-income countries
Philippines,PHL,2018,2.7914577,9016.286,109465284,Lower-middle-income countries
Philippines,PHL,2019,2.7968097,9452.294,110804685,Lower-middle-income countries
Philippines,PHL,2020,2.7938812,8455.185,112081270,Lower-middle-income countries
Philippines,PHL,2021,2.7691376,8857.79,113100947,Lower-middle-income countries
Philippines,PHL,2022,2.7348633,9457.104,113964343,Lower-middle-income countries
Philippines,PHL,2023,2.688177,9898.533,114891199,Lower-middle-income countries
Philippines,PHL,2024,,10375.94,114891199,Lower-middle-income countries
Poland,POL,1950,13.719061,,24780169,High-income countries
Poland,POL,1951,12.713173,,25222692,High-income countries
Poland,POL,1952,11.798295,,25672466,High-income countries
Poland,POL,1953,10.971633,,26126457,High-income countries
Poland,POL,1954,10.225259,,26590478,High-income countries
Poland,POL,1955,9.546349,,27063640,High-income countries
Poland,POL,1956,8.909797,,27535570,High-income countries
Poland,POL,1957,8.280316,,28076495,High-income countries
Poland,POL,1958,7.65485,,28643644,High-income countries
Poland,POL,1959,7.0557656,,29132534,High-income countries
Poland,POL,1960,6.5101323,,29575967,High-income countries
Poland,POL,1961,6.0244436,,29979692,High-income countries
Poland,POL,1962,5.5982795,,30338094,High-income countries
Poland,POL,1963,5.227574,,30674024,High-income countries
Poland,POL,1964,4.889718,,30993140,High-income countries
Poland,POL,1965,4.572715,,31288338,High-income countries
Poland,POL,1966,4.2901263,,31568281,High-income countries
Poland,POL,1967,4.064625,,31828626,High-income countries
Poland,POL,1968,3.8944335,,32078388,High-income countries
Poland,POL,1969,3.745767,,32322778,High-income countries
Poland,POL,1970,3.589378,,32542639,High-income countries
Poland,POL,1971,3.4184244,,32771298,High-income countries
Poland,POL,1972,3.2380683,,33041993,High-income countries
Poland,POL,1973,3.0593445,,33333275,High-income countries
Poland,POL,1974,2.9047713,,33642463,High-income countries
Poland,POL,1975,2.788039,,33964400,High-income countries
Poland,POL,1976,2.7006996,,34296611,High-income countries
Poland,POL,1977,2.6225188,,34628513,High-income countries
Poland,POL,1978,2.5429657,,34934216,High-income countries
Poland,POL,1979,2.466455,,35248382,High-income countries
Poland,POL,1980,2.396683,,35576518,High-income countries
Poland,POL,1981,2.331425,,35900913,High-income countries
Poland,POL,1982,2.2629547,,36233465,High-income countries
Poland,POL,1983,2.1895158,,36573700,High-income countries
Poland,POL,1984,2.112463,,36905795,High-income countries
Poland,POL,1985,2.034339,,37200850,High-income countries
Poland,POL,1986,1.9594784,,37452612,High-income countries
Poland,POL,1987,1.8937716,,37665710,High-income countries
Poland,POL,1988,1.83746,,37817863,High-income countries
Poland,POL,1989,1.7868289,,37938086,High-income countries
Poland,POL,1990,1.7386297,12821.464,38055448,High-income countries
Poland,POL,1991,1.6914994,11879.754,38152947,High-income countries
Poland,POL,1992,1.6467049,12141.235,38233636,High-income countries
Poland,POL,1993,1.5982407,12563.1045,38294882,High-income countries
Poland,POL,1994,1.5311111,13200.161,38344312,High-income countries
Poland,POL,1995,1.4342496,14227.566,38364668,High-income countries
Poland,POL,1996,1.3179746,15083.098,38359164,High-income countries
Poland,POL,1997,1.1999867,16031.721,38348307,High-income countries
Poland,POL,1998,1.0925668,16766.648,38326431,High-income countries
Poland,POL,1999,1.0024858,17556.002,38287717,High-income countries
Poland,POL,2000,0.93373144,18566.355,38258077,High-income countries
Poland,POL,2001,0.88226706,18800.602,38247359,High-income countries
Poland,POL,2002,0.84248424,19166.914,38229407,High-income countries
Poland,POL,2003,0.8095633,19855.63,38203527,High-income countries
Poland,POL,2004,0.78155535,20878.654,38167568,High-income countries
Poland,POL,2005,0.75563604,21568.947,38124377,High-income countries
Poland,POL,2006,0.72916424,22921.197,38071169,High-income countries
Poland,POL,2007,0.699586,24484.066,38020420,High-income countries
Poland,POL,2008,0.6661746,25553.906,37995902,High-income countries
Poland,POL,2009,0.6314885,26204.41,38002153,High-income countries
Poland,POL,2010,0.59838086,27112.133,38095356,High-income countries
Poland,POL,2011,0.5682135,28521.662,38208644,High-income countries
Poland,POL,2012,0.542285,28952.916,38247867,High-income countries
Poland,POL,2013,0.5210828,29168.625,38259267,High-income countries
Poland,POL,2014,0.50370723,30334.879,38265113,High-income countries
Poland,POL,2015,0.48915133,31700.37,38266314,High-income countries
Poland,POL,2016,0.47636393,32675.305,38263260,High-income countries
Poland,POL,2017,0.4644748,34354.598,38254964,High-income countries
Poland,POL,2018,0.45327282,36500.41,38241070,High-income countries
Poland,POL,2019,0.44431877,38181.62,38225884,High-income countries
Poland,POL,2020,0.43917584,37852.8,38171005,High-income countries
Poland,POL,2021,0.43711272,41059.586,38040303,High-income countries
Poland,POL,2022,0.43632638,43405.023,38385734,High-income countries
Poland,POL,2023,0.43521816,43672.766,38762847,High-income countries
Poland,POL,2024,,45153.043,38762847,High-income countries
Portugal,PRT,1949,15.592663,,8346329,High-income countries
Portugal,PRT,1950,15.017653,,8418877,High-income countries
Portugal,PRT,1951,14.466899,,8474201,High-income countries
Portugal,PRT,1952,13.960362,,8523424,High-income countries
Portugal,PRT,1953,13.491609,,8572744,High-income countries
Portugal,PRT,1954,13.078249,,8616967,High-income countries
Portugal,PRT,1955,12.727274,,8662889,High-income countries
Portugal,PRT,1956,12.430691,,8704061,High-income countries
Portugal,PRT,1957,12.182166,,8743286,High-income countries
Portugal,PRT,1958,11.956827,,8792775,High-income countries
Portugal,PRT,1959,11.715062,,8840372,High-income countries
Portugal,PRT,1960,11.406862,,8873223,High-income countries
Portugal,PRT,1961,10.992032,,8888380,High-income countries
Portugal,PRT,1962,10.435203,,8895775,High-income countries
Portugal,PRT,1963,9.764503,,8898304,High-income countries
Portugal,PRT,1964,9.097031,,8895764,High-income countries
Portugal,PRT,1965,8.530961,,8889623,High-income countries
Portugal,PRT,1966,8.085228,,8872477,High-income countries
Portugal,PRT,1967,7.7595882,,8845842,High-income countries
Portugal,PRT,1968,7.5075383,,8809709,High-income countries
Portugal,PRT,1969,7.2194333,,8754238,High-income countries
Portugal,PRT,1970,6.8106737,,8669523,High-income countries
Portugal,PRT,1971,6.3042765,,8685587,High-income countries
Portugal,PRT,1972,5.7767067,,8815590,High-income countries
Portugal,PRT,1973,5.2712317,,8939234,High-income countries
Portugal,PRT,1974,4.7941127,,9059175,High-income countries
Portugal,PRT,1975,4.347796,,9182303,High-income countries
Portugal,PRT,1976,3.9372435,,9310263,High-income countries
Portugal,PRT,1977,3.5675476,,9438170,High-income countries
Portugal,PRT,1978,3.2432272,,9556397,High-income countries
Portugal,PRT,1979,2.9715655,,9663303,High-income countries
Portugal,PRT,1980,2.7542915,,9763622,High-income countries
Portugal,PRT,1981,2.578886,,9837588,High-income countries
Portugal,PRT,1982,2.425572,,9885845,High-income countries
Portugal,PRT,1983,2.286054,,9925257,High-income countries
Portugal,PRT,1984,2.1574924,,9956893,High-income countries
Portugal,PRT,1985,2.0404873,,9979475,High-income countries
Portugal,PRT,1986,1.9294485,,9993097,High-income countries
Portugal,PRT,1987,1.8178333,,10001990,High-income countries
Portugal,PRT,1988,1.7027111,,10004588,High-income countries
Portugal,PRT,1989,1.5865047,,10001380,High-income countries
Portugal,PRT,1990,1.4709926,27190.572,9989526,High-income countries
Portugal,PRT,1991,1.357333,28443.795,9969181,High-income countries
Portugal,PRT,1992,1.2463907,28776.047,9960345,High-income countries
Portugal,PRT,1993,1.1413922,28153.615,9972341,High-income countries
Portugal,PRT,1994,1.0497073,28348.865,9998487,High-income countries
Portugal,PRT,1995,0.9755554,29460.814,10031756,High-income countries
Portugal,PRT,1996,0.9155135,30378.756,10067655,High-income countries
Portugal,PRT,1997,0.8638009,31574.402,10110548,High-income countries
Portugal,PRT,1998,0.81551105,32925.664,10159524,High-income countries
Portugal,PRT,1999,0.7669587,34018.965,10214877,High-income countries
Portugal,PRT,2000,0.71519476,35069.83,10283196,High-income countries
Portugal,PRT,2001,0.66082656,35500.227,10354329,High-income countries
Portugal,PRT,2002,0.60512626,35578.52,10413045,High-income countries
Portugal,PRT,2003,0.55145174,35115.38,10454246,High-income countries
Portugal,PRT,2004,0.5041289,35658.13,10481386,High-income countries
Portugal,PRT,2005,0.46667382,35870.31,10502993,High-income countries
Portugal,PRT,2006,0.43836847,36387.535,10524123,High-income countries
Portugal,PRT,2007,0.41724193,37226.47,10546822,High-income countries
Portugal,PRT,2008,0.4014752,37291.504,10564086,High-income countries
Portugal,PRT,2009,0.38961032,36092.812,10576265,High-income countries
Portugal,PRT,2010,0.3804158,36703.113,10578659,High-income countries
Portugal,PRT,2011,0.37308535,36127.297,10557050,High-income countries
Portugal,PRT,2012,0.3680569,34804.633,10513155,High-income countries
Portugal,PRT,2013,0.36498588,34651.773,10458287,High-income countries
Portugal,PRT,2014,0.3634978,35097.41,10406203,High-income countries
Portugal,PRT,2015,0.36277294,35803.36,10370264,High-income countries
Portugal,PRT,2016,0.3617795,36636.297,10346377,High-income countries
Portugal,PRT,2017,0.35876033,37943.113,10330838,High-income countries
Portugal,PRT,2018,0.3530435,39123.613,10325355,High-income countries
Portugal,PRT,2019,0.34554008,40188.285,10343218,High-income countries
Portugal,PRT,2020,0.33716518,36852.23,10370519,High-income countries
Portugal,PRT,2021,0.3289974,38657.668,10390957,High-income countries
Portugal,PRT,2022,0.32207045,41070.86,10417074,High-income countries
Portugal,PRT,2023,0.31640318,41768.254,10430735,High-income countries
Portugal,PRT,2024,,42197.203,10430735,High-income countries
Puerto Rico,PRI,1990,,26738.814,3541046,High-income countries
Puerto Rico,PRI,1991,,27162.15,3573669,High-income countries
Puerto Rico,PRI,1992,,28219.115,3606393,High-income countries
Puerto Rico,PRI,1993,,29282.111,3637207,High-income countries
Puerto Rico,PRI,1994,,30225.781,3666079,High-income countries
Puerto Rico,PRI,1995,,31310.18,3693594,High-income countries
Puerto Rico,PRI,1996,,31677.23,3719955,High-income countries
Puerto Rico,PRI,1997,,32915.79,3745583,High-income countries
Puerto Rico,PRI,1998,,34537.184,3770561,High-income countries
Puerto Rico,PRI,1999,,36216.84,3794479,High-income countries
Puerto Rico,PRI,2000,,37298.547,3809868,High-income countries
Puerto Rico,PRI,2001,,39568.555,3813009,High-income countries
Puerto Rico,PRI,2002,,39879.73,3810715,High-income countries
Puerto Rico,PRI,2003,,39876.066,3806043,High-income countries
Puerto Rico,PRI,2004,,43355.824,3798659,High-income countries
Puerto Rico,PRI,2005,,42555.707,3788412,High-income countries
Puerto Rico,PRI,2006,,42133.97,3776220,High-income countries
Puerto Rico,PRI,2007,,41888.625,3763089,High-income countries
Puerto Rico,PRI,2008,,41358.07,3749130,High-income countries
Puerto Rico,PRI,2009,,40772.35,3735014,High-income countries
Puerto Rico,PRI,2010,,40777.688,3714834,High-income countries
Puerto Rico,PRI,2011,,40972.535,3683711,High-income countries
Puerto Rico,PRI,2012,,41347.453,3646423,High-income countries
Puerto Rico,PRI,2013,,41556.785,3606773,High-income countries
Puerto Rico,PRI,2014,,41593.68,3565367,High-income countries
Puerto Rico,PRI,2015,,41737.605,3521811,High-income countries
Puerto Rico,PRI,2016,,41858.26,3476008,High-income countries
Puerto Rico,PRI,2017,,41479.996,3371878,High-income countries
Puerto Rico,PRI,2018,,41119.31,3290068,High-income countries
Puerto Rico,PRI,2019,,41656.33,3288027,High-income countries
Puerto Rico,PRI,2020,,40171.387,3275800,High-income countries
Puerto Rico,PRI,2021,,40559.477,3253210,High-income countries
Puerto Rico,PRI,2022,,42310.957,3240972,High-income countries
Puerto Rico,PRI,2023,,42837.9,3242022,High-income countries
Puerto Rico,PRI,2024,,44205.75,3242022,High-income countries
Qatar,QAT,1969,7.069814,,103042,High-income countries
Qatar,QAT,1970,6.6008806,,116370,High-income countries
Qatar,QAT,1971,6.16377,,131356,High-income countries
Qatar,QAT,1972,5.770077,,146518,High-income countries
Qatar,QAT,1973,5.3984394,,161854,High-income countries
Qatar,QAT,1974,5.0568633,,177372,High-income countries
Qatar,QAT,1975,4.748333,,193103,High-income countries
Qatar,QAT,1976,4.47859,,209067,High-income countries
Qatar,QAT,1977,4.2385077,,225298,High-income countries
Qatar,QAT,1978,4.016204,,241820,High-income countries
Qatar,QAT,1979,3.8104062,,258678,High-income countries
Qatar,QAT,1980,3.6234357,,275923,High-income countries
Qatar,QAT,1981,3.4508595,,293561,High-income countries
Qatar,QAT,1982,3.289515,,311544,High-income countries
Qatar,QAT,1983,3.1326716,,329720,High-income countries
Qatar,QAT,1984,2.9780946,,347894,High-income countries
Qatar,QAT,1985,2.824978,,365950,High-income countries
Qatar,QAT,1986,2.6751883,,382426,High-income countries
Qatar,QAT,1987,2.5222974,,397012,High-income countries
Qatar,QAT,1988,2.3722746,,411273,High-income countries
Qatar,QAT,1989,2.2250576,,425658,High-income countries
Qatar,QAT,1990,2.080638,71584.375,440184,High-income countries
Qatar,QAT,1991,1.9443995,68122.87,454860,High-income countries
Qatar,QAT,1992,1.8194311,73450.95,469657,High-income countries
Qatar,QAT,1993,1.707418,70250.695,484553,High-income countries
Qatar,QAT,1994,1.6093868,69119.88,499469,High-income countries
Qatar,QAT,1995,1.5269402,68732.47,514334,High-income countries
Qatar,QAT,1996,1.4569992,69746.15,529024,High-income countries
Qatar,QAT,1997,1.3977319,87140.04,550511,High-income countries
Qatar,QAT,1998,1.344507,91901.07,580543,High-income countries
Qatar,QAT,1999,1.2949235,90837.375,612510,High-income countries
Qatar,QAT,2000,1.2479268,93186.97,644993,High-income countries
Qatar,QAT,2001,1.2019163,92115.734,677934,High-income countries
Qatar,QAT,2002,1.1578413,94111.59,711215,High-income countries
Qatar,QAT,2003,1.1166571,93224.36,744690,High-income countries
Qatar,QAT,2004,1.0779505,107023.58,773341,High-income countries
Qatar,QAT,2005,1.0428009,107784.414,825419,High-income countries
Qatar,QAT,2006,1.010961,115383.63,972841,High-income countries
Qatar,QAT,2007,0.98192704,109579.68,1208601,High-income countries
Qatar,QAT,2008,0.9561951,109206.3,1426942,High-income countries
Qatar,QAT,2009,0.93242973,108435.75,1586052,High-income countries
Qatar,QAT,2010,0.9103587,129044.71,1709238,High-income countries
Qatar,QAT,2011,0.889295,145590.77,1810960,High-income countries
Qatar,QAT,2012,0.867115,143830.56,1907122,High-income countries
Qatar,QAT,2013,0.84324014,136453.94,2032650,High-income countries
Qatar,QAT,2014,0.81630445,128013.945,2218378,High-income countries
Qatar,QAT,2015,0.7860608,123070.82,2427340,High-income countries
Qatar,QAT,2016,0.75369495,120054.24,2599382,High-income countries
Qatar,QAT,2017,0.721444,115064.836,2706716,High-income countries
Qatar,QAT,2018,0.69123983,114909.79,2761144,High-income countries
Qatar,QAT,2019,0.66510904,113160.836,2797927,High-income countries
Qatar,QAT,2020,0.64371747,103061.9,2803375,High-income countries
Qatar,QAT,2021,0.62670714,116832.66,2814988,High-income countries
Qatar,QAT,2022,0.61290574,114740.164,2892466,High-income countries
Qatar,QAT,2023,0.6015529,116563.99,2979086,High-income countries
Qatar,QAT,2024,,110889.79,2979086,High-income countries
Romania,ROU,1955,10.016876,,17475271,High-income countries
Romania,ROU,1956,9.858521,,17691497,High-income countries
Romania,ROU,1957,9.752264,,17887291,High-income countries
Romania,ROU,1958,9.640897,,18046126,High-income countries
Romania,ROU,1959,9.372359,,18187698,High-income countries
Romania,ROU,1960,8.815261,,18313498,High-income countries
Romania,ROU,1961,7.982497,,18422521,High-income countries
Romania,ROU,1962,6.983396,,18511674,High-income countries
Romania,ROU,1963,6.029667,,18587433,High-income countries
Romania,ROU,1964,5.449496,,18655407,High-income countries
Romania,ROU,1965,5.4378676,,18713060,High-income countries
Romania,ROU,1966,5.830972,,18776261,High-income countries
Romania,ROU,1967,6.27007,,18998561,High-income countries
Romania,ROU,1968,6.4364896,,19361050,High-income countries
Romania,ROU,1969,6.2348676,,19701809,High-income countries
Romania,ROU,1970,5.6852226,,20011626,High-income countries
Romania,ROU,1971,5.056266,,20293487,High-income countries
Romania,ROU,1972,4.637139,,20555577,High-income countries
Romania,ROU,1973,4.49433,,20798323,High-income countries
Romania,ROU,1974,4.4308586,,21033562,High-income countries
Romania,ROU,1975,4.274643,,21268070,High-income countries
Romania,ROU,1976,4.050267,,21497684,High-income countries
Romania,ROU,1977,3.8630025,,21700176,High-income countries
Romania,ROU,1978,3.7561538,,21868064,High-income countries
Romania,ROU,1979,3.6774673,,22019627,High-income countries
Romania,ROU,1980,3.5742683,,22154776,High-income countries
Romania,ROU,1981,3.4390383,,22272788,High-income countries
Romania,ROU,1982,3.2824407,,22374447,High-income countries
Romania,ROU,1983,3.1384013,,22459213,High-income countries
Romania,ROU,1984,3.0779386,,22534002,High-income countries
Romania,ROU,1985,3.160537,,22605815,High-income countries
Romania,ROU,1986,3.3288555,,22674739,High-income countries
Romania,ROU,1987,3.4508607,,22745589,High-income countries
Romania,ROU,1988,3.43382,,22815435,High-income countries
Romania,ROU,1989,3.3124452,,22887645,High-income countries
Romania,ROU,1990,3.1387882,16316.912,22939530,High-income countries
Romania,ROU,1991,2.9677212,14333.03,22947416,High-income countries
Romania,ROU,1992,2.84499,13195.097,22912389,High-income countries
Romania,ROU,1993,2.786148,13415.074,22842257,High-income countries
Romania,ROU,1994,2.7578862,13962.832,22756247,High-income countries
Romania,ROU,1995,2.7294567,14863.247,22657722,High-income countries
Romania,ROU,1996,2.676238,15488.622,22541915,High-income countries
Romania,ROU,1997,2.5779073,14780.059,22411511,High-income countries
Romania,ROU,1998,2.4372096,14510.054,22284901,High-income countries
Romania,ROU,1999,2.2871664,14478.109,22166156,High-income countries
Romania,ROU,2000,2.1577663,14853.668,22046264,High-income countries
Romania,ROU,2001,2.0636945,15848.37,21919916,High-income countries
Romania,ROU,2002,2.0110557,17061.7,21770020,High-income countries
Romania,ROU,2003,1.9872504,17587.535,21593448,High-income countries
Romania,ROU,2004,1.9387099,19532.56,21403215,High-income countries
Romania,ROU,2005,1.8209738,20571.012,21213395,High-income countries
Romania,ROU,2006,1.6612709,22354.656,21035732,High-income countries
Romania,ROU,2007,1.5111364,24328.494,20870714,High-income countries
Romania,ROU,2008,1.395315,27039.713,20718745,High-income countries
Romania,ROU,2009,1.3072182,25761.738,20576922,High-income countries
Romania,ROU,2010,1.2387764,24903.008,20432575,High-income countries
Romania,ROU,2011,1.1805015,26150.855,20282009,High-income countries
Romania,ROU,2012,1.12031,26767.566,20158451,High-income countries
Romania,ROU,2013,1.0539231,26942.043,20062913,High-income countries
Romania,ROU,2014,0.98564106,28156.248,19968179,High-income countries
Romania,ROU,2015,0.9193302,29182,19871018,High-income countries
Romania,ROU,2016,0.8543311,30189.273,19777049,High-income countries
Romania,ROU,2017,0.78841794,32852.773,19689405,High-income countries
Romania,ROU,2018,0.7254267,34829.04,19597874,High-income countries
Romania,ROU,2019,0.6786571,36399.625,19501542,High-income countries
Romania,ROU,2020,0.65695107,35283.754,19392467,High-income countries
Romania,ROU,2021,0.6544307,37534.156,19248159,High-income countries
Romania,ROU,2022,0.65919596,39256.99,19166776,High-income countries
Romania,ROU,2023,0.6634308,40116.855,19118482,High-income countries
Romania,ROU,2024,,40504,19118482,High-income countries
Russia,RUS,1958,5.228186,,116588767,High-income countries
Russia,RUS,1959,4.877569,,118293890,High-income countries
Russia,RUS,1960,4.553928,,119934143,High-income countries
Russia,RUS,1961,4.2570558,,121604308,High-income countries
Russia,RUS,1962,3.992318,,123111721,High-income countries
Russia,RUS,1963,3.7578943,,124449754,High-income countries
Russia,RUS,1964,3.5524206,,125630156,High-income countries
Russia,RUS,1965,3.378991,,126634210,High-income countries
Russia,RUS,1966,3.2347689,,127533630,High-income countries
Russia,RUS,1967,3.1141806,,128342646,High-income countries
Russia,RUS,1968,3.0185182,,129065046,High-income countries
Russia,RUS,1969,2.9426293,,129762191,High-income countries
Russia,RUS,1970,2.883289,,130367188,High-income countries
Russia,RUS,1971,2.838745,,130987110,High-income countries
Russia,RUS,1972,2.8060062,,131726417,High-income countries
Russia,RUS,1973,2.7832665,,132475155,High-income countries
Russia,RUS,1974,2.769862,,133259155,High-income countries
Russia,RUS,1975,2.763189,,134136098,High-income countries
Russia,RUS,1976,2.760574,,135080691,High-income countries
Russia,RUS,1977,2.75995,,136040974,High-income countries
Russia,RUS,1978,2.7573383,,136979085,High-income countries
Russia,RUS,1979,2.7460709,,137816542,High-income countries
Russia,RUS,1980,2.7250788,,138572628,High-income countries
Russia,RUS,1981,2.6960702,,139351496,High-income countries
Russia,RUS,1982,2.6607523,,140247745,High-income countries
Russia,RUS,1983,2.6172712,,141331277,High-income countries
Russia,RUS,1984,2.5638878,,142464238,High-income countries
Russia,RUS,1985,2.499665,,143569386,High-income countries
Russia,RUS,1986,2.424934,,144807816,High-income countries
Russia,RUS,1987,2.341986,,146147383,High-income countries
Russia,RUS,1988,2.262537,,147364493,High-income countries
Russia,RUS,1989,2.2005346,,148281862,High-income countries
Russia,RUS,1990,2.1655216,29643.596,148979537,High-income countries
Russia,RUS,1991,2.1558042,28066.922,149448433,High-income countries
Russia,RUS,1992,2.168808,23965.244,148915993,High-income countries
Russia,RUS,1993,2.1922019,21899.518,148135419,High-income countries
Russia,RUS,1994,2.204682,19153.363,148200734,High-income countries
Russia,RUS,1995,2.1951993,18363.713,148291406,High-income countries
Russia,RUS,1996,2.1689444,17699.87,148084580,High-income countries
Russia,RUS,1997,2.1318967,17977.352,147853769,High-income countries
Russia,RUS,1998,2.0833354,17052.756,147635543,High-income countries
Russia,RUS,1999,2.0193808,18200.32,147241973,High-income countries
Russia,RUS,2000,1.9383491,20104.75,146717784,High-income countries
Russia,RUS,2001,1.8409549,21219.904,146117290,High-income countries
Russia,RUS,2002,1.7300036,22319.678,145939502,High-income countries
Russia,RUS,2003,1.6123688,24057.928,145794230,High-income countries
Russia,RUS,2004,1.4958692,25894.146,145180091,High-income countries
Russia,RUS,2005,1.3857639,27656.658,144597886,High-income countries
Russia,RUS,2006,1.2855786,30022.672,144102948,High-income countries
Russia,RUS,2007,1.1975603,32630.37,143859767,High-income countries
Russia,RUS,2008,1.1259899,34342.227,143811837,High-income countries
Russia,RUS,2009,1.0745053,31654.004,143869128,High-income countries
Russia,RUS,2010,1.041069,33063.586,143934468,High-income countries
Russia,RUS,2011,1.0152682,34444.645,144043751,High-income countries
Russia,RUS,2012,0.9863997,35740.7,144291025,High-income countries
Russia,RUS,2013,0.94687235,36260.066,144604105,High-income countries
Russia,RUS,2014,0.8924268,35853.246,144925639,High-income countries
Russia,RUS,2015,0.8245947,35037.152,145307612,High-income countries
Russia,RUS,2016,0.75435597,35005.45,145778668,High-income countries
Russia,RUS,2017,0.68982106,35570.39,146186798,High-income countries
Russia,RUS,2018,0.63318944,36536.695,146430146,High-income countries
Russia,RUS,2019,0.5838024,37319.32,146533063,High-income countries
Russia,RUS,2020,0.5413754,36376.336,146371295,High-income countries
Russia,RUS,2021,0.50508755,38638.43,145836172,High-income countries
Russia,RUS,2022,0.4747672,38214.496,145579889,High-income countries
Russia,RUS,2023,0.4497858,39887.34,145440502,High-income countries
Russia,RUS,2024,,41704.71,145440502,High-income countries
Rwanda,RWA,1956,24.937391,,2656814,Low-income countries
Rwanda,RWA,1957,24.326342,,2747877,Low-income countries
Rwanda,RWA,1958,23.656603,,2840135,Low-income countries
Rwanda,RWA,1959,23.015461,,2932401,Low-income countries
Rwanda,RWA,1960,22.415972,,3022300,Low-income countries
Rwanda,RWA,1961,21.876272,,3106786,Low-income countries
Rwanda,RWA,1962,21.506458,,3186019,Low-income countries
Rwanda,RWA,1963,21.266558,,3258901,Low-income countries
Rwanda,RWA,1964,21.126556,,3334835,Low-income countries
Rwanda,RWA,1965,21.098368,,3423216,Low-income countries
Rwanda,RWA,1966,21.194653,,3521626,Low-income countries
Rwanda,RWA,1967,21.41163,,3629585,Low-income countries
Rwanda,RWA,1968,21.693466,,3744013,Low-income countries
Rwanda,RWA,1969,21.976585,,3861274,Low-income countries
Rwanda,RWA,1970,22.263731,,3980673,Low-income countries
Rwanda,RWA,1971,22.58307,,4100049,Low-income countries
Rwanda,RWA,1972,22.947426,,4220335,Low-income countries
Rwanda,RWA,1973,23.412205,,4345045,Low-income countries
Rwanda,RWA,1974,24.019762,,4474235,Low-income countries
Rwanda,RWA,1975,24.637398,,4607728,Low-income countries
Rwanda,RWA,1976,25.072817,,4745962,Low-income countries
Rwanda,RWA,1977,25.109018,,4888248,Low-income countries
Rwanda,RWA,1978,24.573072,,5035172,Low-income countries
Rwanda,RWA,1979,23.395226,,5189550,Low-income countries
Rwanda,RWA,1980,21.822187,,5353263,Low-income countries
Rwanda,RWA,1981,20.133959,,5527236,Low-income countries
Rwanda,RWA,1982,18.60953,,5711555,Low-income countries
Rwanda,RWA,1983,17.401533,,5905311,Low-income countries
Rwanda,RWA,1984,16.590408,,6107628,Low-income countries
Rwanda,RWA,1985,16.072151,,6317230,Low-income countries
Rwanda,RWA,1986,15.630176,,6531887,Low-income countries
Rwanda,RWA,1987,15.171834,,6749494,Low-income countries
Rwanda,RWA,1988,14.834612,,6968075,Low-income countries
Rwanda,RWA,1989,14.779908,,7184709,Low-income countries
Rwanda,RWA,1990,15.13501,1122.9913,7375313,Low-income countries
Rwanda,RWA,1991,16.03499,1072.6971,7526964,Low-income countries
Rwanda,RWA,1992,17.534195,1112.5903,7683266,Low-income countries
Rwanda,RWA,1993,19.312958,984.2175,7981142,Low-income countries
Rwanda,RWA,1994,38.897636,575.36755,6792358,Low-income countries
Rwanda,RWA,1995,21.820374,931.3678,5674118,Low-income countries
Rwanda,RWA,1996,22.194185,888.131,6708767,Low-income countries
Rwanda,RWA,1997,22.18609,874.6947,7755237,Low-income countries
Rwanda,RWA,1998,21.491228,913.7196,8081688,Low-income countries
Rwanda,RWA,1999,20.185135,945.7332,8147917,Low-income countries
Rwanda,RWA,2000,18.486446,1016.662,8213936,Low-income countries
Rwanda,RWA,2001,16.6759,1093.1841,8287091,Low-income countries
Rwanda,RWA,2002,14.937035,1220.7395,8400185,Low-income countries
Rwanda,RWA,2003,13.326556,1220.4991,8586878,Low-income countries
Rwanda,RWA,2004,11.810594,1277.1927,8816849,Low-income countries
Rwanda,RWA,2005,10.489499,1360.2959,9054532,Low-income countries
Rwanda,RWA,2006,9.371636,1446.7109,9299251,Low-income countries
Rwanda,RWA,2007,8.447351,1516.2675,9549940,Low-income countries
Rwanda,RWA,2008,7.6240244,1641.7777,9804268,Low-income countries
Rwanda,RWA,2009,6.9247103,1699.9446,10060438,Low-income countries
Rwanda,RWA,2010,6.327466,1779.1586,10317560,Low-income countries
Rwanda,RWA,2011,5.808619,1874.215,10573742,Low-income countries
Rwanda,RWA,2012,5.447007,1988.0122,10829904,Low-income countries
Rwanda,RWA,2013,5.17256,2032.4048,11093340,Low-income countries
Rwanda,RWA,2014,4.9613295,2106.2146,11364758,Low-income countries
Rwanda,RWA,2015,4.7769656,2238.5393,11640026,Low-income countries
Rwanda,RWA,2016,4.631972,2316.6372,11919183,Low-income countries
Rwanda,RWA,2017,4.5202537,2351.597,12202062,Low-income countries
Rwanda,RWA,2018,4.433305,2493.44,12488000,Low-income countries
Rwanda,RWA,2019,4.3442764,2667.4646,12776102,Low-income countries
Rwanda,RWA,2020,4.2462397,2520.3174,13065838,Low-income countries
Rwanda,RWA,2021,4.1580796,2733.4355,13355260,Low-income countries
Rwanda,RWA,2022,4.0822396,2892.4597,13651025,Low-income countries
Rwanda,RWA,2023,4.0014644,3062.999,13954473,Low-income countries
Rwanda,RWA,2024,,3264.6445,13954473,Low-income countries
Saint Kitts and Nevis,KNA,1973,6.1593194,,43897,High-income countries
Saint Kitts and Nevis,KNA,1974,6.0313854,,43759,High-income countries
Saint Kitts and Nevis,KNA,1975,5.9069805,,43628,High-income countries
Saint Kitts and Nevis,KNA,1976,5.779953,,43499,High-income countries
Saint Kitts and Nevis,KNA,1977,5.6437383,,43377,High-income countries
Saint Kitts and Nevis,KNA,1978,5.4838314,,43237,High-income countries
Saint Kitts and Nevis,KNA,1979,5.2917976,,43053,High-income countries
Saint Kitts and Nevis,KNA,1980,5.0618806,,42866,High-income countries
Saint Kitts and Nevis,KNA,1981,4.8054366,,42721,High-income countries
Saint Kitts and Nevis,KNA,1982,4.5286846,,42549,High-income countries
Saint Kitts and Nevis,KNA,1983,4.256364,,42355,High-income countries
Saint Kitts and Nevis,KNA,1984,3.9967604,,42134,High-income countries
Saint Kitts and Nevis,KNA,1985,3.7616773,,41894,High-income countries
Saint Kitts and Nevis,KNA,1986,3.557553,,41642,High-income countries
Saint Kitts and Nevis,KNA,1987,3.385468,,41368,High-income countries
Saint Kitts and Nevis,KNA,1988,3.242856,,41084,High-income countries
Saint Kitts and Nevis,KNA,1989,3.1227171,,40777,High-income countries
Saint Kitts and Nevis,KNA,1990,3.0305824,14326.041,40456,High-income countries
Saint Kitts and Nevis,KNA,1991,2.9574103,14084.684,40382,High-income countries
Saint Kitts and Nevis,KNA,1992,2.8973138,14557.185,40740,High-income countries
Saint Kitts and Nevis,KNA,1993,2.849399,15348.688,41266,High-income countries
Saint Kitts and Nevis,KNA,1994,2.80489,15955.838,41798,High-income countries
Saint Kitts and Nevis,KNA,1995,2.7571754,16596.266,42347,High-income countries
Saint Kitts and Nevis,KNA,1996,2.7023973,17340.223,42903,High-income countries
Saint Kitts and Nevis,KNA,1997,2.6397376,18288.494,43453,High-income countries
Saint Kitts and Nevis,KNA,1998,2.5649498,17963.7,44018,High-income countries
Saint Kitts and Nevis,KNA,1999,2.4801335,18291.424,44625,High-income countries
Saint Kitts and Nevis,KNA,2000,2.3868763,19840.58,45272,High-income countries
Saint Kitts and Nevis,KNA,2001,2.2909727,20648.79,45785,High-income countries
Saint Kitts and Nevis,KNA,2002,2.198257,20813.404,46048,High-income countries
Saint Kitts and Nevis,KNA,2003,2.1111674,19927.182,46200,High-income countries
Saint Kitts and Nevis,KNA,2004,2.0327563,20661.346,46337,High-income countries
Saint Kitts and Nevis,KNA,2005,1.9714292,22612.713,46459,High-income countries
Saint Kitts and Nevis,KNA,2006,1.9242008,23258.984,46592,High-income countries
Saint Kitts and Nevis,KNA,2007,1.8933078,23330.045,46734,High-income countries
Saint Kitts and Nevis,KNA,2008,1.8771985,25898.783,46857,High-income countries
Saint Kitts and Nevis,KNA,2009,1.8741125,24973.805,46941,High-income countries
Saint Kitts and Nevis,KNA,2010,1.8792478,24997.566,46871,High-income countries
Saint Kitts and Nevis,KNA,2011,1.8931919,25380.008,46917,High-income countries
Saint Kitts and Nevis,KNA,2012,1.9102488,25114.057,47056,High-income countries
Saint Kitts and Nevis,KNA,2013,1.9310002,26532.102,47092,High-income countries
Saint Kitts and Nevis,KNA,2014,1.9471254,28530.307,47112,High-income countries
Saint Kitts and Nevis,KNA,2015,1.9446812,28729.566,47108,High-income countries
Saint Kitts and Nevis,KNA,2016,1.9250801,29867.027,47099,High-income countries
Saint Kitts and Nevis,KNA,2017,1.8952446,29948.92,47075,High-income countries
Saint Kitts and Nevis,KNA,2018,1.8624694,30576.248,47032,High-income countries
Saint Kitts and Nevis,KNA,2019,1.8225522,31512.193,46976,High-income countries
Saint Kitts and Nevis,KNA,2020,1.773727,26736.928,46896,High-income countries
Saint Kitts and Nevis,KNA,2021,1.7235746,26896.617,46786,High-income countries
Saint Kitts and Nevis,KNA,2022,1.6753013,29749.87,46732,High-income countries
Saint Kitts and Nevis,KNA,2023,1.6277627,30616.578,46783,High-income countries
Saint Kitts and Nevis,KNA,2024,,30656.441,46783,High-income countries
Saint Lucia,LCA,1950,17.462751,,93009,Upper-middle-income countries
Saint Lucia,LCA,1951,17.100595,,93988,Upper-middle-income countries
Saint Lucia,LCA,1952,16.738857,,94432,Upper-middle-income countries
Saint Lucia,LCA,1953,16.395403,,94347,Upper-middle-income countries
Saint Lucia,LCA,1954,16.04123,,94123,Upper-middle-income countries
Saint Lucia,LCA,1955,15.668704,,93821,Upper-middle-income countries
Saint Lucia,LCA,1956,15.283446,,93473,Upper-middle-income countries
Saint Lucia,LCA,1957,14.873603,,93100,Upper-middle-income countries
Saint Lucia,LCA,1958,14.424491,,92731,Upper-middle-income countries
Saint Lucia,LCA,1959,13.939483,,92369,Upper-middle-income countries
Saint Lucia,LCA,1960,13.416487,,92605,Upper-middle-income countries
Saint Lucia,LCA,1961,12.852431,,93506,Upper-middle-income countries
Saint Lucia,LCA,1962,12.2508545,,94523,Upper-middle-income countries
Saint Lucia,LCA,1963,11.615237,,95539,Upper-middle-income countries
Saint Lucia,LCA,1964,10.956655,,96529,Upper-middle-income countries
Saint Lucia,LCA,1965,10.288415,,97513,Upper-middle-income countries
Saint Lucia,LCA,1966,9.619631,,98486,Upper-middle-income countries
Saint Lucia,LCA,1967,8.960436,,99523,Upper-middle-income countries
Saint Lucia,LCA,1968,8.319255,,100696,Upper-middle-income countries
Saint Lucia,LCA,1969,7.695752,,101904,Upper-middle-income countries
Saint Lucia,LCA,1970,7.1035295,,103184,Upper-middle-income countries
Saint Lucia,LCA,1971,6.543561,,104577,Upper-middle-income countries
Saint Lucia,LCA,1972,6.0187616,,106021,Upper-middle-income countries
Saint Lucia,LCA,1973,5.527844,,107512,Upper-middle-income countries
Saint Lucia,LCA,1974,5.077117,,109093,Upper-middle-income countries
Saint Lucia,LCA,1975,4.666118,,110740,Upper-middle-income countries
Saint Lucia,LCA,1976,4.295717,,112442,Upper-middle-income countries
Saint Lucia,LCA,1977,3.9664955,,114150,Upper-middle-income countries
Saint Lucia,LCA,1978,3.6769326,,115853,Upper-middle-income countries
Saint Lucia,LCA,1979,3.4207644,,117547,Upper-middle-income countries
Saint Lucia,LCA,1980,3.1970994,,119302,Upper-middle-income countries
Saint Lucia,LCA,1981,3.0007994,,121183,Upper-middle-income countries
Saint Lucia,LCA,1982,2.8293817,,123097,Upper-middle-income countries
Saint Lucia,LCA,1983,2.6814642,,125055,Upper-middle-income countries
Saint Lucia,LCA,1984,2.5543575,,127085,Upper-middle-income countries
Saint Lucia,LCA,1985,2.4438102,,129174,Upper-middle-income countries
Saint Lucia,LCA,1986,2.349064,,131253,Upper-middle-income countries
Saint Lucia,LCA,1987,2.2676141,,133243,Upper-middle-income countries
Saint Lucia,LCA,1988,2.1988301,,135019,Upper-middle-income countries
Saint Lucia,LCA,1989,2.1395814,,136526,Upper-middle-income countries
Saint Lucia,LCA,1990,2.0893502,17222.148,137874,Upper-middle-income countries
Saint Lucia,LCA,1991,2.04581,17080.799,139536,Upper-middle-income countries
Saint Lucia,LCA,1992,2.008424,18166.207,141629,Upper-middle-income countries
Saint Lucia,LCA,1993,1.9760323,18004.031,143735,Upper-middle-income countries
Saint Lucia,LCA,1994,1.9479202,18020.514,145901,Upper-middle-income countries
Saint Lucia,LCA,1995,1.9232106,18048.781,148227,Upper-middle-income countries
Saint Lucia,LCA,1996,1.9023238,18301.152,150453,Upper-middle-income countries
Saint Lucia,LCA,1997,1.8847493,17920.033,152584,Upper-middle-income countries
Saint Lucia,LCA,1998,1.8697397,18786.998,154688,Upper-middle-income countries
Saint Lucia,LCA,1999,1.8574166,19039.463,156719,Upper-middle-income countries
Saint Lucia,LCA,2000,1.8475847,18818.885,158624,Upper-middle-income countries
Saint Lucia,LCA,2001,1.8402066,17993.637,160247,Upper-middle-income countries
Saint Lucia,LCA,2002,1.8346728,17911.629,161655,Upper-middle-income countries
Saint Lucia,LCA,2003,1.8309948,18522.514,162985,Upper-middle-income countries
Saint Lucia,LCA,2004,1.8282009,19715.83,164250,Upper-middle-income countries
Saint Lucia,LCA,2005,1.8265299,19491.219,165460,Upper-middle-income countries
Saint Lucia,LCA,2006,1.8239123,20551.06,166657,Upper-middle-income countries
Saint Lucia,LCA,2007,1.8204963,20759.305,167766,Upper-middle-income countries
Saint Lucia,LCA,2008,1.8159884,21651.234,168816,Upper-middle-income countries
Saint Lucia,LCA,2009,1.8098814,20907.334,169880,Upper-middle-income countries
Saint Lucia,LCA,2010,1.801978,20849.055,170921,Upper-middle-income countries
Saint Lucia,LCA,2011,1.7918622,21637.87,171814,Upper-middle-income countries
Saint Lucia,LCA,2012,1.7808163,21515.9,172595,Upper-middle-income countries
Saint Lucia,LCA,2013,1.7676163,21029.29,173380,Upper-middle-income countries
Saint Lucia,LCA,2014,1.7525203,21214.477,174145,Upper-middle-income countries
Saint Lucia,LCA,2015,1.735427,21142.973,174919,Upper-middle-income countries
Saint Lucia,LCA,2016,1.7158023,21775.475,175651,Upper-middle-income countries
Saint Lucia,LCA,2017,1.6955122,22422.598,176352,Upper-middle-income countries
Saint Lucia,LCA,2018,1.6745234,22981.918,177032,Upper-middle-income countries
Saint Lucia,LCA,2019,1.6510768,22738.248,177675,Upper-middle-income countries
Saint Lucia,LCA,2020,1.6272699,17142.045,178261,Upper-middle-income countries
Saint Lucia,LCA,2021,1.6026284,19101.166,178540,Upper-middle-income countries
Saint Lucia,LCA,2022,1.5779858,22962.281,178794,Upper-middle-income countries
Saint Lucia,LCA,2023,1.5545658,23403.744,179291,Upper-middle-income countries
Saint Lucia,LCA,2024,,24252.469,179291,Upper-middle-income countries
Saint Vincent and the Grenadines,VCT,1969,6.034118,,95074,Upper-middle-income countries
Saint Vincent and the Grenadines,VCT,1970,6.41984,,95977,Upper-middle-income countries
Saint Vincent and the Grenadines,VCT,1971,6.8194165,,96892,Upper-middle-income countries
Saint Vincent and the Grenadines,VCT,1972,7.197584,,97805,Upper-middle-income countries
Saint Vincent and the Grenadines,VCT,1973,7.5157514,,98704,Upper-middle-income countries
Saint Vincent and the Grenadines,VCT,1974,7.708999,,99577,Upper-middle-income countries
Saint Vincent and the Grenadines,VCT,1975,7.696211,,100404,Upper-middle-income countries
Saint Vincent and the Grenadines,VCT,1976,7.4510217,,101218,Upper-middle-income countries
Saint Vincent and the Grenadines,VCT,1977,7.026912,,102013,Upper-middle-income countries
Saint Vincent and the Grenadines,VCT,1978,6.490085,,102785,Upper-middle-income countries
Saint Vincent and the Grenadines,VCT,1979,5.9124646,,103496,Upper-middle-income countries
Saint Vincent and the Grenadines,VCT,1980,5.3438983,,104229,Upper-middle-income countries
Saint Vincent and the Grenadines,VCT,1981,4.820091,,105092,Upper-middle-income countries
Saint Vincent and the Grenadines,VCT,1982,4.3437047,,105986,Upper-middle-income countries
Saint Vincent and the Grenadines,VCT,1983,3.9128878,,106858,Upper-middle-income countries
Saint Vincent and the Grenadines,VCT,1984,3.5370936,,107706,Upper-middle-income countries
Saint Vincent and the Grenadines,VCT,1985,3.2195458,,108526,Upper-middle-income countries
Saint Vincent and the Grenadines,VCT,1986,2.9623144,,109302,Upper-middle-income countries
Saint Vincent and the Grenadines,VCT,1987,2.7545931,,110018,Upper-middle-income countries
Saint Vincent and the Grenadines,VCT,1988,2.5938532,,110678,Upper-middle-income countries
Saint Vincent and the Grenadines,VCT,1989,2.4696207,,111290,Upper-middle-income countries
Saint Vincent and the Grenadines,VCT,1990,2.3771658,7467.379,111825,Upper-middle-income countries
Saint Vincent and the Grenadines,VCT,1991,2.30985,7524.585,112236,Upper-middle-income countries
Saint Vincent and the Grenadines,VCT,1992,2.2638764,7984.0796,112524,Upper-middle-income countries
Saint Vincent and the Grenadines,VCT,1993,2.236548,8306.775,112753,Upper-middle-income countries
Saint Vincent and the Grenadines,VCT,1994,2.2252512,8189.8438,112933,Upper-middle-income countries
Saint Vincent and the Grenadines,VCT,1995,2.2257073,8815.849,113064,Upper-middle-income countries
Saint Vincent and the Grenadines,VCT,1996,2.2323182,8923.705,113136,Upper-middle-income countries
Saint Vincent and the Grenadines,VCT,1997,2.240375,9234.699,113158,Upper-middle-income countries
Saint Vincent and the Grenadines,VCT,1998,2.2465856,9609.104,113195,Upper-middle-income countries
Saint Vincent and the Grenadines,VCT,1999,2.2477708,9853.348,113384,Upper-middle-income countries
Saint Vincent and the Grenadines,VCT,2000,2.2470744,9999.059,113561,Upper-middle-income countries
Saint Vincent and the Grenadines,VCT,2001,2.2460907,10177.81,113506,Upper-middle-income countries
Saint Vincent and the Grenadines,VCT,2002,2.2433913,10736.088,113365,Upper-middle-income countries
Saint Vincent and the Grenadines,VCT,2003,2.2465882,11475.331,113149,Upper-middle-income countries
Saint Vincent and the Grenadines,VCT,2004,2.2513332,11979.907,112856,Upper-middle-income countries
Saint Vincent and the Grenadines,VCT,2005,2.2573893,12320.071,112465,Upper-middle-income countries
Saint Vincent and the Grenadines,VCT,2006,2.2605839,13233.407,112027,Upper-middle-income countries
Saint Vincent and the Grenadines,VCT,2007,2.2547328,13732.362,111544,Upper-middle-income countries
Saint Vincent and the Grenadines,VCT,2008,2.2336335,13850.394,111047,Upper-middle-income countries
Saint Vincent and the Grenadines,VCT,2009,2.1948693,13723.784,110521,Upper-middle-income countries
Saint Vincent and the Grenadines,VCT,2010,2.1375792,13175.723,109974,Upper-middle-income countries
Saint Vincent and the Grenadines,VCT,2011,2.0630789,13168.896,109367,Upper-middle-income countries
Saint Vincent and the Grenadines,VCT,2012,1.9784459,13397.963,108753,Upper-middle-income countries
Saint Vincent and the Grenadines,VCT,2013,1.8848999,13804.184,108156,Upper-middle-income countries
Saint Vincent and the Grenadines,VCT,2014,1.7871542,14040.246,107555,Upper-middle-income countries
Saint Vincent and the Grenadines,VCT,2015,1.6860491,14508.861,106975,Upper-middle-income countries
Saint Vincent and the Grenadines,VCT,2016,1.58555,15197.748,106365,Upper-middle-income countries
Saint Vincent and the Grenadines,VCT,2017,1.4878552,15533.222,105674,Upper-middle-income countries
Saint Vincent and the Grenadines,VCT,2018,1.3936445,16139.066,104939,Upper-middle-income countries
Saint Vincent and the Grenadines,VCT,2019,1.3059949,16365.325,104183,Upper-middle-income countries
Saint Vincent and the Grenadines,VCT,2020,1.2306572,15763.705,103540,Upper-middle-income countries
Saint Vincent and the Grenadines,VCT,2021,1.1655035,16200.899,102848,Upper-middle-income countries
Saint Vincent and the Grenadines,VCT,2022,1.1115382,16835.023,102063,Upper-middle-income countries
Saint Vincent and the Grenadines,VCT,2023,1.0643464,17858.244,101331,Upper-middle-income countries
Saint Vincent and the Grenadines,VCT,2024,,18714.2,101331,Upper-middle-income countries
Samoa,WSM,1940,19.296707,,72525,Upper-middle-income countries
Samoa,WSM,1941,18.903986,,73907,Upper-middle-income countries
Samoa,WSM,1942,18.520296,,75304,Upper-middle-income countries
Samoa,WSM,1943,18.144077,,76713,Upper-middle-income countries
Samoa,WSM,1944,17.781424,,78149,Upper-middle-income countries
Samoa,WSM,1945,17.41854,,79612,Upper-middle-income countries
Samoa,WSM,1946,17.052141,,81103,Upper-middle-income countries
Samoa,WSM,1947,16.68906,,82621,Upper-middle-income countries
Samoa,WSM,1948,16.311571,,84168,Upper-middle-income countries
Samoa,WSM,1949,15.915283,,85941,Upper-middle-income countries
Samoa,WSM,1950,15.499167,,88299,Upper-middle-income countries
Samoa,WSM,1951,15.050922,,90523,Upper-middle-income countries
Samoa,WSM,1952,14.599268,,92723,Upper-middle-income countries
Samoa,WSM,1953,14.122992,,94787,Upper-middle-income countries
Samoa,WSM,1954,13.63467,,96896,Upper-middle-income countries
Samoa,WSM,1955,13.140306,,99056,Upper-middle-income countries
Samoa,WSM,1956,12.638497,,101337,Upper-middle-income countries
Samoa,WSM,1957,12.139358,,103906,Upper-middle-income countries
Samoa,WSM,1958,11.65578,,106710,Upper-middle-income countries
Samoa,WSM,1959,11.186251,,109575,Upper-middle-income countries
Samoa,WSM,1960,10.736453,,112508,Upper-middle-income countries
Samoa,WSM,1961,10.319446,,115516,Upper-middle-income countries
Samoa,WSM,1962,9.9256735,,118615,Upper-middle-income countries
Samoa,WSM,1963,9.560613,,121779,Upper-middle-income countries
Samoa,WSM,1964,11.101832,,124915,Upper-middle-income countries
Samoa,WSM,1965,8.898136,,127996,Upper-middle-income countries
Samoa,WSM,1966,8.570538,,131086,Upper-middle-income countries
Samoa,WSM,1967,8.233772,,133784,Upper-middle-income countries
Samoa,WSM,1968,7.8863626,,136038,Upper-middle-income countries
Samoa,WSM,1969,7.5340548,,138243,Upper-middle-income countries
Samoa,WSM,1970,7.1900043,,140420,Upper-middle-income countries
Samoa,WSM,1971,6.846004,,142514,Upper-middle-income countries
Samoa,WSM,1972,6.5160465,,144551,Upper-middle-income countries
Samoa,WSM,1973,6.201153,,146527,Upper-middle-income countries
Samoa,WSM,1974,5.901737,,149440,Upper-middle-income countries
Samoa,WSM,1975,5.617617,,153353,Upper-middle-income countries
Samoa,WSM,1976,5.3396783,,157123,Upper-middle-income countries
Samoa,WSM,1977,5.0717945,,159766,Upper-middle-income countries
Samoa,WSM,1978,4.8193173,,161385,Upper-middle-income countries
Samoa,WSM,1979,4.589268,,162892,Upper-middle-income countries
Samoa,WSM,1980,4.3769464,,164335,Upper-middle-income countries
Samoa,WSM,1981,4.1883545,,165684,Upper-middle-income countries
Samoa,WSM,1982,4.0137787,,166496,Upper-middle-income countries
Samoa,WSM,1983,3.852662,,166724,Upper-middle-income countries
Samoa,WSM,1984,3.6988356,,166805,Upper-middle-income countries
Samoa,WSM,1985,3.555395,,166862,Upper-middle-income countries
Samoa,WSM,1986,3.4202387,,167071,Upper-middle-income countries
Samoa,WSM,1987,3.297747,,167671,Upper-middle-income countries
Samoa,WSM,1988,3.1820238,,168360,Upper-middle-income countries
Samoa,WSM,1989,3.0777361,,168779,Upper-middle-income countries
Samoa,WSM,1990,2.979752,3990.9268,169061,Upper-middle-income countries
Samoa,WSM,1991,2.88763,3891.63,169378,Upper-middle-income countries
Samoa,WSM,1992,2.7962823,3861.889,170340,Upper-middle-income countries
Samoa,WSM,1993,2.7048438,3986.4539,171786,Upper-middle-income countries
Samoa,WSM,1994,2.6113493,3854.0393,173167,Upper-middle-income countries
Samoa,WSM,1995,2.5218267,4077.991,174585,Upper-middle-income countries
Samoa,WSM,1996,2.4367712,4333.5127,176086,Upper-middle-income countries
Samoa,WSM,1997,2.3538759,4325.138,177561,Upper-middle-income countries
Samoa,WSM,1998,2.2722387,4386.519,178921,Upper-middle-income countries
Samoa,WSM,1999,2.1924317,4448.32,180279,Upper-middle-income countries
Samoa,WSM,2000,2.1182163,4638.594,181695,Upper-middle-income countries
Samoa,WSM,2001,2.0556283,4941.115,183174,Upper-middle-income countries
Samoa,WSM,2002,2.0033393,5183.4546,184482,Upper-middle-income countries
Samoa,WSM,2003,1.9650687,5425.444,185447,Upper-middle-income countries
Samoa,WSM,2004,1.9387628,5568.347,186265,Upper-middle-income countries
Samoa,WSM,2005,1.9276751,5914.8896,186993,Upper-middle-income countries
Samoa,WSM,2006,1.9257897,6017.477,187724,Upper-middle-income countries
Samoa,WSM,2007,1.92884,6013.2764,188766,Upper-middle-income countries
Samoa,WSM,2008,1.9344246,6182.763,190117,Upper-middle-income countries
Samoa,WSM,2009,2.5403733,6104.1274,191530,Upper-middle-income countries
Samoa,WSM,2010,1.934058,6427.3115,193035,Upper-middle-income countries
Samoa,WSM,2011,1.924542,6616.771,194726,Upper-middle-income countries
Samoa,WSM,2012,1.9105076,6311.961,196518,Upper-middle-income countries
Samoa,WSM,2013,1.892519,6262.3237,198284,Upper-middle-income countries
Samoa,WSM,2014,1.8709188,6247.905,200051,Upper-middle-income countries
Samoa,WSM,2015,1.852323,6432.36,201794,Upper-middle-income countries
Samoa,WSM,2016,1.8325915,6887.305,203509,Upper-middle-income countries
Samoa,WSM,2017,1.8112495,6919.0156,205423,Upper-middle-income countries
Samoa,WSM,2018,1.7822382,6805.0454,207595,Upper-middle-income countries
Samoa,WSM,2019,2.0229294,7033.521,209794,Upper-middle-income countries
Samoa,WSM,2020,1.7030774,6745.2925,211957,Upper-middle-income countries
Samoa,WSM,2021,1.6595435,6350.1143,213792,Upper-middle-income countries
Samoa,WSM,2022,1.6163914,6449.365,215270,Upper-middle-income countries
Samoa,WSM,2023,1.5703042,7383.7456,216673,Upper-middle-income countries
Samoa,WSM,2024,,7686.2495,216673,Upper-middle-income countries
San Marino,SMR,1985,1.9929867,,22509,High-income countries
San Marino,SMR,1986,1.8222257,,22663,High-income countries
San Marino,SMR,1987,1.6591892,,22710,High-income countries
San Marino,SMR,1988,1.5161349,,22865,High-income countries
San Marino,SMR,1989,1.3870536,,23175,High-income countries
San Marino,SMR,1990,1.2712076,,23501,High-income countries
San Marino,SMR,1991,1.162483,,23823,High-income countries
San Marino,SMR,1992,1.0633743,,24149,High-income countries
San Marino,SMR,1993,0.97238547,,24499,High-income countries
San Marino,SMR,1994,0.8881905,,24853,High-income countries
San Marino,SMR,1995,0.8134363,,25183,High-income countries
San Marino,SMR,1996,0.7451562,,25503,High-income countries
San Marino,SMR,1997,0.6857033,66923.03,25821,High-income countries
San Marino,SMR,1998,0.6308518,71024.56,26149,High-income countries
San Marino,SMR,1999,0.5813641,76474.13,26485,High-income countries
San Marino,SMR,2000,0.53607064,77149.414,26823,High-income countries
San Marino,SMR,2001,0.49529725,80420.77,27173,High-income countries
San Marino,SMR,2002,0.45900035,79649.53,27515,High-income countries
San Marino,SMR,2003,0.42459714,81688.375,27871,High-income countries
San Marino,SMR,2004,0.3946962,80724.81,28230,High-income countries
San Marino,SMR,2005,0.36821523,81632.17,28600,High-income countries
San Marino,SMR,2006,0.34425706,83781.55,28966,High-income countries
San Marino,SMR,2007,0.32254922,86785.016,29334,High-income countries
San Marino,SMR,2008,0.30249852,85120.29,29721,High-income countries
San Marino,SMR,2009,0.28492904,73093.83,30115,High-income countries
San Marino,SMR,2010,0.26800457,68669.25,30648,High-income countries
San Marino,SMR,2011,0.25369787,64214.117,32194,High-income countries
San Marino,SMR,2012,0.23918216,58176.38,33494,High-income countries
San Marino,SMR,2013,0.22616841,58467.977,33641,High-income countries
San Marino,SMR,2014,0.21420075,58743.586,33753,High-income countries
San Marino,SMR,2015,0.20291547,59647.66,33927,High-income countries
San Marino,SMR,2016,0.19301285,60669.82,34188,High-income countries
San Marino,SMR,2017,0.18331967,59524.56,34405,High-income countries
San Marino,SMR,2018,0.17491968,59194.043,34557,High-income countries
San Marino,SMR,2019,0.16708204,60171.047,34674,High-income countries
San Marino,SMR,2020,0.16046926,55998.07,34796,High-income countries
San Marino,SMR,2021,0.15400584,64745.133,34599,High-income countries
San Marino,SMR,2022,0.14792618,70887.57,34113,High-income countries
San Marino,SMR,2023,0.14293101,70951.79,33761,High-income countries
Sao Tome and Principe,STP,1965,9.561345,,71691,Lower-middle-income countries
Sao Tome and Principe,STP,1966,9.287435,,72594,Lower-middle-income countries
Sao Tome and Principe,STP,1967,9.044679,,73610,Lower-middle-income countries
Sao Tome and Principe,STP,1968,8.846154,,74783,Lower-middle-income countries
Sao Tome and Principe,STP,1969,8.706781,,76096,Lower-middle-income countries
Sao Tome and Principe,STP,1970,8.63972,,77639,Lower-middle-income countries
Sao Tome and Principe,STP,1971,8.633261,,79351,Lower-middle-income countries
Sao Tome and Principe,STP,1972,8.67084,,81061,Lower-middle-income countries
Sao Tome and Principe,STP,1973,8.728758,,82816,Lower-middle-income countries
Sao Tome and Principe,STP,1974,8.792408,,84685,Lower-middle-income countries
Sao Tome and Principe,STP,1975,8.850735,,86722,Lower-middle-income countries
Sao Tome and Principe,STP,1976,8.892848,,88939,Lower-middle-income countries
Sao Tome and Principe,STP,1977,8.925217,,91316,Lower-middle-income countries
Sao Tome and Principe,STP,1978,8.964338,,93809,Lower-middle-income countries
Sao Tome and Principe,STP,1979,9.02166,,96266,Lower-middle-income countries
Sao Tome and Principe,STP,1980,9.099528,,98563,Lower-middle-income countries
Sao Tome and Principe,STP,1981,9.213673,,100629,Lower-middle-income countries
Sao Tome and Principe,STP,1982,9.36596,,102528,Lower-middle-income countries
Sao Tome and Principe,STP,1983,9.55626,,104397,Lower-middle-income countries
Sao Tome and Principe,STP,1984,9.77063,,106410,Lower-middle-income countries
Sao Tome and Principe,STP,1985,9.993435,,108669,Lower-middle-income countries
Sao Tome and Principe,STP,1986,11.377894,,111163,Lower-middle-income countries
Sao Tome and Principe,STP,1987,10.397787,,113934,Lower-middle-income countries
Sao Tome and Principe,STP,1988,10.561984,,116955,Lower-middle-income countries
Sao Tome and Principe,STP,1989,10.70149,,119990,Lower-middle-income countries
Sao Tome and Principe,STP,1990,10.812508,3883.2043,122993,Lower-middle-income countries
Sao Tome and Principe,STP,1991,10.881386,3844.8965,125711,Lower-middle-income countries
Sao Tome and Principe,STP,1992,10.888564,3798.8835,128127,Lower-middle-income countries
Sao Tome and Principe,STP,1993,10.824631,3771.2861,130478,Lower-middle-income countries
Sao Tome and Principe,STP,1994,10.684374,3788.4836,132745,Lower-middle-income countries
Sao Tome and Principe,STP,1995,10.444754,3802.2913,134905,Lower-middle-income countries
Sao Tome and Principe,STP,1996,10.1263,3801.0815,136974,Lower-middle-income countries
Sao Tome and Principe,STP,1997,9.726096,3784.7903,138935,Lower-middle-income countries
Sao Tome and Principe,STP,1998,9.263399,3828.9983,140765,Lower-middle-income countries
Sao Tome and Principe,STP,1999,8.756146,3878.131,142459,Lower-middle-income countries
Sao Tome and Principe,STP,2000,8.211513,3852.8904,144029,Lower-middle-income countries
Sao Tome and Principe,STP,2001,7.656912,3907.0193,146386,Lower-middle-income countries
Sao Tome and Principe,STP,2002,7.1019588,3942.7605,149932,Lower-middle-income countries
Sao Tome and Principe,STP,2003,6.566473,4161.638,153824,Lower-middle-income countries
Sao Tome and Principe,STP,2004,6.046276,4202.562,157721,Lower-middle-income countries
Sao Tome and Principe,STP,2005,5.561421,4371.497,161650,Lower-middle-income countries
Sao Tome and Principe,STP,2006,5.1053576,4644.1807,165651,Lower-middle-income countries
Sao Tome and Principe,STP,2007,4.68395,4698.084,169709,Lower-middle-income countries
Sao Tome and Principe,STP,2008,4.3025293,4873.181,173808,Lower-middle-income countries
Sao Tome and Principe,STP,2009,3.9492357,4919.1953,177866,Lower-middle-income countries
Sao Tome and Principe,STP,2010,3.628053,4882.048,181810,Lower-middle-income countries
Sao Tome and Principe,STP,2011,3.3260815,4876.473,185665,Lower-middle-income countries
Sao Tome and Principe,STP,2012,3.040989,4919.5527,189452,Lower-middle-income countries
Sao Tome and Principe,STP,2013,2.7743645,5072.112,193158,Lower-middle-income countries
Sao Tome and Principe,STP,2014,2.5361774,5223.0957,196780,Lower-middle-income countries
Sao Tome and Principe,STP,2015,2.3115625,5210.2036,200308,Lower-middle-income countries
Sao Tome and Principe,STP,2016,2.1149957,5388.5093,203702,Lower-middle-income countries
Sao Tome and Principe,STP,2017,1.9480385,5521.2026,206986,Lower-middle-income countries
Sao Tome and Principe,STP,2018,1.8103193,5674.7236,210198,Lower-middle-income countries
Sao Tome and Principe,STP,2019,1.70013,5702.0835,213405,Lower-middle-income countries
Sao Tome and Principe,STP,2020,1.6049876,5742.9473,217450,Lower-middle-income countries
Sao Tome and Principe,STP,2021,1.5257019,5732.6943,221975,Lower-middle-income countries
Sao Tome and Principe,STP,2022,1.4576757,5632.1387,226313,Lower-middle-income countries
Sao Tome and Principe,STP,2023,1.394162,5541.302,230882,Lower-middle-income countries
Sao Tome and Principe,STP,2024,,5491.2983,230882,Lower-middle-income countries
Saudi Arabia,SAU,1972,15.96191,,3905729,High-income countries
Saudi Arabia,SAU,1973,14.9341345,,4106346,High-income countries
Saudi Arabia,SAU,1974,13.978751,,4323639,High-income countries
Saudi Arabia,SAU,1975,13.070193,,4556289,High-income countries
Saudi Arabia,SAU,1976,12.2273655,,4807936,High-income countries
Saudi Arabia,SAU,1977,11.441627,,5083043,High-income countries
Saudi Arabia,SAU,1978,10.685068,,5381901,High-income countries
Saudi Arabia,SAU,1979,9.993122,,5703704,High-income countries
Saudi Arabia,SAU,1980,9.339211,,6047997,High-income countries
Saudi Arabia,SAU,1981,8.705233,,6420554,High-income countries
Saudi Arabia,SAU,1982,8.116037,,6824484,High-income countries
Saudi Arabia,SAU,1983,7.5626307,,7252947,High-income countries
Saudi Arabia,SAU,1984,7.0365815,,7697312,High-income countries
Saudi Arabia,SAU,1985,6.5452285,,8151782,High-income countries
Saudi Arabia,SAU,1986,6.067986,,8628639,High-income countries
Saudi Arabia,SAU,1987,5.617214,,9130207,High-income countries
Saudi Arabia,SAU,1988,5.190834,,9629172,High-income countries
Saudi Arabia,SAU,1989,4.8001847,,10128397,High-income countries
Saudi Arabia,SAU,1990,4.438771,65196.574,10640697,High-income countries
Saudi Arabia,SAU,1991,4.1056314,67268.555,11160752,High-income countries
Saudi Arabia,SAU,1992,3.8057082,67183.91,11686682,High-income countries
Saudi Arabia,SAU,1993,3.536207,64517.664,12215864,High-income countries
Saudi Arabia,SAU,1994,3.285209,62403.695,12750037,High-income countries
Saudi Arabia,SAU,1995,3.0617094,60058.316,13289246,High-income countries
Saudi Arabia,SAU,1996,2.857503,59612.812,13831002,High-income countries
Saudi Arabia,SAU,1997,2.6721802,58875.547,14374948,High-income countries
Saudi Arabia,SAU,1998,2.5027552,58306.62,14922188,High-income countries
Saudi Arabia,SAU,1999,2.3490067,55878.17,15472076,High-income countries
Saudi Arabia,SAU,2000,2.2096162,55962.266,16177733,High-income countries
Saudi Arabia,SAU,2001,2.081664,53309.113,17041405,High-income countries
Saudi Arabia,SAU,2002,1.9635285,50371.977,17910909,High-income countries
Saudi Arabia,SAU,2003,1.8531585,52234.65,18786771,High-income countries
Saudi Arabia,SAU,2004,1.7481045,54196.55,19669486,High-income countries
Saudi Arabia,SAU,2005,1.6502377,54931.793,20559886,High-income countries
Saudi Arabia,SAU,2006,1.5567778,54373.74,21459141,High-income countries
Saudi Arabia,SAU,2007,1.4667646,53318.418,22368313,High-income countries
Saudi Arabia,SAU,2008,1.3804402,54407.707,23287884,High-income countries
Saudi Arabia,SAU,2009,1.2989937,51760.766,24217656,High-income countries
Saudi Arabia,SAU,2010,1.2225996,54911.547,25157134,High-income countries
Saudi Arabia,SAU,2011,1.1498542,58645.445,26105636,High-income countries
Saudi Arabia,SAU,2012,1.0816591,59471.7,27062447,High-income countries
Saudi Arabia,SAU,2013,1.0182618,57998.465,28026825,High-income countries
Saudi Arabia,SAU,2014,0.9587044,58872.266,28998127,High-income countries
Saudi Arabia,SAU,2015,0.9033886,58498.54,29974944,High-income countries
Saudi Arabia,SAU,2016,0.8513109,57308.45,30717804,High-income countries
Saudi Arabia,SAU,2017,0.8034928,57942.547,30782400,High-income countries
Saudi Arabia,SAU,2018,0.76133454,61359.465,30365119,High-income countries
Saudi Arabia,SAU,2019,0.7249877,62647.73,30472809,High-income countries
Saudi Arabia,SAU,2020,0.69327414,57420.734,30991206,High-income countries
Saudi Arabia,SAU,2021,0.6648673,62690.496,31328374,High-income countries
Saudi Arabia,SAU,2022,0.63995284,67178.59,32175351,High-income countries
Saudi Arabia,SAU,2023,0.6157951,64481.844,33264289,High-income countries
Saudi Arabia,SAU,2024,,62792.773,33264289,High-income countries
Senegal,SEN,1944,37.530605,,2232254,Lower-middle-income countries
Senegal,SEN,1945,36.90179,,2272434,Lower-middle-income countries
Senegal,SEN,1946,36.231857,,2313338,Lower-middle-income countries
Senegal,SEN,1947,35.55672,,2354978,Lower-middle-income countries
Senegal,SEN,1948,34.894066,,2397368,Lower-middle-income countries
Senegal,SEN,1949,34.260868,,2444336,Lower-middle-income countries
Senegal,SEN,1950,33.626312,,2555376,Lower-middle-income countries
Senegal,SEN,1951,32.99475,,2619643,Lower-middle-income countries
Senegal,SEN,1952,32.386795,,2687011,Lower-middle-income countries
Senegal,SEN,1953,31.782925,,2757571,Lower-middle-income countries
Senegal,SEN,1954,31.227446,,2831393,Lower-middle-income countries
Senegal,SEN,1955,30.70192,,2908512,Lower-middle-income countries
Senegal,SEN,1956,30.268362,,2988938,Lower-middle-income countries
Senegal,SEN,1957,29.907862,,3072374,Lower-middle-income countries
Senegal,SEN,1958,29.634293,,3158762,Lower-middle-income countries
Senegal,SEN,1959,29.441187,,3248325,Lower-middle-income countries
Senegal,SEN,1960,29.340662,,3340900,Lower-middle-income countries
Senegal,SEN,1961,29.36812,,3436379,Lower-middle-income countries
Senegal,SEN,1962,29.454039,,3534688,Lower-middle-income countries
Senegal,SEN,1963,29.557772,,3635876,Lower-middle-income countries
Senegal,SEN,1964,29.653872,,3740540,Lower-middle-income countries
Senegal,SEN,1965,29.696722,,3849793,Lower-middle-income countries
Senegal,SEN,1966,29.669939,,3964305,Lower-middle-income countries
Senegal,SEN,1967,29.568628,,4083872,Lower-middle-income countries
Senegal,SEN,1968,29.394613,,4207593,Lower-middle-income countries
Senegal,SEN,1969,29.157045,,4334979,Lower-middle-income countries
Senegal,SEN,1970,28.818113,,4466330,Lower-middle-income countries
Senegal,SEN,1971,28.355915,,4601869,Lower-middle-income countries
Senegal,SEN,1972,27.755806,,4741632,Lower-middle-income countries
Senegal,SEN,1973,27.035961,,4885181,Lower-middle-income countries
Senegal,SEN,1974,26.216204,,5029446,Lower-middle-income countries
Senegal,SEN,1975,25.271887,,5170812,Lower-middle-income countries
Senegal,SEN,1976,24.214657,,5308567,Lower-middle-income countries
Senegal,SEN,1977,23.114105,,5439555,Lower-middle-income countries
Senegal,SEN,1978,22.084444,,5568099,Lower-middle-income countries
Senegal,SEN,1979,21.162905,,5702899,Lower-middle-income countries
Senegal,SEN,1980,20.374046,,5845640,Lower-middle-income countries
Senegal,SEN,1981,19.719938,,5997165,Lower-middle-income countries
Senegal,SEN,1982,19.135702,,6156963,Lower-middle-income countries
Senegal,SEN,1983,18.544376,,6324507,Lower-middle-income countries
Senegal,SEN,1984,17.873777,,6499366,Lower-middle-income countries
Senegal,SEN,1985,17.110218,,6683296,Lower-middle-income countries
Senegal,SEN,1986,16.2632,,6878199,Lower-middle-income countries
Senegal,SEN,1987,15.418571,,7081535,Lower-middle-income countries
Senegal,SEN,1988,14.682872,,7289622,Lower-middle-income countries
Senegal,SEN,1989,14.124649,,7502213,Lower-middle-income countries
Senegal,SEN,1990,13.742983,2923.3442,7720524,Lower-middle-income countries
Senegal,SEN,1991,13.546693,2917.0142,7943091,Lower-middle-income countries
Senegal,SEN,1992,13.497211,2874.003,8168396,Lower-middle-income countries
Senegal,SEN,1993,13.54715,2834.028,8396289,Lower-middle-income countries
Senegal,SEN,1994,13.64536,2757.8608,8624077,Lower-middle-income countries
Senegal,SEN,1995,13.756172,2835.0327,8848112,Lower-middle-income countries
Senegal,SEN,1996,13.843161,2822.4683,9067018,Lower-middle-income countries
Senegal,SEN,1997,13.846736,2840.6082,9283505,Lower-middle-income countries
Senegal,SEN,1998,13.726399,2938.6917,9502951,Lower-middle-income countries
Senegal,SEN,1999,13.432785,3050.178,9730897,Lower-middle-income countries
Senegal,SEN,2000,12.928922,3093.2878,9968262,Lower-middle-income countries
Senegal,SEN,2001,12.213223,3149.331,10212941,Lower-middle-income countries
Senegal,SEN,2002,11.35442,3075.2317,10466216,Lower-middle-income countries
Senegal,SEN,2003,10.450878,3170.035,10721176,Lower-middle-income countries
Senegal,SEN,2004,9.588857,3240.302,10975711,Lower-middle-income countries
Senegal,SEN,2005,8.7992735,3301.8208,11235473,Lower-middle-income countries
Senegal,SEN,2006,8.105562,3301.0315,11500094,Lower-middle-income countries
Senegal,SEN,2007,7.5218754,3316.4204,11770348,Lower-middle-income countries
Senegal,SEN,2008,7.0341763,3359.7056,12048963,Lower-middle-income countries
Senegal,SEN,2009,6.6320233,3371.4617,12337390,Lower-middle-income countries
Senegal,SEN,2010,6.2979245,3403.5671,12635418,Lower-middle-income countries
Senegal,SEN,2011,6.0135283,3362.8794,12958902,Lower-middle-income countries
Senegal,SEN,2012,5.7710834,3405.1086,13310499,Lower-middle-income countries
Senegal,SEN,2013,5.567692,3385.426,13710857,Lower-middle-income countries
Senegal,SEN,2014,5.3942823,3484.0122,14152103,Lower-middle-income countries
Senegal,SEN,2015,5.2439127,3593.7947,14593335,Lower-middle-income countries
Senegal,SEN,2016,5.106025,3710.0554,15034517,Lower-middle-income countries
Senegal,SEN,2017,4.966715,3871.4514,15475001,Lower-middle-income countries
Senegal,SEN,2018,4.815748,3998.2864,15914495,Lower-middle-income countries
Senegal,SEN,2019,4.645858,4070.6123,16352926,Lower-middle-income countries
Senegal,SEN,2020,4.4551525,4018.0413,16789217,Lower-middle-income countries
Senegal,SEN,2021,4.249169,4173.6772,17220866,Lower-middle-income countries
Senegal,SEN,2022,4.0419765,4228.734,17651099,Lower-middle-income countries
Senegal,SEN,2023,3.8519263,4304.7617,18077573,Lower-middle-income countries
Senegal,SEN,2024,,4460.924,18077573,Lower-middle-income countries
Serbia,SRB,1984,4.069866,,7875050,Upper-middle-income countries
Serbia,SRB,1985,3.9290752,,7881551,Upper-middle-income countries
Serbia,SRB,1986,3.7832868,,7884582,Upper-middle-income countries
Serbia,SRB,1987,3.5939887,,7885364,Upper-middle-income countries
Serbia,SRB,1988,3.3615427,,7884457,Upper-middle-income countries
Serbia,SRB,1989,3.1031082,,7881272,Upper-middle-income countries
Serbia,SRB,1990,2.845864,,7874595,Upper-middle-income countries
Serbia,SRB,1991,2.614678,,7867067,Upper-middle-income countries
Serbia,SRB,1992,2.4336977,,7859811,Upper-middle-income countries
Serbia,SRB,1993,2.2932715,,7849723,Upper-middle-income countries
Serbia,SRB,1994,2.1440365,,7837157,Upper-middle-income countries
Serbia,SRB,1995,1.9501128,9444.791,7823281,Upper-middle-income countries
Serbia,SRB,1996,1.7391326,10035.056,7807720,Upper-middle-income countries
Serbia,SRB,1997,1.5570017,10965.528,7789186,Upper-middle-income countries
Serbia,SRB,1998,1.420991,11598.379,7765929,Upper-middle-income countries
Serbia,SRB,1999,1.3248676,10438.504,7734367,Upper-middle-income countries
Serbia,SRB,2000,1.2589204,11105.995,7694608,Upper-middle-income countries
Serbia,SRB,2001,1.2039975,11879.226,7651927,Upper-middle-income countries
Serbia,SRB,2002,1.1373605,12661.992,7616741,Upper-middle-income countries
Serbia,SRB,2003,1.052867,13273.745,7590946,Upper-middle-income countries
Serbia,SRB,2004,0.96948856,14194.424,7565843,Upper-middle-income countries
Serbia,SRB,2005,0.901034,15077.621,7539139,Upper-middle-income countries
Serbia,SRB,2006,0.8507331,15727.469,7511395,Upper-middle-income countries
Serbia,SRB,2007,0.8166043,17028.158,7482996,Upper-middle-income countries
Serbia,SRB,2008,0.7946093,17983.355,7454285,Upper-middle-income countries
Serbia,SRB,2009,0.77689064,17488.195,7425346,Upper-middle-income countries
Serbia,SRB,2010,0.75748795,17841.506,7395872,Upper-middle-income countries
Serbia,SRB,2011,0.7348294,17986.658,7364858,Upper-middle-income countries
Serbia,SRB,2012,0.7095094,17993.889,7324624,Upper-middle-income countries
Serbia,SRB,2013,0.68302315,18163.28,7276183,Upper-middle-income countries
Serbia,SRB,2014,0.65645796,17922.51,7227203,Upper-middle-income countries
Serbia,SRB,2015,0.63154334,18247.885,7177257,Upper-middle-income countries
Serbia,SRB,2016,0.6091288,18889.46,7126083,Upper-middle-income countries
Serbia,SRB,2017,0.59110266,19439.072,7073507,Upper-middle-income countries
Serbia,SRB,2018,0.57715917,20454.31,7020014,Upper-middle-income countries
Serbia,SRB,2019,0.56524664,21541.215,6966155,Upper-middle-income countries
Serbia,SRB,2020,0.5528275,21479.168,6907814,Upper-middle-income countries
Serbia,SRB,2021,0.5409269,23406.404,6835429,Upper-middle-income countries
Serbia,SRB,2022,0.5309748,24651.95,6791215,Upper-middle-income countries
Serbia,SRB,2023,0.52326196,25735.24,6773204,Upper-middle-income countries
Serbia,SRB,2024,,26900.854,6773204,Upper-middle-income countries
Seychelles,SYC,1943,11.955633,,36900,High-income countries
Seychelles,SYC,1944,11.92876,,37002,High-income countries
Seychelles,SYC,1945,11.905312,,37106,High-income countries
Seychelles,SYC,1946,11.873141,,37209,High-income countries
Seychelles,SYC,1947,11.83369,,37313,High-income countries
Seychelles,SYC,1948,11.7986,,37417,High-income countries
Seychelles,SYC,1949,11.730567,,37680,High-income countries
Seychelles,SYC,1950,11.642721,,38306,High-income countries
Seychelles,SYC,1951,11.556153,,38702,High-income countries
Seychelles,SYC,1952,11.445445,,39010,High-income countries
Seychelles,SYC,1953,11.3314,,39334,High-income countries
Seychelles,SYC,1954,11.206616,,39703,High-income countries
Seychelles,SYC,1955,11.08265,,40126,High-income countries
Seychelles,SYC,1956,10.955911,,40617,High-income countries
Seychelles,SYC,1957,10.829819,,41198,High-income countries
Seychelles,SYC,1958,10.708206,,41823,High-income countries
Seychelles,SYC,1959,10.581883,,42487,High-income countries
Seychelles,SYC,1960,10.457108,,43249,High-income countries
Seychelles,SYC,1961,10.321899,,44133,High-income countries
Seychelles,SYC,1962,10.1662855,,45088,High-income countries
Seychelles,SYC,1963,9.99506,,46099,High-income countries
Seychelles,SYC,1964,9.797223,,47164,High-income countries
Seychelles,SYC,1965,9.554031,,48295,High-income countries
Seychelles,SYC,1966,9.262873,,49476,High-income countries
Seychelles,SYC,1967,8.915645,,50686,High-income countries
Seychelles,SYC,1968,8.516241,,51904,High-income countries
Seychelles,SYC,1969,8.065804,,53104,High-income countries
Seychelles,SYC,1970,7.5821548,,54276,High-income countries
Seychelles,SYC,1971,7.090941,,55534,High-income countries
Seychelles,SYC,1972,6.592654,,56913,High-income countries
Seychelles,SYC,1973,6.0866876,,58320,High-income countries
Seychelles,SYC,1974,5.585224,,59765,High-income countries
Seychelles,SYC,1975,5.087784,,61236,High-income countries
Seychelles,SYC,1976,4.6023254,,62762,High-income countries
Seychelles,SYC,1977,4.141193,,64117,High-income countries
Seychelles,SYC,1978,3.7153687,,65008,High-income countries
Seychelles,SYC,1979,3.3397396,,65625,High-income countries
Seychelles,SYC,1980,3.013644,,66281,High-income countries
Seychelles,SYC,1981,2.738176,,66974,High-income countries
Seychelles,SYC,1982,2.5093412,,67666,High-income countries
Seychelles,SYC,1983,2.3187537,,68379,High-income countries
Seychelles,SYC,1984,2.163601,,69103,High-income countries
Seychelles,SYC,1985,2.036766,,69837,High-income countries
Seychelles,SYC,1986,1.9296972,,70582,High-income countries
Seychelles,SYC,1987,1.839271,,71358,High-income countries
Seychelles,SYC,1988,1.7603197,,72229,High-income countries
Seychelles,SYC,1989,1.6916227,,73142,High-income countries
Seychelles,SYC,1990,1.6297581,15478.848,74000,High-income countries
Seychelles,SYC,1991,1.577156,15695.671,74838,High-income countries
Seychelles,SYC,1992,1.5297538,16744.508,75630,High-income countries
Seychelles,SYC,1993,1.4902521,17596.898,76420,High-income countries
Seychelles,SYC,1994,1.4590333,16716.521,77279,High-income countries
Seychelles,SYC,1995,1.4333745,16552.455,78144,High-income countries
Seychelles,SYC,1996,1.4142377,17942.174,78901,High-income countries
Seychelles,SYC,1997,1.3985316,19895.143,79670,High-income countries
Seychelles,SYC,1998,1.3876576,19991.229,80738,High-income countries
Seychelles,SYC,1999,1.3802575,19969.352,82033,High-income countries
Seychelles,SYC,2000,1.3766316,20633.674,83339,High-income countries
Seychelles,SYC,2001,1.3747534,20147.418,84621,High-income countries
Seychelles,SYC,2002,1.3736476,19777.752,85878,High-income countries
Seychelles,SYC,2003,1.3742975,18825.22,87056,High-income countries
Seychelles,SYC,2004,1.3752683,18356.47,88175,High-income countries
Seychelles,SYC,2005,1.3778806,19917.12,89288,High-income countries
Seychelles,SYC,2006,1.3828611,21341.86,90391,High-income countries
Seychelles,SYC,2007,1.3883461,23117.855,91483,High-income countries
Seychelles,SYC,2008,1.3940631,21990.37,92563,High-income countries
Seychelles,SYC,2009,1.4009733,21361.13,93644,High-income countries
Seychelles,SYC,2010,1.4091126,21708.756,94993,High-income countries
Seychelles,SYC,2011,1.4177929,24406.412,97041,High-income countries
Seychelles,SYC,2012,1.427207,24919.955,99565,High-income countries
Seychelles,SYC,2013,1.4375281,24770.652,102108,High-income countries
Seychelles,SYC,2014,1.4470516,25379.418,104663,High-income countries
Seychelles,SYC,2015,1.4548905,27032.209,107247,High-income countries
Seychelles,SYC,2016,1.4620202,29905.135,109836,High-income countries
Seychelles,SYC,2017,1.4685875,31595.668,112443,High-income countries
Seychelles,SYC,2018,1.4756827,32841.426,115053,High-income countries
Seychelles,SYC,2019,1.4810125,34346.07,117662,High-income countries
Seychelles,SYC,2020,1.48062,30056.2,120299,High-income countries
Seychelles,SYC,2021,1.4703234,29979.828,123000,High-income countries
Seychelles,SYC,2022,1.4508576,27978.178,125533,High-income countries
Seychelles,SYC,2023,1.4254322,28635.355,127961,High-income countries
Seychelles,SYC,2024,,29241.775,127961,High-income countries
Sierra Leone,SLE,1956,41.32212,,2147980,Low-income countries
Sierra Leone,SLE,1957,40.769226,,2176254,Low-income countries
Sierra Leone,SLE,1958,40.209446,,2204841,Low-income countries
Sierra Leone,SLE,1959,39.647438,,2235024,Low-income countries
Sierra Leone,SLE,1960,39.092644,,2268361,Low-income countries
Sierra Leone,SLE,1961,38.523266,,2304229,Low-income countries
Sierra Leone,SLE,1962,37.94645,,2342241,Low-income countries
Sierra Leone,SLE,1963,37.39233,,2382262,Low-income countries
Sierra Leone,SLE,1964,36.81344,,2424393,Low-income countries
Sierra Leone,SLE,1965,36.219975,,2468669,Low-income countries
Sierra Leone,SLE,1966,35.633854,,2514641,Low-income countries
Sierra Leone,SLE,1967,35.037197,,2562394,Low-income countries
Sierra Leone,SLE,1968,34.46422,,2611535,Low-income countries
Sierra Leone,SLE,1969,33.91602,,2661367,Low-income countries
Sierra Leone,SLE,1970,33.37743,,2712287,Low-income countries
Sierra Leone,SLE,1971,32.851204,,2763230,Low-income countries
Sierra Leone,SLE,1972,32.342525,,2814397,Low-income countries
Sierra Leone,SLE,1973,31.845201,,2866959,Low-income countries
Sierra Leone,SLE,1974,31.374275,,2920466,Low-income countries
Sierra Leone,SLE,1975,30.90796,,2974659,Low-income countries
Sierra Leone,SLE,1976,30.459204,,3028822,Low-income countries
Sierra Leone,SLE,1977,30.030727,,3085359,Low-income countries
Sierra Leone,SLE,1978,29.625807,,3145522,Low-income countries
Sierra Leone,SLE,1979,29.22506,,3207502,Low-income countries
Sierra Leone,SLE,1980,28.85924,,3272097,Low-income countries
Sierra Leone,SLE,1981,28.484419,,3338944,Low-income countries
Sierra Leone,SLE,1982,28.12656,,3408188,Low-income countries
Sierra Leone,SLE,1983,27.80454,,3481644,Low-income countries
Sierra Leone,SLE,1984,27.483006,,3558762,Low-income countries
Sierra Leone,SLE,1985,27.184881,,3638444,Low-income countries
Sierra Leone,SLE,1986,26.904448,,3728381,Low-income countries
Sierra Leone,SLE,1987,26.644203,,3829720,Low-income countries
Sierra Leone,SLE,1988,26.373875,,3934517,Low-income countries
Sierra Leone,SLE,1989,26.146042,,4034038,Low-income countries
Sierra Leone,SLE,1990,25.932419,2703.599,4196834,Low-income countries
Sierra Leone,SLE,1991,25.714321,2734.9685,4246268,Low-income countries
Sierra Leone,SLE,1992,25.483387,2257.4495,4166368,Low-income countries
Sierra Leone,SLE,1993,25.248417,2293.5635,4157128,Low-income countries
Sierra Leone,SLE,1994,24.971678,2240.29,4173111,Low-income countries
Sierra Leone,SLE,1995,24.654173,2058.077,4179178,Low-income countries
Sierra Leone,SLE,1996,24.279306,2084.1821,4199215,Low-income countries
Sierra Leone,SLE,1997,23.855932,1936.5565,4253710,Low-income countries
Sierra Leone,SLE,1998,23.394308,1951.8209,4295783,Low-income countries
Sierra Leone,SLE,1999,22.896254,1903.3269,4318047,Low-income countries
Sierra Leone,SLE,2000,22.374315,1981.5061,4423615,Low-income countries
Sierra Leone,SLE,2001,21.824598,1749.3508,4692715,Low-income countries
Sierra Leone,SLE,2002,21.25961,2089.2615,4971435,Low-income countries
Sierra Leone,SLE,2003,20.670294,2196.2812,5177686,Low-income countries
Sierra Leone,SLE,2004,20.062523,2260.8381,5355715,Low-income countries
Sierra Leone,SLE,2005,19.43248,2296.6577,5501707,Low-income countries
Sierra Leone,SLE,2006,18.765425,2342.7546,5624464,Low-income countries
Sierra Leone,SLE,2007,18.061508,2377.8054,5749353,Low-income countries
Sierra Leone,SLE,2008,17.334488,2404.652,5894728,Low-income countries
Sierra Leone,SLE,2009,16.60256,2376.5825,6055655,Low-income countries
Sierra Leone,SLE,2010,15.871011,2459.768,6222715,Low-income countries
Sierra Leone,SLE,2011,15.167605,2590.5283,6387258,Low-income countries
Sierra Leone,SLE,2012,14.502312,2792.9263,6551078,Low-income countries
Sierra Leone,SLE,2013,13.883789,3124.7283,6714057,Low-income countries
Sierra Leone,SLE,2014,13.6799345,2812.5283,6876385,Low-income countries
Sierra Leone,SLE,2015,13.761938,2628.1707,7037660,Low-income countries
Sierra Leone,SLE,2016,12.266306,2732.261,7205339,Low-income countries
Sierra Leone,SLE,2017,11.790944,2753.4272,7379300,Low-income countries
Sierra Leone,SLE,2018,11.336473,2767.3801,7554568,Low-income countries
Sierra Leone,SLE,2019,10.914647,2852.6626,7731994,Low-income countries
Sierra Leone,SLE,2020,10.505672,2752.6262,7912557,Low-income countries
Sierra Leone,SLE,2021,10.143423,2849.3887,8094603,Low-income countries
Sierra Leone,SLE,2022,9.7745695,2934.7332,8276809,Low-income countries
Sierra Leone,SLE,2023,9.427626,3034.946,8460523,Low-income countries
Sierra Leone,SLE,2024,,3098.763,8460523,Low-income countries
Singapore,SGP,1954,7.818824,,1252286,High-income countries
Singapore,SGP,1955,7.1854606,,1320233,High-income countries
Singapore,SGP,1956,6.6437645,,1390957,High-income countries
Singapore,SGP,1957,6.1580443,,1458281,High-income countries
Singapore,SGP,1958,5.6832604,,1515731,High-income countries
Singapore,SGP,1959,5.2100196,,1567757,High-income countries
Singapore,SGP,1960,4.764039,,1619328,High-income countries
Singapore,SGP,1961,4.3734784,,1670469,High-income countries
Singapore,SGP,1962,4.054512,,1721183,High-income countries
Singapore,SGP,1963,3.8148594,,1771517,High-income countries
Singapore,SGP,1964,3.6432576,,1821468,High-income countries
Singapore,SGP,1965,3.4980333,,1870828,High-income countries
Singapore,SGP,1966,3.3431802,,1919088,High-income countries
Singapore,SGP,1967,3.1771784,,1965686,High-income countries
Singapore,SGP,1968,3.014062,,2010102,High-income countries
Singapore,SGP,1969,2.8608227,,2052163,High-income countries
Singapore,SGP,1970,2.712769,,2091568,High-income countries
Singapore,SGP,1971,2.5629585,,2128445,High-income countries
Singapore,SGP,1972,2.393557,,2164344,High-income countries
Singapore,SGP,1973,2.1833956,,2200145,High-income countries
Singapore,SGP,1974,1.949786,,2235079,High-income countries
Singapore,SGP,1975,1.7481539,,2268532,High-income countries
Singapore,SGP,1976,1.6159878,,2300749,High-income countries
Singapore,SGP,1977,1.544758,,2331547,High-income countries
Singapore,SGP,1978,1.5111866,,2360611,High-income countries
Singapore,SGP,1979,1.4923078,,2388159,High-income countries
Singapore,SGP,1980,1.4633822,,2437496,High-income countries
Singapore,SGP,1981,1.4025131,,2531801,High-income countries
Singapore,SGP,1982,1.3179201,,2627420,High-income countries
Singapore,SGP,1983,1.2334808,,2685982,High-income countries
Singapore,SGP,1984,1.1582876,,2720930,High-income countries
Singapore,SGP,1985,1.0923356,,2735032,High-income countries
Singapore,SGP,1986,1.0324837,,2744656,High-income countries
Singapore,SGP,1987,0.973278,,2781625,High-income countries
Singapore,SGP,1988,0.90923643,,2849043,High-income countries
Singapore,SGP,1989,0.8390436,,2938656,High-income countries
Singapore,SGP,1990,0.7663342,45567.79,3039593,High-income countries
Singapore,SGP,1991,0.6955267,47251.695,3136294,High-income countries
Singapore,SGP,1992,0.63133794,48897.81,3226461,High-income countries
Singapore,SGP,1993,0.5782066,53139.844,3317892,High-income countries
Singapore,SGP,1994,0.53707963,57213.098,3417818,High-income countries
Singapore,SGP,1995,0.5054033,59483.637,3533624,High-income countries
Singapore,SGP,1996,0.48011228,61381.754,3664566,High-income countries
Singapore,SGP,1997,0.45794058,64291.203,3796629,High-income countries
Singapore,SGP,1998,0.43519434,60782.195,3901418,High-income countries
Singapore,SGP,1999,0.4104037,63746.48,3966562,High-income countries
Singapore,SGP,2000,0.3849009,68314.55,4035251,High-income countries
Singapore,SGP,2001,0.36050707,65784.4,4116169,High-income countries
Singapore,SGP,2002,0.33887026,67744.27,4146898,High-income countries
Singapore,SGP,2003,0.32075086,71877.53,4138241,High-income countries
Singapore,SGP,2004,0.30663794,78039.02,4172767,High-income countries
Singapore,SGP,2005,0.29671013,81841.16,4268363,High-income countries
Singapore,SGP,2006,0.2899743,86463.83,4407064,High-income countries
Singapore,SGP,2007,0.28629535,90417.805,4596516,High-income countries
Singapore,SGP,2008,0.284263,87329.59,4806742,High-income countries
Singapore,SGP,2009,0.28321514,84843.516,4968574,High-income countries
Singapore,SGP,2010,0.28220853,95456.19,5077020,High-income countries
Singapore,SGP,2011,0.28062785,99296.76,5182242,High-income countries
Singapore,SGP,2012,0.2783582,101187.83,5293345,High-income countries
Singapore,SGP,2013,0.27625808,104359.03,5385589,High-income countries
Singapore,SGP,2014,0.27417585,107066.86,5457899,High-income countries
Singapore,SGP,2015,0.27168,108953.73,5525343,High-income countries
Singapore,SGP,2016,0.2675522,111579.74,5577936,High-income countries
Singapore,SGP,2017,0.26165426,116471.82,5604087,High-income countries
Singapore,SGP,2018,0.25367364,119927.766,5634366,High-income countries
Singapore,SGP,2019,0.24394073,120114.13,5669562,High-income countries
Singapore,SGP,2020,0.23369485,115893.04,5620151,High-income countries
Singapore,SGP,2021,0.22396931,132617.36,5546291,High-income countries
Singapore,SGP,2022,0.21524571,133571.97,5649888,High-income countries
Singapore,SGP,2023,0.20690385,129555.24,5789092,High-income countries
Singapore,SGP,2024,,132569.53,5789092,High-income countries
Sint Maarten (Dutch part),SXM,2009,,50980.94,33514,High-income countries
Sint Maarten (Dutch part),SXM,2010,,52140.6,33814,High-income countries
Sint Maarten (Dutch part),SXM,2011,,53786.246,34288,High-income countries
Sint Maarten (Dutch part),SXM,2012,,53357.004,35040,High-income countries
Sint Maarten (Dutch part),SXM,2013,,52801.402,35871,High-income countries
Sint Maarten (Dutch part),SXM,2014,,52439.473,36695,High-income countries
Sint Maarten (Dutch part),SXM,2015,,51375.6,37490,High-income countries
Sint Maarten (Dutch part),SXM,2016,,50817.68,38274,High-income countries
Sint Maarten (Dutch part),SXM,2017,,46088.36,39012,High-income countries
Sint Maarten (Dutch part),SXM,2018,,42154.1,39736,High-income countries
Sint Maarten (Dutch part),SXM,2019,,45996.793,40410,High-income countries
Sint Maarten (Dutch part),SXM,2020,,39265.76,41027,High-income countries
Sint Maarten (Dutch part),SXM,2021,,40507.066,41593,High-income countries
Sint Maarten (Dutch part),SXM,2022,,45515.652,42163,High-income countries
Sint Maarten (Dutch part),SXM,2023,,46571.09,42775,High-income countries
Sint Maarten (Dutch part),SXM,2024,,47303.195,42775,High-income countries
Slovakia,SVK,1950,11.82174,,3465750,High-income countries
Slovakia,SVK,1951,10.162878,,3525383,High-income countries
Slovakia,SVK,1952,8.752667,,3591860,High-income countries
Slovakia,SVK,1953,7.570294,,3660079,High-income countries
Slovakia,SVK,1954,6.592507,,3728027,High-income countries
Slovakia,SVK,1955,5.8067465,,3797354,High-income countries
Slovakia,SVK,1956,5.1783767,,3868268,High-income countries
Slovakia,SVK,1957,4.6690087,,3936840,High-income countries
Slovakia,SVK,1958,4.257634,,4002698,High-income countries
Slovakia,SVK,1959,3.927605,,4064674,High-income countries
Slovakia,SVK,1960,3.6695113,,4124444,High-income countries
Slovakia,SVK,1961,3.467709,,4185347,High-income countries
Slovakia,SVK,1962,3.3192556,,4235796,High-income countries
Slovakia,SVK,1963,3.2115724,,4278467,High-income countries
Slovakia,SVK,1964,3.1365395,,4323293,High-income countries
Slovakia,SVK,1965,3.084159,,4365055,High-income countries
Slovakia,SVK,1966,3.0479457,,4402206,High-income countries
Slovakia,SVK,1967,3.0193126,,4436106,High-income countries
Slovakia,SVK,1968,2.9957666,,4466440,High-income countries
Slovakia,SVK,1969,2.9745393,,4495039,High-income countries
Slovakia,SVK,1970,2.9503584,,4525876,High-income countries
Slovakia,SVK,1971,2.9211729,,4560415,High-income countries
Slovakia,SVK,1972,2.8861954,,4599802,High-income countries
Slovakia,SVK,1973,2.8400686,,4643683,High-income countries
Slovakia,SVK,1974,2.7831168,,4690647,High-income countries
Slovakia,SVK,1975,2.7164285,,4739175,High-income countries
Slovakia,SVK,1976,2.638447,,4788513,High-income countries
Slovakia,SVK,1977,2.5531926,,4837710,High-income countries
Slovakia,SVK,1978,2.4596467,,4885733,High-income countries
Slovakia,SVK,1979,2.3645806,,4933451,High-income countries
Slovakia,SVK,1980,2.2678876,,4976659,High-income countries
Slovakia,SVK,1981,2.1732311,,5014960,High-income countries
Slovakia,SVK,1982,2.0811553,,5051811,High-income countries
Slovakia,SVK,1983,1.9934638,,5086443,High-income countries
Slovakia,SVK,1984,1.9064559,,5119394,High-income countries
Slovakia,SVK,1985,1.8183353,,5151164,High-income countries
Slovakia,SVK,1986,1.732788,,5180090,High-income countries
Slovakia,SVK,1987,1.6549947,,5205882,High-income countries
Slovakia,SVK,1988,1.5867649,,5229678,High-income countries
Slovakia,SVK,1989,1.5272012,,5249932,High-income countries
Slovakia,SVK,1990,1.4733135,17528.242,5266077,High-income countries
Slovakia,SVK,1991,1.4211179,14962.115,5284876,High-income countries
Slovakia,SVK,1992,1.3671113,13951.908,5306445,High-income countries
Slovakia,SVK,1993,1.3102999,14163.014,5326363,High-income countries
Slovakia,SVK,1994,1.2527574,14982.747,5343230,High-income countries
Slovakia,SVK,1995,1.1971995,15811.925,5354287,High-income countries
Slovakia,SVK,1996,1.144507,16744.068,5362430,High-income countries
Slovakia,SVK,1997,1.0939305,17630.04,5369781,High-income countries
Slovakia,SVK,1998,1.0458199,18280.05,5374801,High-income countries
Slovakia,SVK,1999,1.0022591,18174.98,5378105,High-income countries
Slovakia,SVK,2000,0.96473014,18343.236,5380001,High-income countries
Slovakia,SVK,2001,0.9328166,18914.39,5379439,High-income countries
Slovakia,SVK,2002,0.9062056,19757.068,5377685,High-income countries
Slovakia,SVK,2003,0.8824926,20730.25,5376197,High-income countries
Slovakia,SVK,2004,0.8583751,21851.955,5376038,High-income countries
Slovakia,SVK,2005,0.8304735,23266.758,5376697,High-income countries
Slovakia,SVK,2006,0.7997569,25342.31,5376847,High-income countries
Slovakia,SVK,2007,0.76846087,28075.807,5376993,High-income countries
Slovakia,SVK,2008,0.73839754,29556.262,5379127,High-income countries
Slovakia,SVK,2009,0.7116803,27891.896,5385074,High-income countries
Slovakia,SVK,2010,0.68868595,29758.174,5391857,High-income countries
Slovakia,SVK,2011,0.67007464,30481.377,5398105,High-income countries
Slovakia,SVK,2012,0.6550389,30907.04,5404877,High-income countries
Slovakia,SVK,2013,0.64302814,31090.988,5410422,High-income countries
Slovakia,SVK,2014,0.63211286,31901.943,5415238,High-income countries
Slovakia,SVK,2015,0.62116796,33521.594,5420278,High-income countries
Slovakia,SVK,2016,0.6105768,34130.504,5427262,High-income countries
Slovakia,SVK,2017,0.6019038,35057.223,5435702,High-income countries
Slovakia,SVK,2018,0.5960157,36430.793,5443229,High-income countries
Slovakia,SVK,2019,0.59292614,37209.535,5450627,High-income countries
Slovakia,SVK,2020,0.5928433,36216.4,5455028,High-income countries
Slovakia,SVK,2021,0.59585804,38346.094,5442766,High-income countries
Slovakia,SVK,2022,0.60137886,38664.906,5473195,High-income countries
Slovakia,SVK,2023,0.6075153,39518.223,5518057,High-income countries
Slovakia,SVK,2024,,40319.055,5518057,High-income countries
Slovenia,SVN,1981,1.7823327,,1914594,High-income countries
Slovenia,SVN,1982,1.6949233,,1917974,High-income countries
Slovenia,SVN,1983,1.6104928,,1923360,High-income countries
Slovenia,SVN,1984,1.527025,,1932703,High-income countries
Slovenia,SVN,1985,1.44281,,1941480,High-income countries
Slovenia,SVN,1986,1.3573976,,1964833,High-income countries
Slovenia,SVN,1987,1.2724266,,1988025,High-income countries
Slovenia,SVN,1988,1.1896937,,1993520,High-income countries
Slovenia,SVN,1989,1.111156,,1995463,High-income countries
Slovenia,SVN,1990,1.0376222,25345.049,1998010,High-income countries
Slovenia,SVN,1991,0.96869385,23074.668,1999191,High-income countries
Slovenia,SVN,1992,0.9036437,21845.963,1995862,High-income countries
Slovenia,SVN,1993,0.8431772,22520.738,1990815,High-income countries
Slovenia,SVN,1994,0.78691375,23747.986,1988262,High-income countries
Slovenia,SVN,1995,0.7347822,24718.023,1988098,High-income countries
Slovenia,SVN,1996,0.6880305,25454.125,1986792,High-income countries
Slovenia,SVN,1997,0.6466798,26806.463,1984404,High-income countries
Slovenia,SVN,1998,0.6092728,27688.094,1980071,High-income countries
Slovenia,SVN,1999,0.57530624,29125.89,1981198,High-income countries
Slovenia,SVN,2000,0.5445422,30055.572,1986817,High-income countries
Slovenia,SVN,2001,0.51620406,30857.111,1989684,High-income countries
Slovenia,SVN,2002,0.4898585,31830.555,1991571,High-income countries
Slovenia,SVN,2003,0.4653445,32827.75,1992499,High-income countries
Slovenia,SVN,2004,0.44196492,34298.13,1993548,High-income countries
Slovenia,SVN,2005,0.41923857,35558.38,1996915,High-income countries
Slovenia,SVN,2006,0.39723307,37539.46,2003116,High-income countries
Slovenia,SVN,2007,0.37616542,39995.207,2014159,High-income countries
Slovenia,SVN,2008,0.35637665,41278.61,2025090,High-income countries
Slovenia,SVN,2009,0.33812386,37802.09,2035610,High-income countries
Slovenia,SVN,2010,0.3214496,38056.18,2044611,High-income countries
Slovenia,SVN,2011,0.3064264,38226.125,2048805,High-income countries
Slovenia,SVN,2012,0.2930341,37033.766,2053322,High-income countries
Slovenia,SVN,2013,0.2813762,36678.875,2056452,High-income countries
Slovenia,SVN,2014,0.27130765,37655.2,2058395,High-income countries
Slovenia,SVN,2015,0.2626964,38527.42,2059946,High-income countries
Slovenia,SVN,2016,0.25539503,39667.457,2061379,High-income countries
Slovenia,SVN,2017,0.24909468,41692.836,2062410,High-income countries
Slovenia,SVN,2018,0.24379101,43361.094,2069484,High-income countries
Slovenia,SVN,2019,0.23934762,44569.586,2083438,High-income countries
Slovenia,SVN,2020,0.23556682,42463.562,2102421,High-income countries
Slovenia,SVN,2021,0.23208892,45914.06,2113495,High-income countries
Slovenia,SVN,2022,0.22873767,47050.066,2115231,High-income countries
Slovenia,SVN,2023,0.22466716,47977.426,2118394,High-income countries
Slovenia,SVN,2024,,48648.906,2118394,High-income countries
Solomon Islands,SLB,1943,28.0947,,96707,Lower-middle-income countries
Solomon Islands,SLB,1944,27.31821,,97832,Lower-middle-income countries
Solomon Islands,SLB,1945,26.57086,,98970,Lower-middle-income countries
Solomon Islands,SLB,1946,25.850437,,100121,Lower-middle-income countries
Solomon Islands,SLB,1947,25.147745,,101286,Lower-middle-income countries
Solomon Islands,SLB,1948,24.466059,,102464,Lower-middle-income countries
Solomon Islands,SLB,1949,23.806772,,103770,Lower-middle-income countries
Solomon Islands,SLB,1950,23.147512,,108650,Lower-middle-income countries
Solomon Islands,SLB,1951,22.51048,,110972,Lower-middle-income countries
Solomon Islands,SLB,1952,21.869816,,113501,Lower-middle-income countries
Solomon Islands,SLB,1953,21.232092,,116223,Lower-middle-income countries
Solomon Islands,SLB,1954,20.607279,,119126,Lower-middle-income countries
Solomon Islands,SLB,1955,19.960506,,122199,Lower-middle-income countries
Solomon Islands,SLB,1956,19.320793,,125357,Lower-middle-income countries
Solomon Islands,SLB,1957,18.665867,,128689,Lower-middle-income countries
Solomon Islands,SLB,1958,18.004972,,132320,Lower-middle-income countries
Solomon Islands,SLB,1959,17.35098,,136144,Lower-middle-income countries
Solomon Islands,SLB,1960,16.695265,,139698,Lower-middle-income countries
Solomon Islands,SLB,1961,16.012842,,142921,Lower-middle-income countries
Solomon Islands,SLB,1962,15.345201,,146210,Lower-middle-income countries
Solomon Islands,SLB,1963,14.673531,,149607,Lower-middle-income countries
Solomon Islands,SLB,1964,14.003263,,153098,Lower-middle-income countries
Solomon Islands,SLB,1965,13.338367,,156696,Lower-middle-income countries
Solomon Islands,SLB,1966,12.6667,,160403,Lower-middle-income countries
Solomon Islands,SLB,1967,11.988801,,164255,Lower-middle-income countries
Solomon Islands,SLB,1968,11.2977085,,168297,Lower-middle-income countries
Solomon Islands,SLB,1969,10.61015,,172488,Lower-middle-income countries
Solomon Islands,SLB,1970,9.942521,,176590,Lower-middle-income countries
Solomon Islands,SLB,1971,9.28963,,180655,Lower-middle-income countries
Solomon Islands,SLB,1972,8.686085,,185005,Lower-middle-income countries
Solomon Islands,SLB,1973,8.11966,,189788,Lower-middle-income countries
Solomon Islands,SLB,1974,7.6010146,,195056,Lower-middle-income countries
Solomon Islands,SLB,1975,7.8988557,,200759,Lower-middle-income countries
Solomon Islands,SLB,1976,6.684532,,207210,Lower-middle-income countries
Solomon Islands,SLB,1977,6.2924395,,214426,Lower-middle-income countries
Solomon Islands,SLB,1978,5.9483685,,222040,Lower-middle-income countries
Solomon Islands,SLB,1979,5.64019,,229964,Lower-middle-income countries
Solomon Islands,SLB,1980,5.3771377,,238149,Lower-middle-income countries
Solomon Islands,SLB,1981,5.139905,,246569,Lower-middle-income countries
Solomon Islands,SLB,1982,4.9334397,,255213,Lower-middle-income countries
Solomon Islands,SLB,1983,4.7427435,,264084,Lower-middle-income countries
Solomon Islands,SLB,1984,4.575777,,273176,Lower-middle-income countries
Solomon Islands,SLB,1985,4.422439,,282468,Lower-middle-income countries
Solomon Islands,SLB,1986,4.2845798,,291855,Lower-middle-income countries
Solomon Islands,SLB,1987,4.156607,,301426,Lower-middle-income countries
Solomon Islands,SLB,1988,4.0381694,,311278,Lower-middle-income countries
Solomon Islands,SLB,1989,3.928774,,321293,Lower-middle-income countries
Solomon Islands,SLB,1990,3.8200014,2352.3992,331448,Lower-middle-income countries
Solomon Islands,SLB,1991,3.7172837,2418.3657,341743,Lower-middle-income countries
Solomon Islands,SLB,1992,3.6162512,2644.5005,352215,Lower-middle-income countries
Solomon Islands,SLB,1993,3.5207922,2669.676,362850,Lower-middle-income countries
Solomon Islands,SLB,1994,3.431043,2802.2324,373685,Lower-middle-income countries
Solomon Islands,SLB,1995,3.3474877,2996.2717,384744,Lower-middle-income countries
Solomon Islands,SLB,1996,3.2739425,2957.819,396017,Lower-middle-income countries
Solomon Islands,SLB,1997,3.2095127,2848.3196,407480,Lower-middle-income countries
Solomon Islands,SLB,1998,3.1554663,2805.266,419078,Lower-middle-income countries
Solomon Islands,SLB,1999,3.105736,2717.527,430511,Lower-middle-income countries
Solomon Islands,SLB,2000,3.0652244,2276.822,440481,Lower-middle-income countries
Solomon Islands,SLB,2001,3.0268147,2055.2744,449137,Lower-middle-income countries
Solomon Islands,SLB,2002,2.994872,1960.4238,457676,Lower-middle-income countries
Solomon Islands,SLB,2003,2.9682472,2050.3086,466164,Lower-middle-income countries
Solomon Islands,SLB,2004,2.9404345,2168.5059,474618,Lower-middle-income countries
Solomon Islands,SLB,2005,2.91274,2287.2737,483090,Lower-middle-income countries
Solomon Islands,SLB,2006,2.882617,2340.6516,491602,Lower-middle-income countries
Solomon Islands,SLB,2007,2.8474283,2384.3179,500168,Lower-middle-income countries
Solomon Islands,SLB,2008,2.808,2489.783,508802,Lower-middle-income countries
Solomon Islands,SLB,2009,2.7647257,2514.891,518150,Lower-middle-income countries
Solomon Islands,SLB,2010,2.7202542,2682.2854,532976,Lower-middle-income countries
Solomon Islands,SLB,2011,2.6706011,2777.4785,552958,Lower-middle-income countries
Solomon Islands,SLB,2012,2.622791,2743.4585,573623,Lower-middle-income countries
Solomon Islands,SLB,2013,2.5776846,2783.5918,594952,Lower-middle-income countries
Solomon Islands,SLB,2014,2.5324435,2716.422,616915,Lower-middle-income countries
Solomon Islands,SLB,2015,2.493584,2664.7249,639423,Lower-middle-income countries
Solomon Islands,SLB,2016,2.4517136,2715.2336,662387,Lower-middle-income countries
Solomon Islands,SLB,2017,2.4083402,2703.6636,685677,Lower-middle-income countries
Solomon Islands,SLB,2018,2.3597193,2686.119,709109,Lower-middle-income countries
Solomon Islands,SLB,2019,2.303046,2661.6167,728156,Lower-middle-income countries
Solomon Islands,SLB,2020,2.2408087,2515.1414,744505,Lower-middle-income countries
Solomon Islands,SLB,2021,2.183126,2449.87,762594,Lower-middle-income countries
Solomon Islands,SLB,2022,2.1226268,2330.103,781075,Lower-middle-income countries
Solomon Islands,SLB,2023,2.0550117,2339.575,800014,Lower-middle-income countries
Solomon Islands,SLB,2024,,2353.248,800014,Lower-middle-income countries
Somalia,SOM,1982,20.116455,,6003838,Low-income countries
Somalia,SOM,1983,19.81439,,6198436,Low-income countries
Somalia,SOM,1984,19.485065,,6428396,Low-income countries
Somalia,SOM,1985,19.250956,,6693294,Low-income countries
Somalia,SOM,1986,19.018465,,6974790,Low-income countries
Somalia,SOM,1987,18.81851,,7228308,Low-income countries
Somalia,SOM,1988,18.595314,,7235362,Low-income countries
Somalia,SOM,1989,18.329582,,7114828,Low-income countries
Somalia,SOM,1990,17.995604,,7082816,Low-income countries
Somalia,SOM,1991,44.28712,837.267,6813762,Low-income countries
Somalia,SOM,1992,45.603973,803.78705,6495109,Low-income countries
Somalia,SOM,1993,17.261673,812.5573,6681406,Low-income countries
Somalia,SOM,1994,17.234732,634.7277,7026804,Low-income countries
Somalia,SOM,1995,17.23452,636.66205,7285013,Low-income countries
Somalia,SOM,1996,17.23452,663.35114,7554476,Low-income countries
Somalia,SOM,1997,17.23452,648.01715,7824531,Low-income countries
Somalia,SOM,1998,17.23452,662.67487,8155414,Low-income countries
Somalia,SOM,1999,17.23452,682.9791,8492066,Low-income countries
Somalia,SOM,2000,17.23452,702.8501,8838714,Low-income countries
Somalia,SOM,2001,17.23452,723.37976,9198495,Low-income countries
Somalia,SOM,2002,17.23452,749.9136,9550069,Low-income countries
Somalia,SOM,2003,17.23452,777.8846,9909161,Low-income countries
Somalia,SOM,2004,17.23452,803.05975,10281001,Low-income countries
Somalia,SOM,2005,17.230173,830.80725,10644234,Low-income countries
Somalia,SOM,2006,17.153797,857.99365,10975502,Low-income countries
Somalia,SOM,2007,16.972113,887.3693,11322581,Low-income countries
Somalia,SOM,2008,16.61217,919.1321,11663090,Low-income countries
Somalia,SOM,2009,16.18123,956.22034,11961205,Low-income countries
Somalia,SOM,2010,18.591202,995.2256,12261761,Low-income countries
Somalia,SOM,2011,35.854523,1054.3622,12348829,Low-income countries
Somalia,SOM,2012,18.40544,1114.8042,12461163,Low-income countries
Somalia,SOM,2013,14.262748,1197.7217,12869599,Low-income countries
Somalia,SOM,2014,13.77718,1259.2743,13339497,Low-income countries
Somalia,SOM,2015,13.355919,1343.9252,13806969,Low-income countries
Somalia,SOM,2016,12.963829,1384.1552,14348741,Low-income countries
Somalia,SOM,2017,15.537517,1527.6603,14916630,Low-income countries
Somalia,SOM,2018,13.600776,1504.9791,15452489,Low-income countries
Somalia,SOM,2019,11.809002,1491.2949,16030969,Low-income countries
Somalia,SOM,2020,11.444476,1396.0554,16651200,Low-income countries
Somalia,SOM,2021,11.0854645,1392.3179,17271435,Low-income countries
Somalia,SOM,2022,14.286748,1387.5475,17801895,Low-income countries
Somalia,SOM,2023,10.401917,1401.6473,18358622,Low-income countries
Somalia,SOM,2024,,1409.335,18358622,Low-income countries
South Africa,ZAF,1974,13.234999,,24989109,Upper-middle-income countries
South Africa,ZAF,1975,12.498666,,25690943,Upper-middle-income countries
South Africa,ZAF,1976,11.782085,,26395451,Upper-middle-income countries
South Africa,ZAF,1977,11.103516,,27118951,Upper-middle-income countries
South Africa,ZAF,1978,10.468537,,27869506,Upper-middle-income countries
South Africa,ZAF,1979,9.878149,,28634161,Upper-middle-income countries
South Africa,ZAF,1980,9.352017,,29518857,Upper-middle-income countries
South Africa,ZAF,1981,8.840265,,30541046,Upper-middle-income countries
South Africa,ZAF,1982,8.387062,,31615339,Upper-middle-income countries
South Africa,ZAF,1983,7.9782915,,32739308,Upper-middle-income countries
South Africa,ZAF,1984,7.6006203,,33892793,Upper-middle-income countries
South Africa,ZAF,1985,7.2415233,,35042097,Upper-middle-income countries
South Africa,ZAF,1986,6.8909903,,36180519,Upper-middle-income countries
South Africa,ZAF,1987,6.5580525,,37326192,Upper-middle-income countries
South Africa,ZAF,1988,6.2571306,,38480647,Upper-middle-income countries
South Africa,ZAF,1989,6.006439,,39628574,Upper-middle-income countries
South Africa,ZAF,1990,5.81732,10811.151,40746274,Upper-middle-income countries
South Africa,ZAF,1991,5.7034736,10459.356,41687903,Upper-middle-income countries
South Africa,ZAF,1992,5.6614614,10053.61,42443510,Upper-middle-income countries
South Africa,ZAF,1993,5.703637,9976.965,43297155,Upper-middle-income countries
South Africa,ZAF,1994,5.8162236,10130.806,44004140,Upper-middle-income countries
South Africa,ZAF,1995,5.946537,10318.839,44541557,Upper-middle-income countries
South Africa,ZAF,1996,6.1079774,10623.86,45123023,Upper-middle-income countries
South Africa,ZAF,1997,6.2885113,10770.278,45666835,Upper-middle-income countries
South Africa,ZAF,1998,6.5649424,10693.688,46223888,Upper-middle-income countries
South Africa,ZAF,1999,6.8468122,10831.659,46730331,Upper-middle-income countries
South Africa,ZAF,2000,7.1065826,11183.825,47159715,Upper-middle-income countries
South Africa,ZAF,2001,7.4304166,11387.492,47566805,Upper-middle-income countries
South Africa,ZAF,2002,7.6852674,11697.565,48019414,Upper-middle-income countries
South Africa,ZAF,2003,7.927608,11923.121,48500351,Upper-middle-income countries
South Africa,ZAF,2004,8.100713,12341.21,48991420,Upper-middle-income countries
South Africa,ZAF,2005,8.027236,12861.563,49490041,Upper-middle-income countries
South Africa,ZAF,2006,7.7549853,13444.233,49998271,Upper-middle-income countries
South Africa,ZAF,2007,7.1870956,14016.244,50528575,Upper-middle-income countries
South Africa,ZAF,2008,6.417832,14297.688,51114595,Upper-middle-income countries
South Africa,ZAF,2009,5.7030144,13910.702,51728518,Upper-middle-income countries
South Africa,ZAF,2010,5.0010257,14164.996,52344047,Upper-middle-income countries
South Africa,ZAF,2011,4.5047097,14434.261,52995212,Upper-middle-income countries
South Africa,ZAF,2012,4.246819,14563.763,53782570,Upper-middle-income countries
South Africa,ZAF,2013,4.0953364,14681.097,54678789,Upper-middle-income countries
South Africa,ZAF,2014,3.9576616,14643.339,55594840,Upper-middle-income countries
South Africa,ZAF,2015,3.8233285,14541.675,56723536,Upper-middle-income countries
South Africa,ZAF,2016,3.6836233,14501.281,57259550,Upper-middle-income countries
South Africa,ZAF,2017,3.5760243,14573.598,57635158,Upper-middle-income countries
South Africa,ZAF,2018,3.491977,14553.562,58613001,Upper-middle-income countries
South Africa,ZAF,2019,3.448204,14352.67,59587880,Upper-middle-income countries
South Africa,ZAF,2020,3.4071963,13250.566,60562374,Upper-middle-income countries
South Africa,ZAF,2021,3.41356,13681.955,61502602,Upper-middle-income countries
South Africa,ZAF,2022,3.4366133,13767.497,62378417,Upper-middle-income countries
South Africa,ZAF,2023,3.4650595,13695.376,63212386,Upper-middle-income countries
South Africa,ZAF,2024,,13597.654,63212386,Upper-middle-income countries
South America,OWID_SAM,1955,18.343811,,129351392,
South America,OWID_SAM,1956,17.714283,,132949203,
South America,OWID_SAM,1957,17.258505,,136660910,
South America,OWID_SAM,1958,16.82019,,140478152,
South America,OWID_SAM,1959,16.382248,,144408289,
South America,OWID_SAM,1960,16.309326,,148441136,
South America,OWID_SAM,1961,15.85245,,152563381,
South America,OWID_SAM,1962,15.4042425,,156774169,
South America,OWID_SAM,1963,14.965277,,161065580,
South America,OWID_SAM,1964,14.538134,,165413050,
South America,OWID_SAM,1965,14.116387,,169787372,
South America,OWID_SAM,1966,13.712867,,174174981,
South America,OWID_SAM,1967,13.335747,,178570551,
South America,OWID_SAM,1968,12.989306,,182977284,
South America,OWID_SAM,1969,11.975519,,187410578,
South America,OWID_SAM,1970,11.9074135,,191855157,
South America,OWID_SAM,1971,11.39708,,196342426,
South America,OWID_SAM,1972,11.101626,,200916855,
South America,OWID_SAM,1973,10.7916765,,205568584,
South America,OWID_SAM,1974,10.470929,,210289337,
South America,OWID_SAM,1975,10.120886,,215072895,
South America,OWID_SAM,1976,9.748576,,219943070,
South America,OWID_SAM,1977,9.360397,,224941182,
South America,OWID_SAM,1978,8.968782,,230064004,
South America,OWID_SAM,1979,8.5768175,,235280221,
South America,OWID_SAM,1980,8.18993,,240599668,
South America,OWID_SAM,1981,7.817927,,246004203,
South America,OWID_SAM,1982,7.463379,,251463267,
South America,OWID_SAM,1983,7.1259694,,256993747,
South America,OWID_SAM,1984,6.8166356,,262567857,
South America,OWID_SAM,1985,6.589476,,268127340,
South America,OWID_SAM,1986,6.2781305,,273653738,
South America,OWID_SAM,1987,6.0415854,,279159631,
South America,OWID_SAM,1988,5.815309,,284663487,
South America,OWID_SAM,1989,5.5946946,,290157633,
South America,OWID_SAM,1990,5.3717628,,295639583,
South America,OWID_SAM,1991,5.1433177,,301035777,
South America,OWID_SAM,1992,4.9022036,,306386108,
South America,OWID_SAM,1993,4.6540318,,311712472,
South America,OWID_SAM,1994,4.4030604,,316983654,
South America,OWID_SAM,1995,4.1537266,,322239766,
South America,OWID_SAM,1996,3.9123924,,327454409,
South America,OWID_SAM,1997,3.682179,,332642670,
South America,OWID_SAM,1998,3.4662833,,337868219,
South America,OWID_SAM,1999,3.2652185,,343039488,
South America,OWID_SAM,2000,3.078153,,348018743,
South America,OWID_SAM,2001,2.9029655,,352811861,
South America,OWID_SAM,2002,2.7426205,,357458493,
South America,OWID_SAM,2003,2.5936177,,361970820,
South America,OWID_SAM,2004,2.4534934,,366372166,
South America,OWID_SAM,2005,2.3234816,,370696350,
South America,OWID_SAM,2006,2.204478,,374925352,
South America,OWID_SAM,2007,2.098306,,379035651,
South America,OWID_SAM,2008,2.0037482,,383025009,
South America,OWID_SAM,2009,1.919195,,386904378,
South America,OWID_SAM,2010,1.8449229,,390701117,
South America,OWID_SAM,2011,1.7785542,,394477912,
South America,OWID_SAM,2012,1.7203676,,398255319,
South America,OWID_SAM,2013,1.67011,,402022546,
South America,OWID_SAM,2014,1.6275613,,405812435,
South America,OWID_SAM,2015,1.5952176,,409619969,
South America,OWID_SAM,2016,1.65284,,413395039,
South America,OWID_SAM,2017,1.5670949,,417045362,
South America,OWID_SAM,2018,1.5369123,,420440405,
South America,OWID_SAM,2019,1.5100029,,423548291,
South America,OWID_SAM,2020,1.4858882,,426213552,
South America,OWID_SAM,2021,1.4642462,,428331419,
South America,OWID_SAM,2022,1.4447895,,430492816,
South America,OWID_SAM,2023,1.42549,,433024223,
South Asia (WB),WB_SA,1990,,2221.104,,
South Asia (WB),WB_SA,1991,,2207.1523,,
South Asia (WB),WB_SA,1992,,2278.2957,,
South Asia (WB),WB_SA,1993,,2338.6492,,
South Asia (WB),WB_SA,1994,,2437.5273,,
South Asia (WB),WB_SA,1995,,2561.1387,,
South Asia (WB),WB_SA,1996,,2688.7488,,
South Asia (WB),WB_SA,1997,,2747.1846,,
South Asia (WB),WB_SA,1998,,2855.9998,,
South Asia (WB),WB_SA,1999,,3032.5386,,
South Asia (WB),WB_SA,2000,,3097.8066,,
South Asia (WB),WB_SA,2001,,3182.3164,,
South Asia (WB),WB_SA,2002,,3244.373,,
South Asia (WB),WB_SA,2003,,3427.977,,
South Asia (WB),WB_SA,2004,,3626.66,,
South Asia (WB),WB_SA,2005,,3844.0063,,
South Asia (WB),WB_SA,2006,,4085.0732,,
South Asia (WB),WB_SA,2007,,4330.3027,,
South Asia (WB),WB_SA,2008,,4419.832,,
South Asia (WB),WB_SA,2009,,4683.4233,,
South Asia (WB),WB_SA,2010,,4997.842,,
South Asia (WB),WB_SA,2011,,5199.3984,,
South Asia (WB),WB_SA,2012,,5421.17,,
South Asia (WB),WB_SA,2013,,5690.3267,,
South Asia (WB),WB_SA,2014,,6029.549,,
South Asia (WB),WB_SA,2015,,6420.3975,,
South Asia (WB),WB_SA,2016,,6853.8364,,
South Asia (WB),WB_SA,2017,,7237.9014,,
South Asia (WB),WB_SA,2018,,7622.251,,
South Asia (WB),WB_SA,2019,,7857.6147,,
South Asia (WB),WB_SA,2020,,7399.215,,
South Asia (WB),WB_SA,2021,,8015.357,,
South Asia (WB),WB_SA,2022,,8522.025,,
South Asia (WB),WB_SA,2023,,9169.174,,
South Asia (WB),WB_SA,2024,,9654.166,,
South Korea,KOR,1950,36.009262,,19757319,High-income countries
South Korea,KOR,1951,30.556746,,19868990,High-income countries
South Korea,KOR,1952,26.024187,,20229880,High-income countries
South Korea,KOR,1953,22.294815,,20775325,High-income countries
South Korea,KOR,1954,19.320885,,21415578,High-income countries
South Korea,KOR,1955,16.963913,,22125104,High-income countries
South Korea,KOR,1956,15.122257,,22874441,High-income countries
South Korea,KOR,1957,13.717545,,23660791,High-income countries
South Korea,KOR,1958,12.6445055,,24473927,High-income countries
South Korea,KOR,1959,11.818536,,25298234,High-income countries
South Korea,KOR,1960,11.162898,,26115388,High-income countries
South Korea,KOR,1961,10.626273,,26852962,High-income countries
South Korea,KOR,1962,10.139519,,27509235,High-income countries
South Korea,KOR,1963,9.667568,,28145547,High-income countries
South Korea,KOR,1964,9.184645,,28744980,High-income countries
South Korea,KOR,1965,8.683763,,29284343,High-income countries
South Korea,KOR,1966,8.157546,,29845941,High-income countries
South Korea,KOR,1967,7.6233597,,30495725,High-income countries
South Korea,KOR,1968,7.0990324,,31175295,High-income countries
South Korea,KOR,1969,6.5910764,,31852769,High-income countries
South Korea,KOR,1970,6.1237564,,32542203,High-income countries
South Korea,KOR,1971,5.711915,,33239859,High-income countries
South Korea,KOR,1972,5.3601756,,33936470,High-income countries
South Korea,KOR,1973,5.0659556,,34625848,High-income countries
South Korea,KOR,1974,4.8211493,,35287834,High-income countries
South Korea,KOR,1975,4.6091094,,35875741,High-income countries
South Korea,KOR,1976,4.417418,,36379928,High-income countries
South Korea,KOR,1977,4.234285,,36843638,High-income countries
South Korea,KOR,1978,4.0439796,,37281935,High-income countries
South Korea,KOR,1979,3.8438005,,37710898,High-income countries
South Korea,KOR,1980,3.626487,,38141109,High-income countries
South Korea,KOR,1981,3.4001777,,38689192,High-income countries
South Korea,KOR,1982,3.1674323,,39356159,High-income countries
South Korea,KOR,1983,2.9320812,,40000945,High-income countries
South Korea,KOR,1984,2.695134,,40598302,High-income countries
South Korea,KOR,1985,2.4632034,,41148956,High-income countries
South Korea,KOR,1986,2.2458053,,41718508,High-income countries
South Korea,KOR,1987,2.0453746,,42322092,High-income countries
South Korea,KOR,1988,1.8654346,,42922980,High-income countries
South Korea,KOR,1989,1.7065576,,43524765,High-income countries
South Korea,KOR,1990,1.5668855,14377.884,44081425,High-income countries
South Korea,KOR,1991,1.4424001,15784.467,44439146,High-income countries
South Korea,KOR,1992,1.3299226,16613.49,44653699,High-income countries
South Korea,KOR,1993,1.2284293,17595.904,44887721,High-income countries
South Korea,KOR,1994,1.1366383,19052.299,45130842,High-income countries
South Korea,KOR,1995,1.052813,20697.896,45368425,High-income countries
South Korea,KOR,1996,0.9773696,22139.797,45638701,High-income countries
South Korea,KOR,1997,0.9099933,23311.043,45941541,High-income countries
South Korea,KOR,1998,0.85086614,22000.338,46230885,High-income countries
South Korea,KOR,1999,0.7995509,24382.25,46500382,High-income countries
South Korea,KOR,2000,0.7548178,26404.158,46766660,High-income countries
South Korea,KOR,2001,0.714636,27440.656,47043467,High-income countries
South Korea,KOR,2002,0.6771372,29395.277,47299118,High-income countries
South Korea,KOR,2003,0.6391773,30142.46,47514158,High-income countries
South Korea,KOR,2004,0.5983747,31579.527,47697076,High-income countries
South Korea,KOR,2005,0.5567666,32886.047,47851646,High-income countries
South Korea,KOR,2006,0.5175249,34429.62,48006518,High-income countries
South Korea,KOR,2007,0.4828139,36257.34,48178122,High-income countries
South Korea,KOR,2008,0.4538788,37064.152,48356485,High-income countries
South Korea,KOR,2009,0.4309076,37176.195,48546690,High-income countries
South Korea,KOR,2010,0.41284025,39574.05,48769329,High-income countries
South Korea,KOR,2011,0.3977402,40719.227,49127640,High-income countries
South Korea,KOR,2012,0.38458028,41537.67,49599580,High-income countries
South Korea,KOR,2013,0.37263766,42709.977,50071168,High-income countries
South Korea,KOR,2014,0.36166796,43806.926,50539055,High-income countries
South Korea,KOR,2015,0.35135278,44849.105,50983909,High-income countries
South Korea,KOR,2016,0.34164104,46088.242,51297836,High-income countries
South Korea,KOR,2017,0.33245277,47536.79,51486268,High-income countries
South Korea,KOR,2018,0.32316554,48834.445,51640894,High-income countries
South Korea,KOR,2019,0.31346837,49790.867,51767844,High-income countries
South Korea,KOR,2020,0.3034792,49374.094,51858481,High-income countries
South Korea,KOR,2021,0.29387543,51718.25,51848401,High-income countries
South Korea,KOR,2022,0.28474566,53228.605,51782515,High-income countries
South Korea,KOR,2023,0.27607253,54029.344,51748744,High-income countries
South Korea,KOR,2024,,55070.938,51748744,High-income countries
South Sudan,SSD,1954,37.23969,,2657098,Low-income countries
South Sudan,SSD,1955,36.905582,,2705090,Low-income countries
South Sudan,SSD,1956,36.633224,,2754597,Low-income countries
South Sudan,SSD,1957,36.322094,,2804099,Low-income countries
South Sudan,SSD,1958,36.02235,,2848361,Low-income countries
South Sudan,SSD,1959,35.753593,,2888781,Low-income countries
South Sudan,SSD,1960,35.49109,,2931567,Low-income countries
South Sudan,SSD,1961,35.22642,,2976728,Low-income countries
South Sudan,SSD,1962,34.938698,,3024304,Low-income countries
South Sudan,SSD,1963,34.58377,,3072675,Low-income countries
South Sudan,SSD,1964,34.272923,,3129915,Low-income countries
South Sudan,SSD,1965,33.98573,,3189833,Low-income countries
South Sudan,SSD,1966,33.62088,,3236423,Low-income countries
South Sudan,SSD,1967,33.260548,,3277648,Low-income countries
South Sudan,SSD,1968,32.92807,,3321528,Low-income countries
South Sudan,SSD,1969,32.605793,,3365534,Low-income countries
South Sudan,SSD,1970,32.254734,,3409620,Low-income countries
South Sudan,SSD,1971,31.914404,,3468646,Low-income countries
South Sudan,SSD,1972,31.609268,,3542492,Low-income countries
South Sudan,SSD,1973,31.28488,,3627387,Low-income countries
South Sudan,SSD,1974,30.93399,,3723264,Low-income countries
South Sudan,SSD,1975,30.582968,,3821494,Low-income countries
South Sudan,SSD,1976,30.193073,,3921912,Low-income countries
South Sudan,SSD,1977,29.849594,,4024037,Low-income countries
South Sudan,SSD,1978,29.536264,,4127666,Low-income countries
South Sudan,SSD,1979,29.170273,,4232613,Low-income countries
South Sudan,SSD,1980,28.872938,,4339041,Low-income countries
South Sudan,SSD,1981,28.489359,,4447275,Low-income countries
South Sudan,SSD,1982,28.162128,,4557690,Low-income countries
South Sudan,SSD,1983,27.794788,,4661577,Low-income countries
South Sudan,SSD,1984,27.466923,,4750626,Low-income countries
South Sudan,SSD,1985,27.108438,,4834296,Low-income countries
South Sudan,SSD,1986,26.729626,,4921245,Low-income countries
South Sudan,SSD,1987,35.980747,,4962397,Low-income countries
South Sudan,SSD,1988,76.73842,,4848029,Low-income countries
South Sudan,SSD,1989,30.706785,,4713234,Low-income countries
South Sudan,SSD,1990,30.275711,,4737637,Low-income countries
South Sudan,SSD,1991,29.722784,,4836686,Low-income countries
South Sudan,SSD,1992,33.77358,,4909746,Low-income countries
South Sudan,SSD,1993,33.108547,,4956006,Low-income countries
South Sudan,SSD,1994,23.008108,,5071191,Low-income countries
South Sudan,SSD,1995,26.965754,,5225840,Low-income countries
South Sudan,SSD,1996,26.130896,,5356925,Low-income countries
South Sudan,SSD,1997,25.239035,,5509142,Low-income countries
South Sudan,SSD,1998,42.56109,,5620077,Low-income countries
South Sudan,SSD,1999,19.174686,,5771632,Low-income countries
South Sudan,SSD,2000,18.271374,,6032274,Low-income countries
South Sudan,SSD,2001,17.383884,,6308399,Low-income countries
South Sudan,SSD,2002,16.509586,,6596810,Low-income countries
South Sudan,SSD,2003,15.654934,,6903129,Low-income countries
South Sudan,SSD,2004,14.83802,,7233040,Low-income countries
South Sudan,SSD,2005,14.077918,,7590147,Low-income countries
South Sudan,SSD,2006,13.350885,,7976532,Low-income countries
South Sudan,SSD,2007,12.69814,,8388785,Low-income countries
South Sudan,SSD,2008,12.063649,,8817645,Low-income countries
South Sudan,SSD,2009,11.470606,,9243560,Low-income countries
South Sudan,SSD,2010,10.936165,,9745955,Low-income countries
South Sudan,SSD,2011,10.45235,,10288112,Low-income countries
South Sudan,SSD,2012,10.091727,,10756245,Low-income countries
South Sudan,SSD,2013,9.922469,,11166280,Low-income countries
South Sudan,SSD,2014,18.233131,,11235071,Low-income countries
South Sudan,SSD,2015,23.656544,,11107569,Low-income countries
South Sudan,SSD,2016,26.392567,,10830108,Low-income countries
South Sudan,SSD,2017,27.818722,,10259150,Low-income countries
South Sudan,SSD,2018,13.241074,,10122983,Low-income countries
South Sudan,SSD,2019,9.872844,,10423382,Low-income countries
South Sudan,SSD,2020,9.872844,,10698471,Low-income countries
South Sudan,SSD,2021,9.872844,,10865786,Low-income countries
South Sudan,SSD,2022,9.872844,,11021175,Low-income countries
South Sudan,SSD,2023,9.872844,,11483370,Low-income countries
Spain,ESP,1949,11.651168,,27827617,High-income countries
Spain,ESP,1950,10.337368,,28077048,High-income countries
Spain,ESP,1951,9.233646,,28214862,High-income countries
Spain,ESP,1952,8.3487425,,28406044,High-income countries
Spain,ESP,1953,7.66621,,28632701,High-income countries
Spain,ESP,1954,7.16709,,28857828,High-income countries
Spain,ESP,1955,6.8018575,,29089774,High-income countries
Spain,ESP,1956,6.504094,,29323672,High-income countries
Spain,ESP,1957,6.236918,,29569970,High-income countries
Spain,ESP,1958,5.981566,,29849658,High-income countries
Spain,ESP,1959,5.7272444,,30140710,High-income countries
Spain,ESP,1960,5.4700313,,30404938,High-income countries
Spain,ESP,1961,5.2042074,,30699568,High-income countries
Spain,ESP,1962,4.936151,,31040106,High-income countries
Spain,ESP,1963,4.680212,,31379831,High-income countries
Spain,ESP,1964,4.448025,,31741586,High-income countries
Spain,ESP,1965,4.234085,,32110669,High-income countries
Spain,ESP,1966,4.029909,,32465887,High-income countries
Spain,ESP,1967,3.8261468,,32820751,High-income countries
Spain,ESP,1968,3.6145751,,33170121,High-income countries
Spain,ESP,1969,3.3924654,,33496941,High-income countries
Spain,ESP,1970,3.1625595,,33812720,High-income countries
Spain,ESP,1971,2.9354415,,34157447,High-income countries
Spain,ESP,1972,2.7172854,,34539861,High-income countries
Spain,ESP,1973,2.5151374,,34926521,High-income countries
Spain,ESP,1974,2.3332627,,35361763,High-income countries
Spain,ESP,1975,2.1690772,,35795771,High-income countries
Spain,ESP,1976,2.0163126,,36176273,High-income countries
Spain,ESP,1977,1.8728583,,36551267,High-income countries
Spain,ESP,1978,1.7361926,,36904970,High-income countries
Spain,ESP,1979,1.6057259,,37230370,High-income countries
Spain,ESP,1980,1.4861742,,37537560,High-income countries
Spain,ESP,1981,1.3831484,,37812708,High-income countries
Spain,ESP,1982,1.2973855,,38047097,High-income countries
Spain,ESP,1983,1.2260742,,38253247,High-income countries
Spain,ESP,1984,1.166108,,38437483,High-income countries
Spain,ESP,1985,1.11428,,38601315,High-income countries
Spain,ESP,1986,1.0694748,,38735706,High-income countries
Spain,ESP,1987,1.0291117,,38852007,High-income countries
Spain,ESP,1988,0.9915894,,38952258,High-income countries
Spain,ESP,1989,0.95431167,,39029557,High-income countries
Spain,ESP,1990,0.91595906,31773.227,39084975,High-income countries
Spain,ESP,1991,0.87551063,32499.348,39201750,High-income countries
Spain,ESP,1992,0.83221,32641.082,39420344,High-income countries
Spain,ESP,1993,0.78616387,32137.314,39651627,High-income countries
Spain,ESP,1994,0.73764724,32746.93,39858721,High-income countries
Spain,ESP,1995,0.6902671,33501.73,40052733,High-income countries
Spain,ESP,1996,0.64774376,34232.38,40237375,High-income countries
Spain,ESP,1997,0.612262,35312.086,40423823,High-income countries
Spain,ESP,1998,0.58332556,36679.094,40617436,High-income countries
Spain,ESP,1999,0.56049925,38141.316,40812855,High-income countries
Spain,ESP,2000,0.54237205,39945.9,41019772,High-income countries
Spain,ESP,2001,0.52749616,41224.293,41245602,High-income countries
Spain,ESP,2002,0.5146558,41766.04,41755703,High-income countries
Spain,ESP,2003,0.501887,42223.13,42506540,High-income countries
Spain,ESP,2004,0.48751011,42793.39,43234562,High-income countries
Spain,ESP,2005,0.47154438,43570.766,43958883,High-income countries
Spain,ESP,2006,0.4542618,44572.68,44695446,High-income countries
Spain,ESP,2007,0.43640512,45301.285,45516501,High-income countries
Spain,ESP,2008,0.41852775,44926.348,46235055,High-income countries
Spain,ESP,2009,0.40108413,42852.223,46635182,High-income countries
Spain,ESP,2010,0.38464788,42695.527,46840469,High-income countries
Spain,ESP,2011,0.3696723,42271.836,46998040,High-income countries
Spain,ESP,2012,0.3565455,41034.047,47018323,High-income countries
Spain,ESP,2013,0.3456165,40594.914,46860394,High-income countries
Spain,ESP,2014,0.33723646,41339.41,46720187,High-income countries
Spain,ESP,2015,0.3310522,43053.76,46683683,High-income countries
Spain,ESP,2016,0.3266033,44274.668,46732768,High-income countries
Spain,ESP,2017,0.32343188,45446.25,46868594,High-income countries
Spain,ESP,2018,0.3208538,46325.21,47092817,High-income countries
Spain,ESP,2019,0.31819108,46896.418,47435121,High-income countries
Spain,ESP,2020,0.31572938,41553.45,47679482,High-income countries
Spain,ESP,2021,0.3139497,44251.664,47735670,High-income countries
Spain,ESP,2022,0.31310394,46733.48,47828386,High-income countries
Spain,ESP,2023,0.3115647,47322.594,47911583,High-income countries
Spain,ESP,2024,,48460.293,47911583,High-income countries
Sri Lanka,LKA,1951,12.940219,,7956333,Lower-middle-income countries
Sri Lanka,LKA,1952,12.813056,,8111562,Lower-middle-income countries
Sri Lanka,LKA,1953,12.6542635,,8275136,Lower-middle-income countries
Sri Lanka,LKA,1954,12.450407,,8445937,Lower-middle-income countries
Sri Lanka,LKA,1955,12.160785,,8623328,Lower-middle-income countries
Sri Lanka,LKA,1956,11.764937,,8807222,Lower-middle-income countries
Sri Lanka,LKA,1957,11.228578,,9001000,Lower-middle-income countries
Sri Lanka,LKA,1958,10.612616,,9208815,Lower-middle-income countries
Sri Lanka,LKA,1959,9.982002,,9430157,Lower-middle-income countries
Sri Lanka,LKA,1960,9.408051,,9661384,Lower-middle-income countries
Sri Lanka,LKA,1961,8.954527,,9899372,Lower-middle-income countries
Sri Lanka,LKA,1962,8.664864,,10143750,Lower-middle-income countries
Sri Lanka,LKA,1963,8.481046,,10395039,Lower-middle-income countries
Sri Lanka,LKA,1964,8.301314,,10653403,Lower-middle-income countries
Sri Lanka,LKA,1965,8.073578,,10916965,Lower-middle-income countries
Sri Lanka,LKA,1966,7.813256,,11183925,Lower-middle-income countries
Sri Lanka,LKA,1967,7.553212,,11457329,Lower-middle-income countries
Sri Lanka,LKA,1968,7.321927,,11736084,Lower-middle-income countries
Sri Lanka,LKA,1969,7.1395226,,12013864,Lower-middle-income countries
Sri Lanka,LKA,1970,7.0215344,,12287113,Lower-middle-income countries
Sri Lanka,LKA,1971,6.937712,,12551910,Lower-middle-income countries
Sri Lanka,LKA,1972,6.8630033,,12809207,Lower-middle-income countries
Sri Lanka,LKA,1973,6.765342,,13060920,Lower-middle-income countries
Sri Lanka,LKA,1974,6.6213965,,13305697,Lower-middle-income countries
Sri Lanka,LKA,1975,6.4082017,,13548989,Lower-middle-income countries
Sri Lanka,LKA,1976,6.123387,,13796776,Lower-middle-income countries
Sri Lanka,LKA,1977,5.7711477,,14049365,Lower-middle-income countries
Sri Lanka,LKA,1978,5.3810816,,14310127,Lower-middle-income countries
Sri Lanka,LKA,1979,4.9941173,,14579616,Lower-middle-income countries
Sri Lanka,LKA,1980,4.6322107,,14847972,Lower-middle-income countries
Sri Lanka,LKA,1981,4.2946734,,15099417,Lower-middle-income countries
Sri Lanka,LKA,1982,3.980527,,15286571,Lower-middle-income countries
Sri Lanka,LKA,1983,3.6707268,,15388795,Lower-middle-income countries
Sri Lanka,LKA,1984,3.345757,,15441858,Lower-middle-income countries
Sri Lanka,LKA,1985,3.0186486,,15544152,Lower-middle-income countries
Sri Lanka,LKA,1986,2.7380872,,15731253,Lower-middle-income countries
Sri Lanka,LKA,1987,2.5354965,,15916578,Lower-middle-income countries
Sri Lanka,LKA,1988,2.4094875,,16078624,Lower-middle-income countries
Sri Lanka,LKA,1989,2.7354302,,16248560,Lower-middle-income countries
Sri Lanka,LKA,1990,2.3301,4561.579,16352460,Lower-middle-income countries
Sri Lanka,LKA,1991,2.3212798,4735.8193,16475354,Lower-middle-income countries
Sri Lanka,LKA,1992,2.2864196,4866.2393,16739297,Lower-middle-income countries
Sri Lanka,LKA,1993,2.2219837,5114.4365,17025924,Lower-middle-income countries
Sri Lanka,LKA,1994,2.1396213,5322.7295,17275777,Lower-middle-income countries
Sri Lanka,LKA,1995,2.049175,5523.312,17564065,Lower-middle-income countries
Sri Lanka,LKA,1996,1.9535416,5624.024,17905020,Lower-middle-income countries
Sri Lanka,LKA,1997,1.8557662,5871.723,18248205,Lower-middle-income countries
Sri Lanka,LKA,1998,1.7635796,6032.622,18596006,Lower-middle-income countries
Sri Lanka,LKA,1999,1.6861522,6176.2354,18944734,Lower-middle-income countries
Sri Lanka,LKA,2000,1.6269116,6428.6133,19293056,Lower-middle-income countries
Sri Lanka,LKA,2001,1.5830317,6230.031,19600361,Lower-middle-income countries
Sri Lanka,LKA,2002,1.5503978,6409.863,19805750,Lower-middle-income countries
Sri Lanka,LKA,2003,1.5173752,6741.0127,19951521,Lower-middle-income countries
Sri Lanka,LKA,2004,2.8785496,7059.911,20087608,Lower-middle-income countries
Sri Lanka,LKA,2005,1.4042835,7452.742,20216531,Lower-middle-income countries
Sri Lanka,LKA,2006,1.3311739,7970.665,20352416,Lower-middle-income countries
Sri Lanka,LKA,2007,1.2624928,8454.207,20492546,Lower-middle-income countries
Sri Lanka,LKA,2008,1.2037436,8897.827,20629377,Lower-middle-income countries
Sri Lanka,LKA,2009,2.077042,9156.319,20756438,Lower-middle-income countries
Sri Lanka,LKA,2010,1.1178449,9832.187,20879092,Lower-middle-income countries
Sri Lanka,LKA,2011,1.0793517,10618.492,21009054,Lower-middle-income countries
Sri Lanka,LKA,2012,1.0322722,11447.693,21169461,Lower-middle-income countries
Sri Lanka,LKA,2013,0.9785425,12249.723,21358829,Lower-middle-income countries
Sri Lanka,LKA,2014,0.9245644,12909.966,21547454,Lower-middle-income countries
Sri Lanka,LKA,2015,0.87457466,13329.779,21729975,Lower-middle-income countries
Sri Lanka,LKA,2016,0.83007383,13845.614,21910763,Lower-middle-income countries
Sri Lanka,LKA,2017,0.7912065,14572.485,22087525,Lower-middle-income countries
Sri Lanka,LKA,2018,0.7563998,14759.825,22253116,Lower-middle-income countries
Sri Lanka,LKA,2019,0.7236829,14637.444,22410552,Lower-middle-income countries
Sri Lanka,LKA,2020,0.6921146,13886.651,22561808,Lower-middle-income countries
Sri Lanka,LKA,2021,0.6622553,14316.135,22700377,Lower-middle-income countries
Sri Lanka,LKA,2022,0.635097,13249.065,22834965,Lower-middle-income countries
Sri Lanka,LKA,2023,0.6107925,13024.94,22971615,Lower-middle-income countries
Sri Lanka,LKA,2024,,13752.837,22971615,Lower-middle-income countries
Sub-Saharan Africa (WB),WB_SSA,1990,,3775.4473,,
Sub-Saharan Africa (WB),WB_SSA,1991,,3692.9666,,
Sub-Saharan Africa (WB),WB_SSA,1992,,3585.89,,
Sub-Saharan Africa (WB),WB_SSA,1993,,3446.3987,,
Sub-Saharan Africa (WB),WB_SSA,1994,,3382.8987,,
Sub-Saharan Africa (WB),WB_SSA,1995,,3400.792,,
Sub-Saharan Africa (WB),WB_SSA,1996,,3482.8354,,
Sub-Saharan Africa (WB),WB_SSA,1997,,3531.2527,,
Sub-Saharan Africa (WB),WB_SSA,1998,,3529.4673,,
Sub-Saharan Africa (WB),WB_SSA,1999,,3509.318,,
Sub-Saharan Africa (WB),WB_SSA,2000,,3534.5173,,
Sub-Saharan Africa (WB),WB_SSA,2001,,3592.1694,,
Sub-Saharan Africa (WB),WB_SSA,2002,,3732.0852,,
Sub-Saharan Africa (WB),WB_SSA,2003,,3787.212,,
Sub-Saharan Africa (WB),WB_SSA,2004,,3938.5247,,
Sub-Saharan Africa (WB),WB_SSA,2005,,4064.7947,,
Sub-Saharan Africa (WB),WB_SSA,2006,,4196.0176,,
Sub-Saharan Africa (WB),WB_SSA,2007,,4334.8833,,
Sub-Saharan Africa (WB),WB_SSA,2008,,4442.5605,,
Sub-Saharan Africa (WB),WB_SSA,2009,,4476.266,,
Sub-Saharan Africa (WB),WB_SSA,2010,,4629.3413,,
Sub-Saharan Africa (WB),WB_SSA,2011,,4716.822,,
Sub-Saharan Africa (WB),WB_SSA,2012,,4779.451,,
Sub-Saharan Africa (WB),WB_SSA,2013,,4893.031,,
Sub-Saharan Africa (WB),WB_SSA,2014,,4999.522,,
Sub-Saharan Africa (WB),WB_SSA,2015,,5016.2275,,
Sub-Saharan Africa (WB),WB_SSA,2016,,4948.61,,
Sub-Saharan Africa (WB),WB_SSA,2017,,4944.827,,
Sub-Saharan Africa (WB),WB_SSA,2018,,4954.5625,,
Sub-Saharan Africa (WB),WB_SSA,2019,,4956.282,,
Sub-Saharan Africa (WB),WB_SSA,2020,,4674.73,,
Sub-Saharan Africa (WB),WB_SSA,2021,,4720.3574,,
Sub-Saharan Africa (WB),WB_SSA,2022,,4796.0664,,
Sub-Saharan Africa (WB),WB_SSA,2023,,4810.216,,
Sub-Saharan Africa (WB),WB_SSA,2024,,4872.6357,,
Sudan,SDN,1953,19.999657,,6765905,Low-income countries
Sudan,SDN,1954,19.668821,,6969640,Low-income countries
Sudan,SDN,1955,19.342653,,7181691,Low-income countries
Sudan,SDN,1956,19.004293,,7401596,Low-income countries
Sudan,SDN,1957,18.69817,,7629457,Low-income countries
Sudan,SDN,1958,18.389889,,7863036,Low-income countries
Sudan,SDN,1959,18.077143,,8106484,Low-income countries
Sudan,SDN,1960,17.7768,,8364491,Low-income countries
Sudan,SDN,1961,17.499332,,8634940,Low-income countries
Sudan,SDN,1962,17.239471,,8919031,Low-income countries
Sudan,SDN,1963,16.980358,,9218078,Low-income countries
Sudan,SDN,1964,16.743048,,9531108,Low-income countries
Sudan,SDN,1965,16.524315,,9858033,Low-income countries
Sudan,SDN,1966,16.331,,10197582,Low-income countries
Sudan,SDN,1967,16.164595,,10550600,Low-income countries
Sudan,SDN,1968,16.023249,,10918006,Low-income countries
Sudan,SDN,1969,15.903181,,11298939,Low-income countries
Sudan,SDN,1970,15.795879,,11695768,Low-income countries
Sudan,SDN,1971,15.701476,,12105542,Low-income countries
Sudan,SDN,1972,15.607295,,12527859,Low-income countries
Sudan,SDN,1973,15.515862,,13049322,Low-income countries
Sudan,SDN,1974,15.422631,,13580729,Low-income countries
Sudan,SDN,1975,15.309424,,14064803,Low-income countries
Sudan,SDN,1976,15.203268,,14569724,Low-income countries
Sudan,SDN,1977,15.087907,,15086623,Low-income countries
Sudan,SDN,1978,14.969126,,15695004,Low-income countries
Sudan,SDN,1979,14.855982,,16355353,Low-income countries
Sudan,SDN,1980,14.746582,,17058908,Low-income countries
Sudan,SDN,1981,14.640525,,17780576,Low-income countries
Sudan,SDN,1982,14.535114,,18486645,Low-income countries
Sudan,SDN,1983,18.221748,,19109775,Low-income countries
Sudan,SDN,1984,18.023453,,19546531,Low-income countries
Sudan,SDN,1985,17.827185,,19905872,Low-income countries
Sudan,SDN,1986,14.010696,,20288246,Low-income countries
Sudan,SDN,1987,13.825853,,20704903,Low-income countries
Sudan,SDN,1988,13.623622,,21138430,Low-income countries
Sudan,SDN,1989,13.4059515,,21578027,Low-income countries
Sudan,SDN,1990,13.181817,2460.1887,22021484,Low-income countries
Sudan,SDN,1991,12.949609,2591.8691,22470676,Low-income countries
Sudan,SDN,1992,12.708986,2709.79,22927356,Low-income countries
Sudan,SDN,1993,12.459347,2777.275,23445599,Low-income countries
Sudan,SDN,1994,12.199782,2736.472,24043951,Low-income countries
Sudan,SDN,1995,11.92726,2824.632,24672144,Low-income countries
Sudan,SDN,1996,11.643464,2924.2908,25231534,Low-income countries
Sudan,SDN,1997,11.336442,3380.1868,25799826,Low-income countries
Sudan,SDN,1998,11.017855,3441.1792,26458999,Low-income countries
Sudan,SDN,1999,10.685565,3459.23,27130619,Low-income countries
Sudan,SDN,2000,10.340935,3575.852,27816748,Low-income countries
Sudan,SDN,2001,9.992284,3701.5488,28516774,Low-income countries
Sudan,SDN,2002,9.645875,3814.3132,29228728,Low-income countries
Sudan,SDN,2003,9.311266,3946.9226,29896038,Low-income countries
Sudan,SDN,2004,10.258076,4041.0571,30556641,Low-income countries
Sudan,SDN,2005,10.013796,4152.3228,31262447,Low-income countries
Sudan,SDN,2006,8.400874,4299.974,31992438,Low-income countries
Sudan,SDN,2007,8.134377,4415.785,32764139,Low-income countries
Sudan,SDN,2008,7.878263,4446.4097,33623980,Low-income countries
Sudan,SDN,2009,7.6426477,4188.0547,34569114,Low-income countries
Sudan,SDN,2010,7.422558,4219.837,35414403,Low-income countries
Sudan,SDN,2011,7.218401,4467.626,36140808,Low-income countries
Sudan,SDN,2012,7.0226984,4145.9316,36923175,Low-income countries
Sudan,SDN,2013,6.8307276,4130.486,37785852,Low-income countries
Sudan,SDN,2014,6.63657,4207.5005,38823324,Low-income countries
Sudan,SDN,2015,6.4467874,4159.1943,40024433,Low-income countries
Sudan,SDN,2016,6.258659,4174.561,41259892,Low-income countries
Sudan,SDN,2017,6.066834,4061.0183,42714311,Low-income countries
Sudan,SDN,2018,5.8900294,3816.66,44230597,Low-income countries
Sudan,SDN,2019,5.707113,3625.5232,45548179,Low-income countries
Sudan,SDN,2020,5.5308766,3401.2498,46789237,Low-income countries
Sudan,SDN,2021,5.3555355,3248.9756,48066930,Low-income countries
Sudan,SDN,2022,5.1772847,3132.0771,49383344,Low-income countries
Sudan,SDN,2023,5.014924,2181.079,50042800,Low-income countries
Sudan,SDN,2024,,1861.398,50042800,Low-income countries
Suriname,SUR,1983,5.6717224,,378762,Upper-middle-income countries
Suriname,SUR,1984,5.491092,,382202,Upper-middle-income countries
Suriname,SUR,1985,5.3094893,,386982,Upper-middle-income countries
Suriname,SUR,1986,5.130923,,392344,Upper-middle-income countries
Suriname,SUR,1987,4.9700284,,396921,Upper-middle-income countries
Suriname,SUR,1988,4.8080206,,402231,Upper-middle-income countries
Suriname,SUR,1989,4.648671,,408415,Upper-middle-income countries
Suriname,SUR,1990,4.4945445,17137.65,412500,Upper-middle-income countries
Suriname,SUR,1991,4.339859,17493.496,415021,Upper-middle-income countries
Suriname,SUR,1992,4.185078,17455.125,417602,Upper-middle-income countries
Suriname,SUR,1993,4.0309834,16217.166,419357,Upper-middle-income countries
Suriname,SUR,1994,3.8833065,16648.535,422382,Upper-middle-income countries
Suriname,SUR,1995,3.742357,16368.312,429611,Upper-middle-income countries
Suriname,SUR,1996,3.6012683,16184.5,438834,Upper-middle-income countries
Suriname,SUR,1997,3.468359,16754.352,448068,Upper-middle-income countries
Suriname,SUR,1998,3.3441584,16789.756,457413,Upper-middle-income countries
Suriname,SUR,1999,3.2206662,16217.518,466925,Upper-middle-income countries
Suriname,SUR,2000,3.1051826,16220.179,476647,Upper-middle-income countries
Suriname,SUR,2001,2.9966185,16556.943,486566,Upper-middle-income countries
Suriname,SUR,2002,2.8966157,16678.072,496566,Upper-middle-income countries
Suriname,SUR,2003,2.8078928,17383.502,506421,Upper-middle-income countries
Suriname,SUR,2004,2.7229056,18585.518,513928,Upper-middle-income countries
Suriname,SUR,2005,2.644586,19220.283,519321,Upper-middle-income countries
Suriname,SUR,2006,2.5726004,20113.67,525003,Upper-middle-income countries
Suriname,SUR,2007,2.5042694,20902.139,531026,Upper-middle-income countries
Suriname,SUR,2008,2.43966,21515.812,537252,Upper-middle-income countries
Suriname,SUR,2009,2.3766108,21906.41,543580,Upper-middle-income countries
Suriname,SUR,2010,2.3187697,22772.475,549931,Upper-middle-income countries
Suriname,SUR,2011,2.2648962,23829.533,556279,Upper-middle-income countries
Suriname,SUR,2012,2.211867,24193.842,562640,Upper-middle-income countries
Suriname,SUR,2013,2.1579957,24624.021,569024,Upper-middle-income countries
Suriname,SUR,2014,2.1060178,24414.355,575380,Upper-middle-income countries
Suriname,SUR,2015,2.0534468,23327.525,581634,Upper-middle-income countries
Suriname,SUR,2016,2.003434,21950.412,587765,Upper-middle-income countries
Suriname,SUR,2017,1.9527442,22070.514,593720,Upper-middle-income countries
Suriname,SUR,2018,1.8958603,22938.535,599519,Upper-middle-income countries
Suriname,SUR,2019,1.8379451,22966.74,605779,Upper-middle-income countries
Suriname,SUR,2020,1.784262,19091.361,612320,Upper-middle-income countries
Suriname,SUR,2021,1.7313744,18458.234,617905,Upper-middle-income countries
Suriname,SUR,2022,1.6787081,18742.588,623172,Upper-middle-income countries
Suriname,SUR,2023,1.6234303,19020.867,628892,Upper-middle-income countries
Suriname,SUR,2024,,19179.102,628892,Upper-middle-income countries
Sweden,SWE,1950,2.7100575,,7016565,High-income countries
Sweden,SWE,1951,2.56522,,7072885,High-income countries
Sweden,SWE,1952,2.4353192,,7124674,High-income countries
Sweden,SWE,1953,2.3237696,,7171426,High-income countries
Sweden,SWE,1954,2.2321398,,7213463,High-income countries
Sweden,SWE,1955,2.1624036,,7262328,High-income countries
Sweden,SWE,1956,2.1090124,,7315521,High-income countries
Sweden,SWE,1957,2.065311,,7366882,High-income countries
Sweden,SWE,1958,2.026341,,7414351,High-income countries
Sweden,SWE,1959,1.9906063,,7453562,High-income countries
Sweden,SWE,1960,1.9554039,,7484597,High-income countries
Sweden,SWE,1961,1.9150949,,7519996,High-income countries
Sweden,SWE,1962,1.8607559,,7561517,High-income countries
Sweden,SWE,1963,1.7901053,,7604207,High-income countries
Sweden,SWE,1964,1.710737,,7661190,High-income countries
Sweden,SWE,1965,1.6306123,,7733011,High-income countries
Sweden,SWE,1966,1.5555341,,7805585,High-income countries
Sweden,SWE,1967,1.4906319,,7866403,High-income countries
Sweden,SWE,1968,1.436671,,7912123,High-income countries
Sweden,SWE,1969,1.3876495,,7968013,High-income countries
Sweden,SWE,1970,1.3385838,,8042783,High-income countries
Sweden,SWE,1971,1.2855368,,8098104,High-income countries
Sweden,SWE,1972,1.2257035,,8122426,High-income countries
Sweden,SWE,1973,1.1602174,,8137166,High-income countries
Sweden,SWE,1974,1.0945557,,8160636,High-income countries
Sweden,SWE,1975,1.0349519,,8192641,High-income countries
Sweden,SWE,1976,0.983194,,8222392,High-income countries
Sweden,SWE,1977,0.9395027,,8251699,High-income countries
Sweden,SWE,1978,0.9036673,,8275793,High-income countries
Sweden,SWE,1979,0.87288934,,8293749,High-income countries
Sweden,SWE,1980,0.84488934,,8310470,High-income countries
Sweden,SWE,1981,0.8198693,,8320460,High-income countries
Sweden,SWE,1982,0.7992588,,8325179,High-income countries
Sweden,SWE,1983,0.7833935,,8328915,High-income countries
Sweden,SWE,1984,0.7708188,,8336482,High-income countries
Sweden,SWE,1985,0.76035964,,8350249,High-income countries
Sweden,SWE,1986,0.75130004,,8369681,High-income countries
Sweden,SWE,1987,0.7429818,,8397651,High-income countries
Sweden,SWE,1988,0.7338458,,8436358,High-income countries
Sweden,SWE,1989,0.71932346,,8492821,High-income countries
Sweden,SWE,1990,0.6956553,40549.31,8558571,High-income countries
Sweden,SWE,1991,0.6615156,39812.316,8616955,High-income countries
Sweden,SWE,1992,0.61796653,39120.926,8667576,High-income countries
Sweden,SWE,1993,0.56883633,38090.945,8718038,High-income countries
Sweden,SWE,1994,0.5223789,39340,8780190,High-income countries
Sweden,SWE,1995,0.4841688,40736.426,8826298,High-income countries
Sweden,SWE,1996,0.4551945,41364.984,8840330,High-income countries
Sweden,SWE,1997,0.43507853,42608.414,8845525,High-income countries
Sweden,SWE,1998,0.42217758,44392.844,8850606,High-income countries
Sweden,SWE,1999,0.41457325,46221.81,8857691,High-income countries
Sweden,SWE,2000,0.40966296,48284.8,8872099,High-income countries
Sweden,SWE,2001,0.4048992,48810.645,8896018,High-income countries
Sweden,SWE,2002,0.397798,49760.215,8925045,High-income countries
Sweden,SWE,2003,0.3874237,50507.934,8958434,High-income countries
Sweden,SWE,2004,0.37433213,52412.41,8993805,High-income countries
Sweden,SWE,2005,0.35984787,53661.316,9029771,High-income countries
Sweden,SWE,2006,0.34521315,55855.496,9080628,High-income countries
Sweden,SWE,2007,0.332215,57230.79,9148280,High-income countries
Sweden,SWE,2008,0.32157537,56262.47,9219903,High-income countries
Sweden,SWE,2009,0.31299627,53411.2,9298738,High-income countries
Sweden,SWE,2010,0.3062147,56003.27,9378234,High-income countries
Sweden,SWE,2011,0.30115888,57340.504,9449263,High-income countries
Sweden,SWE,2012,0.29723692,56682.02,9519477,High-income countries
Sweden,SWE,2013,0.29383722,56843.164,9600620,High-income countries
Sweden,SWE,2014,0.29036582,57574.05,9696438,High-income countries
Sweden,SWE,2015,0.28633878,59468.355,9799483,High-income countries
Sweden,SWE,2016,0.28158143,59977.387,9923281,High-income countries
Sweden,SWE,2017,0.2760602,60288.8,10057864,High-income countries
Sweden,SWE,2018,0.27004534,60647.45,10175400,High-income countries
Sweden,SWE,2019,0.26416323,61601.63,10279120,High-income countries
Sweden,SWE,2020,0.25888464,59975.363,10353682,High-income countries
Sweden,SWE,2021,0.25451225,62731.7,10416134,High-income countries
Sweden,SWE,2022,0.25080812,63088.42,10487335,High-income countries
Sweden,SWE,2023,0.24746522,62662.766,10551493,High-income countries
Sweden,SWE,2024,,62978.938,10551493,High-income countries
Switzerland,CHE,1950,3.8600934,,4692642,High-income countries
Switzerland,CHE,1951,3.7208152,,4748090,High-income countries
Switzerland,CHE,1952,3.583105,,4811615,High-income countries
Switzerland,CHE,1953,3.4463398,,4875654,High-income countries
Switzerland,CHE,1954,3.3064613,,4938749,High-income countries
Switzerland,CHE,1955,3.1628053,,5002118,High-income countries
Switzerland,CHE,1956,3.02404,,5065624,High-income countries
Switzerland,CHE,1957,2.8992326,,5130171,High-income countries
Switzerland,CHE,1958,2.79661,,5196450,High-income countries
Switzerland,CHE,1959,2.7153473,,5262809,High-income countries
Switzerland,CHE,1960,2.653688,,5327777,High-income countries
Switzerland,CHE,1961,2.59946,,5434125,High-income countries
Switzerland,CHE,1962,2.5346189,,5573701,High-income countries
Switzerland,CHE,1963,2.451147,,5694163,High-income countries
Switzerland,CHE,1964,2.3562007,,5789153,High-income countries
Switzerland,CHE,1965,2.2577453,,5856414,High-income countries
Switzerland,CHE,1966,2.162054,,5917969,High-income countries
Switzerland,CHE,1967,2.074508,,5991733,High-income countries
Switzerland,CHE,1968,1.9946092,,6067657,High-income countries
Switzerland,CHE,1969,1.9174495,,6136353,High-income countries
Switzerland,CHE,1970,1.8386112,,6180922,High-income countries
Switzerland,CHE,1971,1.7555017,,6213536,High-income countries
Switzerland,CHE,1972,1.6672252,,6261086,High-income countries
Switzerland,CHE,1973,1.5743102,,6307408,High-income countries
Switzerland,CHE,1974,1.4786892,,6341381,High-income countries
Switzerland,CHE,1975,1.3834407,,6338600,High-income countries
Switzerland,CHE,1976,1.2929071,,6302556,High-income countries
Switzerland,CHE,1977,1.2122767,,6281365,High-income countries
Switzerland,CHE,1978,1.1434354,,6282045,High-income countries
Switzerland,CHE,1979,1.0859259,,6294719,High-income countries
Switzerland,CHE,1980,1.0384338,,6319848,High-income countries
Switzerland,CHE,1981,0.9987963,,6354561,High-income countries
Switzerland,CHE,1982,0.96675634,,6391805,High-income countries
Switzerland,CHE,1983,0.9404004,,6419309,High-income countries
Switzerland,CHE,1984,0.9192889,,6442419,High-income countries
Switzerland,CHE,1985,0.9025942,,6470959,High-income countries
Switzerland,CHE,1986,0.88867146,,6504748,High-income countries
Switzerland,CHE,1987,0.87586623,,6545771,High-income countries
Switzerland,CHE,1988,0.8615941,,6594145,High-income countries
Switzerland,CHE,1989,0.84303004,,6647787,High-income countries
Switzerland,CHE,1990,0.81679535,64010.758,6713168,High-income countries
Switzerland,CHE,1991,0.7837662,62636.773,6796942,High-income countries
Switzerland,CHE,1992,0.7464225,61922.89,6875049,High-income countries
Switzerland,CHE,1993,0.70759517,61284.203,6938106,High-income countries
Switzerland,CHE,1994,0.67130387,61569.598,6993594,High-income countries
Switzerland,CHE,1995,0.64036536,61453.63,7040481,High-income countries
Switzerland,CHE,1996,0.61583436,61471.168,7071885,High-income countries
Switzerland,CHE,1997,0.59716564,62709.99,7089161,High-income countries
Switzerland,CHE,1998,0.5834389,64418.387,7110294,High-income countries
Switzerland,CHE,1999,0.5728535,65177.883,7144119,High-income countries
Switzerland,CHE,2000,0.56334203,67378.39,7184003,High-income countries
Switzerland,CHE,2001,0.5537679,68008.34,7226391,High-income countries
Switzerland,CHE,2002,0.5433303,67446.41,7278744,High-income countries
Switzerland,CHE,2003,0.5312872,66926.17,7333451,High-income countries
Switzerland,CHE,2004,0.5188369,68263.44,7384196,High-income countries
Switzerland,CHE,2005,0.50635314,69692.59,7431824,High-income countries
Switzerland,CHE,2006,0.49408492,72077.86,7478514,High-income countries
Switzerland,CHE,2007,0.48277903,74234.305,7545386,High-income countries
Switzerland,CHE,2008,0.47269595,75355.2,7641730,High-income countries
Switzerland,CHE,2009,0.46381354,72709.81,7737644,High-income countries
Switzerland,CHE,2010,0.45601535,74290.266,7825750,High-income countries
Switzerland,CHE,2011,0.44946438,74800.89,7914379,High-income countries
Switzerland,CHE,2012,0.44369707,74883.62,7998927,High-income countries
Switzerland,CHE,2013,0.4386226,75354.16,8091199,High-income countries
Switzerland,CHE,2014,0.4335406,76189.6,8190238,High-income countries
Switzerland,CHE,2015,0.42733997,76566.08,8283940,High-income countries
Switzerland,CHE,2016,0.4205219,77301.21,8374903,High-income countries
Switzerland,CHE,2017,0.41400495,77626.91,8453630,High-income countries
Switzerland,CHE,2018,0.40832677,79261.36,8516341,High-income countries
Switzerland,CHE,2019,0.40367314,79596.7,8577525,High-income countries
Switzerland,CHE,2020,0.40042138,77324.89,8640582,High-income countries
Switzerland,CHE,2021,0.3982016,81001.414,8707019,High-income countries
Switzerland,CHE,2022,0.39631054,82777.3,8792180,High-income countries
Switzerland,CHE,2023,0.39435646,82295.3,8870564,High-income countries
Switzerland,CHE,2024,,82286.18,8870564,High-income countries
Syria,SYR,1953,25.339138,,3852829,Low-income countries
Syria,SYR,1954,23.847982,,3947873,Low-income countries
Syria,SYR,1955,22.47038,,4050600,Low-income countries
Syria,SYR,1956,21.148949,,4160633,Low-income countries
Syria,SYR,1957,19.940119,,4277735,Low-income countries
Syria,SYR,1958,18.828943,,4401997,Low-income countries
Syria,SYR,1959,17.808672,,4533776,Low-income countries
Syria,SYR,1960,16.89323,,4673502,Low-income countries
Syria,SYR,1961,16.066004,,4815459,Low-income countries
Syria,SYR,1962,15.330131,,4959340,Low-income countries
Syria,SYR,1963,14.661291,,5110471,Low-income countries
Syria,SYR,1964,14.049216,,5269094,Low-income countries
Syria,SYR,1965,13.454639,,5435268,Low-income countries
Syria,SYR,1966,12.862488,,5609050,Low-income countries
Syria,SYR,1967,12.258432,,5790195,Low-income countries
Syria,SYR,1968,11.646264,,5978741,Low-income countries
Syria,SYR,1969,11.046062,,6175173,Low-income countries
Syria,SYR,1970,10.462722,,6380612,Low-income countries
Syria,SYR,1971,9.912253,,6598098,Low-income countries
Syria,SYR,1972,9.403619,,6826032,Low-income countries
Syria,SYR,1973,8.923373,,7060328,Low-income countries
Syria,SYR,1974,8.466279,,7302158,Low-income countries
Syria,SYR,1975,8.033068,,7554368,Low-income countries
Syria,SYR,1976,7.609325,,7817317,Low-income countries
Syria,SYR,1977,7.194583,,8090507,Low-income countries
Syria,SYR,1978,6.7898517,,8372761,Low-income countries
Syria,SYR,1979,6.4005284,,8661911,Low-income countries
Syria,SYR,1980,6.0333076,,8957664,Low-income countries
Syria,SYR,1981,6.334251,,9260187,Low-income countries
Syria,SYR,1982,7.063521,,9572513,Low-income countries
Syria,SYR,1983,5.096847,,9904814,Low-income countries
Syria,SYR,1984,4.8377657,,10258406,Low-income countries
Syria,SYR,1985,4.5997148,,10625673,Low-income countries
Syria,SYR,1986,4.3860555,,11002842,Low-income countries
Syria,SYR,1987,4.192604,,11388916,Low-income countries
Syria,SYR,1988,4.015988,,11782269,Low-income countries
Syria,SYR,1989,3.853442,,12179070,Low-income countries
Syria,SYR,1990,3.698697,5828.4053,12579212,Low-income countries
Syria,SYR,1991,3.5476618,6081.089,12980824,Low-income countries
Syria,SYR,1992,3.395596,6662.243,13385570,Low-income countries
Syria,SYR,1993,3.2441633,6861.795,13795687,Low-income countries
Syria,SYR,1994,3.0920093,7142.9536,14208585,Low-income countries
Syria,SYR,1995,2.9423287,7431.354,14616804,Low-income countries
Syria,SYR,1996,2.7967021,7943.4404,15018110,Low-income countries
Syria,SYR,1997,2.6591747,8126.3657,15417539,Low-income countries
Syria,SYR,1998,2.5323336,8456.783,15820409,Low-income countries
Syria,SYR,1999,2.418249,7951.39,16228064,Low-income countries
Syria,SYR,2000,2.3177884,7807.93,16637884,Low-income countries
Syria,SYR,2001,2.2288125,7698.397,17051337,Low-income countries
Syria,SYR,2002,2.1518328,7811.816,17468335,Low-income countries
Syria,SYR,2003,2.0860145,8177.545,17889297,Low-income countries
Syria,SYR,2004,2.030202,8528.656,18336879,Low-income countries
Syria,SYR,2005,1.983657,8828.946,18814092,Low-income countries
Syria,SYR,2006,1.945838,8885.806,19637016,Low-income countries
Syria,SYR,2007,1.918596,8829.309,20884136,Low-income countries
Syria,SYR,2008,1.9040412,8903.772,21636566,Low-income countries
Syria,SYR,2009,1.8951436,9284.102,21976971,Low-income countries
Syria,SYR,2010,1.8959888,9546.561,22482417,Low-income countries
Syria,SYR,2011,2.167063,9648.824,22878104,Low-income countries
Syria,SYR,2012,3.385945,7144.3726,22759763,Low-income countries
Syria,SYR,2013,3.6534066,5530.9746,21666921,Low-income countries
Syria,SYR,2014,3.530611,5301.6255,20273661,Low-income countries
Syria,SYR,2015,3.6958644,5302.074,19424615,Low-income countries
Syria,SYR,2016,3.220778,5022.113,19193835,Low-income countries
Syria,SYR,2017,3.2960334,4977.792,19224671,Low-income countries
Syria,SYR,2018,3.2600288,4956.093,19577849,Low-income countries
Syria,SYR,2019,2.49614,4825.4062,20353536,Low-income countries
Syria,SYR,2020,2.2368398,4633.3496,21049431,Low-income countries
Syria,SYR,2021,2.098948,4592.8384,21628837,Low-income countries
Syria,SYR,2022,2.1124153,4454.8535,22462170,Low-income countries
Syria,SYR,2023,2.0555098,,23594623,Low-income countries
Tajikistan,TJK,1972,15.503999,,3123696,Lower-middle-income countries
Tajikistan,TJK,1973,14.955869,,3222299,Lower-middle-income countries
Tajikistan,TJK,1974,14.409331,,3324503,Lower-middle-income countries
Tajikistan,TJK,1975,13.9462385,,3430428,Lower-middle-income countries
Tajikistan,TJK,1976,13.543634,,3540077,Lower-middle-income countries
Tajikistan,TJK,1977,13.214451,,3653264,Lower-middle-income countries
Tajikistan,TJK,1978,12.97426,,3768514,Lower-middle-income countries
Tajikistan,TJK,1979,12.81969,,3882697,Lower-middle-income countries
Tajikistan,TJK,1980,12.718116,,3995258,Lower-middle-income countries
Tajikistan,TJK,1981,12.633186,,4109026,Lower-middle-income countries
Tajikistan,TJK,1982,12.500453,,4227177,Lower-middle-income countries
Tajikistan,TJK,1983,12.290956,,4350877,Lower-middle-income countries
Tajikistan,TJK,1984,11.978351,,4480027,Lower-middle-income countries
Tajikistan,TJK,1985,11.5479555,,4619006,Lower-middle-income countries
Tajikistan,TJK,1986,11.054804,,4772150,Lower-middle-income countries
Tajikistan,TJK,1987,10.540932,,4939063,Lower-middle-income countries
Tajikistan,TJK,1988,10.1180525,,5114988,Lower-middle-income countries
Tajikistan,TJK,1989,9.8805275,,5267255,Lower-middle-income countries
Tajikistan,TJK,1990,9.921892,4173.046,5398773,Lower-middle-income countries
Tajikistan,TJK,1991,10.217414,3777.1074,5541200,Lower-middle-income countries
Tajikistan,TJK,1992,10.594353,2630.3865,5649397,Lower-middle-income countries
Tajikistan,TJK,1993,10.872995,2169.9675,5725001,Lower-middle-income countries
Tajikistan,TJK,1994,10.954364,1678.3385,5825371,Lower-middle-income countries
Tajikistan,TJK,1995,10.793452,1439.5028,5948588,Lower-middle-income countries
Tajikistan,TJK,1996,10.40341,1175.7941,6066524,Lower-middle-income countries
Tajikistan,TJK,1997,9.863622,1181.2811,6139829,Lower-middle-income countries
Tajikistan,TJK,1998,9.2575035,1236.6755,6176403,Lower-middle-income countries
Tajikistan,TJK,1999,8.615729,1275.8225,6208373,Lower-middle-income countries
Tajikistan,TJK,2000,7.9713793,1365.2333,6284737,Lower-middle-income countries
Tajikistan,TJK,2001,7.340642,1467.3988,6407376,Lower-middle-income countries
Tajikistan,TJK,2002,6.7459354,1594.939,6531674,Lower-middle-income countries
Tajikistan,TJK,2003,6.1805763,1736.6404,6658575,Lower-middle-income countries
Tajikistan,TJK,2004,5.6711593,1878.287,6790555,Lower-middle-income countries
Tajikistan,TJK,2005,5.2152953,1965.3002,6924722,Lower-middle-income countries
Tajikistan,TJK,2006,4.817002,2063.2886,7057566,Lower-middle-income countries
Tajikistan,TJK,2007,4.4718204,2181.898,7194479,Lower-middle-income countries
Tajikistan,TJK,2008,4.172716,2308.0942,7338402,Lower-middle-income countries
Tajikistan,TJK,2009,3.921704,2349.5002,7490232,Lower-middle-income countries
Tajikistan,TJK,2010,3.7026527,2449.2737,7652144,Lower-middle-income countries
Tajikistan,TJK,2011,3.5166562,2572.4807,7824788,Lower-middle-income countries
Tajikistan,TJK,2012,3.3566062,2700.0955,8014087,Lower-middle-income countries
Tajikistan,TJK,2013,3.2260866,2828.3855,8216733,Lower-middle-income countries
Tajikistan,TJK,2014,3.1163554,2943.0886,8425559,Lower-middle-income countries
Tajikistan,TJK,2015,3.0200129,3041.4448,8643839,Lower-middle-income countries
Tajikistan,TJK,2016,2.938792,3169.9668,8865623,Lower-middle-income countries
Tajikistan,TJK,2017,2.8774617,3312.712,9085942,Lower-middle-income countries
Tajikistan,TJK,2018,2.834558,3479.6924,9307345,Lower-middle-income countries
Tajikistan,TJK,2019,2.811528,3649.8838,9529970,Lower-middle-income countries
Tajikistan,TJK,2020,2.798839,3724.749,9749312,Lower-middle-income countries
Tajikistan,TJK,2021,2.785859,3985.9126,9966912,Lower-middle-income countries
Tajikistan,TJK,2022,2.7667248,4213.7563,10182228,Lower-middle-income countries
Tajikistan,TJK,2023,2.7321172,4472.324,10389807,Lower-middle-income countries
Tajikistan,TJK,2024,,4755.933,10389807,Lower-middle-income countries
Tanzania,TZA,1951,25.782562,,7812973,Lower-middle-income countries
Tanzania,TZA,1952,25.599905,,8009083,Lower-middle-income countries
Tanzania,TZA,1953,25.410015,,8213117,Lower-middle-income countries
Tanzania,TZA,1954,25.212542,,8424792,Lower-middle-income countries
Tanzania,TZA,1955,25.028217,,8644856,Lower-middle-income countries
Tanzania,TZA,1956,24.856592,,8874780,Lower-middle-income countries
Tanzania,TZA,1957,24.683506,,9115792,Lower-middle-income countries
Tanzania,TZA,1958,24.538294,,9367596,Lower-middle-income countries
Tanzania,TZA,1959,24.381624,,9629269,Lower-middle-income countries
Tanzania,TZA,1960,24.192232,,9901422,Lower-middle-income countries
Tanzania,TZA,1961,23.997524,,10187889,Lower-middle-income countries
Tanzania,TZA,1962,23.79417,,10487756,Lower-middle-income countries
Tanzania,TZA,1963,23.594404,,10799530,Lower-middle-income countries
Tanzania,TZA,1964,23.348204,,11127827,Lower-middle-income countries
Tanzania,TZA,1965,23.098417,,11470726,Lower-middle-income countries
Tanzania,TZA,1966,22.812387,,11827462,Lower-middle-income countries
Tanzania,TZA,1967,22.51767,,12200114,Lower-middle-income countries
Tanzania,TZA,1968,22.2043,,12602077,Lower-middle-income countries
Tanzania,TZA,1969,21.871683,,13036701,Lower-middle-income countries
Tanzania,TZA,1970,21.55778,,13492674,Lower-middle-income countries
Tanzania,TZA,1971,21.218565,,13971453,Lower-middle-income countries
Tanzania,TZA,1972,20.850962,,14479311,Lower-middle-income countries
Tanzania,TZA,1973,20.46988,,15010099,Lower-middle-income countries
Tanzania,TZA,1974,20.056065,,15561633,Lower-middle-income countries
Tanzania,TZA,1975,19.630066,,16138364,Lower-middle-income countries
Tanzania,TZA,1976,19.182302,,16736216,Lower-middle-income countries
Tanzania,TZA,1977,18.749147,,17352936,Lower-middle-income countries
Tanzania,TZA,1978,18.355947,,17976569,Lower-middle-income countries
Tanzania,TZA,1979,18.051193,,18592045,Lower-middle-income countries
Tanzania,TZA,1980,17.874756,,19189769,Lower-middle-income countries
Tanzania,TZA,1981,17.78904,,19784713,Lower-middle-income countries
Tanzania,TZA,1982,17.777817,,20398574,Lower-middle-income countries
Tanzania,TZA,1983,17.794376,,21079877,Lower-middle-income countries
Tanzania,TZA,1984,17.77864,,21779064,Lower-middle-income countries
Tanzania,TZA,1985,17.696587,,22501696,Lower-middle-income countries
Tanzania,TZA,1986,17.559843,,23258959,Lower-middle-income countries
Tanzania,TZA,1987,17.367794,,24030376,Lower-middle-income countries
Tanzania,TZA,1988,17.14536,,24769690,Lower-middle-income countries
Tanzania,TZA,1989,16.907465,,25438759,Lower-middle-income countries
Tanzania,TZA,1990,16.686605,1794.2046,26110210,Lower-middle-income countries
Tanzania,TZA,1991,16.487476,1785.664,26780440,Lower-middle-income countries
Tanzania,TZA,1992,16.295525,1751.9185,27457599,Lower-middle-income countries
Tanzania,TZA,1993,16.093204,1718.3931,28332691,Lower-middle-income countries
Tanzania,TZA,1994,15.875537,1679.6624,29442357,Lower-middle-income countries
Tanzania,TZA,1995,15.607066,1685.8511,30383496,Lower-middle-income countries
Tanzania,TZA,1996,15.243805,1730.5546,30945761,Lower-middle-income countries
Tanzania,TZA,1997,14.779749,1755.8037,31578093,Lower-middle-income countries
Tanzania,TZA,1998,14.236651,1773.7242,32420461,Lower-middle-income countries
Tanzania,TZA,1999,13.576667,1810.9716,33300335,Lower-middle-income countries
Tanzania,TZA,2000,12.839449,1839.9366,34260142,Lower-middle-income countries
Tanzania,TZA,2001,12.061878,1899.7454,35198303,Lower-middle-income countries
Tanzania,TZA,2002,11.277793,1982.6443,36121301,Lower-middle-income countries
Tanzania,TZA,2003,10.529605,2059.8374,37089555,Lower-middle-income countries
Tanzania,TZA,2004,9.855234,2155.2415,38109666,Lower-middle-income countries
Tanzania,TZA,2005,9.236929,2253.0933,39182083,Lower-middle-income countries
Tanzania,TZA,2006,8.690344,2334.1045,40294900,Lower-middle-income countries
Tanzania,TZA,2007,8.155533,2423.616,41435508,Lower-middle-income countries
Tanzania,TZA,2008,7.703929,2493.2593,42570728,Lower-middle-income countries
Tanzania,TZA,2009,7.2447624,2560.811,43633975,Lower-middle-income countries
Tanzania,TZA,2010,6.861579,2654.8035,44758491,Lower-middle-income countries
Tanzania,TZA,2011,6.5002594,2779.7078,46029371,Lower-middle-income countries
Tanzania,TZA,2012,6.21381,2822.4854,47374261,Lower-middle-income countries
Tanzania,TZA,2013,5.945129,2924.8633,48824134,Lower-middle-income countries
Tanzania,TZA,2014,5.670905,3027.569,50351506,Lower-middle-income countries
Tanzania,TZA,2015,5.478335,3111.4446,52020958,Lower-middle-income countries
Tanzania,TZA,2016,5.2452054,3214.2468,53824012,Lower-middle-income countries
Tanzania,TZA,2017,5.023613,3318.2883,55652888,Lower-middle-income countries
Tanzania,TZA,2018,4.8002033,3392.6887,57437134,Lower-middle-income countries
Tanzania,TZA,2019,4.5996346,3484.6326,59174889,Lower-middle-income countries
Tanzania,TZA,2020,4.416384,3449.8215,60972803,Lower-middle-income countries
Tanzania,TZA,2021,4.216763,3493.083,62830410,Lower-middle-income countries
Tanzania,TZA,2022,4.0482163,3546.981,64711822,Lower-middle-income countries
Tanzania,TZA,2023,3.8857045,3620.7935,66617607,Lower-middle-income countries
Tanzania,TZA,2024,,3713.263,66617607,Lower-middle-income countries
Thailand,THA,1949,21.174639,,19845178,Upper-middle-income countries
Thailand,THA,1950,20.474104,,20428401,Upper-middle-income countries
Thailand,THA,1951,19.805145,,20965188,Upper-middle-income countries
Thailand,THA,1952,19.151525,,21527583,Upper-middle-income countries
Thailand,THA,1953,18.522163,,22109323,Upper-middle-income countries
Thailand,THA,1954,17.928015,,22713340,Upper-middle-income countries
Thailand,THA,1955,17.342133,,23343179,Upper-middle-income countries
Thailand,THA,1956,16.76888,,23997266,Upper-middle-income countries
Thailand,THA,1957,16.227512,,24674831,Upper-middle-income countries
Thailand,THA,1958,15.687623,,25367008,Upper-middle-income countries
Thailand,THA,1959,15.171165,,26088018,Upper-middle-income countries
Thailand,THA,1960,14.66328,,26851751,Upper-middle-income countries
Thailand,THA,1961,14.169715,,27650335,Upper-middle-income countries
Thailand,THA,1962,13.6872225,,28481048,Upper-middle-income countries
Thailand,THA,1963,13.219451,,29342315,Upper-middle-income countries
Thailand,THA,1964,12.749704,,30232136,Upper-middle-income countries
Thailand,THA,1965,12.290096,,31149337,Upper-middle-income countries
Thailand,THA,1966,11.836755,,32086073,Upper-middle-income countries
Thailand,THA,1967,11.375431,,33037797,Upper-middle-income countries
Thailand,THA,1968,10.903698,,34002562,Upper-middle-income countries
Thailand,THA,1969,10.431643,,34973784,Upper-middle-income countries
Thailand,THA,1970,9.951401,,35954411,Upper-middle-income countries
Thailand,THA,1971,9.474225,,36937392,Upper-middle-income countries
Thailand,THA,1972,9.0111,,37933932,Upper-middle-income countries
Thailand,THA,1973,8.561392,,38947791,Upper-middle-income countries
Thailand,THA,1974,8.135123,,39952896,Upper-middle-income countries
Thailand,THA,1975,7.7330103,,40939999,Upper-middle-income countries
Thailand,THA,1976,7.3525195,,41896511,Upper-middle-income countries
Thailand,THA,1977,6.999058,,42843973,Upper-middle-income countries
Thailand,THA,1978,6.670805,,43788976,Upper-middle-income countries
Thailand,THA,1979,6.360064,,44718436,Upper-middle-income countries
Thailand,THA,1980,6.0664845,,45650031,Upper-middle-income countries
Thailand,THA,1981,5.7906837,,46575851,Upper-middle-income countries
Thailand,THA,1982,5.5284557,,47494577,Upper-middle-income countries
Thailand,THA,1983,5.2766595,,48423309,Upper-middle-income countries
Thailand,THA,1984,5.0342035,,49351711,Upper-middle-income countries
Thailand,THA,1985,4.8006,,50270754,Upper-middle-income countries
Thailand,THA,1986,4.5700793,,51177832,Upper-middle-income countries
Thailand,THA,1987,4.343919,,52074109,Upper-middle-income countries
Thailand,THA,1988,4.1232877,,52969595,Upper-middle-income countries
Thailand,THA,1989,3.9063375,,53848955,Upper-middle-income countries
Thailand,THA,1990,3.6944535,8701.954,54738329,Upper-middle-income countries
Thailand,THA,1991,3.4897563,9294.031,55637436,Upper-middle-income countries
Thailand,THA,1992,3.2994955,9886.899,56528832,Upper-middle-income countries
Thailand,THA,1993,3.1247714,10538.816,57408198,Upper-middle-income countries
Thailand,THA,1994,2.9606676,11215.037,58260855,Upper-middle-income countries
Thailand,THA,1995,2.807587,11953.92,59098231,Upper-middle-income countries
Thailand,THA,1996,2.6656716,12456.329,59920059,Upper-middle-income countries
Thailand,THA,1997,2.5314286,11952.85,60724588,Upper-middle-income countries
Thailand,THA,1998,2.4063566,10897.153,61522632,Upper-middle-income countries
Thailand,THA,1999,2.2881656,11253.388,62299039,Upper-middle-income countries
Thailand,THA,2000,2.1781688,11622.525,63007815,Upper-middle-income countries
Thailand,THA,2001,2.0755281,11901.318,63651137,Upper-middle-income countries
Thailand,THA,2002,1.9808397,12512.184,64266433,Upper-middle-income countries
Thailand,THA,2003,1.8916241,13287.305,64868164,Upper-middle-income countries
Thailand,THA,2004,1.8086537,13997.001,65452049,Upper-middle-income countries
Thailand,THA,2005,1.7302184,14458.255,66017415,Upper-middle-income countries
Thailand,THA,2006,1.6577448,15051.061,66567685,Upper-middle-income countries
Thailand,THA,2007,1.5917716,15742.655,67102388,Upper-middle-income countries
Thailand,THA,2008,1.5282637,15891.782,67619835,Upper-middle-income countries
Thailand,THA,2009,1.4705292,15665.903,68121077,Upper-middle-income countries
Thailand,THA,2010,1.4167761,16730.37,68579443,Upper-middle-income countries
Thailand,THA,2011,1.3657103,16766.348,69007212,Upper-middle-income countries
Thailand,THA,2012,1.317784,17869.637,69436091,Upper-middle-income countries
Thailand,THA,2013,1.2726771,18242.426,69845112,Upper-middle-income countries
Thailand,THA,2014,1.2296675,18324.615,70216362,Upper-middle-income countries
Thailand,THA,2015,1.1889558,18811.998,70540787,Upper-middle-income countries
Thailand,THA,2016,1.1503193,19370.61,70859835,Upper-middle-income countries
Thailand,THA,2017,1.1132686,20094.678,71160183,Upper-middle-income countries
Thailand,THA,2018,1.0777419,20879.902,71376081,Upper-middle-income countries
Thailand,THA,2019,1.0422353,21277.84,71522264,Upper-middle-income countries
Thailand,THA,2020,1.0104666,19957.258,71641484,Upper-middle-income countries
Thailand,THA,2021,0.97912353,20242.77,71727338,Upper-middle-income countries
Thailand,THA,2022,0.9491748,20762.795,71735321,Upper-middle-income countries
Thailand,THA,2023,0.921389,21191.453,71702436,Upper-middle-income countries
Thailand,THA,2024,,21740.541,71702436,Upper-middle-income countries
Togo,TGO,1944,28.957123,,1257375,Low-income countries
Togo,TGO,1945,28.784601,,1280007,Low-income countries
Togo,TGO,1946,28.619635,,1303047,Low-income countries
Togo,TGO,1947,28.467983,,1326502,Low-income countries
Togo,TGO,1948,28.30578,,1350379,Low-income countries
Togo,TGO,1949,28.130877,,1374388,Low-income countries
Togo,TGO,1950,27.963657,,1399596,Low-income countries
Togo,TGO,1951,27.805536,,1424396,Low-income countries
Togo,TGO,1952,27.65493,,1449922,Low-income countries
Togo,TGO,1953,27.496216,,1476069,Low-income countries
Togo,TGO,1954,27.333998,,1502761,Low-income countries
Togo,TGO,1955,27.142252,,1529948,Low-income countries
Togo,TGO,1956,26.94311,,1557633,Low-income countries
Togo,TGO,1957,26.719418,,1585871,Low-income countries
Togo,TGO,1958,26.489357,,1614630,Low-income countries
Togo,TGO,1959,26.268873,,1643753,Low-income countries
Togo,TGO,1960,26.029514,,1673110,Low-income countries
Togo,TGO,1961,25.782875,,1702713,Low-income countries
Togo,TGO,1962,25.516699,,1732956,Low-income countries
Togo,TGO,1963,25.232813,,1765060,Low-income countries
Togo,TGO,1964,24.912613,,1799407,Low-income countries
Togo,TGO,1965,24.56743,,1835587,Low-income countries
Togo,TGO,1966,24.191292,,1873490,Low-income countries
Togo,TGO,1967,23.797558,,1912768,Low-income countries
Togo,TGO,1968,23.392765,,1953523,Low-income countries
Togo,TGO,1969,22.961166,,2043417,Low-income countries
Togo,TGO,1970,22.51643,,2149480,Low-income countries
Togo,TGO,1971,22.053225,,2219828,Low-income countries
Togo,TGO,1972,21.586952,,2283857,Low-income countries
Togo,TGO,1973,21.114418,,2344511,Low-income countries
Togo,TGO,1974,20.648315,,2404290,Low-income countries
Togo,TGO,1975,20.175688,,2463792,Low-income countries
Togo,TGO,1976,19.700617,,2523483,Low-income countries
Togo,TGO,1977,19.23205,,2583984,Low-income countries
Togo,TGO,1978,18.77086,,2646505,Low-income countries
Togo,TGO,1979,18.316372,,2714356,Low-income countries
Togo,TGO,1980,17.8809,,2791409,Low-income countries
Togo,TGO,1981,17.465246,,2879439,Low-income countries
Togo,TGO,1982,17.062092,,2961651,Low-income countries
Togo,TGO,1983,16.678467,,3033081,Low-income countries
Togo,TGO,1984,16.315435,,3105744,Low-income countries
Togo,TGO,1985,15.978859,,3194544,Low-income countries
Togo,TGO,1986,15.674802,,3296341,Low-income countries
Togo,TGO,1987,15.402934,,3397614,Low-income countries
Togo,TGO,1988,15.152049,,3501544,Low-income countries
Togo,TGO,1989,14.928588,,3606911,Low-income countries
Togo,TGO,1990,14.718228,2237.5999,3714023,Low-income countries
Togo,TGO,1991,14.520295,2158.8792,3822637,Low-income countries
Togo,TGO,1992,14.325874,2015.1356,3932581,Low-income countries
Togo,TGO,1993,14.11327,1721.5737,3887976,Low-income countries
Togo,TGO,1994,13.880686,1972.2474,3904183,Low-income countries
Togo,TGO,1995,13.618138,2036.3816,4110452,Low-income countries
Togo,TGO,1996,13.324103,2135.4558,4291129,Low-income countries
Togo,TGO,1997,13.005775,2366.4028,4438798,Low-income countries
Togo,TGO,1998,12.669323,2247.3489,4551633,Low-income countries
Togo,TGO,1999,12.315152,2238.935,4665757,Low-income countries
Togo,TGO,2000,11.959188,2160.9893,4783721,Low-income countries
Togo,TGO,2001,11.599178,2122.0806,4904135,Low-income countries
Togo,TGO,2002,11.252252,2147.9744,5027128,Low-income countries
Togo,TGO,2003,10.911838,2234.9773,5154113,Low-income countries
Togo,TGO,2004,10.586149,2157.0276,5281320,Low-income countries
Togo,TGO,2005,10.271905,2004.2585,5413151,Low-income countries
Togo,TGO,2006,9.9719,2000.5417,5569659,Low-income countries
Togo,TGO,2007,9.690332,1920.2693,5748437,Low-income countries
Togo,TGO,2008,9.410564,1941.1549,5936140,Low-income countries
Togo,TGO,2009,9.139845,1989.83,6130944,Low-income countries
Togo,TGO,2010,8.865344,2049.7805,6325791,Low-income countries
Togo,TGO,2011,8.594703,2111.4749,6500577,Low-income countries
Togo,TGO,2012,8.328774,2186.3096,6653719,Low-income countries
Togo,TGO,2013,8.069711,2254.9883,6798851,Low-income countries
Togo,TGO,2014,7.8090873,2322.404,6937647,Low-income countries
Togo,TGO,2015,7.5591536,2388.426,7071500,Low-income countries
Togo,TGO,2016,7.3190975,2427.3003,7200883,Low-income countries
Togo,TGO,2017,7.0873137,2462.2773,7324379,Low-income countries
Togo,TGO,2018,6.8578525,2517.3489,7458205,Low-income countries
Togo,TGO,2019,6.631642,2577.516,7619916,Low-income countries
Togo,TGO,2020,6.427001,2570.4832,7788058,Low-income countries
Togo,TGO,2021,6.2212477,2638.811,7936185,Low-income countries
Togo,TGO,2022,6.024425,2739.6882,8068616,Low-income countries
Togo,TGO,2023,5.8289814,2842.2307,8223853,Low-income countries
Togo,TGO,2024,,2960.7754,8223853,Low-income countries
Tonga,TON,1963,7.8327837,,71904,Upper-middle-income countries
Tonga,TON,1964,7.3456173,,73891,Upper-middle-income countries
Tonga,TON,1965,6.8864655,,75942,Upper-middle-income countries
Tonga,TON,1966,6.4482813,,78019,Upper-middle-income countries
Tonga,TON,1967,6.0270457,,79831,Upper-middle-income countries
Tonga,TON,1968,5.627422,,81367,Upper-middle-income countries
Tonga,TON,1969,5.2541494,,82905,Upper-middle-income countries
Tonga,TON,1970,4.9148216,,84416,Upper-middle-income countries
Tonga,TON,1971,4.6148047,,85914,Upper-middle-income countries
Tonga,TON,1972,4.346184,,87369,Upper-middle-income countries
Tonga,TON,1973,4.10732,,88818,Upper-middle-income countries
Tonga,TON,1974,3.8981297,,90699,Upper-middle-income countries
Tonga,TON,1975,3.7057345,,93032,Upper-middle-income countries
Tonga,TON,1976,3.5309849,,95343,Upper-middle-income countries
Tonga,TON,1977,3.3719203,,96740,Upper-middle-income countries
Tonga,TON,1978,3.2234144,,97222,Upper-middle-income countries
Tonga,TON,1979,3.0896447,,97564,Upper-middle-income countries
Tonga,TON,1980,2.9714634,,97785,Upper-middle-income countries
Tonga,TON,1981,2.8686714,,97930,Upper-middle-income countries
Tonga,TON,1982,2.779131,,98000,Upper-middle-income countries
Tonga,TON,1983,2.7007475,,98016,Upper-middle-income countries
Tonga,TON,1984,2.6315262,,98008,Upper-middle-income countries
Tonga,TON,1985,2.5707133,,98000,Upper-middle-income countries
Tonga,TON,1986,2.5096056,,98025,Upper-middle-income countries
Tonga,TON,1987,2.4446852,,98394,Upper-middle-income countries
Tonga,TON,1988,2.3706377,,98985,Upper-middle-income countries
Tonga,TON,1989,2.2945504,,99419,Upper-middle-income countries
Tonga,TON,1990,2.2148857,4487.8193,99717,Upper-middle-income countries
Tonga,TON,1991,2.136577,4766.388,99911,Upper-middle-income countries
Tonga,TON,1992,2.0607986,4772.331,100045,Upper-middle-income countries
Tonga,TON,1993,1.9962718,4946.718,100120,Upper-middle-income countries
Tonga,TON,1994,1.9413555,5188.4395,100187,Upper-middle-income countries
Tonga,TON,1995,1.8944827,5508.3394,100240,Upper-middle-income countries
Tonga,TON,1996,1.8526962,5510.7085,100294,Upper-middle-income countries
Tonga,TON,1997,1.8146642,5455.9053,100691,Upper-middle-income countries
Tonga,TON,1998,1.7767593,5541.683,101406,Upper-middle-income countries
Tonga,TON,1999,1.7383043,5632.7227,102058,Upper-middle-income countries
Tonga,TON,2000,1.6974686,5808.265,102695,Upper-middle-income countries
Tonga,TON,2001,1.6540467,5860.0806,103305,Upper-middle-income countries
Tonga,TON,2002,1.6084617,6085.1133,103888,Upper-middle-income countries
Tonga,TON,2003,1.5643741,6053.88,104481,Upper-middle-income countries
Tonga,TON,2004,1.522299,5900.4575,105088,Upper-middle-income countries
Tonga,TON,2005,1.4827448,5828.3706,105684,Upper-middle-income countries
Tonga,TON,2006,1.443095,5670.914,106266,Upper-middle-income countries
Tonga,TON,2007,1.405782,5506.652,106744,Upper-middle-income countries
Tonga,TON,2008,1.3724939,5758.5684,107036,Upper-middle-income countries
Tonga,TON,2009,1.3420233,5453.875,107219,Upper-middle-income countries
Tonga,TON,2010,1.3130999,5488.7505,107415,Upper-middle-income countries
Tonga,TON,2011,1.2862474,5847.444,107584,Upper-middle-income countries
Tonga,TON,2012,1.2614485,5907.267,107476,Upper-middle-income countries
Tonga,TON,2013,1.2384773,5951.6943,107093,Upper-middle-income countries
Tonga,TON,2014,1.2166972,6096.869,106627,Upper-middle-income countries
Tonga,TON,2015,1.1935515,6194.639,106110,Upper-middle-income countries
Tonga,TON,2016,1.1684514,6639.1367,105536,Upper-middle-income countries
Tonga,TON,2017,1.146754,6862.669,105373,Upper-middle-income countries
Tonga,TON,2018,1.1232188,6885.1025,105590,Upper-middle-income countries
Tonga,TON,2019,1.0997932,6858.839,105688,Upper-middle-income countries
Tonga,TON,2020,1.0750324,6980.41,105721,Upper-middle-income countries
Tonga,TON,2021,1.0475986,6929.177,105504,Upper-middle-income countries
Tonga,TON,2022,1.0197289,6810.61,105053,Upper-middle-income countries
Tonga,TON,2023,0.99296945,7030.419,104613,Upper-middle-income countries
Trinidad and Tobago,TTO,1953,8.473931,,701870,High-income countries
Trinidad and Tobago,TTO,1954,8.206198,,721160,High-income countries
Trinidad and Tobago,TTO,1955,7.953794,,741247,High-income countries
Trinidad and Tobago,TTO,1956,7.69533,,761692,High-income countries
Trinidad and Tobago,TTO,1957,7.4378667,,782511,High-income countries
Trinidad and Tobago,TTO,1958,7.1985598,,803842,High-income countries
Trinidad and Tobago,TTO,1959,6.9677157,,825021,High-income countries
Trinidad and Tobago,TTO,1960,6.7415833,,844952,High-income countries
Trinidad and Tobago,TTO,1961,6.531578,,863152,High-income countries
Trinidad and Tobago,TTO,1962,6.3251095,,880205,High-income countries
Trinidad and Tobago,TTO,1963,6.1362424,,896812,High-income countries
Trinidad and Tobago,TTO,1964,5.961785,,912972,High-income countries
Trinidad and Tobago,TTO,1965,5.8040547,,928433,High-income countries
Trinidad and Tobago,TTO,1966,5.6596127,,942947,High-income countries
Trinidad and Tobago,TTO,1967,5.529876,,956429,High-income countries
Trinidad and Tobago,TTO,1968,5.399964,,969006,High-income countries
Trinidad and Tobago,TTO,1969,5.2848186,,980713,High-income countries
Trinidad and Tobago,TTO,1970,5.168824,,991480,High-income countries
Trinidad and Tobago,TTO,1971,5.0606885,,1002588,High-income countries
Trinidad and Tobago,TTO,1972,4.950158,,1014927,High-income countries
Trinidad and Tobago,TTO,1973,4.8356295,,1027860,High-income countries
Trinidad and Tobago,TTO,1974,4.7169614,,1040768,High-income countries
Trinidad and Tobago,TTO,1975,4.600147,,1053468,High-income countries
Trinidad and Tobago,TTO,1976,4.482629,,1066314,High-income countries
Trinidad and Tobago,TTO,1977,4.3650465,,1079560,High-income countries
Trinidad and Tobago,TTO,1978,4.250257,,1093393,High-income countries
Trinidad and Tobago,TTO,1979,4.1377277,,1107652,High-income countries
Trinidad and Tobago,TTO,1980,4.028488,,1121750,High-income countries
Trinidad and Tobago,TTO,1981,3.9233408,,1135140,High-income countries
Trinidad and Tobago,TTO,1982,3.8252516,,1147932,High-income countries
Trinidad and Tobago,TTO,1983,3.72978,,1160537,High-income countries
Trinidad and Tobago,TTO,1984,3.6431715,,1172985,High-income countries
Trinidad and Tobago,TTO,1985,3.5617967,,1187370,High-income countries
Trinidad and Tobago,TTO,1986,3.486343,,1203132,High-income countries
Trinidad and Tobago,TTO,1987,3.4187942,,1217367,High-income countries
Trinidad and Tobago,TTO,1988,3.358268,,1230071,High-income countries
Trinidad and Tobago,TTO,1989,3.3023307,,1241606,High-income countries
Trinidad and Tobago,TTO,1990,3.2514544,11869.528,1252215,High-income countries
Trinidad and Tobago,TTO,1991,3.2059565,12142.349,1262174,High-income countries
Trinidad and Tobago,TTO,1992,3.1647172,13267.978,1271681,High-income countries
Trinidad and Tobago,TTO,1993,3.1261582,13088.707,1280474,High-income countries
Trinidad and Tobago,TTO,1994,3.091484,13472.746,1288353,High-income countries
Trinidad and Tobago,TTO,1995,3.059161,13912.313,1295167,High-income countries
Trinidad and Tobago,TTO,1996,3.0236573,14838.902,1300937,High-income countries
Trinidad and Tobago,TTO,1997,2.9895785,15895.244,1305838,High-income countries
Trinidad and Tobago,TTO,1998,2.9564247,17129.092,1310226,High-income countries
Trinidad and Tobago,TTO,1999,2.9233398,18440.574,1314711,High-income countries
Trinidad and Tobago,TTO,2000,2.884059,19637.555,1319781,High-income countries
Trinidad and Tobago,TTO,2001,2.8444588,20366.754,1325573,High-income countries
Trinidad and Tobago,TTO,2002,2.8053923,21876.854,1332017,High-income countries
Trinidad and Tobago,TTO,2003,2.7643301,24910.822,1338718,High-income countries
Trinidad and Tobago,TTO,2004,2.7241423,26757.908,1345386,High-income countries
Trinidad and Tobago,TTO,2005,2.6825905,29536.44,1352040,High-income countries
Trinidad and Tobago,TTO,2006,2.6381462,33348.75,1358706,High-income countries
Trinidad and Tobago,TTO,2007,2.5947435,34793.645,1365381,High-income countries
Trinidad and Tobago,TTO,2008,2.550355,35825.332,1372090,High-income countries
Trinidad and Tobago,TTO,2009,2.5066755,34212.27,1379056,High-income countries
Trinidad and Tobago,TTO,2010,2.466362,35145.125,1386657,High-income countries
Trinidad and Tobago,TTO,2011,2.425639,34769.76,1394990,High-income countries
Trinidad and Tobago,TTO,2012,2.3849385,36903.69,1403814,High-income countries
Trinidad and Tobago,TTO,2013,2.3465185,37994.07,1412658,High-income countries
Trinidad and Tobago,TTO,2014,2.3035765,39248.656,1421135,High-income countries
Trinidad and Tobago,TTO,2015,2.2621055,38963.965,1429190,High-income countries
Trinidad and Tobago,TTO,2016,2.2223127,35914.99,1437031,High-income countries
Trinidad and Tobago,TTO,2017,2.181003,34095.99,1445265,High-income countries
Trinidad and Tobago,TTO,2018,2.1436768,33710.02,1470522,High-income countries
Trinidad and Tobago,TTO,2019,2.1033196,33748.707,1484898,High-income countries
Trinidad and Tobago,TTO,2020,2.0613954,30720.887,1481026,High-income countries
Trinidad and Tobago,TTO,2021,2.0121405,30482.121,1487715,High-income countries
Trinidad and Tobago,TTO,2022,1.956017,30784.111,1495923,High-income countries
Trinidad and Tobago,TTO,2023,1.907158,31196.604,1502938,High-income countries
Trinidad and Tobago,TTO,2024,,31960.156,1502938,High-income countries
Tunisia,TUN,1962,27.240147,,4369139,Lower-middle-income countries
Tunisia,TUN,1963,25.989723,,4427131,Lower-middle-income countries
Tunisia,TUN,1964,24.7795,,4489875,Lower-middle-income countries
Tunisia,TUN,1965,23.591011,,4561390,Lower-middle-income countries
Tunisia,TUN,1966,22.440565,,4652294,Lower-middle-income countries
Tunisia,TUN,1967,21.290722,,4760975,Lower-middle-income countries
Tunisia,TUN,1968,20.170538,,4879909,Lower-middle-income countries
Tunisia,TUN,1969,19.097147,,5004694,Lower-middle-income countries
Tunisia,TUN,1970,18.046234,,5131394,Lower-middle-income countries
Tunisia,TUN,1971,17.056206,,5261660,Lower-middle-income countries
Tunisia,TUN,1972,16.119215,,5396564,Lower-middle-income countries
Tunisia,TUN,1973,15.19828,,5537244,Lower-middle-income countries
Tunisia,TUN,1974,14.287236,,5684686,Lower-middle-income countries
Tunisia,TUN,1975,13.38741,,5839266,Lower-middle-income countries
Tunisia,TUN,1976,12.513511,,5996993,Lower-middle-income countries
Tunisia,TUN,1977,11.66782,,6155927,Lower-middle-income countries
Tunisia,TUN,1978,10.878093,,6309393,Lower-middle-income countries
Tunisia,TUN,1979,10.162191,,6456418,Lower-middle-income countries
Tunisia,TUN,1980,9.524518,,6606194,Lower-middle-income countries
Tunisia,TUN,1981,8.943893,,6758291,Lower-middle-income countries
Tunisia,TUN,1982,8.421392,,6908649,Lower-middle-income countries
Tunisia,TUN,1983,7.939924,,7053797,Lower-middle-income countries
Tunisia,TUN,1984,7.4848375,,7220050,Lower-middle-income countries
Tunisia,TUN,1985,7.075317,,7409907,Lower-middle-income countries
Tunisia,TUN,1986,6.693931,,7600300,Lower-middle-income countries
Tunisia,TUN,1987,6.3473163,,7789990,Lower-middle-income countries
Tunisia,TUN,1988,6.0344663,,7974447,Lower-middle-income countries
Tunisia,TUN,1989,5.756324,,8151665,Lower-middle-income countries
Tunisia,TUN,1990,5.4960938,6742.5845,8324509,Lower-middle-income countries
Tunisia,TUN,1991,5.242598,6859.7344,8501826,Lower-middle-income countries
Tunisia,TUN,1992,4.997379,7241.291,8682509,Lower-middle-income countries
Tunisia,TUN,1993,4.7416325,7253.336,8857916,Lower-middle-income countries
Tunisia,TUN,1994,4.478359,7350.656,9018447,Lower-middle-income countries
Tunisia,TUN,1995,4.2002096,7406.239,9161263,Lower-middle-income countries
Tunisia,TUN,1996,3.9242396,7821.792,9294433,Lower-middle-income countries
Tunisia,TUN,1997,3.646684,8136.3374,9421273,Lower-middle-income countries
Tunisia,TUN,1998,3.3817132,8417.985,9541669,Lower-middle-income countries
Tunisia,TUN,1999,3.1375618,8821.988,9655966,Lower-middle-income countries
Tunisia,TUN,2000,2.9184616,9134.415,9764940,Lower-middle-income countries
Tunisia,TUN,2001,2.7229874,9380.563,9869679,Lower-middle-income countries
Tunisia,TUN,2002,2.5481765,9407.557,9971521,Lower-middle-income countries
Tunisia,TUN,2003,2.3977876,9752.024,10071638,Lower-middle-income countries
Tunisia,TUN,2004,2.2690125,10263.806,10166170,Lower-middle-income countries
Tunisia,TUN,2005,2.159865,10529.16,10255474,Lower-middle-income countries
Tunisia,TUN,2006,2.069553,10983.922,10346408,Lower-middle-income countries
Tunisia,TUN,2007,1.997815,11613.925,10441705,Lower-middle-income countries
Tunisia,TUN,2008,1.941709,11990.196,10542637,Lower-middle-income countries
Tunisia,TUN,2009,1.9000659,12229.775,10650682,Lower-middle-income countries
Tunisia,TUN,2010,1.8717589,12458.271,10765984,Lower-middle-income countries
Tunisia,TUN,2011,1.8523654,12068.714,10886041,Lower-middle-income countries
Tunisia,TUN,2012,1.8405113,12436.3955,11009649,Lower-middle-income countries
Tunisia,TUN,2013,1.8337256,12587.995,11141365,Lower-middle-income countries
Tunisia,TUN,2014,1.8282865,12824.003,11274295,Lower-middle-income countries
Tunisia,TUN,2015,1.8222096,12802.792,11402270,Lower-middle-income countries
Tunisia,TUN,2016,1.812018,12803.88,11528676,Lower-middle-income countries
Tunisia,TUN,2017,1.7914087,12955.401,11650504,Lower-middle-income countries
Tunisia,TUN,2018,1.7518014,13163.195,11765515,Lower-middle-income countries
Tunisia,TUN,2019,1.68647,13243.902,11875084,Lower-middle-income countries
Tunisia,TUN,2020,1.5981971,11955.599,11974058,Lower-middle-income countries
Tunisia,TUN,2021,1.4962827,12444.326,12048625,Lower-middle-income countries
Tunisia,TUN,2022,1.3901354,12712.224,12119338,Lower-middle-income countries
Tunisia,TUN,2023,1.2906594,12650.962,12200434,Lower-middle-income countries
Tunisia,TUN,2024,,12774.916,12200434,Lower-middle-income countries
Turkey,TUR,1953,29.958738,,22958552,Upper-middle-income countries
Turkey,TUR,1954,29.45029,,23636110,Upper-middle-income countries
Turkey,TUR,1955,28.926628,,24310513,Upper-middle-income countries
Turkey,TUR,1956,28.387333,,25057603,Upper-middle-income countries
Turkey,TUR,1957,27.817482,,25880920,Upper-middle-income countries
Turkey,TUR,1958,27.210148,,26704966,Upper-middle-income countries
Turkey,TUR,1959,26.537287,,27526336,Upper-middle-income countries
Turkey,TUR,1960,25.795582,,28329895,Upper-middle-income countries
Turkey,TUR,1961,24.987024,,29119235,Upper-middle-income countries
Turkey,TUR,1962,24.143812,,29916149,Upper-middle-income countries
Turkey,TUR,1963,23.302065,,30726846,Upper-middle-income countries
Turkey,TUR,1964,22.486917,,31543074,Upper-middle-income countries
Turkey,TUR,1965,21.725374,,32345213,Upper-middle-income countries
Turkey,TUR,1966,21.007376,,33177679,Upper-middle-income countries
Turkey,TUR,1967,20.34741,,34050420,Upper-middle-income countries
Turkey,TUR,1968,19.73213,,34921681,Upper-middle-income countries
Turkey,TUR,1969,19.150448,,35787778,Upper-middle-income countries
Turkey,TUR,1970,18.583685,,36638458,Upper-middle-income countries
Turkey,TUR,1971,18.031858,,37518610,Upper-middle-income countries
Turkey,TUR,1972,17.471878,,38430215,Upper-middle-income countries
Turkey,TUR,1973,16.896057,,39329533,Upper-middle-income countries
Turkey,TUR,1974,16.322214,,40210234,Upper-middle-income countries
Turkey,TUR,1975,15.727398,,41053123,Upper-middle-income countries
Turkey,TUR,1976,15.126303,,41899990,Upper-middle-income countries
Turkey,TUR,1977,14.5219965,,42773301,Upper-middle-income countries
Turkey,TUR,1978,13.918458,,43645306,Upper-middle-income countries
Turkey,TUR,1979,13.316488,,44510430,Upper-middle-income countries
Turkey,TUR,1980,12.716475,,45408818,Upper-middle-income countries
Turkey,TUR,1981,12.1119,,46321190,Upper-middle-income countries
Turkey,TUR,1982,11.5093975,,47322104,Upper-middle-income countries
Turkey,TUR,1983,10.914733,,48447413,Upper-middle-income countries
Turkey,TUR,1984,10.342034,,49574065,Upper-middle-income countries
Turkey,TUR,1985,9.791449,,50687118,Upper-middle-income countries
Turkey,TUR,1986,9.266021,,51777768,Upper-middle-income countries
Turkey,TUR,1987,8.765741,,52843671,Upper-middle-income countries
Turkey,TUR,1988,8.288356,,53909628,Upper-middle-income countries
Turkey,TUR,1989,7.8300867,,54976719,Upper-middle-income countries
Turkey,TUR,1990,7.382478,12184.199,56015627,Upper-middle-income countries
Turkey,TUR,1991,6.9451504,12057.936,57009892,Upper-middle-income countries
Turkey,TUR,1992,6.522321,12451.045,57990121,Upper-middle-income countries
Turkey,TUR,1993,6.1141887,13174.467,58999164,Upper-middle-income countries
Turkey,TUR,1994,5.726119,12343.004,60033832,Upper-middle-income countries
Turkey,TUR,1995,5.3520393,13099.258,61024501,Upper-middle-income countries
Turkey,TUR,1996,4.997,13826.92,61951134,Upper-middle-income countries
Turkey,TUR,1997,4.655312,14631.296,62852968,Upper-middle-income countries
Turkey,TUR,1998,4.3345094,14704.339,63734385,Upper-middle-income countries
Turkey,TUR,1999,4.0283895,14066.189,64591916,Upper-middle-income countries
Turkey,TUR,2000,3.7427888,14856.915,65425957,Upper-middle-income countries
Turkey,TUR,2001,3.4742382,13872.129,66245125,Upper-middle-income countries
Turkey,TUR,2002,3.222139,14587.895,67048792,Upper-middle-income countries
Turkey,TUR,2003,2.9877117,15255.718,67831735,Upper-middle-income countries
Turkey,TUR,2004,2.7694428,16583.883,68592621,Upper-middle-income countries
Turkey,TUR,2005,2.5676928,17902.596,69329557,Upper-middle-income countries
Turkey,TUR,2006,2.3803623,18972.01,70045351,Upper-middle-income countries
Turkey,TUR,2007,2.2103472,19909.084,70750593,Upper-middle-income countries
Turkey,TUR,2008,2.0551333,19839.584,71562343,Upper-middle-income countries
Turkey,TUR,2009,1.9164292,18612.193,72464846,Upper-middle-income countries
Turkey,TUR,2010,1.7900354,19897.447,73346766,Upper-middle-income countries
Turkey,TUR,2011,1.6779946,21760.43,74215203,Upper-middle-income countries
Turkey,TUR,2012,1.5771313,22517.715,75197196,Upper-middle-income countries
Turkey,TUR,2013,1.4865955,24117.312,76403032,Upper-middle-income countries
Turkey,TUR,2014,1.4047809,24888.852,78036154,Upper-middle-income countries
Turkey,TUR,2015,1.3310652,25984.803,80014222,Upper-middle-income countries
Turkey,TUR,2016,1.2646207,26489.645,81652087,Upper-middle-income countries
Turkey,TUR,2017,1.2043383,28194.688,83083667,Upper-middle-income countries
Turkey,TUR,2018,1.1492994,28780.303,84415966,Upper-middle-income countries
Turkey,TUR,2019,1.0985703,28741.053,85357670,Upper-middle-income countries
Turkey,TUR,2020,1.0519389,28976.719,86091691,Upper-middle-income countries
Turkey,TUR,2021,1.0072356,32105.547,86686254,Upper-middle-income countries
Turkey,TUR,2022,0.9643952,33520.812,87058469,Upper-middle-income countries
Turkey,TUR,2023,1.2791306,35069.17,87270502,Upper-middle-income countries
Turkey,TUR,2024,,36154.492,87270502,Upper-middle-income countries
Turkmenistan,TKM,1977,13.242381,,2623946,Upper-middle-income countries
Turkmenistan,TKM,1978,12.780176,,2691095,Upper-middle-income countries
Turkmenistan,TKM,1979,12.301448,,2760361,Upper-middle-income countries
Turkmenistan,TKM,1980,11.846557,,2832201,Upper-middle-income countries
Turkmenistan,TKM,1981,11.397452,,2907193,Upper-middle-income countries
Turkmenistan,TKM,1982,10.922629,,2985566,Upper-middle-income countries
Turkmenistan,TKM,1983,10.450212,,3067535,Upper-middle-income countries
Turkmenistan,TKM,1984,9.978582,,3154080,Upper-middle-income countries
Turkmenistan,TKM,1985,9.514481,,3247541,Upper-middle-income countries
Turkmenistan,TKM,1986,9.078358,,3347813,Upper-middle-income countries
Turkmenistan,TKM,1987,8.699547,,3452736,Upper-middle-income countries
Turkmenistan,TKM,1988,8.358606,,3559364,Upper-middle-income countries
Turkmenistan,TKM,1989,8.093409,,3662464,Upper-middle-income countries
Turkmenistan,TKM,1990,7.914531,7925.498,3760561,Upper-middle-income countries
Turkmenistan,TKM,1991,7.8344364,7373.584,3855902,Upper-middle-income countries
Turkmenistan,TKM,1992,7.831838,6128.9155,3944689,Upper-middle-income countries
Turkmenistan,TKM,1993,7.8728166,6085.5254,4032415,Upper-middle-income countries
Turkmenistan,TKM,1994,7.9207096,4929.734,4116662,Upper-middle-income countries
Turkmenistan,TKM,1995,7.939993,4493.4277,4191207,Upper-middle-income countries
Turkmenistan,TKM,1996,7.9019113,4712.8335,4263818,Upper-middle-income countries
Turkmenistan,TKM,1997,7.787287,4105.369,4336732,Upper-middle-income countries
Turkmenistan,TKM,1998,7.5910873,4323.302,4410511,Upper-middle-income countries
Turkmenistan,TKM,1999,7.3093486,4945.0854,4492174,Upper-middle-income countries
Turkmenistan,TKM,2000,6.9749613,5112.5293,4582675,Upper-middle-income countries
Turkmenistan,TKM,2001,6.6086535,5228.803,4675416,Upper-middle-income countries
Turkmenistan,TKM,2002,6.237896,5138.871,4769473,Upper-middle-income countries
Turkmenistan,TKM,2003,5.8846107,5203.8545,4863871,Upper-middle-income countries
Turkmenistan,TKM,2004,5.556614,5360.224,4958091,Upper-middle-income countries
Turkmenistan,TKM,2005,5.2498693,5945.9526,5052260,Upper-middle-income countries
Turkmenistan,TKM,2006,4.9879775,6476.828,5147103,Upper-middle-income countries
Turkmenistan,TKM,2007,4.7701464,7060.1484,5244047,Upper-middle-income countries
Turkmenistan,TKM,2008,4.595906,7944.996,5345033,Upper-middle-income countries
Turkmenistan,TKM,2009,4.454307,8264.865,5451597,Upper-middle-income countries
Turkmenistan,TKM,2010,4.356215,8842.333,5564356,Upper-middle-income countries
Turkmenistan,TKM,2011,4.292129,9929.689,5683413,Upper-middle-income countries
Turkmenistan,TKM,2012,4.253849,10794.233,5808548,Upper-middle-income countries
Turkmenistan,TKM,2013,4.2472916,11633.291,5939348,Upper-middle-income countries
Turkmenistan,TKM,2014,4.2548785,12544.398,6075286,Upper-middle-income countries
Turkmenistan,TKM,2015,4.2914014,13057.83,6215773,Upper-middle-income countries
Turkmenistan,TKM,2016,4.3330226,13552.848,6360041,Upper-middle-income countries
Turkmenistan,TKM,2017,4.36649,14107.667,6507065,Upper-middle-income countries
Turkmenistan,TKM,2018,4.3648906,14648.136,6655523,Upper-middle-income countries
Turkmenistan,TKM,2019,4.3301272,15231.306,6803943,Upper-middle-income countries
Turkmenistan,TKM,2020,4.259904,15791.178,6949915,Upper-middle-income countries
Turkmenistan,TKM,2021,4.182275,16434.14,7092042,Upper-middle-income countries
Turkmenistan,TKM,2022,4.0964756,17119.574,7230197,Upper-middle-income countries
Turkmenistan,TKM,2023,3.99547,17866.404,7364437,Upper-middle-income countries
Turkmenistan,TKM,2024,,18662.299,7364437,Upper-middle-income countries
Turks and Caicos Islands,TCA,1959,14.770086,,5557,High-income countries
Turks and Caicos Islands,TCA,1960,13.807529,,5620,High-income countries
Turks and Caicos Islands,TCA,1961,12.900029,,5643,High-income countries
Turks and Caicos Islands,TCA,1962,12.034542,,5657,High-income countries
Turks and Caicos Islands,TCA,1963,11.239022,,5674,High-income countries
Turks and Caicos Islands,TCA,1964,10.490655,,5681,High-income countries
Turks and Caicos Islands,TCA,1965,9.787001,,5683,High-income countries
Turks and Caicos Islands,TCA,1966,9.139027,,5675,High-income countries
Turks and Caicos Islands,TCA,1967,8.524221,,5684,High-income countries
Turks and Caicos Islands,TCA,1968,7.967735,,5679,High-income countries
Turks and Caicos Islands,TCA,1969,7.447066,,5674,High-income countries
Turks and Caicos Islands,TCA,1970,6.958631,,5686,High-income countries
Turks and Caicos Islands,TCA,1971,6.4962115,,5773,High-income countries
Turks and Caicos Islands,TCA,1972,6.0672145,,5936,High-income countries
Turks and Caicos Islands,TCA,1973,5.673642,,6112,High-income countries
Turks and Caicos Islands,TCA,1974,5.299927,,6296,High-income countries
Turks and Caicos Islands,TCA,1975,4.9476476,,6486,High-income countries
Turks and Caicos Islands,TCA,1976,4.6202087,,6677,High-income countries
Turks and Caicos Islands,TCA,1977,4.3216906,,6885,High-income countries
Turks and Caicos Islands,TCA,1978,4.045256,,7105,High-income countries
Turks and Caicos Islands,TCA,1979,3.78613,,7327,High-income countries
Turks and Caicos Islands,TCA,1980,3.5437531,,7584,High-income countries
Turks and Caicos Islands,TCA,1981,3.31455,,7927,High-income countries
Turks and Caicos Islands,TCA,1982,3.0980825,,8316,High-income countries
Turks and Caicos Islands,TCA,1983,2.8996613,,8722,High-income countries
Turks and Caicos Islands,TCA,1984,2.716475,,9127,High-income countries
Turks and Caicos Islands,TCA,1985,2.5477638,,9545,High-income countries
Turks and Caicos Islands,TCA,1986,2.3920636,,9962,High-income countries
Turks and Caicos Islands,TCA,1987,2.2464886,,10384,High-income countries
Turks and Caicos Islands,TCA,1988,2.1058524,,10800,High-income countries
Turks and Caicos Islands,TCA,1989,1.9784081,,11213,High-income countries
Turks and Caicos Islands,TCA,1990,1.8608335,,11708,High-income countries
Turks and Caicos Islands,TCA,1991,1.7479384,,12328,High-income countries
Turks and Caicos Islands,TCA,1992,1.6474771,,12992,High-income countries
Turks and Caicos Islands,TCA,1993,1.5511096,,13670,High-income countries
Turks and Caicos Islands,TCA,1994,1.4642357,,14368,High-income countries
Turks and Caicos Islands,TCA,1995,1.383212,,15074,High-income countries
Turks and Caicos Islands,TCA,1996,1.3072048,,15786,High-income countries
Turks and Caicos Islands,TCA,1997,1.240009,,16505,High-income countries
Turks and Caicos Islands,TCA,1998,1.1762105,,17236,High-income countries
Turks and Caicos Islands,TCA,1999,1.1203303,,17981,High-income countries
Turks and Caicos Islands,TCA,2000,1.0667447,,18754,High-income countries
Turks and Caicos Islands,TCA,2001,1.0164746,,19603,High-income countries
Turks and Caicos Islands,TCA,2002,0.9724451,,20619,High-income countries
Turks and Caicos Islands,TCA,2003,0.9326297,,21749,High-income countries
Turks and Caicos Islands,TCA,2004,0.8974701,,22881,High-income countries
Turks and Caicos Islands,TCA,2005,0.86562085,,24011,High-income countries
Turks and Caicos Islands,TCA,2006,0.8380698,,25146,High-income countries
Turks and Caicos Islands,TCA,2007,0.81349176,21878.82,26290,High-income countries
Turks and Caicos Islands,TCA,2008,0.7918,22689.316,27452,High-income countries
Turks and Caicos Islands,TCA,2009,0.7730716,17512.197,28610,High-income countries
Turks and Caicos Islands,TCA,2010,0.75405985,17000.223,29763,High-income countries
Turks and Caicos Islands,TCA,2011,0.7375714,17147.424,30870,High-income countries
Turks and Caicos Islands,TCA,2012,0.722509,16024.691,32152,High-income countries
Turks and Caicos Islands,TCA,2013,0.7077388,15461.873,33675,High-income countries
Turks and Caicos Islands,TCA,2014,0.6948989,16138.849,35077,High-income countries
Turks and Caicos Islands,TCA,2015,0.68298215,17201.771,36632,High-income countries
Turks and Caicos Islands,TCA,2016,0.67042524,17625.72,38342,High-income countries
Turks and Caicos Islands,TCA,2017,0.6572562,29540.354,39931,High-income countries
Turks and Caicos Islands,TCA,2018,0.6429566,30286.12,41580,High-income countries
Turks and Caicos Islands,TCA,2019,0.62836146,30611.213,43191,High-income countries
Turks and Caicos Islands,TCA,2020,0.61134064,19702.537,44405,High-income countries
Turks and Caicos Islands,TCA,2021,0.59582794,25056.488,45262,High-income countries
Turks and Caicos Islands,TCA,2022,0.57921875,28209.625,45869,High-income countries
Turks and Caicos Islands,TCA,2023,0.5612179,31839.371,46221,High-income countries
Turks and Caicos Islands,TCA,2024,,33390.527,46221,High-income countries
Tuvalu,TUV,1954,22.612225,,5292,Upper-middle-income countries
Tuvalu,TUV,1955,21.671328,,5361,Upper-middle-income countries
Tuvalu,TUV,1956,20.767458,,5408,Upper-middle-income countries
Tuvalu,TUV,1957,19.909918,,5455,Upper-middle-income countries
Tuvalu,TUV,1958,19.134388,,5517,Upper-middle-income countries
Tuvalu,TUV,1959,18.38122,,5577,Upper-middle-income countries
Tuvalu,TUV,1960,17.662683,,5619,Upper-middle-income countries
Tuvalu,TUV,1961,16.968178,,5669,Upper-middle-income countries
Tuvalu,TUV,1962,16.254755,,5721,Upper-middle-income countries
Tuvalu,TUV,1963,15.561165,,5773,Upper-middle-income countries
Tuvalu,TUV,1964,14.881404,,5771,Upper-middle-income countries
Tuvalu,TUV,1965,14.207617,,5731,Upper-middle-income countries
Tuvalu,TUV,1966,13.54727,,5705,Upper-middle-income countries
Tuvalu,TUV,1967,12.912614,,5674,Upper-middle-income countries
Tuvalu,TUV,1968,12.29071,,5644,Upper-middle-income countries
Tuvalu,TUV,1969,11.689269,,5653,Upper-middle-income countries
Tuvalu,TUV,1970,11.092902,,5684,Upper-middle-income countries
Tuvalu,TUV,1971,10.502363,,5704,Upper-middle-income countries
Tuvalu,TUV,1972,9.927202,,5712,Upper-middle-income countries
Tuvalu,TUV,1973,9.368529,,5704,Upper-middle-income countries
Tuvalu,TUV,1974,8.814752,,5844,Upper-middle-income countries
Tuvalu,TUV,1975,8.308059,,6133,Upper-middle-income countries
Tuvalu,TUV,1976,7.8441043,,6427,Upper-middle-income countries
Tuvalu,TUV,1977,7.4271336,,6708,Upper-middle-income countries
Tuvalu,TUV,1978,7.0759315,,6980,Upper-middle-income countries
Tuvalu,TUV,1979,6.759193,,7207,Upper-middle-income countries
Tuvalu,TUV,1980,6.4890313,,7387,Upper-middle-income countries
Tuvalu,TUV,1981,6.2634277,,7545,Upper-middle-income countries
Tuvalu,TUV,1982,6.0641055,,7686,Upper-middle-income countries
Tuvalu,TUV,1983,5.89643,,7809,Upper-middle-income countries
Tuvalu,TUV,1984,5.760318,,7926,Upper-middle-income countries
Tuvalu,TUV,1985,5.6574497,,8068,Upper-middle-income countries
Tuvalu,TUV,1986,5.588008,,8238,Upper-middle-income countries
Tuvalu,TUV,1987,5.525935,,8393,Upper-middle-income countries
Tuvalu,TUV,1988,5.4726605,,8539,Upper-middle-income countries
Tuvalu,TUV,1989,5.421182,,8685,Upper-middle-income countries
Tuvalu,TUV,1990,5.372336,2984.2856,8821,Upper-middle-income countries
Tuvalu,TUV,1991,5.3113246,3046.9717,8953,Upper-middle-income countries
Tuvalu,TUV,1992,5.2379484,3093.827,9060,Upper-middle-income countries
Tuvalu,TUV,1993,5.1526227,3189.949,9146,Upper-middle-income countries
Tuvalu,TUV,1994,5.0547357,3487.0337,9231,Upper-middle-income countries
Tuvalu,TUV,1995,4.939848,3286.469,9299,Upper-middle-income countries
Tuvalu,TUV,1996,4.8109393,3070.0393,9363,Upper-middle-income countries
Tuvalu,TUV,1997,4.672109,3356.3071,9425,Upper-middle-income countries
Tuvalu,TUV,1998,4.524141,3855.6548,9469,Upper-middle-income countries
Tuvalu,TUV,1999,4.3871956,3777.3718,9518,Upper-middle-income countries
Tuvalu,TUV,2000,4.2623773,3721.8994,9566,Upper-middle-income countries
Tuvalu,TUV,2001,4.1582193,3705.5923,9608,Upper-middle-income countries
Tuvalu,TUV,2002,4.06703,4042.9011,9645,Upper-middle-income countries
Tuvalu,TUV,2003,3.982346,3838.4036,9715,Upper-middle-income countries
Tuvalu,TUV,2004,3.8916667,3704.9272,9839,Upper-middle-income countries
Tuvalu,TUV,2005,3.7963161,3488.5364,9964,Upper-middle-income countries
Tuvalu,TUV,2006,3.6821215,3532.3994,10078,Upper-middle-income countries
Tuvalu,TUV,2007,3.5555344,3737.8787,10204,Upper-middle-income countries
Tuvalu,TUV,2008,3.4162936,3933.374,10344,Upper-middle-income countries
Tuvalu,TUV,2009,3.2766635,3638.1875,10479,Upper-middle-income countries
Tuvalu,TUV,2010,3.1441183,3506.0603,10635,Upper-middle-income countries
Tuvalu,TUV,2011,3.0219262,3687.4392,10804,Upper-middle-income countries
Tuvalu,TUV,2012,2.909299,3558.1523,10960,Upper-middle-income countries
Tuvalu,TUV,2013,2.8041084,3690.242,11028,Upper-middle-income countries
Tuvalu,TUV,2014,2.7069101,3695.9534,11007,Upper-middle-income countries
Tuvalu,TUV,2015,2.6120427,4088.7659,10985,Upper-middle-income countries
Tuvalu,TUV,2016,2.5208678,4333.249,10951,Upper-middle-income countries
Tuvalu,TUV,2017,2.4305336,4464.259,10892,Upper-middle-income countries
Tuvalu,TUV,2018,2.3509,4575.869,10775,Upper-middle-income countries
Tuvalu,TUV,2019,2.2707171,5292.0303,10603,Upper-middle-income countries
Tuvalu,TUV,2020,2.1923952,5154.4595,10423,Upper-middle-income countries
Tuvalu,TUV,2021,2.1240783,5352.9785,10214,Upper-middle-income countries
Tuvalu,TUV,2022,2.0549836,5498.1846,10012,Upper-middle-income countries
Tuvalu,TUV,2023,1.9891257,5812.3994,9837,Upper-middle-income countries
Uganda,UGA,1953,25.503204,,6249442,Low-income countries
Uganda,UGA,1954,24.996922,,6428381,Low-income countries
Uganda,UGA,1955,24.498724,,6613776,Low-income countries
Uganda,UGA,1956,24.026,,6805457,Low-income countries
Uganda,UGA,1957,23.612986,,7003888,Low-income countries
Uganda,UGA,1958,23.179132,,7209760,Low-income countries
Uganda,UGA,1959,22.745083,,7423432,Low-income countries
Uganda,UGA,1960,22.328018,,7640975,Low-income countries
Uganda,UGA,1961,21.939932,,7862221,Low-income countries
Uganda,UGA,1962,21.576157,,8092231,Low-income countries
Uganda,UGA,1963,21.245865,,8333660,Low-income countries
Uganda,UGA,1964,20.91541,,8586366,Low-income countries
Uganda,UGA,1965,20.592188,,8849209,Low-income countries
Uganda,UGA,1966,20.262085,,9122864,Low-income countries
Uganda,UGA,1967,19.936062,,9408922,Low-income countries
Uganda,UGA,1968,19.656189,,9708633,Low-income countries
Uganda,UGA,1969,19.433207,,10014863,Low-income countries
Uganda,UGA,1970,19.300035,,10321608,Low-income countries
Uganda,UGA,1971,19.286642,,10618207,Low-income countries
Uganda,UGA,1972,19.372501,,10885795,Low-income countries
Uganda,UGA,1973,19.568703,,11144237,Low-income countries
Uganda,UGA,1974,19.867765,,11424845,Low-income countries
Uganda,UGA,1975,20.265673,,11725240,Low-income countries
Uganda,UGA,1976,20.715538,,12037302,Low-income countries
Uganda,UGA,1977,21.16807,,12359671,Low-income countries
Uganda,UGA,1978,21.557678,,12692122,Low-income countries
Uganda,UGA,1979,21.802116,,13002167,Low-income countries
Uganda,UGA,1980,21.993702,,13275751,Low-income countries
Uganda,UGA,1981,21.845554,,13556457,Low-income countries
Uganda,UGA,1982,21.429392,,13873637,Low-income countries
Uganda,UGA,1983,20.869692,,14221891,Low-income countries
Uganda,UGA,1984,20.328278,,14607679,Low-income countries
Uganda,UGA,1985,19.873447,,15023679,Low-income countries
Uganda,UGA,1986,19.513329,,15467581,Low-income countries
Uganda,UGA,1987,19.216284,,15954165,Low-income countries
Uganda,UGA,1988,18.937386,,16470485,Low-income countries
Uganda,UGA,1989,18.650063,,17010704,Low-income countries
Uganda,UGA,1990,18.279573,1080.0383,17569895,Low-income countries
Uganda,UGA,1991,17.863743,1103.229,18155901,Low-income countries
Uganda,UGA,1992,17.426556,1102.73,18785037,Low-income countries
Uganda,UGA,1993,17.02531,1153.9937,19445161,Low-income countries
Uganda,UGA,1994,16.699411,1187.3678,20108804,Low-income countries
Uganda,UGA,1995,16.452898,1288.5089,20665673,Low-income countries
Uganda,UGA,1996,16.240433,1367.9457,21231553,Low-income countries
Uganda,UGA,1997,15.978967,1396.6311,21856044,Low-income countries
Uganda,UGA,1998,15.62033,1422.2079,22515809,Low-income countries
Uganda,UGA,1999,15.147326,1487.7579,23257279,Low-income countries
Uganda,UGA,2000,14.562931,1487.005,24000158,Low-income countries
Uganda,UGA,2001,13.880286,1516.9642,24745678,Low-income countries
Uganda,UGA,2002,13.118903,1598.5829,25532872,Low-income countries
Uganda,UGA,2003,12.305813,1649.1483,26352124,Low-income countries
Uganda,UGA,2004,11.486158,1709.3616,27154513,Low-income countries
Uganda,UGA,2005,10.696938,1765.0378,27963287,Low-income countries
Uganda,UGA,2006,9.969908,1898.9791,28794005,Low-income countries
Uganda,UGA,2007,9.2979145,1999.0625,29653437,Low-income countries
Uganda,UGA,2008,8.68923,2110.1006,30539547,Low-income countries
Uganda,UGA,2009,8.144607,2188.299,31451147,Low-income countries
Uganda,UGA,2010,7.613191,2244.606,32390801,Low-income countries
Uganda,UGA,2011,7.1043506,2384.4653,33354541,Low-income countries
Uganda,UGA,2012,6.6684537,2405.0945,34337436,Low-income countries
Uganda,UGA,2013,6.2445846,2420.8882,35337050,Low-income countries
Uganda,UGA,2014,5.9130535,2470.504,36395542,Low-income countries
Uganda,UGA,2015,5.5843687,2520.02,37531444,Low-income countries
Uganda,UGA,2016,5.248098,2554.2278,38799153,Low-income countries
Uganda,UGA,2017,4.984382,2543.8477,40177384,Low-income countries
Uganda,UGA,2018,4.7397695,2613.88,41565839,Low-income countries
Uganda,UGA,2019,4.530757,2689.4102,42999636,Low-income countries
Uganda,UGA,2020,4.3509116,2678.009,44457148,Low-income countries
Uganda,UGA,2021,4.1786456,2684.9204,45910931,Low-income countries
Uganda,UGA,2022,4.0493283,2724.906,47312718,Low-income countries
Uganda,UGA,2023,3.8807676,2791.0557,48656606,Low-income countries
Uganda,UGA,2024,,2879.6702,48656606,Low-income countries
Ukraine,UKR,1971,3.2262392,,47573291,Upper-middle-income countries
Ukraine,UKR,1972,3.1337693,,47946893,Upper-middle-income countries
Ukraine,UKR,1973,3.0415633,,48277120,Upper-middle-income countries
Ukraine,UKR,1974,2.9600527,,48576573,Upper-middle-income countries
Ukraine,UKR,1975,2.892782,,48865230,Upper-middle-income countries
Ukraine,UKR,1976,2.8372486,,49120842,Upper-middle-income countries
Ukraine,UKR,1977,2.7831366,,49336485,Upper-middle-income countries
Ukraine,UKR,1978,2.736601,,49521243,Upper-middle-income countries
Ukraine,UKR,1979,2.6858344,,49721384,Upper-middle-income countries
Ukraine,UKR,1980,2.623521,,49955147,Upper-middle-income countries
Ukraine,UKR,1981,2.5537486,,50189280,Upper-middle-income countries
Ukraine,UKR,1982,2.4725187,,50402724,Upper-middle-income countries
Ukraine,UKR,1983,2.3852003,,50637026,Upper-middle-income countries
Ukraine,UKR,1984,2.294405,,50887600,Upper-middle-income countries
Ukraine,UKR,1985,2.2084453,,51108771,Upper-middle-income countries
Ukraine,UKR,1986,2.1278577,,51318738,Upper-middle-income countries
Ukraine,UKR,1987,2.0530975,,51515727,Upper-middle-income countries
Ukraine,UKR,1988,1.992927,,51724854,Upper-middle-income countries
Ukraine,UKR,1989,1.9477289,,51917825,Upper-middle-income countries
Ukraine,UKR,1990,1.9242011,22815.799,52054096,Upper-middle-income countries
Ukraine,UKR,1991,1.923384,20784.16,52170967,Upper-middle-income countries
Ukraine,UKR,1992,1.9395382,18671.873,52323675,Upper-middle-income countries
Ukraine,UKR,1993,1.968928,16012.372,52350122,Upper-middle-income countries
Ukraine,UKR,1994,2.002466,12410.525,52076000,Upper-middle-income countries
Ukraine,UKR,1995,2.0246167,10983.009,51665535,Upper-middle-income countries
Ukraine,UKR,1996,2.0272162,9969.501,51226111,Upper-middle-income countries
Ukraine,UKR,1997,2.008316,9754.05,50786881,Upper-middle-income countries
Ukraine,UKR,1998,1.9665655,9646.055,50379728,Upper-middle-income countries
Ukraine,UKR,1999,1.9042275,9704.445,49976445,Upper-middle-income countries
Ukraine,UKR,2000,1.8287334,10364.0625,49556654,Upper-middle-income countries
Ukraine,UKR,2001,1.7455014,11379.386,49106854,Upper-middle-income countries
Ukraine,UKR,2002,1.6609651,12092.789,48677280,Upper-middle-income countries
Ukraine,UKR,2003,1.5821552,13342.88,48315133,Upper-middle-income countries
Ukraine,UKR,2004,1.5097694,15021.066,47979502,Upper-middle-income countries
Ukraine,UKR,2005,1.4481927,15610.573,47585558,Upper-middle-income countries
Ukraine,UKR,2006,1.3951354,16901.508,47278691,Upper-middle-income countries
Ukraine,UKR,2007,1.3437699,18374.014,47062802,Upper-middle-income countries
Ukraine,UKR,2008,1.2887254,18883.986,46819168,Upper-middle-income countries
Ukraine,UKR,2009,1.2302902,16092.796,46623731,Upper-middle-income countries
Ukraine,UKR,2010,1.172264,16811.795,46455997,Upper-middle-income countries
Ukraine,UKR,2011,1.1167481,17783.957,46307854,Upper-middle-income countries
Ukraine,UKR,2012,1.0654027,17848.74,46210051,Upper-middle-income countries
Ukraine,UKR,2013,1.0196289,17889.092,46126760,Upper-middle-income countries
Ukraine,UKR,2014,0.9791276,16978.812,45972379,Upper-middle-income countries
Ukraine,UKR,2015,0.9442025,15403.71,45784904,Upper-middle-income countries
Ukraine,UKR,2016,0.91450477,15856.8125,45616831,Upper-middle-income countries
Ukraine,UKR,2017,0.88957137,16310.36,45436037,Upper-middle-income countries
Ukraine,UKR,2018,0.8682018,16978.984,45208903,Upper-middle-income countries
Ukraine,UKR,2019,0.8501683,17636.555,44957451,Upper-middle-income countries
Ukraine,UKR,2020,0.83546436,17092.54,44680008,Upper-middle-income countries
Ukraine,UKR,2021,0.8230383,17846.408,44298642,Upper-middle-income countries
Ukraine,UKR,2022,0.8524418,13787.121,41048768,Upper-middle-income countries
Ukraine,UKR,2023,0.807272,15916.958,37732833,Upper-middle-income countries
Ukraine,UKR,2024,,16319.845,37732833,Upper-middle-income countries
United Arab Emirates,ARE,1960,20.068783,,131348,High-income countries
United Arab Emirates,ARE,1961,19.036823,,138002,High-income countries
United Arab Emirates,ARE,1962,17.949045,,144963,High-income countries
United Arab Emirates,ARE,1963,16.892668,,152223,High-income countries
United Arab Emirates,ARE,1964,15.833687,,159702,High-income countries
United Arab Emirates,ARE,1965,14.754626,,167121,High-income countries
United Arab Emirates,ARE,1966,13.695965,,173988,High-income countries
United Arab Emirates,ARE,1967,12.6312275,,179708,High-income countries
United Arab Emirates,ARE,1968,11.58964,,199432,High-income countries
United Arab Emirates,ARE,1969,10.582064,,239676,High-income countries
United Arab Emirates,ARE,1970,9.6182375,,286553,High-income countries
United Arab Emirates,ARE,1971,8.715949,,335042,High-income countries
United Arab Emirates,ARE,1972,7.8874793,,385025,High-income countries
United Arab Emirates,ARE,1973,7.124908,,436407,High-income countries
United Arab Emirates,ARE,1974,6.4299555,,489098,High-income countries
United Arab Emirates,ARE,1975,5.80305,,542868,High-income countries
United Arab Emirates,ARE,1976,5.2261386,,615871,High-income countries
United Arab Emirates,ARE,1977,4.6976156,,710216,High-income countries
United Arab Emirates,ARE,1978,4.216969,,809285,High-income countries
United Arab Emirates,ARE,1979,3.783676,,912016,High-income countries
United Arab Emirates,ARE,1980,3.3967133,,1015711,High-income countries
United Arab Emirates,ARE,1981,3.0605931,,1099864,High-income countries
United Arab Emirates,ARE,1982,2.7720706,,1166383,High-income countries
United Arab Emirates,ARE,1983,2.5202951,,1235309,High-income countries
United Arab Emirates,ARE,1984,2.3085365,,1306005,High-income countries
United Arab Emirates,ARE,1985,2.1247182,,1377918,High-income countries
United Arab Emirates,ARE,1986,1.9660399,,1467386,High-income countries
United Arab Emirates,ARE,1987,1.8295596,,1574258,High-income countries
United Arab Emirates,ARE,1988,1.7099422,,1681797,High-income countries
United Arab Emirates,ARE,1989,1.605268,,1789858,High-income countries
United Arab Emirates,ARE,1990,1.5139941,111377.05,1898220,High-income countries
United Arab Emirates,ARE,1991,1.4342849,106266.195,2006630,High-income countries
United Arab Emirates,ARE,1992,1.3669004,104206.76,2114738,High-income countries
United Arab Emirates,ARE,1993,1.3087,100422.63,2222098,High-income countries
United Arab Emirates,ARE,1994,1.2581654,102456.1,2328191,High-income countries
United Arab Emirates,ARE,1995,1.2146745,104527.92,2434667,High-income countries
United Arab Emirates,ARE,1996,1.177592,103653.48,2597570,High-income countries
United Arab Emirates,ARE,1997,1.1460624,103392.44,2817410,High-income countries
United Arab Emirates,ARE,1998,1.118786,96088.49,3040432,High-income countries
United Arab Emirates,ARE,1999,1.0942225,92047.59,3266011,High-income countries
United Arab Emirates,ARE,2000,1.0721074,95390.7,3493583,High-income countries
United Arab Emirates,ARE,2001,1.052191,90750.34,3723596,High-income countries
United Arab Emirates,ARE,2002,1.0327079,87479.24,3956829,High-income countries
United Arab Emirates,ARE,2003,1.0142418,89828.555,4192465,High-income countries
United Arab Emirates,ARE,2004,0.99541235,93166.15,4428964,High-income countries
United Arab Emirates,ARE,2005,0.97616065,92750.914,4664797,High-income countries
United Arab Emirates,ARE,2006,0.9576936,94872.54,5009106,High-income countries
United Arab Emirates,ARE,2007,0.9386542,87180.61,5624640,High-income countries
United Arab Emirates,ARE,2008,0.91992253,80285.19,6302669,High-income countries
United Arab Emirates,ARE,2009,0.9005567,71488.99,6707063,High-income countries
United Arab Emirates,ARE,2010,0.88060296,70913.78,6938372,High-income countries
United Arab Emirates,ARE,2011,0.86107785,73190.4,7199436,High-income countries
United Arab Emirates,ARE,2012,0.8404101,73644.055,7497122,High-income countries
United Arab Emirates,ARE,2013,0.8177485,74237.22,7831851,High-income countries
United Arab Emirates,ARE,2014,0.7931823,74145.11,8236880,High-income countries
United Arab Emirates,ARE,2015,0.76563615,75238.555,8674633,High-income countries
United Arab Emirates,ARE,2016,0.73481095,75671.055,9030873,High-income countries
United Arab Emirates,ARE,2017,0.7014114,72529.055,9234330,High-income countries
United Arab Emirates,ARE,2018,0.6660611,72671.06,9346870,High-income countries
United Arab Emirates,ARE,2019,0.630452,72822.97,9377855,High-income countries
United Arab Emirates,ARE,2020,0.59553945,66808.65,9448529,High-income countries
United Arab Emirates,ARE,2021,0.56240314,68580.15,9789055,High-income countries
United Arab Emirates,ARE,2022,0.53101546,70075.63,10242085,High-income countries
United Arab Emirates,ARE,2023,0.50285804,70239.85,10642089,High-income countries
United Arab Emirates,ARE,2024,,69701.805,10642089,High-income countries
United Kingdom,GBR,1949,3.8175302,,49851583,High-income countries
United Kingdom,GBR,1950,3.66056,,50121020,High-income countries
United Kingdom,GBR,1951,3.5078838,,50346821,High-income countries
United Kingdom,GBR,1952,3.356643,,50496231,High-income countries
United Kingdom,GBR,1953,3.211716,,50727035,High-income countries
United Kingdom,GBR,1954,3.077933,,50958246,High-income countries
United Kingdom,GBR,1955,2.9623783,,51176749,High-income countries
United Kingdom,GBR,1956,2.868611,,51400458,High-income countries
United Kingdom,GBR,1957,2.7949238,,51655911,High-income countries
United Kingdom,GBR,1958,2.7396042,,51935640,High-income countries
United Kingdom,GBR,1959,2.6956863,,52226466,High-income countries
United Kingdom,GBR,1960,2.6556334,,52538548,High-income countries
United Kingdom,GBR,1961,2.612641,,52884952,High-income countries
United Kingdom,GBR,1962,2.5596468,,53272836,High-income countries
United Kingdom,GBR,1963,2.4928098,,53652939,High-income countries
United Kingdom,GBR,1964,2.417021,,54009130,High-income countries
United Kingdom,GBR,1965,2.3429348,,54359022,High-income countries
United Kingdom,GBR,1966,2.2772508,,54676346,High-income countries
United Kingdom,GBR,1967,2.2223468,,54973661,High-income countries
United Kingdom,GBR,1968,2.1788898,,55240654,High-income countries
United Kingdom,GBR,1969,2.1421816,,55456208,High-income countries
United Kingdom,GBR,1970,2.1037138,,55663801,High-income countries
United Kingdom,GBR,1971,2.0581756,,55890372,High-income countries
United Kingdom,GBR,1972,2.0040176,,56079239,High-income countries
United Kingdom,GBR,1973,1.9404622,,56188787,High-income countries
United Kingdom,GBR,1974,1.8703716,,56224550,High-income countries
United Kingdom,GBR,1975,1.7963443,,56220139,High-income countries
United Kingdom,GBR,1976,1.7210628,,56201143,High-income countries
United Kingdom,GBR,1977,1.6446418,,56175829,High-income countries
United Kingdom,GBR,1978,1.5676916,,56175553,High-income countries
United Kingdom,GBR,1979,1.4903059,,56218759,High-income countries
United Kingdom,GBR,1980,1.4131083,,56282102,High-income countries
United Kingdom,GBR,1981,1.3377974,,56304590,High-income countries
United Kingdom,GBR,1982,1.2704386,,56292761,High-income countries
United Kingdom,GBR,1983,1.215165,,56332060,High-income countries
United Kingdom,GBR,1984,1.1715165,,56451312,High-income countries
United Kingdom,GBR,1985,1.1374114,,56606416,High-income countries
United Kingdom,GBR,1986,1.1084709,,56751926,High-income countries
United Kingdom,GBR,1987,1.0771799,,56886021,High-income countries
United Kingdom,GBR,1988,1.0370802,,57026539,High-income countries
United Kingdom,GBR,1989,0.9873808,,57182137,High-income countries
United Kingdom,GBR,1990,0.93008536,32993.168,57367867,High-income countries
United Kingdom,GBR,1991,0.8707349,32466.195,57555199,High-income countries
United Kingdom,GBR,1992,0.8166573,32797.73,57719273,High-income countries
United Kingdom,GBR,1993,0.77371293,33861.254,57861037,High-income countries
United Kingdom,GBR,1994,0.7418248,35448.18,58003200,High-income countries
United Kingdom,GBR,1995,0.7187102,36603.74,58154632,High-income countries
United Kingdom,GBR,1996,0.7018963,37465.38,58298563,High-income countries
United Kingdom,GBR,1997,0.6887095,39192.61,58447091,High-income countries
United Kingdom,GBR,1998,0.67666966,40347.18,58626822,High-income countries
United Kingdom,GBR,1999,0.66530436,41396.938,58838663,High-income countries
United Kingdom,GBR,2000,0.6545995,43115.562,59057333,High-income countries
United Kingdom,GBR,2001,0.6445289,43976.84,59288095,High-income countries
United Kingdom,GBR,2002,0.63477874,44539.465,59540764,High-income countries
United Kingdom,GBR,2003,0.6250866,45759.402,59820385,High-income countries
United Kingdom,GBR,2004,0.6149824,46558.13,60169964,High-income countries
United Kingdom,GBR,2005,0.60370916,47529.938,60596107,High-income countries
United Kingdom,GBR,2006,0.5906195,48215.047,61051093,High-income countries
United Kingdom,GBR,2007,0.5753201,49243.25,61535859,High-income countries
United Kingdom,GBR,2008,0.5574474,48833.07,62027303,High-income countries
United Kingdom,GBR,2009,0.53754705,46241.805,62506222,High-income countries
United Kingdom,GBR,2010,0.5168714,46917.89,63006482,High-income countries
United Kingdom,GBR,2011,0.49671748,46949.02,63509285,High-income countries
United Kingdom,GBR,2012,0.4787955,47328.21,63960488,High-income countries
United Kingdom,GBR,2013,0.464272,47820.28,64389386,High-income countries
United Kingdom,GBR,2014,0.4534343,48964.285,64865914,High-income countries
United Kingdom,GBR,2015,0.44596344,49652.72,65382107,High-income countries
United Kingdom,GBR,2016,0.4412454,50346.86,65893359,High-income countries
United Kingdom,GBR,2017,0.43858245,51586.676,66354473,High-income countries
United Kingdom,GBR,2018,0.437433,52131.695,66752473,High-income countries
United Kingdom,GBR,2019,0.43773463,52515.684,67110958,High-income countries
United Kingdom,GBR,2020,0.43996742,47158.984,67351860,High-income countries
United Kingdom,GBR,2021,0.443539,51004.426,67668788,High-income countries
United Kingdom,GBR,2022,0.44601342,53139.152,68179315,High-income countries
United Kingdom,GBR,2023,0.4457009,52592.684,68682965,High-income countries
United Kingdom,GBR,2024,,52621.18,68682965,High-income countries
United States,USA,1949,3.867702,,146051521,High-income countries
United States,USA,1950,3.7639985,,154202683,High-income countries
United States,USA,1951,3.662208,,156481323,High-income countries
United States,USA,1952,3.562295,,158794223,High-income countries
United States,USA,1953,3.4668858,,161168320,High-income countries
United States,USA,1954,3.3791542,,163636303,High-income countries
United States,USA,1955,3.2998774,,166200028,High-income countries
United States,USA,1956,3.2313037,,168824962,High-income countries
United States,USA,1957,3.1700149,,171499234,High-income countries
United States,USA,1958,3.1137424,,174215305,High-income countries
United States,USA,1959,3.0603986,,177145772,High-income countries
United States,USA,1960,3.0056908,,180274556,High-income countries
United States,USA,1961,2.9488704,,183489491,High-income countries
United States,USA,1962,2.891594,,186724275,High-income countries
United States,USA,1963,2.833262,,189825225,High-income countries
United States,USA,1964,2.7729993,,192819457,High-income countries
United States,USA,1965,2.7088509,,195653774,High-income countries
United States,USA,1966,2.6407998,,198265400,High-income countries
United States,USA,1967,2.5681357,,200699913,High-income countries
United States,USA,1968,2.491046,,203011020,High-income countries
United States,USA,1969,2.4098334,,205300034,High-income countries
United States,USA,1970,2.3244143,,207796338,High-income countries
United States,USA,1971,2.2366903,,210426423,High-income countries
United States,USA,1972,2.1469047,,212842571,High-income countries
United States,USA,1973,2.0567243,,215006548,High-income countries
United States,USA,1974,1.9669744,,217076475,High-income countries
United States,USA,1975,1.8781835,,219129299,High-income countries
United States,USA,1976,1.7918992,,221168755,High-income countries
United States,USA,1977,1.7096652,,223259417,High-income countries
United States,USA,1978,1.63319,,225396097,High-income countries
United States,USA,1979,1.5621661,,227575082,High-income countries
United States,USA,1980,1.4969088,,229858656,High-income countries
United States,USA,1981,1.4378968,,232201613,High-income countries
United States,USA,1982,1.3861693,,234583155,High-income countries
United States,USA,1983,1.3412559,,236986362,High-income countries
United States,USA,1984,1.3026853,,239353967,High-income countries
United States,USA,1985,1.2699779,,241690438,High-income countries
United States,USA,1986,1.2411828,,243953807,High-income countries
United States,USA,1987,1.2139939,,246161292,High-income countries
United States,USA,1988,1.1862848,,248393236,High-income countries
United States,USA,1989,1.15642,,250675047,High-income countries
United States,USA,1990,1.1232373,44378.523,253373387,High-income countries
United States,USA,1991,1.0872242,43742.027,256471424,High-income countries
United States,USA,1992,1.0499903,44659.152,259606021,High-income countries
United States,USA,1993,1.0130156,45286.934,262633229,High-income countries
United States,USA,1994,0.9778737,46537.355,265474811,High-income countries
United States,USA,1995,0.9460127,47220.957,268205796,High-income countries
United States,USA,1996,0.9180763,48435.7,270860695,High-income countries
United States,USA,1997,0.89435035,49984.27,273468014,High-income countries
United States,USA,1998,0.8748576,51619.87,276119323,High-income countries
United States,USA,1999,0.85873747,53474.047,278785482,High-income countries
United States,USA,2000,0.84494096,55038.62,281484126,High-income countries
United States,USA,2001,0.83323985,55017.305,284279634,High-income countries
United States,USA,2002,0.8230984,55436.117,287084335,High-income countries
United States,USA,2003,0.8141648,56498.207,289908091,High-income countries
United States,USA,2004,0.80550724,58131.633,292786248,High-income countries
United States,USA,2005,0.7962722,59604.754,295716666,High-income countries
United States,USA,2006,0.7858295,60676.566,298730208,High-income countries
United States,USA,2007,0.7736932,61306.598,301844223,High-income countries
United States,USA,2008,0.7598363,60798.434,304970325,High-income countries
United States,USA,2009,0.74523836,58714.973,308023452,High-income countries
United States,USA,2010,0.7306535,59789.414,311062785,High-income countries
United States,USA,2011,0.7166307,60245.484,314105075,High-income countries
United States,USA,2012,0.70410776,61134.53,317115349,High-income countries
United States,USA,2013,0.69334006,61958.723,320110752,High-income countries
United States,USA,2014,0.6837963,63018.805,323115377,High-income countries
United States,USA,2015,0.6751467,64359.473,326126496,High-income countries
United States,USA,2016,0.6672774,65017.656,329179423,High-income countries
United States,USA,2017,0.66009134,66155.555,332204657,High-income countries
United States,USA,2018,0.6539485,67719.766,335056492,High-income countries
United States,USA,2019,0.64926046,69112.6,337790069,High-income countries
United States,USA,2020,0.6468785,67342.07,339436156,High-income countries
United States,USA,2021,0.64629704,71307.4,340161438,High-income countries
United States,USA,2022,0.64700973,72679.26,341534041,High-income countries
United States,USA,2023,0.64789516,74158.72,343477330,High-income countries
United States,USA,2024,,75489.266,343477330,High-income countries
United States Virgin Islands,VIR,2002,,54299.23,108433,High-income countries
United States Virgin Islands,VIR,2003,,54086.156,108186,High-income countries
United States Virgin Islands,VIR,2004,,55883.453,107851,High-income countries
United States Virgin Islands,VIR,2005,,57838.098,107622,High-income countries
United States Virgin Islands,VIR,2006,,59911.723,107463,High-income countries
United States Virgin Islands,VIR,2007,,62332.945,107238,High-income countries
United States Virgin Islands,VIR,2008,,63057.625,106971,High-income countries
United States Virgin Islands,VIR,2009,,58895.305,106767,High-income countries
United States Virgin Islands,VIR,2010,,59272.246,106325,High-income countries
United States Virgin Islands,VIR,2011,,54443.07,105398,High-income countries
United States Virgin Islands,VIR,2012,,46422.414,104307,High-income countries
United States Virgin Islands,VIR,2013,,43563.887,103168,High-income countries
United States Virgin Islands,VIR,2014,,42853.9,102012,High-income countries
United States Virgin Islands,VIR,2015,,42739.082,100251,High-income countries
United States Virgin Islands,VIR,2016,,43502.434,97795,High-income countries
United States Virgin Islands,VIR,2017,,43277.156,95124,High-income countries
United States Virgin Islands,VIR,2018,,44205.406,92317,High-income countries
United States Virgin Islands,VIR,2019,,45632.637,89390,High-income countries
United States Virgin Islands,VIR,2020,,45055.78,87724,High-income countries
United States Virgin Islands,VIR,2021,,46893.55,87238,High-income countries
United States Virgin Islands,VIR,2022,,46479.3,86521,High-income countries
Upper-middle-income countries,OWID_UMC,1980,7.9235063,,1778698349,
Upper-middle-income countries,OWID_UMC,1981,7.540683,,1811655794,
Upper-middle-income countries,OWID_UMC,1982,7.1862473,,1846182616,
Upper-middle-income countries,OWID_UMC,1983,6.920594,,1880139880,
Upper-middle-income countries,OWID_UMC,1984,6.6603975,,1913689032,
Upper-middle-income countries,OWID_UMC,1985,6.4314427,,1948314069,
Upper-middle-income countries,OWID_UMC,1986,6.195825,,1984336831,
Upper-middle-income countries,OWID_UMC,1987,6.017688,,2021851155,
Upper-middle-income countries,OWID_UMC,1988,5.911368,,2059210641,
Upper-middle-income countries,OWID_UMC,1989,5.7859044,,2096075553,
Upper-middle-income countries,OWID_UMC,1990,5.6424212,5959.997,2133212546,
Upper-middle-income countries,OWID_UMC,1991,5.497037,5984.3267,2167382314,
Upper-middle-income countries,OWID_UMC,1992,5.3219995,6093.581,2197406055,
Upper-middle-income countries,OWID_UMC,1993,5.1453705,6281.1333,2225369861,
Upper-middle-income countries,OWID_UMC,1994,4.9543276,6434.979,2251652283,
Upper-middle-income countries,OWID_UMC,1995,4.7634144,6596.9785,2277401663,
Upper-middle-income countries,OWID_UMC,1996,4.5694175,6887.3223,2302891501,
Upper-middle-income countries,OWID_UMC,1997,4.3723793,7184.325,2327613637,
Upper-middle-income countries,OWID_UMC,1998,4.173991,7250.5654,2351662004,
Upper-middle-income countries,OWID_UMC,1999,3.9736304,7382.556,2375149846,
Upper-middle-income countries,OWID_UMC,2000,3.772718,7738.539,2398658002,
Upper-middle-income countries,OWID_UMC,2001,3.5748088,7918.8364,2421698836,
Upper-middle-income countries,OWID_UMC,2002,3.379638,8217.251,2443169936,
Upper-middle-income countries,OWID_UMC,2003,3.1917322,8605.562,2464250116,
Upper-middle-income countries,OWID_UMC,2004,3.0898097,9197.692,2485797097,
Upper-middle-income countries,OWID_UMC,2005,2.8484588,9763.25,2507751547,
Upper-middle-income countries,OWID_UMC,2006,2.6856525,10470.8545,2529346002,
Upper-middle-income countries,OWID_UMC,2007,2.5238605,11315.484,2550034553,
Upper-middle-income countries,OWID_UMC,2008,2.3662074,11880.056,2571616096,
Upper-middle-income countries,OWID_UMC,2009,2.2230928,12087.708,2594532094,
Upper-middle-income countries,OWID_UMC,2010,2.0959406,12967.51,2617657240,
Upper-middle-income countries,OWID_UMC,2011,1.9907339,13710.941,2640400163,
Upper-middle-income countries,OWID_UMC,2012,1.877523,14318.651,2664517398,
Upper-middle-income countries,OWID_UMC,2013,1.7951359,14943.774,2689585465,
Upper-middle-income countries,OWID_UMC,2014,1.706568,15484.943,2713983279,
Upper-middle-income countries,OWID_UMC,2015,1.6430413,15974.421,2737646890,
Upper-middle-income countries,OWID_UMC,2016,1.5681728,16542.852,2759890904,
Upper-middle-income countries,OWID_UMC,2017,1.4930422,17244.504,2781778743,
Upper-middle-income countries,OWID_UMC,2018,1.4742653,17907.459,2801804568,
Upper-middle-income countries,OWID_UMC,2019,1.438253,18493.598,2818594893,
Upper-middle-income countries,OWID_UMC,2020,1.4394684,18242.543,2832101028,
Upper-middle-income countries,OWID_UMC,2021,1.4278857,19507.21,2841892610,
Upper-middle-income countries,OWID_UMC,2022,1.4126819,20094.838,2847730001,
Upper-middle-income countries,OWID_UMC,2023,1.409776,20950.184,2852870890,
Upper-middle-income countries,OWID_UMC,2024,,21737.637,2852870890,
Uruguay,URY,1949,6.360396,,2206710,High-income countries
Uruguay,URY,1950,6.252692,,2234414,High-income countries
Uruguay,URY,1951,6.1578517,,2256416,High-income countries
Uruguay,URY,1952,6.087537,,2281110,High-income countries
Uruguay,URY,1953,6.049098,,2308051,High-income countries
Uruguay,URY,1954,6.057838,,2336875,High-income countries
Uruguay,URY,1955,6.112822,,2367035,High-income countries
Uruguay,URY,1956,6.2048755,,2398370,High-income countries
Uruguay,URY,1957,6.3161607,,2430772,High-income countries
Uruguay,URY,1958,6.397289,,2463868,High-income countries
Uruguay,URY,1959,6.4038734,,2497153,High-income countries
Uruguay,URY,1960,6.3333626,,2529964,High-income countries
Uruguay,URY,1961,6.2113094,,2562047,High-income countries
Uruguay,URY,1962,6.0636725,,2593294,High-income countries
Uruguay,URY,1963,5.927318,,2623767,High-income countries
Uruguay,URY,1964,5.8301673,,2653182,High-income countries
Uruguay,URY,1965,5.771758,,2681172,High-income countries
Uruguay,URY,1966,5.7351794,,2707655,High-income countries
Uruguay,URY,1967,5.6999583,,2732283,High-income countries
Uruguay,URY,1968,5.6370196,,2754605,High-income countries
Uruguay,URY,1969,5.5260687,,2773985,High-income countries
Uruguay,URY,1970,5.4043193,,2790811,High-income countries
Uruguay,URY,1971,5.331743,,2806462,High-income countries
Uruguay,URY,1972,5.335659,,2821648,High-income countries
Uruguay,URY,1973,5.390124,,2837143,High-income countries
Uruguay,URY,1974,5.462445,,2853947,High-income countries
Uruguay,URY,1975,5.492481,,2872328,High-income countries
Uruguay,URY,1976,5.409606,,2891395,High-income countries
Uruguay,URY,1977,5.1807723,,2909469,High-income countries
Uruguay,URY,1978,4.832965,,2925714,High-income countries
Uruguay,URY,1979,4.407439,,2939906,High-income countries
Uruguay,URY,1980,3.9755642,,2951956,High-income countries
Uruguay,URY,1981,3.6013482,,2963250,High-income countries
Uruguay,URY,1982,3.31224,,2975490,High-income countries
Uruguay,URY,1983,3.0992558,,2988779,High-income countries
Uruguay,URY,1984,2.9524179,,3002495,High-income countries
Uruguay,URY,1985,2.8431911,,3017044,High-income countries
Uruguay,URY,1986,2.7352176,,3032846,High-income countries
Uruguay,URY,1987,2.6156423,,3049896,High-income countries
Uruguay,URY,1988,2.5054433,,3067957,High-income countries
Uruguay,URY,1989,2.4231765,,3086254,High-income countries
Uruguay,URY,1990,2.3657732,14060.846,3104404,High-income countries
Uruguay,URY,1991,2.3244164,14474.732,3122357,High-income countries
Uruguay,URY,1992,2.2889569,15536.487,3139704,High-income countries
Uruguay,URY,1993,2.2483094,15865.277,3156351,High-income countries
Uruguay,URY,1994,2.1929815,16932.03,3172839,High-income countries
Uruguay,URY,1995,2.120631,16600.04,3189438,High-income countries
Uruguay,URY,1996,2.031714,17433.693,3206329,High-income countries
Uruguay,URY,1997,1.9342271,18823.941,3223349,High-income countries
Uruguay,URY,1998,1.8398577,19577.79,3239286,High-income countries
Uruguay,URY,1999,1.7613809,19192.717,3254020,High-income countries
Uruguay,URY,2000,1.7002095,18752.059,3266212,High-income countries
Uruguay,URY,2001,1.6550155,17986.9,3274257,High-income countries
Uruguay,URY,2002,1.6189331,16572.79,3278868,High-income countries
Uruguay,URY,2003,1.5770856,16694.44,3281188,High-income countries
Uruguay,URY,2004,1.5164267,17519.379,3283157,High-income countries
Uruguay,URY,2005,1.4395831,18811.32,3285776,High-income countries
Uruguay,URY,2006,1.3549368,19560.082,3289508,High-income countries
Uruguay,URY,2007,1.2706294,20803.893,3295155,High-income countries
Uruguay,URY,2008,1.1940223,22249.383,3302184,High-income countries
Uruguay,URY,2009,1.1303056,23138.082,3310093,High-income countries
Uruguay,URY,2010,1.0793126,24879.836,3318581,High-income countries
Uruguay,URY,2011,1.0380466,26099.322,3326829,High-income countries
Uruguay,URY,2012,1.0041418,26953.281,3335406,High-income countries
Uruguay,URY,2013,0.97082746,28119.482,3345335,High-income countries
Uruguay,URY,2014,0.9333669,28935.098,3356343,High-income countries
Uruguay,URY,2015,0.8921416,28941.629,3368022,High-income countries
Uruguay,URY,2016,0.8490978,29332.566,3379279,High-income countries
Uruguay,URY,2017,0.8068892,29762.434,3388444,High-income countries
Uruguay,URY,2018,0.7693184,29757.94,3394538,High-income countries
Uruguay,URY,2019,0.7387888,30010.574,3397206,High-income countries
Uruguay,URY,2020,0.7146019,27788.186,3398966,High-income countries
Uruguay,URY,2021,0.6956839,29431.885,3396693,High-income countries
Uruguay,URY,2022,0.6804869,30804.703,3390913,High-income countries
Uruguay,URY,2023,0.66624707,31059.254,3388083,High-income countries
Uruguay,URY,2024,,32038.773,3388083,High-income countries
Uzbekistan,UZB,1979,12.524477,,15215588,Lower-middle-income countries
Uzbekistan,UZB,1980,11.680502,,15619935,Lower-middle-income countries
Uzbekistan,UZB,1981,10.884312,,16035031,Lower-middle-income countries
Uzbekistan,UZB,1982,10.160412,,16462742,Lower-middle-income countries
Uzbekistan,UZB,1983,9.498712,,16908402,Lower-middle-income countries
Uzbekistan,UZB,1984,8.913949,,17378855,Lower-middle-income countries
Uzbekistan,UZB,1985,8.397159,,17875337,Lower-middle-income countries
Uzbekistan,UZB,1986,7.9582376,,18395621,Lower-middle-income countries
Uzbekistan,UZB,1987,7.5885515,,18930068,Lower-middle-income countries
Uzbekistan,UZB,1988,7.3121686,,19460634,Lower-middle-income countries
Uzbekistan,UZB,1989,7.1285896,,19977192,Lower-middle-income countries
Uzbekistan,UZB,1990,7.0370803,4214.584,20464963,Lower-middle-income countries
Uzbekistan,UZB,1991,7.0129,4094.2273,20962908,Lower-middle-income countries
Uzbekistan,UZB,1992,7.0105977,3547.3115,21485095,Lower-middle-income countries
Uzbekistan,UZB,1993,6.9901357,3386.4622,21987960,Lower-middle-income countries
Uzbekistan,UZB,1994,6.9544415,3142.4329,22463295,Lower-middle-income countries
Uzbekistan,UZB,1995,6.90527,3052.4187,22917588,Lower-middle-income countries
Uzbekistan,UZB,1996,6.8341722,3046.5637,23351981,Lower-middle-income countries
Uzbekistan,UZB,1997,6.721407,3150.0852,23758961,Lower-middle-income countries
Uzbekistan,UZB,1998,6.573169,3234.3574,24134930,Lower-middle-income countries
Uzbekistan,UZB,1999,6.384237,3326.4253,24476013,Lower-middle-income countries
Uzbekistan,UZB,2000,6.1499395,3410.6504,24787052,Lower-middle-income countries
Uzbekistan,UZB,2001,5.878264,3509.7285,25090289,Lower-middle-income countries
Uzbekistan,UZB,2002,5.5736346,3604.6934,25399987,Lower-middle-income countries
Uzbekistan,UZB,2003,5.2506366,3711.7786,25711261,Lower-middle-income countries
Uzbekistan,UZB,2004,4.91602,3939.5305,26029350,Lower-middle-income countries
Uzbekistan,UZB,2005,4.5746694,4160.955,26356977,Lower-middle-income countries
Uzbekistan,UZB,2006,4.2372327,4413.7227,26699046,Lower-middle-income countries
Uzbekistan,UZB,2007,3.9033484,4764.564,27076013,Lower-middle-income countries
Uzbekistan,UZB,2008,3.5861137,5115.644,27494780,Lower-middle-income countries
Uzbekistan,UZB,2009,3.286661,5439.551,27939333,Lower-middle-income countries
Uzbekistan,UZB,2010,3.009167,5760.805,28385509,Lower-middle-income countries
Uzbekistan,UZB,2011,2.7540402,6100.251,28823194,Lower-middle-income countries
Uzbekistan,UZB,2012,2.524239,6435.5645,29261908,Lower-middle-income countries
Uzbekistan,UZB,2013,2.3184416,6797.775,29724065,Lower-middle-income countries
Uzbekistan,UZB,2014,2.137586,7145.11,30222994,Lower-middle-income countries
Uzbekistan,UZB,2015,1.9816102,7529.7637,30749349,Lower-middle-income countries
Uzbekistan,UZB,2016,1.8465496,7839.978,31284565,Lower-middle-income countries
Uzbekistan,UZB,2017,1.7340237,8047.0537,31819172,Lower-middle-income countries
Uzbekistan,UZB,2018,1.6418,8348.961,32373489,Lower-middle-income countries
Uzbekistan,UZB,2019,1.5648968,8755.126,32964700,Lower-middle-income countries
Uzbekistan,UZB,2020,1.4983896,8727.411,33586373,Lower-middle-income countries
Uzbekistan,UZB,2021,1.4391929,9247.644,34243696,Lower-middle-income countries
Uzbekistan,UZB,2022,1.3836546,9607.562,34938953,Lower-middle-income countries
Uzbekistan,UZB,2023,1.3320605,10007.686,35652311,Lower-middle-income countries
Uzbekistan,UZB,2024,,10450.205,35652311,Lower-middle-income countries
Vanuatu,VUT,1952,18.397484,,53285,Lower-middle-income countries
Vanuatu,VUT,1953,17.943459,,54316,Lower-middle-income countries
Vanuatu,VUT,1954,17.523651,,55435,Lower-middle-income countries
Vanuatu,VUT,1955,17.09039,,56650,Lower-middle-income countries
Vanuatu,VUT,1956,16.698889,,57941,Lower-middle-income countries
Vanuatu,VUT,1957,16.312584,,59391,Lower-middle-income countries
Vanuatu,VUT,1958,15.928349,,60999,Lower-middle-income countries
Vanuatu,VUT,1959,15.551891,,62683,Lower-middle-income countries
Vanuatu,VUT,1960,15.1489105,,64446,Lower-middle-income countries
Vanuatu,VUT,1961,14.723375,,66279,Lower-middle-income countries
Vanuatu,VUT,1962,14.274572,,68188,Lower-middle-income countries
Vanuatu,VUT,1963,13.811967,,70171,Lower-middle-income countries
Vanuatu,VUT,1964,13.345882,,72232,Lower-middle-income countries
Vanuatu,VUT,1965,12.879645,,74375,Lower-middle-income countries
Vanuatu,VUT,1966,12.414823,,76605,Lower-middle-income countries
Vanuatu,VUT,1967,11.9516945,,78935,Lower-middle-income countries
Vanuatu,VUT,1968,11.48962,,81334,Lower-middle-income countries
Vanuatu,VUT,1969,11.0269575,,83770,Lower-middle-income countries
Vanuatu,VUT,1970,10.586032,,86283,Lower-middle-income countries
Vanuatu,VUT,1971,10.149641,,88881,Lower-middle-income countries
Vanuatu,VUT,1972,9.730593,,91578,Lower-middle-income countries
Vanuatu,VUT,1973,9.3367,,94379,Lower-middle-income countries
Vanuatu,VUT,1974,8.954212,,97273,Lower-middle-income countries
Vanuatu,VUT,1975,8.575328,,100288,Lower-middle-income countries
Vanuatu,VUT,1976,8.208957,,103402,Lower-middle-income countries
Vanuatu,VUT,1977,7.8384275,,106634,Lower-middle-income countries
Vanuatu,VUT,1978,7.4547634,,109980,Lower-middle-income countries
Vanuatu,VUT,1979,7.0651956,,113061,Lower-middle-income countries
Vanuatu,VUT,1980,6.6692295,,115683,Lower-middle-income countries
Vanuatu,VUT,1981,6.270875,,118268,Lower-middle-income countries
Vanuatu,VUT,1982,5.8719373,,121051,Lower-middle-income countries
Vanuatu,VUT,1983,5.481582,,124013,Lower-middle-income countries
Vanuatu,VUT,1984,5.1211553,,127125,Lower-middle-income countries
Vanuatu,VUT,1985,4.7782393,,130375,Lower-middle-income countries
Vanuatu,VUT,1986,4.4697375,,133737,Lower-middle-income countries
Vanuatu,VUT,1987,4.1972423,,137206,Lower-middle-income countries
Vanuatu,VUT,1988,3.9600356,,140769,Lower-middle-income countries
Vanuatu,VUT,1989,3.7586613,,144410,Lower-middle-income countries
Vanuatu,VUT,1990,3.5801458,3101.6807,148073,Lower-middle-income countries
Vanuatu,VUT,1991,3.427894,3120.6938,151807,Lower-middle-income countries
Vanuatu,VUT,1992,3.2922993,3122.8894,155619,Lower-middle-income countries
Vanuatu,VUT,1993,3.176819,3069.806,159475,Lower-middle-income countries
Vanuatu,VUT,1994,3.080303,3269.6284,163328,Lower-middle-income countries
Vanuatu,VUT,1995,2.9952948,3226.915,167155,Lower-middle-income countries
Vanuatu,VUT,1996,2.923353,3229.1023,170926,Lower-middle-income countries
Vanuatu,VUT,1997,2.8582144,3315.4814,174638,Lower-middle-income countries
Vanuatu,VUT,1998,2.7941926,3285.1384,178322,Lower-middle-income countries
Vanuatu,VUT,1999,2.7364595,3228.5918,182056,Lower-middle-income countries
Vanuatu,VUT,2000,2.6799176,3342.1672,186290,Lower-middle-income countries
Vanuatu,VUT,2001,2.6302967,3148.3347,191047,Lower-middle-income countries
Vanuatu,VUT,2002,2.5843751,2911.0413,195871,Lower-middle-income countries
Vanuatu,VUT,2003,2.5395758,2962.031,200760,Lower-middle-income countries
Vanuatu,VUT,2004,2.4967349,3005.7974,205720,Lower-middle-income countries
Vanuatu,VUT,2005,2.4513762,3089.437,210772,Lower-middle-income countries
Vanuatu,VUT,2006,2.4011269,3270.7024,215939,Lower-middle-income countries
Vanuatu,VUT,2007,2.339526,3283.3655,221291,Lower-middle-income countries
Vanuatu,VUT,2008,2.270575,3381.3857,226908,Lower-middle-income countries
Vanuatu,VUT,2009,2.195825,3396.736,232740,Lower-middle-income countries
Vanuatu,VUT,2010,2.1196127,3359.8496,238256,Lower-middle-income countries
Vanuatu,VUT,2011,2.047756,3390.961,243483,Lower-middle-income countries
Vanuatu,VUT,2012,1.986785,3350.771,248894,Lower-middle-income countries
Vanuatu,VUT,2013,1.9380322,3292.2341,254495,Lower-middle-income countries
Vanuatu,VUT,2014,1.8971077,3302.2917,260247,Lower-middle-income countries
Vanuatu,VUT,2015,1.8661096,3357.639,266115,Lower-middle-income countries
Vanuatu,VUT,2016,1.8422891,3397.7673,272097,Lower-middle-income countries
Vanuatu,VUT,2017,1.8211602,3465.9197,278518,Lower-middle-income countries
Vanuatu,VUT,2018,1.802745,3482.0227,285273,Lower-middle-income countries
Vanuatu,VUT,2019,1.7840501,3512.072,291995,Lower-middle-income countries
Vanuatu,VUT,2020,1.7659161,3259.9954,298867,Lower-middle-income countries
Vanuatu,VUT,2021,1.7418432,3135.8367,305882,Lower-middle-income countries
Vanuatu,VUT,2022,1.7148975,3222.836,313061,Lower-middle-income countries
Vanuatu,VUT,2023,1.6795478,3214.7024,320422,Lower-middle-income countries
Vanuatu,VUT,2024,,3172.0476,320422,Lower-middle-income countries
Venezuela,VEN,1951,11.687393,,5732604,
Venezuela,VEN,1952,11.16325,,5981378,
Venezuela,VEN,1953,10.664491,,6234772,
Venezuela,VEN,1954,10.209038,,6492813,
Venezuela,VEN,1955,9.766747,,6755819,
Venezuela,VEN,1956,9.351247,,7024324,
Venezuela,VEN,1957,8.957566,,7299445,
Venezuela,VEN,1958,8.595725,,7581981,
Venezuela,VEN,1959,8.268796,,7869228,
Venezuela,VEN,1960,7.9730606,,8160087,
Venezuela,VEN,1961,7.7151985,,8455921,
Venezuela,VEN,1962,7.493624,,8756880,
Venezuela,VEN,1963,7.301196,,9064019,
Venezuela,VEN,1964,7.140844,,9377715,
Venezuela,VEN,1965,7.0023046,,9697793,
Venezuela,VEN,1966,6.874033,,10024858,
Venezuela,VEN,1967,6.749358,,10358514,
Venezuela,VEN,1968,6.611538,,10697538,
Venezuela,VEN,1969,6.4694057,,11040279,
Venezuela,VEN,1970,6.3017464,,11387795,
Venezuela,VEN,1971,6.123348,,11741013,
Venezuela,VEN,1972,5.938848,,12099184,
Venezuela,VEN,1973,5.7506514,,12463539,
Venezuela,VEN,1974,5.565961,,12835356,
Venezuela,VEN,1975,5.3819695,,13215889,
Venezuela,VEN,1976,5.1995482,,13606286,
Venezuela,VEN,1977,5.010166,,14006819,
Venezuela,VEN,1978,4.81547,,14416680,
Venezuela,VEN,1979,4.6165214,,14834551,
Venezuela,VEN,1980,4.422386,,15258225,
Venezuela,VEN,1981,4.2374334,,15687305,
Venezuela,VEN,1982,4.068485,,16121876,
Venezuela,VEN,1983,3.912056,,16562202,
Venezuela,VEN,1984,3.7713845,,17008838,
Venezuela,VEN,1985,3.6360424,,17461433,
Venezuela,VEN,1986,3.501843,,17923542,
Venezuela,VEN,1987,3.3674898,,18394970,
Venezuela,VEN,1988,3.2292233,,18871021,
Venezuela,VEN,1989,3.088308,,19348925,
Venezuela,VEN,1990,2.961853,,19827005,
Venezuela,VEN,1991,2.859425,,20304898,
Venezuela,VEN,1992,2.7819393,,20780946,
Venezuela,VEN,1993,2.7255166,,21254525,
Venezuela,VEN,1994,2.680835,,21725186,
Venezuela,VEN,1995,2.6267076,,22193822,
Venezuela,VEN,1996,2.5472674,,22662117,
Venezuela,VEN,1997,2.4466853,,23131691,
Venezuela,VEN,1998,2.3395953,,23601341,
Venezuela,VEN,1999,2.2381802,,24066595,
Venezuela,VEN,2000,2.151446,,24526707,
Venezuela,VEN,2001,2.0860996,,24979934,
Venezuela,VEN,2002,2.0338354,,25435674,
Venezuela,VEN,2003,1.9784364,,25892710,
Venezuela,VEN,2004,1.9148515,,26340843,
Venezuela,VEN,2005,1.8499863,,26785797,
Venezuela,VEN,2006,1.7907923,,27224691,
Venezuela,VEN,2007,1.7445822,,27649369,
Venezuela,VEN,2008,1.7171823,,28053694,
Venezuela,VEN,2009,1.7104038,,28438296,
Venezuela,VEN,2010,1.7185249,,28813101,
Venezuela,VEN,2011,1.7348897,,29185220,
Venezuela,VEN,2012,1.7588385,,29553829,
Venezuela,VEN,2013,1.79088,,29912195,
Venezuela,VEN,2014,1.8282752,,30254080,
Venezuela,VEN,2015,1.9205246,,30573968,
Venezuela,VEN,2016,2.426268,,30765719,
Venezuela,VEN,2017,2.4258077,,30565331,
Venezuela,VEN,2018,2.4257355,,29807591,
Venezuela,VEN,2019,2.4257355,,28938096,
Venezuela,VEN,2020,2.4257355,,28444080,
Venezuela,VEN,2021,2.4257355,,28237830,
Venezuela,VEN,2022,2.4257355,,28213015,
Venezuela,VEN,2023,2.4257355,,28300861,
Vietnam,VNM,1964,8.731224,,36201568,Lower-middle-income countries
Vietnam,VNM,1965,9.931208,,37129660,Lower-middle-income countries
Vietnam,VNM,1966,9.966375,,38024835,Lower-middle-income countries
Vietnam,VNM,1967,10.03533,,38895083,Lower-middle-income countries
Vietnam,VNM,1968,11.565162,,39734609,Lower-middle-income countries
Vietnam,VNM,1969,10.747746,,40582097,Lower-middle-income countries
Vietnam,VNM,1970,10.681825,,41475227,Lower-middle-income countries
Vietnam,VNM,1971,10.448772,,42449281,Lower-middle-income countries
Vietnam,VNM,1972,11.8528,,43429169,Lower-middle-income countries
Vietnam,VNM,1973,10.368837,,44409864,Lower-middle-income countries
Vietnam,VNM,1974,10.681507,,45413538,Lower-middle-income countries
Vietnam,VNM,1975,7.7485027,,46482905,Lower-middle-income countries
Vietnam,VNM,1976,7.5969253,,47684927,Lower-middle-income countries
Vietnam,VNM,1977,7.437585,,48954875,Lower-middle-income countries
Vietnam,VNM,1978,7.2699285,,50249551,Lower-middle-income countries
Vietnam,VNM,1979,7.101289,,51378214,Lower-middle-income countries
Vietnam,VNM,1980,6.9426374,,52490098,Lower-middle-income countries
Vietnam,VNM,1981,6.78737,,53738141,Lower-middle-income countries
Vietnam,VNM,1982,6.640717,,55011292,Lower-middle-income countries
Vietnam,VNM,1983,6.504076,,56337918,Lower-middle-income countries
Vietnam,VNM,1984,6.35835,,57706071,Lower-middle-income countries
Vietnam,VNM,1985,6.2070284,,59060622,Lower-middle-income countries
Vietnam,VNM,1986,6.040021,,60347044,Lower-middle-income countries
Vietnam,VNM,1987,5.850437,,61584645,Lower-middle-income countries
Vietnam,VNM,1988,5.638012,,62843234,Lower-middle-income countries
Vietnam,VNM,1989,5.400082,,64147354,Lower-middle-income countries
Vietnam,VNM,1990,5.151611,2467.9646,65504551,Lower-middle-income countries
Vietnam,VNM,1991,4.902011,2560.8438,66891778,Lower-middle-income countries
Vietnam,VNM,1992,4.643797,2726.4736,68260336,Lower-middle-income countries
Vietnam,VNM,1993,4.387094,2890.4243,69586394,Lower-middle-income countries
Vietnam,VNM,1994,4.1390452,3089.6094,70854393,Lower-middle-income countries
Vietnam,VNM,1995,3.9040406,3328.2148,72049945,Lower-middle-income countries
Vietnam,VNM,1996,3.6836157,3584.029,73156456,Lower-middle-income countries
Vietnam,VNM,1997,3.4803247,3820.3025,74226890,Lower-middle-income countries
Vietnam,VNM,1998,3.292632,3982.958,75299665,Lower-middle-income countries
Vietnam,VNM,1999,3.1287339,4119.0537,76287454,Lower-middle-income countries
Vietnam,VNM,2000,2.9826121,4349.2236,77154016,Lower-middle-income countries
Vietnam,VNM,2001,2.8567977,4570.2686,77969357,Lower-middle-income countries
Vietnam,VNM,2002,2.7435575,4809.6216,78772227,Lower-middle-income countries
Vietnam,VNM,2003,2.650772,5090.29,79563778,Lower-middle-income countries
Vietnam,VNM,2004,2.570773,5421.097,80338977,Lower-middle-income countries
Vietnam,VNM,2005,2.502026,5776.3633,81088309,Lower-middle-income countries
Vietnam,VNM,2006,2.4455557,6098.245,82167901,Lower-middle-income countries
Vietnam,VNM,2007,2.3982947,6418.544,83633374,Lower-middle-income countries
Vietnam,VNM,2008,2.3618698,6659.1357,85175789,Lower-middle-income countries
Vietnam,VNM,2009,2.3318849,6914.339,86460023,Lower-middle-income countries
Vietnam,VNM,2010,2.305466,7274.733,87455148,Lower-middle-income countries
Vietnam,VNM,2011,2.2835798,7652.619,88468315,Lower-middle-income countries
Vietnam,VNM,2012,2.2612984,7979.868,89510355,Lower-middle-income countries
Vietnam,VNM,2013,2.2396002,8324.198,90573103,Lower-middle-income countries
Vietnam,VNM,2014,2.2178226,8751.883,91679582,Lower-middle-income countries
Vietnam,VNM,2015,2.1966932,9248.024,92823254,Lower-middle-income countries
Vietnam,VNM,2016,2.1750658,9743.188,94000115,Lower-middle-income countries
Vietnam,VNM,2017,2.154843,10290.549,95176978,Lower-middle-income countries
Vietnam,VNM,2018,2.1367736,10936.894,96237319,Lower-middle-income countries
Vietnam,VNM,2019,2.1185317,11628.614,97173778,Lower-middle-income countries
Vietnam,VNM,2020,2.0972908,11851.396,98079196,Lower-middle-income countries
Vietnam,VNM,2021,2.07403,12048.902,98935101,Lower-middle-income countries
Vietnam,VNM,2022,2.0433674,12979.764,99680656,Lower-middle-income countries
Vietnam,VNM,2023,2.004781,13545.935,100352189,Lower-middle-income countries
Vietnam,VNM,2024,,14415.216,100352189,Lower-middle-income countries
World,OWID_WRL,1980,11.847077,,4447606240,
World,OWID_WRL,1981,11.503034,,4528777306,
World,OWID_WRL,1982,11.17958,,4612673415,
World,OWID_WRL,1983,11.090945,,4697327573,
World,OWID_WRL,1984,10.888554,,4782175518,
World,OWID_WRL,1985,10.621398,,4868943457,
World,OWID_WRL,1986,10.30768,,4958072839,
World,OWID_WRL,1987,9.938835,,5049746390,
World,OWID_WRL,1988,9.867132,,5141992540,
World,OWID_WRL,1989,9.547379,,5234431736,
World,OWID_WRL,1990,9.358166,11257.437,5327803106,
World,OWID_WRL,1991,9.331069,11166.51,5418735886,
World,OWID_WRL,1992,9.269323,11132.38,5505989815,
World,OWID_WRL,1993,9.077965,11125.656,5591544802,
World,OWID_WRL,1994,8.961728,11251.216,5675551258,
World,OWID_WRL,1995,8.775202,11429.359,5758878977,
World,OWID_WRL,1996,8.595437,11679.153,5842055730,
World,OWID_WRL,1997,8.396927,11964.178,5924787819,
World,OWID_WRL,1998,8.228679,12088.102,6007066691,
World,OWID_WRL,1999,7.934873,12351.548,6089006328,
World,OWID_WRL,2000,7.6671543,12769.831,6171702992,
World,OWID_WRL,2001,7.4097695,12904.862,6254936464,
World,OWID_WRL,2002,7.1481876,13093.065,6337730343,
World,OWID_WRL,2003,6.8606157,13402.992,6420361633,
World,OWID_WRL,2004,6.6216006,13914.812,6503377774,
World,OWID_WRL,2005,6.3328376,14370.885,6586970132,
World,OWID_WRL,2006,6.062117,14927.549,6671452019,
World,OWID_WRL,2007,5.8046885,15510.866,6757308776,
World,OWID_WRL,2008,5.580121,15747.7295,6844457659,
World,OWID_WRL,2009,5.402408,15452.501,6932766416,
World,OWID_WRL,2010,5.1709795,16047.989,7021732143,
World,OWID_WRL,2011,5.0623603,16479.488,7110923773,
World,OWID_WRL,2012,4.781616,16784.95,7201202478,
World,OWID_WRL,2013,4.6118765,17122.045,7291793585,
World,OWID_WRL,2014,4.4882245,17500.176,7381616239,
World,OWID_WRL,2015,4.372211,17868.092,7470491876,
World,OWID_WRL,2016,4.2401495,18232.727,7558554527,
World,OWID_WRL,2017,4.1316547,18714.94,7645617952,
World,OWID_WRL,2018,4.0175233,19189.02,7729902779,
World,OWID_WRL,2019,3.9472203,19552.084,7811293699,
World,OWID_WRL,2020,3.8737996,18811.494,7887001289,
World,OWID_WRL,2021,3.8239872,19866.768,7954448387,
World,OWID_WRL,2022,3.824904,20409.441,8021407196,
World,OWID_WRL,2023,3.6718857,20918.305,8091734933,
World,OWID_WRL,2024,,21405.117,8091734933,
Yemen,YEM,1957,45.067047,,5201614,Low-income countries
Yemen,YEM,1958,44.28789,,5305739,Low-income countries
Yemen,YEM,1959,43.578514,,5415917,Low-income countries
Yemen,YEM,1960,42.87931,,5532299,Low-income countries
Yemen,YEM,1961,42.2106,,5655237,Low-income countries
Yemen,YEM,1962,41.534916,,5782227,Low-income countries
Yemen,YEM,1963,40.782467,,5911141,Low-income countries
Yemen,YEM,1964,39.96583,,6048014,Low-income countries
Yemen,YEM,1965,39.02528,,6195597,Low-income countries
Yemen,YEM,1966,37.99008,,6351492,Low-income countries
Yemen,YEM,1967,36.81004,,6516449,Low-income countries
Yemen,YEM,1968,35.57876,,6690524,Low-income countries
Yemen,YEM,1969,34.308056,,6875859,Low-income countries
Yemen,YEM,1970,33.016487,,7065279,Low-income countries
Yemen,YEM,1971,31.778708,,7257468,Low-income countries
Yemen,YEM,1972,30.598137,,7460068,Low-income countries
Yemen,YEM,1973,29.464485,,7672798,Low-income countries
Yemen,YEM,1974,28.35033,,7896789,Low-income countries
Yemen,YEM,1975,27.190123,,8133602,Low-income countries
Yemen,YEM,1976,25.984003,,8384119,Low-income countries
Yemen,YEM,1977,24.719028,,8648223,Low-income countries
Yemen,YEM,1978,23.419773,,8926592,Low-income countries
Yemen,YEM,1979,22.116655,,9224198,Low-income countries
Yemen,YEM,1980,20.821304,,9543358,Low-income countries
Yemen,YEM,1981,19.565601,,9882368,Low-income countries
Yemen,YEM,1982,18.355865,,10241006,Low-income countries
Yemen,YEM,1983,17.221233,,10621498,Low-income countries
Yemen,YEM,1984,16.201225,,11025596,Low-income countries
Yemen,YEM,1985,15.3307495,,11453825,Low-income countries
Yemen,YEM,1986,14.592263,,11901045,Low-income countries
Yemen,YEM,1987,13.954669,,12369914,Low-income countries
Yemen,YEM,1988,13.400506,,12859720,Low-income countries
Yemen,YEM,1989,12.922235,,13364180,Low-income countries
Yemen,YEM,1990,12.503316,,13887863,Low-income countries
Yemen,YEM,1991,12.141563,,14430205,Low-income countries
Yemen,YEM,1992,11.825768,,14989497,Low-income countries
Yemen,YEM,1993,11.546724,,15563919,Low-income countries
Yemen,YEM,1994,11.294729,,16149147,Low-income countries
Yemen,YEM,1995,11.055676,,16740057,Low-income countries
Yemen,YEM,1996,10.809348,,17313181,Low-income countries
Yemen,YEM,1997,10.530216,,17873943,Low-income countries
Yemen,YEM,1998,10.176512,,18446015,Low-income countries
Yemen,YEM,1999,9.769424,,19029421,Low-income countries
Yemen,YEM,2000,9.315634,,19624139,Low-income countries
Yemen,YEM,2001,8.837638,,20226146,Low-income countries
Yemen,YEM,2002,8.359897,,20835092,Low-income countries
Yemen,YEM,2003,7.9036884,,21456379,Low-income countries
Yemen,YEM,2004,7.471607,,22095161,Low-income countries
Yemen,YEM,2005,7.063314,,22790082,Low-income countries
Yemen,YEM,2006,6.680582,,23543090,Low-income countries
Yemen,YEM,2007,6.331408,,24318090,Low-income countries
Yemen,YEM,2008,6.0173926,,25111941,Low-income countries
Yemen,YEM,2009,5.7398133,,25927723,Low-income countries
Yemen,YEM,2010,5.4929075,,26754383,Low-income countries
Yemen,YEM,2011,5.2967477,,27582902,Low-income countries
Yemen,YEM,2012,5.141279,,28433655,Low-income countries
Yemen,YEM,2013,4.9464793,,29312955,Low-income countries
Yemen,YEM,2014,4.839222,,30226311,Low-income countries
Yemen,YEM,2015,4.902102,,31159378,Low-income countries
Yemen,YEM,2016,4.771551,,32109023,Low-income countries
Yemen,YEM,2017,4.657474,,33090923,Low-income countries
Yemen,YEM,2018,4.6953545,,34085181,Low-income countries
Yemen,YEM,2019,4.5910187,,35111416,Low-income countries
Yemen,YEM,2020,4.316293,,36134867,Low-income countries
Yemen,YEM,2021,4.237592,,37140234,Low-income countries
Yemen,YEM,2022,4.0835056,,38222878,Low-income countries
Yemen,YEM,2023,3.925354,,39390800,Low-income countries
Zambia,ZMB,1952,23.791628,,2467263,Lower-middle-income countries
Zambia,ZMB,1953,23.36666,,2543546,Lower-middle-income countries
Zambia,ZMB,1954,22.926271,,2622276,Lower-middle-income countries
Zambia,ZMB,1955,22.533297,,2703549,Lower-middle-income countries
Zambia,ZMB,1956,22.07696,,2787416,Lower-middle-income countries
Zambia,ZMB,1957,21.687664,,2874074,Lower-middle-income countries
Zambia,ZMB,1958,21.27469,,2963872,Lower-middle-income countries
Zambia,ZMB,1959,20.88364,,3057056,Lower-middle-income countries
Zambia,ZMB,1960,20.517439,,3153730,Lower-middle-income countries
Zambia,ZMB,1961,20.133358,,3254085,Lower-middle-income countries
Zambia,ZMB,1962,19.78986,,3358098,Lower-middle-income countries
Zambia,ZMB,1963,19.469578,,3465914,Lower-middle-income countries
Zambia,ZMB,1964,19.21693,,3577015,Lower-middle-income countries
Zambia,ZMB,1965,19.014977,,3692088,Lower-middle-income countries
Zambia,ZMB,1966,18.861898,,3812003,Lower-middle-income countries
Zambia,ZMB,1967,18.71046,,3936350,Lower-middle-income countries
Zambia,ZMB,1968,18.527771,,4065601,Lower-middle-income countries
Zambia,ZMB,1969,18.265137,,4197117,Lower-middle-income countries
Zambia,ZMB,1970,17.902338,,4321726,Lower-middle-income countries
Zambia,ZMB,1971,17.420362,,4442528,Lower-middle-income countries
Zambia,ZMB,1972,16.872572,,4569311,Lower-middle-income countries
Zambia,ZMB,1973,16.337526,,4702694,Lower-middle-income countries
Zambia,ZMB,1974,15.882215,,4842750,Lower-middle-income countries
Zambia,ZMB,1975,15.5424795,,4990087,Lower-middle-income countries
Zambia,ZMB,1976,15.360026,,5143847,Lower-middle-income countries
Zambia,ZMB,1977,15.297692,,5302477,Lower-middle-income countries
Zambia,ZMB,1978,15.324706,,5465379,Lower-middle-income countries
Zambia,ZMB,1979,15.387228,,5631734,Lower-middle-income countries
Zambia,ZMB,1980,15.4865885,,5802841,Lower-middle-income countries
Zambia,ZMB,1981,15.561039,,5983299,Lower-middle-income countries
Zambia,ZMB,1982,15.658262,,6178638,Lower-middle-income countries
Zambia,ZMB,1983,15.865027,,6381045,Lower-middle-income countries
Zambia,ZMB,1984,16.180372,,6580497,Lower-middle-income countries
Zambia,ZMB,1985,16.56572,,6780953,Lower-middle-income countries
Zambia,ZMB,1986,16.96705,,6986475,Lower-middle-income countries
Zambia,ZMB,1987,17.343092,,7191285,Lower-middle-income countries
Zambia,ZMB,1988,17.65809,,7391450,Lower-middle-income countries
Zambia,ZMB,1989,17.892242,,7589226,Lower-middle-income countries
Zambia,ZMB,1990,18.057482,2425.1113,7786163,Lower-middle-income countries
Zambia,ZMB,1991,18.135597,2364.8623,7981653,Lower-middle-income countries
Zambia,ZMB,1992,18.109947,2268.498,8176677,Lower-middle-income countries
Zambia,ZMB,1993,17.942802,2365.6296,8373920,Lower-middle-income countries
Zambia,ZMB,1994,17.672333,2110.5833,8576270,Lower-middle-income countries
Zambia,ZMB,1995,17.342596,2119.9565,8785768,Lower-middle-income countries
Zambia,ZMB,1996,17.000307,2197.1956,9004059,Lower-middle-income countries
Zambia,ZMB,1997,16.6576,2223.4575,9237064,Lower-middle-income countries
Zambia,ZMB,1998,16.302221,2157.5735,9482414,Lower-middle-income countries
Zambia,ZMB,1999,15.873994,2198.1892,9740013,Lower-middle-income countries
Zambia,ZMB,2000,15.250743,2220.5654,10017633,Lower-middle-income countries
Zambia,ZMB,2001,14.379536,2268.9697,10325186,Lower-middle-income countries
Zambia,ZMB,2002,13.3679,2299.333,10647955,Lower-middle-income countries
Zambia,ZMB,2003,12.35855,2383.8762,10983604,Lower-middle-income countries
Zambia,ZMB,2004,11.369018,2471.7207,11338201,Lower-middle-income countries
Zambia,ZMB,2005,10.482136,2564.4756,11718819,Lower-middle-income countries
Zambia,ZMB,2006,9.710749,2673.4614,12129560,Lower-middle-income countries
Zambia,ZMB,2007,9.136746,2796.353,12565093,Lower-middle-income countries
Zambia,ZMB,2008,8.620514,2908.1436,13021327,Lower-middle-income countries
Zambia,ZMB,2009,8.000737,3065.8442,13490395,Lower-middle-income countries
Zambia,ZMB,2010,7.5677223,3266.5076,13965592,Lower-middle-income countries
Zambia,ZMB,2011,7.313337,3335.6433,14437796,Lower-middle-income countries
Zambia,ZMB,2012,7.0448446,3474.5525,14913631,Lower-middle-income countries
Zambia,ZMB,2013,6.720134,3535.2246,15399000,Lower-middle-income countries
Zambia,ZMB,2014,6.378718,3585.5774,15895320,Lower-middle-income countries
Zambia,ZMB,2015,6.1530843,3576.9255,16399092,Lower-middle-income countries
Zambia,ZMB,2016,5.9006777,3598.1716,16914428,Lower-middle-income countries
Zambia,ZMB,2017,5.6068335,3612.5059,17441328,Lower-middle-income countries
Zambia,ZMB,2018,5.5170083,3646.9597,17973574,Lower-middle-income countries
Zambia,ZMB,2019,5.4088087,3591.5642,18513839,Lower-middle-income countries
Zambia,ZMB,2020,5.242332,3391.5955,19059394,Lower-middle-income countries
Zambia,ZMB,2021,4.9213777,3503.035,19603610,Lower-middle-income countries
Zambia,ZMB,2022,4.666671,3585.1238,20152935,Lower-middle-income countries
Zambia,ZMB,2023,4.4723396,3673.4841,20723967,Lower-middle-income countries
Zambia,ZMB,2024,,3708.069,20723967,Lower-middle-income countries
Zimbabwe,ZWE,1954,17.086958,,3163884,Lower-middle-income countries
Zimbabwe,ZWE,1955,16.803558,,3263221,Lower-middle-income countries
Zimbabwe,ZWE,1956,16.464258,,3365533,Lower-middle-income countries
Zimbabwe,ZWE,1957,16.1977,,3471158,Lower-middle-income countries
Zimbabwe,ZWE,1958,15.88614,,3580185,Lower-middle-income countries
Zimbabwe,ZWE,1959,15.535522,,3692810,Lower-middle-income countries
Zimbabwe,ZWE,1960,15.1780815,,3809392,Lower-middle-income countries
Zimbabwe,ZWE,1961,14.765799,,3930402,Lower-middle-income countries
Zimbabwe,ZWE,1962,14.367796,,4055968,Lower-middle-income countries
Zimbabwe,ZWE,1963,13.948159,,4185875,Lower-middle-income countries
Zimbabwe,ZWE,1964,13.521782,,4320004,Lower-middle-income countries
Zimbabwe,ZWE,1965,13.110623,,4458457,Lower-middle-income countries
Zimbabwe,ZWE,1966,12.716503,,4601223,Lower-middle-income countries
Zimbabwe,ZWE,1967,12.365134,,4748309,Lower-middle-income countries
Zimbabwe,ZWE,1968,12.069712,,4900440,Lower-middle-income countries
Zimbabwe,ZWE,1969,11.814809,,5058185,Lower-middle-income countries
Zimbabwe,ZWE,1970,11.6455555,,5215919,Lower-middle-income countries
Zimbabwe,ZWE,1971,11.52974,,5374719,Lower-middle-income countries
Zimbabwe,ZWE,1972,11.456857,,5542444,Lower-middle-income countries
Zimbabwe,ZWE,1973,11.418071,,5720413,Lower-middle-income countries
Zimbabwe,ZWE,1974,11.411184,,5908337,Lower-middle-income countries
Zimbabwe,ZWE,1975,11.439341,,6098653,Lower-middle-income countries
Zimbabwe,ZWE,1976,11.471454,,6287107,Lower-middle-income countries
Zimbabwe,ZWE,1977,11.498925,,6449517,Lower-middle-income countries
Zimbabwe,ZWE,1978,11.469045,,6543573,Lower-middle-income countries
Zimbabwe,ZWE,1979,11.337444,,6647557,Lower-middle-income countries
Zimbabwe,ZWE,1980,11.095731,,7041304,Lower-middle-income countries
Zimbabwe,ZWE,1981,10.680865,,7498641,Lower-middle-income countries
Zimbabwe,ZWE,1982,10.1217,,7796503,Lower-middle-income countries
Zimbabwe,ZWE,1983,9.4965725,,8098408,Lower-middle-income countries
Zimbabwe,ZWE,1984,8.86707,,8391494,Lower-middle-income countries
Zimbabwe,ZWE,1985,8.305211,,8686815,Lower-middle-income countries
Zimbabwe,ZWE,1986,7.863487,,8982579,Lower-middle-income countries
Zimbabwe,ZWE,1987,7.6055565,,9284649,Lower-middle-income countries
Zimbabwe,ZWE,1988,7.54777,,9583099,Lower-middle-income countries
Zimbabwe,ZWE,1989,7.6898584,,9864797,Lower-middle-income countries
Zimbabwe,ZWE,1990,7.9670343,6082.8423,10137287,Lower-middle-income countries
Zimbabwe,ZWE,1991,8.327558,6254.275,10404820,Lower-middle-income countries
Zimbabwe,ZWE,1992,8.731735,5532.0376,10702697,Lower-middle-income countries
Zimbabwe,ZWE,1993,9.155061,5509.083,10860285,Lower-middle-income countries
Zimbabwe,ZWE,1994,9.524491,6010.742,10873146,Lower-middle-income countries
Zimbabwe,ZWE,1995,9.831734,5964.5894,10974607,Lower-middle-income countries
Zimbabwe,ZWE,1996,10.023842,6474.16,11158364,Lower-middle-income countries
Zimbabwe,ZWE,1997,10.083963,6524.0625,11369833,Lower-middle-income countries
Zimbabwe,ZWE,1998,10.0374565,6582.3486,11594299,Lower-middle-income countries
Zimbabwe,ZWE,1999,9.923844,6423.709,11783454,Lower-middle-income countries
Zimbabwe,ZWE,2000,9.829333,6170.334,11892055,Lower-middle-income countries
Zimbabwe,ZWE,2001,9.789623,6217.4116,11971904,Lower-middle-income countries
Zimbabwe,ZWE,2002,8.479315,5610.1914,12087661,Lower-middle-income countries
Zimbabwe,ZWE,2003,8.847622,4601.6606,12232324,Lower-middle-income countries
Zimbabwe,ZWE,2004,9.165612,4287.598,12365901,Lower-middle-income countries
Zimbabwe,ZWE,2005,9.22602,4004.6646,12483433,Lower-middle-income countries
Zimbabwe,ZWE,2006,9.3957405,3819.2334,12636442,Lower-middle-income countries
Zimbabwe,ZWE,2007,9.4709425,3631.5376,12804062,Lower-middle-income countries
Zimbabwe,ZWE,2008,9.34478,2954.0994,12959154,Lower-middle-income countries
Zimbabwe,ZWE,2009,9.03372,3299.4138,13142791,Lower-middle-income countries
Zimbabwe,ZWE,2010,8.496061,3885.3938,13356551,Lower-middle-income countries
Zimbabwe,ZWE,2011,7.883335,4358.926,13595421,Lower-middle-income countries
Zimbabwe,ZWE,2012,7.135691,5003.4873,13817887,Lower-middle-income countries
Zimbabwe,ZWE,2013,6.5549464,5031.6875,14013811,Lower-middle-income countries
Zimbabwe,ZWE,2014,6.1771426,5081.1123,14207367,Lower-middle-income countries
Zimbabwe,ZWE,2015,5.976391,5102.7144,14399008,Lower-middle-income countries
Zimbabwe,ZWE,2016,5.6912365,5070.4023,14600297,Lower-middle-income countries
Zimbabwe,ZWE,2017,5.49538,5234.384,14812484,Lower-middle-income countries
Zimbabwe,ZWE,2018,5.22897,5415.4697,15034457,Lower-middle-income countries
Zimbabwe,ZWE,2019,5.106257,4993.8438,15271377,Lower-middle-income countries
Zimbabwe,ZWE,2020,5.008332,4527.7197,15526887,Lower-middle-income countries
Zimbabwe,ZWE,2021,4.762061,4827.089,15797220,Lower-middle-income countries
Zimbabwe,ZWE,2022,4.5985856,5036.761,16069061,Lower-middle-income countries
Zimbabwe,ZWE,2023,4.4212008,5218.0225,16340829,Lower-middle-income countries
Zimbabwe,ZWE,2024,,5215.253,16340829,Lower-middle-income countries