entity,code,year,harmonized_test_scores__sex_all_students,ny_gdp_pcap_pp_kd,population_historical,wb_region
Afghanistan,AFG,2000,,1617.8264,20130334,"Middle East, North Africa, Afghanistan and Pakistan (WB)"
Afghanistan,AFG,2001,,1454.1108,20284303,"Middle East, North Africa, Afghanistan and Pakistan (WB)"
Afghanistan,AFG,2002,,1774.3087,21378123,"Middle East, North Africa, Afghanistan and Pakistan (WB)"
Afghanistan,AFG,2003,,1815.9282,22733053,"Middle East, North Africa, Afghanistan and Pakistan (WB)"
Afghanistan,AFG,2004,,1776.9182,23560656,"Middle East, North Africa, Afghanistan and Pakistan (WB)"
Afghanistan,AFG,2005,,1908.1147,24404575,"Middle East, North Africa, Afghanistan and Pakistan (WB)"
Afghanistan,AFG,2006,,1929.7239,25424100,"Middle East, North Africa, Afghanistan and Pakistan (WB)"
Afghanistan,AFG,2007,,2155.353,25909852,"Middle East, North Africa, Afghanistan and Pakistan (WB)"
Afghanistan,AFG,2008,,2191.5044,26482631,"Middle East, North Africa, Afghanistan and Pakistan (WB)"
Afghanistan,AFG,2009,,2565.022,27466102,"Middle East, North Africa, Afghanistan and Pakistan (WB)"
Afghanistan,AFG,2010,,2848.5862,28284088,"Middle East, North Africa, Afghanistan and Pakistan (WB)"
Afghanistan,AFG,2011,,2757.0525,29347708,"Middle East, North Africa, Afghanistan and Pakistan (WB)"
Afghanistan,AFG,2012,,2985.319,30560036,"Middle East, North Africa, Afghanistan and Pakistan (WB)"
Afghanistan,AFG,2013,,3046.5798,31622709,"Middle East, North Africa, Afghanistan and Pakistan (WB)"
Afghanistan,AFG,2014,,3017.9426,32792528,"Middle East, North Africa, Afghanistan and Pakistan (WB)"
Afghanistan,AFG,2015,,2967.6921,33831767,"Middle East, North Africa, Afghanistan and Pakistan (WB)"
Afghanistan,AFG,2016,,2958.7854,34700613,"Middle East, North Africa, Afghanistan and Pakistan (WB)"
Afghanistan,AFG,2017,355,2952.999,35688941,"Middle East, North Africa, Afghanistan and Pakistan (WB)"
Afghanistan,AFG,2018,354.7588,2902.392,36743040,"Middle East, North Africa, Afghanistan and Pakistan (WB)"
Afghanistan,AFG,2019,,2927.245,37856125,"Middle East, North Africa, Afghanistan and Pakistan (WB)"
Afghanistan,AFG,2020,354.7588,2769.6858,39068977,"Middle East, North Africa, Afghanistan and Pakistan (WB)"
Afghanistan,AFG,2021,,2144.1665,40000410,"Middle East, North Africa, Afghanistan and Pakistan (WB)"
Afghanistan,AFG,2022,,1981.7102,40578847,"Middle East, North Africa, Afghanistan and Pakistan (WB)"
Afghanistan,AFG,2023,,1983.8126,41454762,"Middle East, North Africa, Afghanistan and Pakistan (WB)"
Albania,ALB,1990,,5560.857,3277965,Europe and Central Asia (WB)
Albania,ALB,1991,,4027.9055,3282608,Europe and Central Asia (WB)
Albania,ALB,1992,,3761.1555,3282506,Europe and Central Asia (WB)
Albania,ALB,1993,,4145.92,3277831,Europe and Central Asia (WB)
Albania,ALB,1994,,4517.799,3269417,Europe and Central Asia (WB)
Albania,ALB,1995,,5151.3975,3258573,Europe and Central Asia (WB)
Albania,ALB,1996,,5563.793,3245680,Europe and Central Asia (WB)
Albania,ALB,1997,,4943.004,3229665,Europe and Central Asia (WB)
Albania,ALB,1998,,5387.5684,3210134,Europe and Central Asia (WB)
Albania,ALB,1999,,6086.009,3188598,Europe and Central Asia (WB)
Albania,ALB,2000,,6582.0166,3166147,Europe and Central Asia (WB)
Albania,ALB,2001,,7232.9907,3147943,Europe and Central Asia (WB)
Albania,ALB,2002,,7590.49,3134095,Europe and Central Asia (WB)
Albania,ALB,2003,,8025.2812,3118093,Europe and Central Asia (WB)
Albania,ALB,2004,,8483.294,3098662,Europe and Central Asia (WB)
Albania,ALB,2005,,8964.318,3076156,Europe and Central Asia (WB)
Albania,ALB,2006,,9564.029,3050805,Europe and Central Asia (WB)
Albania,ALB,2007,,10262.967,3022887,Europe and Central Asia (WB)
Albania,ALB,2008,,11056.352,2992933,Europe and Central Asia (WB)
Albania,ALB,2009,,11430.622,2961487,Europe and Central Asia (WB)
Albania,ALB,2010,397.22687,11829.054,2928731,Europe and Central Asia (WB)
Albania,ALB,2011,,12153.114,2911499,Europe and Central Asia (WB)
Albania,ALB,2012,,12463.57,2910003,Europe and Central Asia (WB)
Albania,ALB,2013,,12873.483,2907571,Europe and Central Asia (WB)
Albania,ALB,2014,,13366.56,2903748,Europe and Central Asia (WB)
Albania,ALB,2015,,13876.819,2898634,Europe and Central Asia (WB)
Albania,ALB,2016,,14643.489,2897868,Europe and Central Asia (WB)
Albania,ALB,2017,429,15359.461,2898245,Europe and Central Asia (WB)
Albania,ALB,2018,429.329,16170.99,2894229,Europe and Central Asia (WB)
Albania,ALB,2019,,16761.193,2885011,Europe and Central Asia (WB)
Albania,ALB,2020,434.1276,16457.787,2871950,Europe and Central Asia (WB)
Albania,ALB,2021,,18212.871,2849641,Europe and Central Asia (WB)
Albania,ALB,2022,,19388.873,2827614,Europe and Central Asia (WB)
Albania,ALB,2023,,20481.035,2811660,Europe and Central Asia (WB)
Albania,ALB,2024,,21641.074,2811660,Europe and Central Asia (WB)
Algeria,DZA,1990,,11728.546,25375815,"Middle East, North Africa, Afghanistan and Pakistan (WB)"
Algeria,DZA,1991,,11314.864,25987937,"Middle East, North Africa, Afghanistan and Pakistan (WB)"
Algeria,DZA,1992,,11241.415,26628570,"Middle East, North Africa, Afghanistan and Pakistan (WB)"
Algeria,DZA,1993,,10743.706,27277042,"Middle East, North Africa, Afghanistan and Pakistan (WB)"
Algeria,DZA,1994,,10414.035,27887277,"Middle East, North Africa, Afghanistan and Pakistan (WB)"
Algeria,DZA,1995,,10588.443,28470194,"Middle East, North Africa, Afghanistan and Pakistan (WB)"
Algeria,DZA,1996,,10808.879,29033045,"Middle East, North Africa, Afghanistan and Pakistan (WB)"
Algeria,DZA,1997,,10725.968,29579299,"Middle East, North Africa, Afghanistan and Pakistan (WB)"
Algeria,DZA,1998,,11094.888,30054135,"Middle East, North Africa, Afghanistan and Pakistan (WB)"
Algeria,DZA,1999,,11292.037,30474360,"Middle East, North Africa, Afghanistan and Pakistan (WB)"
Algeria,DZA,2000,,11558.221,30903894,"Middle East, North Africa, Afghanistan and Pakistan (WB)"
Algeria,DZA,2001,,11742.595,31331226,"Middle East, North Africa, Afghanistan and Pakistan (WB)"
Algeria,DZA,2002,,12213.126,31750832,"Middle East, North Africa, Afghanistan and Pakistan (WB)"
Algeria,DZA,2003,,12835.182,32175813,"Middle East, North Africa, Afghanistan and Pakistan (WB)"
Algeria,DZA,2004,,13226.765,32628286,"Middle East, North Africa, Afghanistan and Pakistan (WB)"
Algeria,DZA,2005,,13738.496,33109258,"Middle East, North Africa, Afghanistan and Pakistan (WB)"
Algeria,DZA,2006,,13920.694,33623505,"Middle East, North Africa, Afghanistan and Pakistan (WB)"
Algeria,DZA,2007,,14114.675,34189420,"Middle East, North Africa, Afghanistan and Pakistan (WB)"
Algeria,DZA,2008,,14206.776,34816963,"Middle East, North Africa, Afghanistan and Pakistan (WB)"
Algeria,DZA,2009,,14104.428,35490442,"Middle East, North Africa, Afghanistan and Pakistan (WB)"
Algeria,DZA,2010,397.4057,14496.421,36188237,"Middle East, North Africa, Afghanistan and Pakistan (WB)"
Algeria,DZA,2011,,14641.964,36903374,"Middle East, North Africa, Afghanistan and Pakistan (WB)"
Algeria,DZA,2012,,14697.54,37646165,"Middle East, North Africa, Afghanistan and Pakistan (WB)"
Algeria,DZA,2013,,14778.191,38414176,"Middle East, North Africa, Afghanistan and Pakistan (WB)"
Algeria,DZA,2014,,15073.763,39205035,"Middle East, North Africa, Afghanistan and Pakistan (WB)"
Algeria,DZA,2015,,15239.518,40019528,"Middle East, North Africa, Afghanistan and Pakistan (WB)"
Algeria,DZA,2016,,15511.686,40850719,"Middle East, North Africa, Afghanistan and Pakistan (WB)"
Algeria,DZA,2017,374,15427.664,41689302,"Middle East, North Africa, Afghanistan and Pakistan (WB)"
Algeria,DZA,2018,374.08908,15343.426,42505033,"Middle East, North Africa, Afghanistan and Pakistan (WB)"
Algeria,DZA,2019,,15199.199,43294551,"Middle East, North Africa, Afghanistan and Pakistan (WB)"
Algeria,DZA,2020,374.08908,14194.155,44042094,"Middle East, North Africa, Afghanistan and Pakistan (WB)"
Algeria,DZA,2021,,14496.865,44761099,"Middle East, North Africa, Afghanistan and Pakistan (WB)"
Algeria,DZA,2022,,14782.2,45477391,"Middle East, North Africa, Afghanistan and Pakistan (WB)"
Algeria,DZA,2023,,15159.324,46164222,"Middle East, North Africa, Afghanistan and Pakistan (WB)"
Algeria,DZA,2024,,15501.92,46164222,"Middle East, North Africa, Afghanistan and Pakistan (WB)"
Andorra,AND,1990,,50036.3,52616,Europe and Central Asia (WB)
Andorra,AND,1991,,47624.97,56691,Europe and Central Asia (WB)
Andorra,AND,1992,,45246.53,60217,Europe and Central Asia (WB)
Andorra,AND,1993,,42605.66,63293,Europe and Central Asia (WB)
Andorra,AND,1994,,42716.367,64631,Europe and Central Asia (WB)
Andorra,AND,1995,,44375.023,63936,Europe and Central Asia (WB)
Andorra,AND,1996,,46386.09,64006,Europe and Central Asia (WB)
Andorra,AND,1997,,50032.35,64722,Europe and Central Asia (WB)
Andorra,AND,1998,,51092.223,65400,Europe and Central Asia (WB)
Andorra,AND,1999,,52921.047,65732,Europe and Central Asia (WB)
Andorra,AND,2000,,54809.145,65703,Europe and Central Asia (WB)
Andorra,AND,2001,,59109.016,65874,Europe and Central Asia (WB)
Andorra,AND,2002,,61188.637,66528,Europe and Central Asia (WB)
Andorra,AND,2003,,63656.195,69507,Europe and Central Asia (WB)
Andorra,AND,2004,,64353.484,74342,Europe and Central Asia (WB)
Andorra,AND,2005,,65114.805,77436,Europe and Central Asia (WB)
Andorra,AND,2006,,66390.3,79609,Europe and Central Asia (WB)
Andorra,AND,2007,,65534.117,81901,Europe and Central Asia (WB)
Andorra,AND,2008,,60691.605,83513,Europe and Central Asia (WB)
Andorra,AND,2009,,57203.973,83907,Europe and Central Asia (WB)
Andorra,AND,2010,,58285.06,80727,Europe and Central Asia (WB)
Andorra,AND,2011,,60470.465,77801,Europe and Central Asia (WB)
Andorra,AND,2012,,58172.133,76858,Europe and Central Asia (WB)
Andorra,AND,2013,,57332.16,75220,Europe and Central Asia (WB)
Andorra,AND,2014,,59929.246,73755,Europe and Central Asia (WB)
Andorra,AND,2015,,62105.152,72195,Europe and Central Asia (WB)
Andorra,AND,2016,,64402.81,72197,Europe and Central Asia (WB)
Andorra,AND,2017,,63239.656,73780,Europe and Central Asia (WB)
Andorra,AND,2018,,63048.598,75181,Europe and Central Asia (WB)
Andorra,AND,2019,,63215.9,76492,Europe and Central Asia (WB)
Andorra,AND,2020,,55488.492,77397,Europe and Central Asia (WB)
Andorra,AND,2021,,59332.203,78379,Europe and Central Asia (WB)
Andorra,AND,2022,,63913.383,79722,Europe and Central Asia (WB)
Andorra,AND,2023,,64631.297,80869,Europe and Central Asia (WB)
Andorra,AND,2024,,65928.305,80869,Europe and Central Asia (WB)
Angola,AGO,1990,,8368.723,11626361,Sub-Saharan Africa (WB)
Angola,AGO,1991,,8172.5054,12023532,Sub-Saharan Africa (WB)
Angola,AGO,1992,,7447.494,12423717,Sub-Saharan Africa (WB)
Angola,AGO,1993,,5483.2773,12827136,Sub-Saharan Africa (WB)
Angola,AGO,1994,,5379.475,13249763,Sub-Saharan Africa (WB)
Angola,AGO,1995,,5983.184,13699780,Sub-Saharan Africa (WB)
Angola,AGO,1996,,6567.6777,14170973,Sub-Saharan Africa (WB)
Angola,AGO,1997,,6810.2163,14660419,Sub-Saharan Africa (WB)
Angola,AGO,1998,,6895.026,15159378,Sub-Saharan Africa (WB)
Angola,AGO,1999,,6817.057,15667235,Sub-Saharan Africa (WB)
Angola,AGO,2000,,6796.4062,16194873,Sub-Saharan Africa (WB)
Angola,AGO,2001,,6848.683,16747204,Sub-Saharan Africa (WB)
Angola,AGO,2002,,7523.813,17327701,Sub-Saharan Africa (WB)
Angola,AGO,2003,,7518.8896,17943718,Sub-Saharan Africa (WB)
Angola,AGO,2004,,8081.757,18600426,Sub-Saharan Africa (WB)
Angola,AGO,2005,,8895.377,19291160,Sub-Saharan Africa (WB)
Angola,AGO,2006,,9588.822,20015281,Sub-Saharan Africa (WB)
Angola,AGO,2007,,10437.59,20778570,Sub-Saharan Africa (WB)
Angola,AGO,2008,,11134.705,21578656,Sub-Saharan Africa (WB)
Angola,AGO,2009,,10933.271,22414775,Sub-Saharan Africa (WB)
Angola,AGO,2010,,11077.13,23294822,Sub-Saharan Africa (WB)
Angola,AGO,2011,,11037.639,24218358,Sub-Saharan Africa (WB)
Angola,AGO,2012,,11519.993,25177398,Sub-Saharan Africa (WB)
Angola,AGO,2013,,11626.1875,26165616,Sub-Saharan Africa (WB)
Angola,AGO,2014,,11721.664,27160767,Sub-Saharan Africa (WB)
Angola,AGO,2015,,11392.906,28157802,Sub-Saharan Africa (WB)
Angola,AGO,2016,,10805.712,29183072,Sub-Saharan Africa (WB)
Angola,AGO,2017,326,10414.236,30234836,Sub-Saharan Africa (WB)
Angola,AGO,2018,325.96548,10000.944,31297160,Sub-Saharan Africa (WB)
Angola,AGO,2019,,9648.011,32375633,Sub-Saharan Africa (WB)
Angola,AGO,2020,325.96548,8960.338,33451139,Sub-Saharan Africa (WB)
Angola,AGO,2021,,8862.281,34532427,Sub-Saharan Africa (WB)
Angola,AGO,2022,,8950.143,35635028,Sub-Saharan Africa (WB)
Angola,AGO,2023,,8788.261,36749909,Sub-Saharan Africa (WB)
Angola,AGO,2024,,8901.888,36749909,Sub-Saharan Africa (WB)
Antigua and Barbuda,ATG,1990,,21074.576,63087,Latin America and Caribbean (WB)
Antigua and Barbuda,ATG,1991,,21424.291,63406,Latin America and Caribbean (WB)
Antigua and Barbuda,ATG,1992,,21330.273,64422,Latin America and Caribbean (WB)
Antigua and Barbuda,ATG,1993,,22051.438,65601,Latin America and Caribbean (WB)
Antigua and Barbuda,ATG,1994,,23081.664,66860,Latin America and Caribbean (WB)
Antigua and Barbuda,ATG,1995,,21639.602,68210,Latin America and Caribbean (WB)
Antigua and Barbuda,ATG,1996,,22597.314,69629,Latin America and Caribbean (WB)
Antigua and Barbuda,ATG,1997,,23350.309,71071,Latin America and Caribbean (WB)
Antigua and Barbuda,ATG,1998,,23996.115,72430,Latin America and Caribbean (WB)
Antigua and Barbuda,ATG,1999,,24462.203,73681,Latin America and Caribbean (WB)
Antigua and Barbuda,ATG,2000,,25547.611,74929,Latin America and Caribbean (WB)
Antigua and Barbuda,ATG,2001,,24014.775,76082,Latin America and Caribbean (WB)
Antigua and Barbuda,ATG,2002,,23958.164,77049,Latin America and Caribbean (WB)
Antigua and Barbuda,ATG,2003,,25136.002,77896,Latin America and Caribbean (WB)
Antigua and Barbuda,ATG,2004,,26303.617,78734,Latin America and Caribbean (WB)
Antigua and Barbuda,ATG,2005,,27692.635,79628,Latin America and Caribbean (WB)
Antigua and Barbuda,ATG,2006,,30827.342,80619,Latin America and Caribbean (WB)
Antigua and Barbuda,ATG,2007,,33245.27,81716,Latin America and Caribbean (WB)
Antigua and Barbuda,ATG,2008,,32756.307,82926,Latin America and Caribbean (WB)
Antigua and Barbuda,ATG,2009,,28405.69,84193,Latin America and Caribbean (WB)
Antigua and Barbuda,ATG,2010,,25826.61,85337,Latin America and Caribbean (WB)
Antigua and Barbuda,ATG,2011,,25023.918,86350,Latin America and Caribbean (WB)
Antigua and Barbuda,ATG,2012,,25592.906,87275,Latin America and Caribbean (WB)
Antigua and Barbuda,ATG,2013,,25206.846,88074,Latin America and Caribbean (WB)
Antigua and Barbuda,ATG,2014,,25557.525,88784,Latin America and Caribbean (WB)
Antigua and Barbuda,ATG,2015,,25734.152,89421,Latin America and Caribbean (WB)
Antigua and Barbuda,ATG,2016,,26627.715,89980,Latin America and Caribbean (WB)
Antigua and Barbuda,ATG,2017,,27199.195,90483,Latin America and Caribbean (WB)
Antigua and Barbuda,ATG,2018,395.8978,28878.607,90942,Latin America and Caribbean (WB)
Antigua and Barbuda,ATG,2019,,29651.863,91377,Latin America and Caribbean (WB)
Antigua and Barbuda,ATG,2020,406.99744,23930.672,91864,Latin America and Caribbean (WB)
Antigua and Barbuda,ATG,2021,,25745.496,92358,Latin America and Caribbean (WB)
Antigua and Barbuda,ATG,2022,,27941.785,92850,Latin America and Caribbean (WB)
Antigua and Barbuda,ATG,2023,,28474.045,93331,Latin America and Caribbean (WB)
Antigua and Barbuda,ATG,2024,,29371.639,93331,Latin America and Caribbean (WB)
Argentina,ARG,1990,,17007.285,32755907,Latin America and Caribbean (WB)
Argentina,ARG,1991,,18295.61,33230293,Latin America and Caribbean (WB)
Argentina,ARG,1992,,19476.283,33693532,Latin America and Caribbean (WB)
Argentina,ARG,1993,,20791.346,34152719,Latin America and Caribbean (WB)
Argentina,ARG,1994,,21711.844,34613492,Latin America and Caribbean (WB)
Argentina,ARG,1995,,20819.5,35070016,Latin America and Caribbean (WB)
Argentina,ARG,1996,,21695.596,35513795,Latin America and Caribbean (WB)
Argentina,ARG,1997,,23172.158,35947790,Latin America and Caribbean (WB)
Argentina,ARG,1998,,23783.102,36372862,Latin America and Caribbean (WB)
Argentina,ARG,1999,,22714.512,36794687,Latin America and Caribbean (WB)
Argentina,ARG,2000,,22281.38,37213986,Latin America and Caribbean (WB)
Argentina,ARG,2001,,21066.459,37624817,Latin America and Caribbean (WB)
Argentina,ARG,2002,,18571.701,38029345,Latin America and Caribbean (WB)
Argentina,ARG,2003,,20005.139,38424283,Latin America and Caribbean (WB)
Argentina,ARG,2004,,21591.45,38815915,Latin America and Caribbean (WB)
Argentina,ARG,2005,,23262.408,39216786,Latin America and Caribbean (WB)
Argentina,ARG,2006,,24877.25,39622113,Latin America and Caribbean (WB)
Argentina,ARG,2007,,26850.664,40016767,Latin America and Caribbean (WB)
Argentina,ARG,2008,,27658.484,40424151,Latin America and Caribbean (WB)
Argentina,ARG,2009,,25747.197,40854832,Latin America and Caribbean (WB)
Argentina,ARG,2010,408.97324,28056.258,41288694,Latin America and Caribbean (WB)
Argentina,ARG,2011,,29425.76,41730655,Latin America and Caribbean (WB)
Argentina,ARG,2012,,28825.967,42161718,Latin America and Caribbean (WB)
Argentina,ARG,2013,,29227.66,42582453,Latin America and Caribbean (WB)
Argentina,ARG,2014,,28200.814,43024071,Latin America and Caribbean (WB)
Argentina,ARG,2015,,28669.207,43477011,Latin America and Caribbean (WB)
Argentina,ARG,2016,,27802.105,43900312,Latin America and Caribbean (WB)
Argentina,ARG,2017,424,28334.904,44288898,Latin America and Caribbean (WB)
Argentina,ARG,2018,424.0808,27367.115,44654876,Latin America and Caribbean (WB)
Argentina,ARG,2019,,26629.553,44973469,Latin America and Caribbean (WB)
Argentina,ARG,2020,408.17264,23877.094,45191960,Latin America and Caribbean (WB)
Argentina,ARG,2021,,26300.273,45312282,Latin America and Caribbean (WB)
Argentina,ARG,2022,,27825.027,45407904,Latin America and Caribbean (WB)
Argentina,ARG,2023,,27230.396,45538402,Latin America and Caribbean (WB)
Argentina,ARG,2024,,26771.965,45538402,Latin America and Caribbean (WB)
Armenia,ARM,1990,,6137.6006,3552130,Europe and Central Asia (WB)
Armenia,ARM,1991,,5326.753,3613978,Europe and Central Asia (WB)
Armenia,ARM,1992,,3136.7244,3571870,Europe and Central Asia (WB)
Armenia,ARM,1993,,2958.8804,3453339,Europe and Central Asia (WB)
Armenia,ARM,1994,,3200.8965,3364620,Europe and Central Asia (WB)
Armenia,ARM,1995,,3480.7559,3307586,Europe and Central Asia (WB)
Armenia,ARM,1996,,3717.3357,3278738,Europe and Central Asia (WB)
Armenia,ARM,1997,,3879.1794,3246292,Europe and Central Asia (WB)
Armenia,ARM,1998,,4211.5127,3208399,Europe and Central Asia (WB)
Armenia,ARM,1999,,4406.9673,3167282,Europe and Central Asia (WB)
Armenia,ARM,2000,,4589.0083,3125630,Europe and Central Asia (WB)
Armenia,ARM,2001,,5044.1167,3084350,Europe and Central Asia (WB)
Armenia,ARM,2002,,5731.3535,3055636,Europe and Central Asia (WB)
Armenia,ARM,2003,,6569.2603,3038976,Europe and Central Asia (WB)
Armenia,ARM,2004,,7299.4,3022544,Europe and Central Asia (WB)
Armenia,ARM,2005,,8362.9,3006360,Europe and Central Asia (WB)
Armenia,ARM,2006,,9525.231,2990371,Europe and Central Asia (WB)
Armenia,ARM,2007,,10898.849,2974825,Europe and Central Asia (WB)
Armenia,ARM,2008,,11727.482,2959996,Europe and Central Asia (WB)
Armenia,ARM,2009,,10143.235,2945518,Europe and Central Asia (WB)
Armenia,ARM,2010,,10438.564,2931083,Europe and Central Asia (WB)
Armenia,ARM,2011,,10990.177,2923269,Europe and Central Asia (WB)
Armenia,ARM,2012,,11796.274,2922529,Europe and Central Asia (WB)
Armenia,ARM,2013,,12194.019,2922526,Europe and Central Asia (WB)
Armenia,ARM,2014,,12667.376,2922433,Europe and Central Asia (WB)
Armenia,ARM,2015,,13112.76,2921179,Europe and Central Asia (WB)
Armenia,ARM,2016,,13192.994,2918796,Europe and Central Asia (WB)
Armenia,ARM,2017,443,14243.875,2914966,Europe and Central Asia (WB)
Armenia,ARM,2018,442.96945,15037.045,2909971,Europe and Central Asia (WB)
Armenia,ARM,2019,,16215.36,2903975,Europe and Central Asia (WB)
Armenia,ARM,2020,442.96945,15052.936,2890893,Europe and Central Asia (WB)
Armenia,ARM,2021,,15921.705,2870339,Europe and Central Asia (WB)
Armenia,ARM,2022,,17886.178,2880880,Europe and Central Asia (WB)
Armenia,ARM,2023,,19402.752,2943398,Europe and Central Asia (WB)
Armenia,ARM,2024,,20078.785,2943398,Europe and Central Asia (WB)
Aruba,ABW,1990,,33063,64452,Latin America and Caribbean (WB)
Aruba,ABW,1991,,33993.207,66564,Latin America and Caribbean (WB)
Aruba,ABW,1992,,34371.164,68889,Latin America and Caribbean (WB)
Aruba,ABW,1993,,34540.336,71091,Latin America and Caribbean (WB)
Aruba,ABW,1994,,35490.723,73475,Latin America and Caribbean (WB)
Aruba,ABW,1995,,35386.86,75930,Latin America and Caribbean (WB)
Aruba,ABW,1996,,34419.43,78497,Latin America and Caribbean (WB)
Aruba,ABW,1997,,35444.58,81123,Latin America and Caribbean (WB)
Aruba,ABW,1998,,35271.906,83788,Latin America and Caribbean (WB)
Aruba,ABW,1999,,35227.477,86483,Latin America and Caribbean (WB)
Aruba,ABW,2000,,37524.035,88772,Latin America and Caribbean (WB)
Aruba,ABW,2001,,38729.457,90320,Latin America and Caribbean (WB)
Aruba,ABW,2002,,38098.906,91393,Latin America and Caribbean (WB)
Aruba,ABW,2003,,38086.01,92324,Latin America and Caribbean (WB)
Aruba,ABW,2004,,40000.562,93223,Latin America and Caribbean (WB)
Aruba,ABW,2005,,38828.215,94239,Latin America and Caribbean (WB)
Aruba,ABW,2006,,38566.8,95403,Latin America and Caribbean (WB)
Aruba,ABW,2007,,39462.586,96604,Latin America and Caribbean (WB)
Aruba,ABW,2008,,39881.59,97815,Latin America and Caribbean (WB)
Aruba,ABW,2009,,34986.15,99040,Latin America and Caribbean (WB)
Aruba,ABW,2010,,33951.625,100127,Latin America and Caribbean (WB)
Aruba,ABW,2011,,34837.94,100995,Latin America and Caribbean (WB)
Aruba,ABW,2012,,33972.34,101774,Latin America and Caribbean (WB)
Aruba,ABW,2013,,35621.785,102570,Latin America and Caribbean (WB)
Aruba,ABW,2014,,35746.863,103381,Latin America and Caribbean (WB)
Aruba,ABW,2015,,36660.633,104200,Latin America and Caribbean (WB)
Aruba,ABW,2016,,36832.902,104989,Latin America and Caribbean (WB)
Aruba,ABW,2017,,38116.832,105737,Latin America and Caribbean (WB)
Aruba,ABW,2018,,39278.83,106447,Latin America and Caribbean (WB)
Aruba,ABW,2019,,39652.633,107089,Latin America and Caribbean (WB)
Aruba,ABW,2020,,30347.637,107411,Latin America and Caribbean (WB)
Aruba,ABW,2021,,35104.785,107565,Latin America and Caribbean (WB)
Aruba,ABW,2022,,38979.836,107792,Latin America and Caribbean (WB)
Aruba,ABW,2023,,41964.77,107946,Latin America and Caribbean (WB)
Aruba,ABW,2024,,44558.93,107946,Latin America and Caribbean (WB)
Australia,AUS,1990,,36267.742,17126304,East Asia and Pacific (WB)
Australia,AUS,1991,,35670.668,17353191,East Asia and Pacific (WB)
Australia,AUS,1992,,35426.285,17549286,East Asia and Pacific (WB)
Australia,AUS,1993,,36533.15,17722905,East Asia and Pacific (WB)
Australia,AUS,1994,,37622.652,17897433,East Asia and Pacific (WB)
Australia,AUS,1995,,38653.336,18095340,East Asia and Pacific (WB)
Australia,AUS,1996,,39663.16,18305305,East Asia and Pacific (WB)
Australia,AUS,1997,,40773.566,18504911,East Asia and Pacific (WB)
Australia,AUS,1998,,42257.17,18701710,East Asia and Pacific (WB)
Australia,AUS,1999,,43899.074,18909980,East Asia and Pacific (WB)
Australia,AUS,2000,,45099.074,19132472,East Asia and Pacific (WB)
Australia,AUS,2001,,45428.2,19365438,East Asia and Pacific (WB)
Australia,AUS,2002,,46688.395,19595356,East Asia and Pacific (WB)
Australia,AUS,2003,,47581.23,19819449,East Asia and Pacific (WB)
Australia,AUS,2004,,49061.277,20046679,East Asia and Pacific (WB)
Australia,AUS,2005,,49997.066,20294490,East Asia and Pacific (WB)
Australia,AUS,2006,,50693.727,20590566,East Asia and Pacific (WB)
Australia,AUS,2007,,51663.242,20954545,East Asia and Pacific (WB)
Australia,AUS,2008,,52473.383,21370595,East Asia and Pacific (WB)
Australia,AUS,2009,,52407.91,21783014,East Asia and Pacific (WB)
Australia,AUS,2010,536.33154,52739.27,22141583,East Asia and Pacific (WB)
Australia,AUS,2011,,53257.047,22479779,East Asia and Pacific (WB)
Australia,AUS,2012,,54403.883,22852648,East Asia and Pacific (WB)
Australia,AUS,2013,,54895.004,23236271,East Asia and Pacific (WB)
Australia,AUS,2014,,55489.07,23595599,East Asia and Pacific (WB)
Australia,AUS,2015,,55879.996,23947997,East Asia and Pacific (WB)
Australia,AUS,2016,,56529.953,24329963,East Asia and Pacific (WB)
Australia,AUS,2017,524,56881.855,24731044,East Asia and Pacific (WB)
Australia,AUS,2018,524.26514,57647.844,25119700,East Asia and Pacific (WB)
Australia,AUS,2019,,58048.617,25482714,East Asia and Pacific (WB)
Australia,AUS,2020,515.68536,57260.465,25743787,East Asia and Pacific (WB)
Australia,AUS,2021,,58327.414,25956417,East Asia and Pacific (WB)
Australia,AUS,2022,,60029.133,26200987,East Asia and Pacific (WB)
Australia,AUS,2023,,60684.96,26451126,East Asia and Pacific (WB)
Australia,AUS,2024,,60303.98,26451126,East Asia and Pacific (WB)
Austria,AUT,1990,,43258.176,7679627,Europe and Central Asia (WB)
Austria,AUT,1991,,44302.42,7757140,Europe and Central Asia (WB)
Austria,AUT,1992,,44734.855,7842715,Europe and Central Asia (WB)
Austria,AUT,1993,,44601.207,7907492,Europe and Central Asia (WB)
Austria,AUT,1994,,45497.137,7938157,Europe and Central Asia (WB)
Austria,AUT,1995,,46639.53,7950322,Europe and Central Asia (WB)
Austria,AUT,1996,,47608.633,7960917,Europe and Central Asia (WB)
Austria,AUT,1997,,48575.16,7969804,Europe and Central Asia (WB)
Austria,AUT,1998,,50216.7,7978465,Europe and Central Asia (WB)
Austria,AUT,1999,,52004.53,7993894,Europe and Central Asia (WB)
Austria,AUT,2000,,53534.344,8012929,Europe and Central Asia (WB)
Austria,AUT,2001,,54032.152,8042233,Europe and Central Asia (WB)
Austria,AUT,2002,,54565.08,8081640,Europe and Central Asia (WB)
Austria,AUT,2003,,54919.79,8122604,Europe and Central Asia (WB)
Austria,AUT,2004,,55980.23,8173496,Europe and Central Asia (WB)
Austria,AUT,2005,,56890.28,8229204,Europe and Central Asia (WB)
Austria,AUT,2006,,58460.24,8269901,Europe and Central Asia (WB)
Austria,AUT,2007,,60470.91,8296948,Europe and Central Asia (WB)
Austria,AUT,2008,,61157.99,8323250,Europe and Central Asia (WB)
Austria,AUT,2009,,58810.44,8345073,Europe and Central Asia (WB)
Austria,AUT,2010,503.46814,59730.55,8365087,Europe and Central Asia (WB)
Austria,AUT,2011,,61272.258,8393272,Europe and Central Asia (WB)
Austria,AUT,2012,,61376.723,8431599,Europe and Central Asia (WB)
Austria,AUT,2013,,60863.055,8481411,Europe and Central Asia (WB)
Austria,AUT,2014,,60845.66,8547812,Europe and Central Asia (WB)
Austria,AUT,2015,,60951.688,8644037,Europe and Central Asia (WB)
Austria,AUT,2016,,61572.71,8737920,Europe and Central Asia (WB)
Austria,AUT,2017,525,62535.9,8798779,Europe and Central Asia (WB)
Austria,AUT,2018,524.83264,63778.027,8841653,Europe and Central Asia (WB)
Austria,AUT,2019,,64609.375,8880876,Europe and Central Asia (WB)
Austria,AUT,2020,507.63937,60276.414,8921402,Europe and Central Asia (WB)
Austria,AUT,2021,,62968.94,8967053,Europe and Central Asia (WB)
Austria,AUT,2022,,65694.555,9064678,Europe and Central Asia (WB)
Austria,AUT,2023,,64536.297,9130434,Europe and Central Asia (WB)
Austria,AUT,2024,,63788.08,9130434,Europe and Central Asia (WB)
Azerbaijan,AZE,1990,,10776.067,7231084,Europe and Central Asia (WB)
Azerbaijan,AZE,1991,,10559.212,7314317,Europe and Central Asia (WB)
Azerbaijan,AZE,1992,,8050.2163,7405781,Europe and Central Asia (WB)
Azerbaijan,AZE,1993,,6097.4863,7504119,Europe and Central Asia (WB)
Azerbaijan,AZE,1994,,4830.699,7608894,Europe and Central Asia (WB)
Azerbaijan,AZE,1995,,4211.721,7719283,Europe and Central Asia (WB)
Azerbaijan,AZE,1996,,4223.523,7830981,Europe and Central Asia (WB)
Azerbaijan,AZE,1997,,4425.5884,7936220,Europe and Central Asia (WB)
Azerbaijan,AZE,1998,,4822.16,8025808,Europe and Central Asia (WB)
Azerbaijan,AZE,1999,,5133.748,8100472,Europe and Central Asia (WB)
Azerbaijan,AZE,2000,,5656.9297,8174784,Europe and Central Asia (WB)
Azerbaijan,AZE,2001,,6168.9854,8251776,Europe and Central Asia (WB)
Azerbaijan,AZE,2002,,6701.0815,8326141,Europe and Central Asia (WB)
Azerbaijan,AZE,2003,,7329.4062,8400528,Europe and Central Asia (WB)
Azerbaijan,AZE,2004,,7937.8594,8489874,Europe and Central Asia (WB)
Azerbaijan,AZE,2005,,10054.101,8597248,Europe and Central Asia (WB)
Azerbaijan,AZE,2006,,13371.658,8711380,Europe and Central Asia (WB)
Azerbaijan,AZE,2007,,16587.365,8828313,Europe and Central Asia (WB)
Azerbaijan,AZE,2008,,17963.021,8942637,Europe and Central Asia (WB)
Azerbaijan,AZE,2009,,19242.39,9046336,Europe and Central Asia (WB)
Azerbaijan,AZE,2010,402.04822,19925.39,9146852,Europe and Central Asia (WB)
Azerbaijan,AZE,2011,,19358.078,9256156,Europe and Central Asia (WB)
Azerbaijan,AZE,2012,,19523.373,9376179,Europe and Central Asia (WB)
Azerbaijan,AZE,2013,,20398.646,9504417,Europe and Central Asia (WB)
Azerbaijan,AZE,2014,,20709.201,9631136,Europe and Central Asia (WB)
Azerbaijan,AZE,2015,,20678.754,9752859,Europe and Central Asia (WB)
Azerbaijan,AZE,2016,,19822.41,9868434,Europe and Central Asia (WB)
Azerbaijan,AZE,2017,472,19659.004,9968510,Europe and Central Asia (WB)
Azerbaijan,AZE,2018,472.2769,19781.852,10039782,Europe and Central Asia (WB)
Azerbaijan,AZE,2019,,20101.492,10110483,Europe and Central Asia (WB)
Azerbaijan,AZE,2020,415.9462,19126.098,10181736,Europe and Central Asia (WB)
Azerbaijan,AZE,2021,,20111.375,10234372,Europe and Central Asia (WB)
Azerbaijan,AZE,2022,,21051.244,10295307,Europe and Central Asia (WB)
Azerbaijan,AZE,2023,,21310.738,10318209,Europe and Central Asia (WB)
Azerbaijan,AZE,2024,,22072.148,10318209,Europe and Central Asia (WB)
Bahamas,BHS,1990,,33072.16,275954,Latin America and Caribbean (WB)
Bahamas,BHS,1991,,31148.904,280745,Latin America and Caribbean (WB)
Bahamas,BHS,1992,,29412.88,285938,Latin America and Caribbean (WB)
Bahamas,BHS,1993,,28955.352,291350,Latin America and Caribbean (WB)
Bahamas,BHS,1994,,29346.361,296519,Latin America and Caribbean (WB)
Bahamas,BHS,1995,,30128.193,301471,Latin America and Caribbean (WB)
Bahamas,BHS,1996,,30907.82,306281,Latin America and Caribbean (WB)
Bahamas,BHS,1997,,30839.025,310914,Latin America and Caribbean (WB)
Bahamas,BHS,1998,,31836.527,315376,Latin America and Caribbean (WB)
Bahamas,BHS,1999,,33657.805,319623,Latin America and Caribbean (WB)
Bahamas,BHS,2000,,34597.164,323846,Latin America and Caribbean (WB)
Bahamas,BHS,2001,,35072.367,327847,Latin America and Caribbean (WB)
Bahamas,BHS,2002,,35610.68,331625,Latin America and Caribbean (WB)
Bahamas,BHS,2003,,34740.76,335625,Latin America and Caribbean (WB)
Bahamas,BHS,2004,,34617.805,339794,Latin America and Caribbean (WB)
Bahamas,BHS,2005,,35365.465,343905,Latin America and Caribbean (WB)
Bahamas,BHS,2006,,35789.133,348386,Latin America and Caribbean (WB)
Bahamas,BHS,2007,,35797.117,353343,Latin America and Caribbean (WB)
Bahamas,BHS,2008,,34498.035,358133,Latin America and Caribbean (WB)
Bahamas,BHS,2009,,32630.264,362806,Latin America and Caribbean (WB)
Bahamas,BHS,2010,,32711.459,367482,Latin America and Caribbean (WB)
Bahamas,BHS,2011,,32535.662,371738,Latin America and Caribbean (WB)
Bahamas,BHS,2012,,33667.555,375474,Latin America and Caribbean (WB)
Bahamas,BHS,2013,,32402.916,378957,Latin America and Caribbean (WB)
Bahamas,BHS,2014,,32712.635,382312,Latin America and Caribbean (WB)
Bahamas,BHS,2015,,32777.586,385355,Latin America and Caribbean (WB)
Bahamas,BHS,2016,,32172.336,388060,Latin America and Caribbean (WB)
Bahamas,BHS,2017,,33050.035,390496,Latin America and Caribbean (WB)
Bahamas,BHS,2018,,33650.215,392718,Latin America and Caribbean (WB)
Bahamas,BHS,2019,,33202.49,394684,Latin America and Caribbean (WB)
Bahamas,BHS,2020,,26452.695,395874,Latin America and Caribbean (WB)
Bahamas,BHS,2021,,31064.682,396381,Latin America and Caribbean (WB)
Bahamas,BHS,2022,,34342.93,397542,Latin America and Caribbean (WB)
Bahamas,BHS,2023,,35221.27,399452,Latin America and Caribbean (WB)
Bahamas,BHS,2024,,36244.05,399452,Latin America and Caribbean (WB)
Bahrain,BHR,1990,,41856.543,514799,"Middle East, North Africa, Afghanistan and Pakistan (WB)"
Bahrain,BHR,1991,,47644.023,531883,"Middle East, North Africa, Afghanistan and Pakistan (WB)"
Bahrain,BHR,1992,,49511.95,547753,"Middle East, North Africa, Afghanistan and Pakistan (WB)"
Bahrain,BHR,1993,,54433.137,562820,"Middle East, North Africa, Afghanistan and Pakistan (WB)"
Bahrain,BHR,1994,,52886.58,577960,"Middle East, North Africa, Afghanistan and Pakistan (WB)"
Bahrain,BHR,1995,,53537.684,593230,"Middle East, North Africa, Afghanistan and Pakistan (WB)"
Bahrain,BHR,1996,,54289.438,608593,"Middle East, North Africa, Afghanistan and Pakistan (WB)"
Bahrain,BHR,1997,,54512.855,624019,"Middle East, North Africa, Afghanistan and Pakistan (WB)"
Bahrain,BHR,1998,,55638.695,639391,"Middle East, North Africa, Afghanistan and Pakistan (WB)"
Bahrain,BHR,1999,,56522.227,654622,"Middle East, North Africa, Afghanistan and Pakistan (WB)"
Bahrain,BHR,2000,,57968.996,669589,"Middle East, North Africa, Afghanistan and Pakistan (WB)"
Bahrain,BHR,2001,,57280.7,699964,"Middle East, North Africa, Afghanistan and Pakistan (WB)"
Bahrain,BHR,2002,,55096.656,752205,"Middle East, North Africa, Afghanistan and Pakistan (WB)"
Bahrain,BHR,2003,,54431.875,811276,"Middle East, North Africa, Afghanistan and Pakistan (WB)"
Bahrain,BHR,2004,,54045.094,871446,"Middle East, North Africa, Afghanistan and Pakistan (WB)"
Bahrain,BHR,2005,,53478.266,932618,"Middle East, North Africa, Afghanistan and Pakistan (WB)"
Bahrain,BHR,2006,,52691.934,994626,"Middle East, North Africa, Afghanistan and Pakistan (WB)"
Bahrain,BHR,2007,,52731.793,1057419,"Middle East, North Africa, Afghanistan and Pakistan (WB)"
Bahrain,BHR,2008,,52765.39,1120718,"Middle East, North Africa, Afghanistan and Pakistan (WB)"
Bahrain,BHR,2009,,50665.75,1183616,"Middle East, North Africa, Afghanistan and Pakistan (WB)"
Bahrain,BHR,2010,436.77353,50704.848,1213248,"Middle East, North Africa, Afghanistan and Pakistan (WB)"
Bahrain,BHR,2011,,53132.33,1206733,"Middle East, North Africa, Afghanistan and Pakistan (WB)"
Bahrain,BHR,2012,,54516.84,1216307,"Middle East, North Africa, Afghanistan and Pakistan (WB)"
Bahrain,BHR,2013,,55376.402,1257206,"Middle East, North Africa, Afghanistan and Pakistan (WB)"
Bahrain,BHR,2014,,55065.82,1312857,"Middle East, North Africa, Afghanistan and Pakistan (WB)"
Bahrain,BHR,2015,,54149.914,1369656,"Middle East, North Africa, Afghanistan and Pakistan (WB)"
Bahrain,BHR,2016,,54107.074,1429609,"Middle East, North Africa, Afghanistan and Pakistan (WB)"
Bahrain,BHR,2017,452,53859.773,1482003,"Middle East, North Africa, Afghanistan and Pakistan (WB)"
Bahrain,BHR,2018,451.706,54893.074,1497634,"Middle East, North Africa, Afghanistan and Pakistan (WB)"
Bahrain,BHR,2019,,56749.96,1485675,"Middle East, North Africa, Afghanistan and Pakistan (WB)"
Bahrain,BHR,2020,451.706,53814.246,1483081,"Middle East, North Africa, Afghanistan and Pakistan (WB)"
Bahrain,BHR,2021,,54954.676,1501762,"Middle East, North Africa, Afghanistan and Pakistan (WB)"
Bahrain,BHR,2022,,57572.996,1533460,"Middle East, North Africa, Afghanistan and Pakistan (WB)"
Bahrain,BHR,2023,,57819.906,1569674,"Middle East, North Africa, Afghanistan and Pakistan (WB)"
Bahrain,BHR,2024,,58891.832,1569674,"Middle East, North Africa, Afghanistan and Pakistan (WB)"
Bangladesh,BGD,1990,,2069.7822,111633722,South Asia (WB)
Bangladesh,BGD,1991,,2101.3835,113787112,South Asia (WB)
Bangladesh,BGD,1992,,2174.3823,115952198,South Asia (WB)
Bangladesh,BGD,1993,,2234.81,118132363,South Asia (WB)
Bangladesh,BGD,1994,,2279.0942,120343183,South Asia (WB)
Bangladesh,BGD,1995,,2351.7039,122600372,South Asia (WB)
Bangladesh,BGD,1996,,2413.543,124862185,South Asia (WB)
Bangladesh,BGD,1997,,2475.5957,127198070,South Asia (WB)
Bangladesh,BGD,1998,,2555.0613,129622332,South Asia (WB)
Bangladesh,BGD,1999,,2624.0654,132108065,South Asia (WB)
Bangladesh,BGD,2000,,2712.935,134544303,South Asia (WB)
Bangladesh,BGD,2001,,2803.5547,136805810,South Asia (WB)
Bangladesh,BGD,2002,,2866.4346,138933659,South Asia (WB)
Bangladesh,BGD,2003,,2958.915,140970355,South Asia (WB)
Bangladesh,BGD,2004,,3071.838,142902857,South Asia (WB)
Bangladesh,BGD,2005,,3231.6138,144715789,South Asia (WB)
Bangladesh,BGD,2006,,3407.4272,146405983,South Asia (WB)
Bangladesh,BGD,2007,,3608.9155,147989282,South Asia (WB)
Bangladesh,BGD,2008,,3787.9382,149474264,South Asia (WB)
Bangladesh,BGD,2009,,3942.1362,150873716,South Asia (WB)
Bangladesh,BGD,2010,,4125.464,152201978,South Asia (WB)
Bangladesh,BGD,2011,,4352.4263,153591074,South Asia (WB)
Bangladesh,BGD,2012,,4592.0483,155070110,South Asia (WB)
Bangladesh,BGD,2013,,4822.726,156532134,South Asia (WB)
Bangladesh,BGD,2014,,5068.6396,157964931,South Asia (WB)
Bangladesh,BGD,2015,,5352.7114,159383179,South Asia (WB)
Bangladesh,BGD,2016,,5682.5356,160811934,South Asia (WB)
Bangladesh,BGD,2017,368,6005.707,162186146,South Asia (WB)
Bangladesh,BGD,2018,368.31528,6392.5933,163523109,South Asia (WB)
Bangladesh,BGD,2019,,6838.326,164913060,South Asia (WB)
Bangladesh,BGD,2020,368.31528,7015.1978,166298024,South Asia (WB)
Bangladesh,BGD,2021,,7441.0693,167658855,South Asia (WB)
Bangladesh,BGD,2022,,7888.164,169384891,South Asia (WB)
Bangladesh,BGD,2023,,8242.398,171466986,South Asia (WB)
Bangladesh,BGD,2024,,8486.785,171466986,South Asia (WB)
Barbados,BRB,1990,,19613.248,258583,Latin America and Caribbean (WB)
Barbados,BRB,1991,,18790.87,259382,Latin America and Caribbean (WB)
Barbados,BRB,1992,,17660.324,260272,Latin America and Caribbean (WB)
Barbados,BRB,1993,,17748.555,261036,Latin America and Caribbean (WB)
Barbados,BRB,1994,,18064.4,261625,Latin America and Caribbean (WB)
Barbados,BRB,1995,,18398.75,262046,Latin America and Caribbean (WB)
Barbados,BRB,1996,,19112.504,262290,Latin America and Caribbean (WB)
Barbados,BRB,1997,,20010.217,262405,Latin America and Caribbean (WB)
Barbados,BRB,1998,,20752.81,262434,Latin America and Caribbean (WB)
Barbados,BRB,1999,,20815.836,262521,Latin America and Caribbean (WB)
Barbados,BRB,2000,,21779.22,262071,Latin America and Caribbean (WB)
Barbados,BRB,2001,,21234.709,262429,Latin America and Caribbean (WB)
Barbados,BRB,2002,,21262.309,264155,Latin America and Caribbean (WB)
Barbados,BRB,2003,,21591.791,265789,Latin America and Caribbean (WB)
Barbados,BRB,2004,,21771.902,267297,Latin America and Caribbean (WB)
Barbados,BRB,2005,,22514.484,268717,Latin America and Caribbean (WB)
Barbados,BRB,2006,,23766.607,270011,Latin America and Caribbean (WB)
Barbados,BRB,2007,,24145.754,271298,Latin America and Caribbean (WB)
Barbados,BRB,2008,,24171.652,272719,Latin America and Caribbean (WB)
Barbados,BRB,2009,,22840.885,274137,Latin America and Caribbean (WB)
Barbados,BRB,2010,,22243.457,275251,Latin America and Caribbean (WB)
Barbados,BRB,2011,,22102.482,276150,Latin America and Caribbean (WB)
Barbados,BRB,2012,,21286.332,276949,Latin America and Caribbean (WB)
Barbados,BRB,2013,,20854.568,277669,Latin America and Caribbean (WB)
Barbados,BRB,2014,,20959.965,278355,Latin America and Caribbean (WB)
Barbados,BRB,2015,,20666.965,278999,Latin America and Caribbean (WB)
Barbados,BRB,2016,,20930.633,279604,Latin America and Caribbean (WB)
Barbados,BRB,2017,,21035.793,280177,Latin America and Caribbean (WB)
Barbados,BRB,2018,,20727.422,280719,Latin America and Caribbean (WB)
Barbados,BRB,2019,,20737.979,281216,Latin America and Caribbean (WB)
Barbados,BRB,2020,,17728.072,281706,Latin America and Caribbean (WB)
Barbados,BRB,2021,,17682.732,282157,Latin America and Caribbean (WB)
Barbados,BRB,2022,,20716.285,282324,Latin America and Caribbean (WB)
Barbados,BRB,2023,,21318.672,282347,Latin America and Caribbean (WB)
Barbados,BRB,2024,,21837.725,282347,Latin America and Caribbean (WB)
Belarus,BLR,1990,,12351.636,10186258,Europe and Central Asia (WB)
Belarus,BLR,1991,,12197.788,10193889,Europe and Central Asia (WB)
Belarus,BLR,1992,,11002.602,10217561,Europe and Central Asia (WB)
Belarus,BLR,1993,,10143.984,10241320,Europe and Central Asia (WB)
Belarus,BLR,1994,,8967.73,10230193,Europe and Central Asia (WB)
Belarus,BLR,1995,,8061.196,10197466,Europe and Central Asia (WB)
Belarus,BLR,1996,,8314.856,10164025,Europe and Central Asia (WB)
Belarus,BLR,1997,,9301.327,10122365,Europe and Central Asia (WB)
Belarus,BLR,1998,,10128.156,10080579,Europe and Central Asia (WB)
Belarus,BLR,1999,,10519.749,10039221,Europe and Central Asia (WB)
Belarus,BLR,2000,,11182.455,9991310,Europe and Central Asia (WB)
Belarus,BLR,2001,,11771.087,9938068,Europe and Central Asia (WB)
Belarus,BLR,2002,,12443.933,9873451,Europe and Central Asia (WB)
Belarus,BLR,2003,,13413.927,9803175,Europe and Central Asia (WB)
Belarus,BLR,2004,,15052.118,9735089,Europe and Central Asia (WB)
Belarus,BLR,2005,,16579.873,9667833,Europe and Central Asia (WB)
Belarus,BLR,2006,,18349.871,9608041,Europe and Central Asia (WB)
Belarus,BLR,2007,,20019.611,9563135,Europe and Central Asia (WB)
Belarus,BLR,2008,,22137.947,9529357,Europe and Central Asia (WB)
Belarus,BLR,2009,,22236.838,9507334,Europe and Central Asia (WB)
Belarus,BLR,2010,,24012.613,9490752,Europe and Central Asia (WB)
Belarus,BLR,2011,,25404.756,9472738,Europe and Central Asia (WB)
Belarus,BLR,2012,,25879.133,9463075,Europe and Central Asia (WB)
Belarus,BLR,2013,,26147.625,9464454,Europe and Central Asia (WB)
Belarus,BLR,2014,,26564.436,9472704,Europe and Central Asia (WB)
Belarus,BLR,2015,,25513.213,9487289,Europe and Central Asia (WB)
Belarus,BLR,2016,,24846.83,9499066,Europe and Central Asia (WB)
Belarus,BLR,2017,,25503.98,9495793,Europe and Central Asia (WB)
Belarus,BLR,2018,,26363.463,9480031,Europe and Central Asia (WB)
Belarus,BLR,2019,,26798.82,9435415,Europe and Central Asia (WB)
Belarus,BLR,2020,488.1431,26731.496,9350943,Europe and Central Asia (WB)
Belarus,BLR,2021,,27611.18,9251368,Europe and Central Asia (WB)
Belarus,BLR,2022,,26537.508,9173240,Europe and Central Asia (WB)
Belarus,BLR,2023,,27782.438,9115679,Europe and Central Asia (WB)
Belarus,BLR,2024,,29040.973,9115679,Europe and Central Asia (WB)
Belgium,BEL,1990,,41640.06,9960968,Europe and Central Asia (WB)
Belgium,BEL,1991,,42246.074,9998962,Europe and Central Asia (WB)
Belgium,BEL,1992,,42719.047,10045988,Europe and Central Asia (WB)
Belgium,BEL,1993,,42143.195,10084932,Europe and Central Asia (WB)
Belgium,BEL,1994,,43369.277,10116005,Europe and Central Asia (WB)
Belgium,BEL,1995,,44310.63,10137264,Europe and Central Asia (WB)
Belgium,BEL,1996,,44808.523,10156972,Europe and Central Asia (WB)
Belgium,BEL,1997,,46396.004,10181465,Europe and Central Asia (WB)
Belgium,BEL,1998,,47205.31,10203185,Europe and Central Asia (WB)
Belgium,BEL,1999,,48765.766,10226681,Europe and Central Asia (WB)
Belgium,BEL,2000,,50455.734,10251719,Europe and Central Asia (WB)
Belgium,BEL,2001,,50835.4,10287005,Europe and Central Asia (WB)
Belgium,BEL,2002,,51471.85,10332975,Europe and Central Asia (WB)
Belgium,BEL,2003,,51788.844,10376262,Europe and Central Asia (WB)
Belgium,BEL,2004,,53406.69,10421298,Europe and Central Asia (WB)
Belgium,BEL,2005,,54346.895,10478883,Europe and Central Asia (WB)
Belgium,BEL,2006,,55367.62,10548445,Europe and Central Asia (WB)
Belgium,BEL,2007,,56983.46,10625488,Europe and Central Asia (WB)
Belgium,BEL,2008,,56787.74,10709711,Europe and Central Asia (WB)
Belgium,BEL,2009,,55258.707,10812936,Europe and Central Asia (WB)
Belgium,BEL,2010,526.4219,56240.203,10936619,Europe and Central Asia (WB)
Belgium,BEL,2011,,56585.3,11038624,Europe and Central Asia (WB)
Belgium,BEL,2012,,56356.824,11107522,Europe and Central Asia (WB)
Belgium,BEL,2013,,56263.176,11160277,Europe and Central Asia (WB)
Belgium,BEL,2014,,57002.91,11210113,Europe and Central Asia (WB)
Belgium,BEL,2015,,57509.023,11275332,Europe and Central Asia (WB)
Belgium,BEL,2016,,57901.496,11332707,Europe and Central Asia (WB)
Belgium,BEL,2017,519,58529.332,11376583,Europe and Central Asia (WB)
Belgium,BEL,2018,519.44495,59357.69,11428608,Europe and Central Asia (WB)
Belgium,BEL,2019,,60479.977,11490623,Europe and Central Asia (WB)
Belgium,BEL,2020,516.80786,57333.543,11540102,Europe and Central Asia (WB)
Belgium,BEL,2021,,60669.215,11570843,Europe and Central Asia (WB)
Belgium,BEL,2022,,62561.78,11641814,Europe and Central Asia (WB)
Belgium,BEL,2023,,63095.402,11712891,Europe and Central Asia (WB)
Belgium,BEL,2024,,63347.785,11712891,Europe and Central Asia (WB)
Belize,BLZ,1990,,8251.617,183090,Latin America and Caribbean (WB)
Belize,BLZ,1991,,9028.073,187056,Latin America and Caribbean (WB)
Belize,BLZ,1992,,9967.777,190995,Latin America and Caribbean (WB)
Belize,BLZ,1993,,10366.859,194916,Latin America and Caribbean (WB)
Belize,BLZ,1994,,10146.399,199101,Latin America and Caribbean (WB)
Belize,BLZ,1995,,9967.847,204165,Latin America and Caribbean (WB)
Belize,BLZ,1996,,9782.645,210321,Latin America and Caribbean (WB)
Belize,BLZ,1997,,9862.267,217459,Latin America and Caribbean (WB)
Belize,BLZ,1998,,9894.6,225186,Latin America and Caribbean (WB)
Belize,BLZ,1999,,10460.635,233066,Latin America and Caribbean (WB)
Belize,BLZ,2000,,11363.687,240809,Latin America and Caribbean (WB)
Belize,BLZ,2001,,11567.026,248393,Latin America and Caribbean (WB)
Belize,BLZ,2002,,11828.187,256019,Latin America and Caribbean (WB)
Belize,BLZ,2003,,12589.268,263794,Latin America and Caribbean (WB)
Belize,BLZ,2004,,12807.166,271695,Latin America and Caribbean (WB)
Belize,BLZ,2005,,12714.97,279747,Latin America and Caribbean (WB)
Belize,BLZ,2006,,12912.53,287889,Latin America and Caribbean (WB)
Belize,BLZ,2007,,12973.207,296117,Latin America and Caribbean (WB)
Belize,BLZ,2008,,12415.681,304373,Latin America and Caribbean (WB)
Belize,BLZ,2009,,12033.91,312619,Latin America and Caribbean (WB)
Belize,BLZ,2010,,11913.664,320256,Latin America and Caribbean (WB)
Belize,BLZ,2011,,11641.771,327306,Latin America and Caribbean (WB)
Belize,BLZ,2012,,11843.415,334421,Latin America and Caribbean (WB)
Belize,BLZ,2013,,12064.797,341635,Latin America and Caribbean (WB)
Belize,BLZ,2014,,12272.296,348934,Latin America and Caribbean (WB)
Belize,BLZ,2015,,12348.795,356341,Latin America and Caribbean (WB)
Belize,BLZ,2016,,12063.06,364717,Latin America and Caribbean (WB)
Belize,BLZ,2017,,11572.301,373215,Latin America and Caribbean (WB)
Belize,BLZ,2018,,11451.897,380232,Latin America and Caribbean (WB)
Belize,BLZ,2019,,11765.975,385833,Latin America and Caribbean (WB)
Belize,BLZ,2020,,10045.141,390819,Latin America and Caribbean (WB)
Belize,BLZ,2021,,11716.327,395355,Latin America and Caribbean (WB)
Belize,BLZ,2022,,12565.364,402741,Latin America and Caribbean (WB)
Belize,BLZ,2023,,12371.009,411112,Latin America and Caribbean (WB)
Belize,BLZ,2024,,12621.408,411112,Latin America and Caribbean (WB)
Benin,BEN,1990,,2207.0679,5281482,Sub-Saharan Africa (WB)
Benin,BEN,1991,,2230.4604,5446935,Sub-Saharan Africa (WB)
Benin,BEN,1992,,2226.5667,5617847,Sub-Saharan Africa (WB)
Benin,BEN,1993,,2254.2456,5872707,Sub-Saharan Africa (WB)
Benin,BEN,1994,,2215.3662,6096510,Sub-Saharan Africa (WB)
Benin,BEN,1995,,2300.141,6226775,Sub-Saharan Africa (WB)
Benin,BEN,1996,,2337.6304,6391861,Sub-Saharan Africa (WB)
Benin,BEN,1997,,2399.786,6583375,Sub-Saharan Africa (WB)
Benin,BEN,1998,,2419.1,6789492,Sub-Saharan Africa (WB)
Benin,BEN,1999,,2470.685,7002818,Sub-Saharan Africa (WB)
Benin,BEN,2000,,2536.169,7221618,Sub-Saharan Africa (WB)
Benin,BEN,2001,,2591.065,7445599,Sub-Saharan Africa (WB)
Benin,BEN,2002,,2630.1807,7675430,Sub-Saharan Africa (WB)
Benin,BEN,2003,,2639.0437,7913074,Sub-Saharan Africa (WB)
Benin,BEN,2004,,2672.844,8159098,Sub-Saharan Africa (WB)
Benin,BEN,2005,,2632.4724,8426145,Sub-Saharan Africa (WB)
Benin,BEN,2006,,2652.2185,8693243,Sub-Saharan Africa (WB)
Benin,BEN,2007,,2729.1375,8953973,Sub-Saharan Africa (WB)
Benin,BEN,2008,,2777.6196,9228468,Sub-Saharan Africa (WB)
Benin,BEN,2009,,2758.0725,9509431,Sub-Saharan Africa (WB)
Benin,BEN,2010,377.18536,2733.574,9797488,Sub-Saharan Africa (WB)
Benin,BEN,2011,,2732.0125,10093626,Sub-Saharan Africa (WB)
Benin,BEN,2012,,2779.7266,10397659,Sub-Saharan Africa (WB)
Benin,BEN,2013,,2893.0466,10708831,Sub-Saharan Africa (WB)
Benin,BEN,2014,,2987.3823,11030008,Sub-Saharan Africa (WB)
Benin,BEN,2015,,2952.0022,11360681,Sub-Saharan Africa (WB)
Benin,BEN,2016,,2962.6638,11697845,Sub-Saharan Africa (WB)
Benin,BEN,2017,384,3041.7793,12039777,Sub-Saharan Africa (WB)
Benin,BEN,2018,383.92285,3155.4512,12383349,Sub-Saharan Africa (WB)
Benin,BEN,2019,,3281.1047,12726760,Sub-Saharan Africa (WB)
Benin,BEN,2020,383.92285,3317.8596,13070169,Sub-Saharan Africa (WB)
Benin,BEN,2021,,3464.2886,13413423,Sub-Saharan Africa (WB)
Benin,BEN,2022,,3588.3252,13759507,Sub-Saharan Africa (WB)
Benin,BEN,2023,,3721.2126,14111035,Sub-Saharan Africa (WB)
Benin,BEN,2024,,3901.326,14111035,Sub-Saharan Africa (WB)
Bermuda,BMU,1990,,79747.484,57584,North America (WB)
Bermuda,BMU,1991,,76365.05,58007,North America (WB)
Bermuda,BMU,1992,,75766.695,58430,North America (WB)
Bermuda,BMU,1993,,77503.46,58834,North America (WB)
Bermuda,BMU,1994,,77470.3,59214,North America (WB)
Bermuda,BMU,1995,,80427.24,59549,North America (WB)
Bermuda,BMU,1996,,82122.78,59836,North America (WB)
Bermuda,BMU,1997,,85380.836,60194,North America (WB)
Bermuda,BMU,1998,,88034.81,60659,North America (WB)
Bermuda,BMU,1999,,90290.56,61142,North America (WB)
Bermuda,BMU,2000,,98019.93,61569,North America (WB)
Bermuda,BMU,2001,,104560.836,61887,North America (WB)
Bermuda,BMU,2002,,102559.766,62163,North America (WB)
Bermuda,BMU,2003,,105642.98,62405,North America (WB)
Bermuda,BMU,2004,,107803.2,62576,North America (WB)
Bermuda,BMU,2005,,109335.38,62730,North America (WB)
Bermuda,BMU,2006,,115170.9,62855,North America (WB)
Bermuda,BMU,2007,,118691.07,63030,North America (WB)
Bermuda,BMU,2008,,115942.73,63319,North America (WB)
Bermuda,BMU,2009,,108962.82,63587,North America (WB)
Bermuda,BMU,2010,,105968.875,63748,North America (WB)
Bermuda,BMU,2011,,101989.93,63753,North America (WB)
Bermuda,BMU,2012,,96711.07,63665,North America (WB)
Bermuda,BMU,2013,,96549.79,63593,North America (WB)
Bermuda,BMU,2014,,93042.27,63551,North America (WB)
Bermuda,BMU,2015,,93859.875,63482,North America (WB)
Bermuda,BMU,2016,,93265.07,63466,North America (WB)
Bermuda,BMU,2017,,96437.195,63603,North America (WB)
Bermuda,BMU,2018,,95639.23,63852,North America (WB)
Bermuda,BMU,2019,,95519.92,64130,North America (WB)
Bermuda,BMU,2020,,88618.086,64404,North America (WB)
Bermuda,BMU,2021,,92319.67,64672,North America (WB)
Bermuda,BMU,2022,,98145.17,64772,North America (WB)
Bermuda,BMU,2023,,103052.35,64721,North America (WB)
Bermuda,BMU,2024,,109311.94,64721,North America (WB)
Bhutan,BTN,1990,,3411.3838,589295,South Asia (WB)
Bhutan,BTN,1991,,3338.0095,599789,South Asia (WB)
Bhutan,BTN,1992,,3624.598,577780,South Asia (WB)
Bhutan,BTN,1993,,3850.5513,554680,South Asia (WB)
Bhutan,BTN,1994,,4042.4941,554509,South Asia (WB)
Bhutan,BTN,1995,,4379.8706,547995,South Asia (WB)
Bhutan,BTN,1996,,4616.92,548792,South Asia (WB)
Bhutan,BTN,1997,,4778.705,558698,South Asia (WB)
Bhutan,BTN,1998,,4965.8765,569439,South Asia (WB)
Bhutan,BTN,1999,,5241.3667,582589,South Asia (WB)
Bhutan,BTN,2000,,5287.574,596871,South Asia (WB)
Bhutan,BTN,2001,,5545.6304,610801,South Asia (WB)
Bhutan,BTN,2002,,5991.255,624417,South Asia (WB)
Bhutan,BTN,2003,,6323.541,637667,South Asia (WB)
Bhutan,BTN,2004,,6517.997,650559,South Asia (WB)
Bhutan,BTN,2005,,6850.804,661875,South Asia (WB)
Bhutan,BTN,2006,,7140.856,670803,South Asia (WB)
Bhutan,BTN,2007,,8195.07,678643,South Asia (WB)
Bhutan,BTN,2008,,8470.035,686359,South Asia (WB)
Bhutan,BTN,2009,,9019.118,693994,South Asia (WB)
Bhutan,BTN,2010,,9985.284,701638,South Asia (WB)
Bhutan,BTN,2011,,10714.687,709387,South Asia (WB)
Bhutan,BTN,2012,,11143.944,717288,South Asia (WB)
Bhutan,BTN,2013,,11212.4795,725282,South Asia (WB)
Bhutan,BTN,2014,,11744.519,733151,South Asia (WB)
Bhutan,BTN,2015,,12400.298,740623,South Asia (WB)
Bhutan,BTN,2016,,13320.976,747878,South Asia (WB)
Bhutan,BTN,2017,,13482.343,754343,South Asia (WB)
Bhutan,BTN,2018,,13854.8545,759766,South Asia (WB)
Bhutan,BTN,2019,,14555.188,764830,South Asia (WB)
Bhutan,BTN,2020,386.7394,12979.937,770013,South Asia (WB)
Bhutan,BTN,2021,,13458.8125,775450,South Asia (WB)
Bhutan,BTN,2022,,14061.3125,780921,South Asia (WB)
Bhutan,BTN,2023,,14610.296,786386,South Asia (WB)
Bolivia,BOL,1990,,6247.1045,7130143,Latin America and Caribbean (WB)
Bolivia,BOL,1991,,6440.486,7280294,Latin America and Caribbean (WB)
Bolivia,BOL,1992,,6414.3286,7430337,Latin America and Caribbean (WB)
Bolivia,BOL,1993,,6556.8164,7579196,Latin America and Caribbean (WB)
Bolivia,BOL,1994,,6731.2847,7727320,Latin America and Caribbean (WB)
Bolivia,BOL,1995,,6914.342,7874676,Latin America and Caribbean (WB)
Bolivia,BOL,1996,,7083.6133,8021742,Latin America and Caribbean (WB)
Bolivia,BOL,1997,,7301.5093,8167911,Latin America and Caribbean (WB)
Bolivia,BOL,1998,,7534.5166,8313400,Latin America and Caribbean (WB)
Bolivia,BOL,1999,,7435.7256,8459810,Latin America and Caribbean (WB)
Bolivia,BOL,2000,,7492.4336,8606330,Latin America and Caribbean (WB)
Bolivia,BOL,2001,,7491.1523,8752740,Latin America and Caribbean (WB)
Bolivia,BOL,2002,,7550.0156,8900358,Latin America and Caribbean (WB)
Bolivia,BOL,2003,,7625.9053,9050703,Latin America and Caribbean (WB)
Bolivia,BOL,2004,,7811.5967,9204297,Latin America and Caribbean (WB)
Bolivia,BOL,2005,,8020.6357,9360758,Latin America and Caribbean (WB)
Bolivia,BOL,2006,,8263.319,9521685,Latin America and Caribbean (WB)
Bolivia,BOL,2007,,8493.948,9685960,Latin America and Caribbean (WB)
Bolivia,BOL,2008,,8865.272,9850859,Latin America and Caribbean (WB)
Bolivia,BOL,2009,,9011.557,10016279,Latin America and Caribbean (WB)
Bolivia,BOL,2010,,9230.398,10182345,Latin America and Caribbean (WB)
Bolivia,BOL,2011,,9554.445,10348931,Latin America and Caribbean (WB)
Bolivia,BOL,2012,,9884.462,10515814,Latin America and Caribbean (WB)
Bolivia,BOL,2013,,10391.384,10682612,Latin America and Caribbean (WB)
Bolivia,BOL,2014,,10790.848,10848889,Latin America and Caribbean (WB)
Bolivia,BOL,2015,,11144.642,11014707,Latin America and Caribbean (WB)
Bolivia,BOL,2016,,11448.021,11180020,Latin America and Caribbean (WB)
Bolivia,BOL,2017,,11755.256,11344591,Latin America and Caribbean (WB)
Bolivia,BOL,2018,,11920.313,11508370,Latin America and Caribbean (WB)
Bolivia,BOL,2019,,11930.916,11671386,Latin America and Caribbean (WB)
Bolivia,BOL,2020,,10285.659,11816301,Latin America and Caribbean (WB)
Bolivia,BOL,2021,,11202.441,11937369,Latin America and Caribbean (WB)
Bolivia,BOL,2022,,11487.715,12077156,Latin America and Caribbean (WB)
Bolivia,BOL,2023,,11616.157,12244161,Latin America and Caribbean (WB)
Bolivia,BOL,2024,,11329.151,12244161,Latin America and Caribbean (WB)
Bosnia and Herzegovina,BIH,1990,,2413.9482,4448658,Europe and Central Asia (WB)
Bosnia and Herzegovina,BIH,1991,,2183.5352,4458350,Europe and Central Asia (WB)
Bosnia and Herzegovina,BIH,1992,,2150.9197,4234620,Europe and Central Asia (WB)
Bosnia and Herzegovina,BIH,1993,,2281.8992,3904484,Europe and Central Asia (WB)
Bosnia and Herzegovina,BIH,1994,,2657.814,3725412,Europe and Central Asia (WB)
Bosnia and Herzegovina,BIH,1995,,3090.391,3715565,Europe and Central Asia (WB)
Bosnia and Herzegovina,BIH,1996,,4569.0015,3875246,Europe and Central Asia (WB)
Bosnia and Herzegovina,BIH,1997,,6020.9854,4018228,Europe and Central Asia (WB)
Bosnia and Herzegovina,BIH,1998,,6899.3257,4089357,Europe and Central Asia (WB)
Bosnia and Herzegovina,BIH,1999,,7481.335,4130312,Europe and Central Asia (WB)
Bosnia and Herzegovina,BIH,2000,,7830.534,4159785,Europe and Central Asia (WB)
Bosnia and Herzegovina,BIH,2001,,7982.552,4179446,Europe and Central Asia (WB)
Bosnia and Herzegovina,BIH,2002,,8366.727,4188006,Europe and Central Asia (WB)
Bosnia and Herzegovina,BIH,2003,,8709.993,4178523,Europe and Central Asia (WB)
Bosnia and Herzegovina,BIH,2004,,9344.869,4140990,Europe and Central Asia (WB)
Bosnia and Herzegovina,BIH,2005,,9814.511,4096493,Europe and Central Asia (WB)
Bosnia and Herzegovina,BIH,2006,,10430.455,4063269,Europe and Central Asia (WB)
Bosnia and Herzegovina,BIH,2007,,11178.728,4013420,Europe and Central Asia (WB)
Bosnia and Herzegovina,BIH,2008,,11983.77,3947545,Europe and Central Asia (WB)
Bosnia and Herzegovina,BIH,2009,,11826.699,3879798,Europe and Central Asia (WB)
Bosnia and Herzegovina,BIH,2010,460.80423,12142.912,3811480,Europe and Central Asia (WB)
Bosnia and Herzegovina,BIH,2011,,12487.701,3741799,Europe and Central Asia (WB)
Bosnia and Herzegovina,BIH,2012,,12626.979,3670109,Europe and Central Asia (WB)
Bosnia and Herzegovina,BIH,2013,,13135.772,3610857,Europe and Central Asia (WB)
Bosnia and Herzegovina,BIH,2014,,13458.908,3564831,Europe and Central Asia (WB)
Bosnia and Herzegovina,BIH,2015,,14220.149,3518541,Europe and Central Asia (WB)
Bosnia and Herzegovina,BIH,2016,,14873.703,3472997,Europe and Central Asia (WB)
Bosnia and Herzegovina,BIH,2017,461,15554.724,3428684,Europe and Central Asia (WB)
Bosnia and Herzegovina,BIH,2018,460.80423,16349.067,3386999,Europe and Central Asia (WB)
Bosnia and Herzegovina,BIH,2019,,17029.367,3345532,Europe and Central Asia (WB)
Bosnia and Herzegovina,BIH,2020,416.13406,16747.105,3299352,Europe and Central Asia (WB)
Bosnia and Herzegovina,BIH,2021,,18286.738,3244912,Europe and Central Asia (WB)
Bosnia and Herzegovina,BIH,2022,,19298.197,3204802,Europe and Central Asia (WB)
Bosnia and Herzegovina,BIH,2023,,19805,3185072,Europe and Central Asia (WB)
Bosnia and Herzegovina,BIH,2024,,20527.693,3185072,Europe and Central Asia (WB)
Botswana,BWA,1990,,10520.918,1305699,Sub-Saharan Africa (WB)
Botswana,BWA,1991,,11001.802,1341767,Sub-Saharan Africa (WB)
Botswana,BWA,1992,,11008.681,1380038,Sub-Saharan Africa (WB)
Botswana,BWA,1993,,10902.951,1420120,Sub-Saharan Africa (WB)
Botswana,BWA,1994,,10989.67,1460030,Sub-Saharan Africa (WB)
Botswana,BWA,1995,,11457.699,1498842,Sub-Saharan Africa (WB)
Botswana,BWA,1996,,11832.938,1535917,Sub-Saharan Africa (WB)
Botswana,BWA,1997,,12526.353,1571700,Sub-Saharan Africa (WB)
Botswana,BWA,1998,,12306.25,1606906,Sub-Saharan Africa (WB)
Botswana,BWA,1999,,13207.447,1642006,Sub-Saharan Africa (WB)
Botswana,BWA,2000,,13185.817,1677384,Sub-Saharan Africa (WB)
Botswana,BWA,2001,,12949.641,1712264,Sub-Saharan Africa (WB)
Botswana,BWA,2002,,13479.696,1744765,Sub-Saharan Africa (WB)
Botswana,BWA,2003,,13857.259,1775744,Sub-Saharan Africa (WB)
Botswana,BWA,2004,,13984.842,1807153,Sub-Saharan Africa (WB)
Botswana,BWA,2005,,14361.958,1839881,Sub-Saharan Africa (WB)
Botswana,BWA,2006,,15275.583,1874526,Sub-Saharan Africa (WB)
Botswana,BWA,2007,,15850.234,1911200,Sub-Saharan Africa (WB)
Botswana,BWA,2008,,16040.315,1949973,Sub-Saharan Africa (WB)
Botswana,BWA,2009,,13489.951,1990671,Sub-Saharan Africa (WB)
Botswana,BWA,2010,407.9558,14545.02,2033110,Sub-Saharan Africa (WB)
Botswana,BWA,2011,,15236.719,2073538,Sub-Saharan Africa (WB)
Botswana,BWA,2012,,14957.619,2108617,Sub-Saharan Africa (WB)
Botswana,BWA,2013,,16369.426,2140687,Sub-Saharan Africa (WB)
Botswana,BWA,2014,,17052.193,2172053,Sub-Saharan Africa (WB)
Botswana,BWA,2015,,15994.964,2203276,Sub-Saharan Africa (WB)
Botswana,BWA,2016,,16905.588,2234784,Sub-Saharan Africa (WB)
Botswana,BWA,2017,391,17352.896,2266749,Sub-Saharan Africa (WB)
Botswana,BWA,2018,391.3183,17825.02,2299149,Sub-Saharan Africa (WB)
Botswana,BWA,2019,,18106.01,2332082,Sub-Saharan Africa (WB)
Botswana,BWA,2020,391.3183,16289.392,2365895,Sub-Saharan Africa (WB)
Botswana,BWA,2021,,17960.625,2401448,Sub-Saharan Africa (WB)
Botswana,BWA,2022,,18647.373,2439895,Sub-Saharan Africa (WB)
Botswana,BWA,2023,,18932.48,2480242,Sub-Saharan Africa (WB)
Botswana,BWA,2024,,18068.506,2480242,Sub-Saharan Africa (WB)
Brazil,BRA,1990,,12633.288,149143223,Latin America and Caribbean (WB)
Brazil,BRA,1991,,12546.561,151724253,Latin America and Caribbean (WB)
Brazil,BRA,1992,,12271.979,154275077,Latin America and Caribbean (WB)
Brazil,BRA,1993,,12669.429,156794574,Latin America and Caribbean (WB)
Brazil,BRA,1994,,13202.931,159265011,Latin America and Caribbean (WB)
Brazil,BRA,1995,,13550.439,161735079,Latin America and Caribbean (WB)
Brazil,BRA,1996,,13641.63,164202549,Latin America and Caribbean (WB)
Brazil,BRA,1997,,13896.625,166661662,Latin America and Caribbean (WB)
Brazil,BRA,1998,,13737.703,169159651,Latin America and Caribbean (WB)
Brazil,BRA,1999,,13602.414,171641544,Latin America and Caribbean (WB)
Brazil,BRA,2000,,14005.348,174018278,Latin America and Caribbean (WB)
Brazil,BRA,2001,,14016.132,176301201,Latin America and Caribbean (WB)
Brazil,BRA,2002,,14265.905,178503485,Latin America and Caribbean (WB)
Brazil,BRA,2003,,14259.366,180622688,Latin America and Caribbean (WB)
Brazil,BRA,2004,,14911.261,182675144,Latin America and Caribbean (WB)
Brazil,BRA,2005,,15221.014,184688101,Latin America and Caribbean (WB)
Brazil,BRA,2006,,15657.4795,186653099,Latin America and Caribbean (WB)
Brazil,BRA,2007,,16440.584,188552311,Latin America and Caribbean (WB)
Brazil,BRA,2008,,17113.367,190367297,Latin America and Caribbean (WB)
Brazil,BRA,2009,,16939.441,192079958,Latin America and Caribbean (WB)
Brazil,BRA,2010,414.28217,18062.158,193701931,Latin America and Caribbean (WB)
Brazil,BRA,2011,,18627.81,195284736,Latin America and Caribbean (WB)
Brazil,BRA,2012,,18832.219,196876113,Latin America and Caribbean (WB)
Brazil,BRA,2013,,19241.506,198478290,Latin America and Caribbean (WB)
Brazil,BRA,2014,,19183.172,200085126,Latin America and Caribbean (WB)
Brazil,BRA,2015,,18357.068,201675534,Latin America and Caribbean (WB)
Brazil,BRA,2016,,17620.928,203218108,Latin America and Caribbean (WB)
Brazil,BRA,2017,408,17724.48,204703440,Latin America and Caribbean (WB)
Brazil,BRA,2018,408.0994,17917.75,206107265,Latin America and Caribbean (WB)
Brazil,BRA,2019,,18018.621,207455459,Latin America and Caribbean (WB)
Brazil,BRA,2020,413.24475,17327.516,208660845,Latin America and Caribbean (WB)
Brazil,BRA,2021,,18075.705,209550291,Latin America and Caribbean (WB)
Brazil,BRA,2022,,18554.047,210306411,Latin America and Caribbean (WB)
Brazil,BRA,2023,,19079.812,211140731,Latin America and Caribbean (WB)
Brazil,BRA,2024,,19652.365,211140731,Latin America and Caribbean (WB)
Brunei,BRN,1990,,118163.68,255307,East Asia and Pacific (WB)
Brunei,BRN,1991,,118220.69,262604,East Asia and Pacific (WB)
Brunei,BRN,1992,,111457.22,269848,East Asia and Pacific (WB)
Brunei,BRN,1993,,107899.13,276978,East Asia and Pacific (WB)
Brunei,BRN,1994,,106239.234,284098,East Asia and Pacific (WB)
Brunei,BRN,1995,,105043.85,291207,East Asia and Pacific (WB)
Brunei,BRN,1996,,102522.125,298283,East Asia and Pacific (WB)
Brunei,BRN,1997,,106503.42,305357,East Asia and Pacific (WB)
Brunei,BRN,1998,,97171.64,312398,East Asia and Pacific (WB)
Brunei,BRN,1999,,99083.32,319412,East Asia and Pacific (WB)
Brunei,BRN,2000,,100323.44,326429,East Asia and Pacific (WB)
Brunei,BRN,2001,,99680.766,333353,East Asia and Pacific (WB)
Brunei,BRN,2002,,101571.586,340108,East Asia and Pacific (WB)
Brunei,BRN,2003,,103226.914,346650,East Asia and Pacific (WB)
Brunei,BRN,2004,,101497.76,352921,East Asia and Pacific (WB)
Brunei,BRN,2005,,99795.69,358930,East Asia and Pacific (WB)
Brunei,BRN,2006,,102248.51,364670,East Asia and Pacific (WB)
Brunei,BRN,2007,,96752.62,370883,East Asia and Pacific (WB)
Brunei,BRN,2008,,91275.5,377800,East Asia and Pacific (WB)
Brunei,BRN,2009,,87875.83,384965,East Asia and Pacific (WB)
Brunei,BRN,2010,,88586.516,392340,East Asia and Pacific (WB)
Brunei,BRN,2011,,90279.664,399395,East Asia and Pacific (WB)
Brunei,BRN,2012,,89718.46,405564,East Asia and Pacific (WB)
Brunei,BRN,2013,,86606.65,411205,East Asia and Pacific (WB)
Brunei,BRN,2014,,83310.62,416757,East Asia and Pacific (WB)
Brunei,BRN,2015,,81910.19,422223,East Asia and Pacific (WB)
Brunei,BRN,2016,,78880.625,427571,East Asia and Pacific (WB)
Brunei,BRN,2017,,78966.87,432787,East Asia and Pacific (WB)
Brunei,BRN,2018,,78099.05,437811,East Asia and Pacific (WB)
Brunei,BRN,2019,,80228.16,442690,East Asia and Pacific (WB)
Brunei,BRN,2020,437.51593,80280.9,447411,East Asia and Pacific (WB)
Brunei,BRN,2021,,78248.8,451722,East Asia and Pacific (WB)
Brunei,BRN,2022,,76357.83,455374,East Asia and Pacific (WB)
Brunei,BRN,2023,,76616.7,458959,East Asia and Pacific (WB)
Brunei,BRN,2024,,79071.734,458959,East Asia and Pacific (WB)
Bulgaria,BGR,1990,,14954.961,8822366,Europe and Central Asia (WB)
Bulgaria,BGR,1991,,13828.244,8695798,Europe and Central Asia (WB)
Bulgaria,BGR,1992,,12961.038,8559091,Europe and Central Asia (WB)
Bulgaria,BGR,1993,,12871.45,8466533,Europe and Central Asia (WB)
Bulgaria,BGR,1994,,13150.034,8416924,Europe and Central Asia (WB)
Bulgaria,BGR,1995,,13591.41,8357576,Europe and Central Asia (WB)
Bulgaria,BGR,1996,,14372.831,8291402,Europe and Central Asia (WB)
Bulgaria,BGR,1997,,12419.431,8217101,Europe and Central Asia (WB)
Bulgaria,BGR,1998,,12976.321,8138193,Europe and Central Asia (WB)
Bulgaria,BGR,1999,,11953.647,8067464,Europe and Central Asia (WB)
Bulgaria,BGR,2000,,12563.888,8000519,Europe and Central Asia (WB)
Bulgaria,BGR,2001,,13306.56,7928455,Europe and Central Asia (WB)
Bulgaria,BGR,2002,,14397.061,7861949,Europe and Central Asia (WB)
Bulgaria,BGR,2003,,15271.547,7804405,Europe and Central Asia (WB)
Bulgaria,BGR,2004,,16389.027,7749430,Europe and Central Asia (WB)
Bulgaria,BGR,2005,,17678.107,7695047,Europe and Central Asia (WB)
Bulgaria,BGR,2006,,19024.623,7640292,Europe and Central Asia (WB)
Bulgaria,BGR,2007,,20440.338,7586896,Europe and Central Asia (WB)
Bulgaria,BGR,2008,,21846.045,7535589,Europe and Central Asia (WB)
Bulgaria,BGR,2009,,21251.305,7488016,Europe and Central Asia (WB)
Bulgaria,BGR,2010,446.71494,21724.377,7437594,Europe and Central Asia (WB)
Bulgaria,BGR,2011,,22321.125,7380023,Europe and Central Asia (WB)
Bulgaria,BGR,2012,,22618.904,7317020,Europe and Central Asia (WB)
Bulgaria,BGR,2013,,22954.492,7264605,Europe and Central Asia (WB)
Bulgaria,BGR,2014,,23455.58,7223450,Europe and Central Asia (WB)
Bulgaria,BGR,2015,,24562.75,7177515,Europe and Central Asia (WB)
Bulgaria,BGR,2016,,25636.852,7127436,Europe and Central Asia (WB)
Bulgaria,BGR,2017,498,26691.87,7075642,Europe and Central Asia (WB)
Bulgaria,BGR,2018,497.61093,27691.01,7024745,Europe and Central Asia (WB)
Bulgaria,BGR,2019,,29150.043,6975466,Europe and Central Asia (WB)
Bulgaria,BGR,2020,441.09332,28521.324,6933656,Europe and Central Asia (WB)
Bulgaria,BGR,2021,,30959.111,6877222,Europe and Central Asia (WB)
Bulgaria,BGR,2022,,32433.793,6825862,Europe and Central Asia (WB)
Bulgaria,BGR,2023,,33073.816,6795805,Europe and Central Asia (WB)
Bulgaria,BGR,2024,,34221.53,6795805,Europe and Central Asia (WB)
Burkina Faso,BFA,1990,,1107.856,9159358,Sub-Saharan Africa (WB)
Burkina Faso,BFA,1991,,1178.077,9394631,Sub-Saharan Africa (WB)
Burkina Faso,BFA,1992,,1152.0448,9629280,Sub-Saharan Africa (WB)
Burkina Faso,BFA,1993,,1162.6493,9871715,Sub-Saharan Africa (WB)
Burkina Faso,BFA,1994,,1148.6072,10123807,Sub-Saharan Africa (WB)
Burkina Faso,BFA,1995,,1183.5286,10386723,Sub-Saharan Africa (WB)
Burkina Faso,BFA,1996,,1280.696,10655943,Sub-Saharan Africa (WB)
Burkina Faso,BFA,1997,,1326.9423,10934222,Sub-Saharan Africa (WB)
Burkina Faso,BFA,1998,,1385.0931,11240668,Sub-Saharan Africa (WB)
Burkina Faso,BFA,1999,,1444.5669,11574930,Sub-Saharan Africa (WB)
Burkina Faso,BFA,2000,,1428.574,11925548,Sub-Saharan Africa (WB)
Burkina Faso,BFA,2001,,1477.2849,12294996,Sub-Saharan Africa (WB)
Burkina Faso,BFA,2002,,1494.678,12680904,Sub-Saharan Africa (WB)
Burkina Faso,BFA,2003,,1561.8331,13082530,Sub-Saharan Africa (WB)
Burkina Faso,BFA,2004,,1581.2562,13500536,Sub-Saharan Africa (WB)
Burkina Faso,BFA,2005,,1664.9955,13932127,Sub-Saharan Africa (WB)
Burkina Faso,BFA,2006,,1714.7604,14373713,Sub-Saharan Africa (WB)
Burkina Faso,BFA,2007,,1731.9304,14816313,Sub-Saharan Africa (WB)
Burkina Faso,BFA,2008,,1779.3271,15258103,Sub-Saharan Africa (WB)
Burkina Faso,BFA,2009,,1779.323,15710067,Sub-Saharan Africa (WB)
Burkina Faso,BFA,2010,401.74707,1873.9714,16176503,Sub-Saharan Africa (WB)
Burkina Faso,BFA,2011,,1939.8666,16661907,Sub-Saharan Africa (WB)
Burkina Faso,BFA,2012,,2003.6647,17172284,Sub-Saharan Africa (WB)
Burkina Faso,BFA,2013,,2057.064,17695411,Sub-Saharan Africa (WB)
Burkina Faso,BFA,2014,,2083.1985,18229466,Sub-Saharan Africa (WB)
Burkina Faso,BFA,2015,,2101.7026,18777488,Sub-Saharan Africa (WB)
Burkina Faso,BFA,2016,,2162.7258,19334854,Sub-Saharan Africa (WB)
Burkina Faso,BFA,2017,404,2232.2878,19894413,Sub-Saharan Africa (WB)
Burkina Faso,BFA,2018,403.65433,2316.3943,20438289,Sub-Saharan Africa (WB)
Burkina Faso,BFA,2019,,2391.5364,20961956,Sub-Saharan Africa (WB)
Burkina Faso,BFA,2020,403.65433,2380.9316,21478691,Sub-Saharan Africa (WB)
Burkina Faso,BFA,2021,,2486.431,21995249,Sub-Saharan Africa (WB)
Burkina Faso,BFA,2022,,2469.1995,22509038,Sub-Saharan Africa (WB)
Burkina Faso,BFA,2023,,2486.2068,23025777,Sub-Saharan Africa (WB)
Burkina Faso,BFA,2024,,2547.6724,23025777,Sub-Saharan Africa (WB)
Burundi,BDI,1990,,1460.2765,5587051,Sub-Saharan Africa (WB)
Burundi,BDI,1991,,1501.846,5703860,Sub-Saharan Africa (WB)
Burundi,BDI,1992,,1476.9944,5858405,Sub-Saharan Africa (WB)
Burundi,BDI,1993,,1429.1213,5676847,Sub-Saharan Africa (WB)
Burundi,BDI,1994,,1365.4835,5713856,Sub-Saharan Africa (WB)
Burundi,BDI,1995,,1184.284,6066319,Sub-Saharan Africa (WB)
Burundi,BDI,1996,,1088.7893,6070510,Sub-Saharan Africa (WB)
Burundi,BDI,1997,,1071.5594,6070038,Sub-Saharan Africa (WB)
Burundi,BDI,1998,,1101.2205,6187114,Sub-Saharan Africa (WB)
Burundi,BDI,1999,,1064.2876,6337155,Sub-Saharan Africa (WB)
Burundi,BDI,2000,,1033.4719,6470196,Sub-Saharan Africa (WB)
Burundi,BDI,2001,,1028.6185,6634368,Sub-Saharan Africa (WB)
Burundi,BDI,2002,,1044.4802,6824139,Sub-Saharan Africa (WB)
Burundi,BDI,2003,,999.6158,7043158,Sub-Saharan Africa (WB)
Burundi,BDI,2004,,1009.5892,7310656,Sub-Saharan Africa (WB)
Burundi,BDI,2005,,981.5332,7587303,Sub-Saharan Africa (WB)
Burundi,BDI,2006,,998.06946,7865545,Sub-Saharan Africa (WB)
Burundi,BDI,2007,,994.96356,8161879,Sub-Saharan Africa (WB)
Burundi,BDI,2008,,1001.6175,8505643,Sub-Saharan Africa (WB)
Burundi,BDI,2009,,988.19635,8947653,Sub-Saharan Africa (WB)
Burundi,BDI,2010,424.74484,991.0389,9376448,Sub-Saharan Africa (WB)
Burundi,BDI,2011,,994.6912,9717980,Sub-Saharan Africa (WB)
Burundi,BDI,2012,,1002.27454,10071033,Sub-Saharan Africa (WB)
Burundi,BDI,2013,,1014.5231,10439346,Sub-Saharan Africa (WB)
Burundi,BDI,2014,,1022.29156,10799789,Sub-Saharan Africa (WB)
Burundi,BDI,2015,,995.3191,11047581,Sub-Saharan Africa (WB)
Burundi,BDI,2016,,1009.636,11239459,Sub-Saharan Africa (WB)
Burundi,BDI,2017,423,1023.9704,11506764,Sub-Saharan Africa (WB)
Burundi,BDI,2018,422.7478,1046.5951,11859444,Sub-Saharan Africa (WB)
Burundi,BDI,2019,,1057.9501,12255339,Sub-Saharan Africa (WB)
Burundi,BDI,2020,422.7478,1030.7703,12617041,Sub-Saharan Africa (WB)
Burundi,BDI,2021,,1035.5386,12965487,Sub-Saharan Africa (WB)
Burundi,BDI,2022,,1031.2542,13321102,Sub-Saharan Africa (WB)
Burundi,BDI,2023,,1036.1671,13689455,Sub-Saharan Africa (WB)
Burundi,BDI,2024,,1051.2593,13689455,Sub-Saharan Africa (WB)
Cambodia,KHM,1990,,2646.098,7374754,East Asia and Pacific (WB)
Cambodia,KHM,1991,,2731.3796,7686857,East Asia and Pacific (WB)
Cambodia,KHM,1992,,2769.4883,8113085,East Asia and Pacific (WB)
Cambodia,KHM,1993,,2714.5916,8616383,East Asia and Pacific (WB)
Cambodia,KHM,1994,,1650.391,9239160,East Asia and Pacific (WB)
Cambodia,KHM,1995,,1672.7393,10018500,East Asia and Pacific (WB)
Cambodia,KHM,1996,,1643.0157,10801268,East Asia and Pacific (WB)
Cambodia,KHM,1997,,1595.1713,11570986,East Asia and Pacific (WB)
Cambodia,KHM,1998,,1602.3837,12058180,East Asia and Pacific (WB)
Cambodia,KHM,1999,,1775.4124,12265734,East Asia and Pacific (WB)
Cambodia,KHM,2000,,1922.0317,12462343,East Asia and Pacific (WB)
Cambodia,KHM,2001,,2032.0809,12658486,East Asia and Pacific (WB)
Cambodia,KHM,2002,,2126.3416,12855249,East Asia and Pacific (WB)
Cambodia,KHM,2003,,2309.8394,13050977,East Asia and Pacific (WB)
Cambodia,KHM,2004,,2491.3093,13244737,East Asia and Pacific (WB)
Cambodia,KHM,2005,,2781.8904,13439203,East Asia and Pacific (WB)
Cambodia,KHM,2006,,3041.1047,13639032,East Asia and Pacific (WB)
Cambodia,KHM,2007,,3308.1575,13841773,East Asia and Pacific (WB)
Cambodia,KHM,2008,,3501.9258,14053479,East Asia and Pacific (WB)
Cambodia,KHM,2009,,3587.609,14276819,East Asia and Pacific (WB)
Cambodia,KHM,2010,,3711.5376,14500730,East Asia and Pacific (WB)
Cambodia,KHM,2011,,3921.979,14722587,East Asia and Pacific (WB)
Cambodia,KHM,2012,,4159.1636,14945090,East Asia and Pacific (WB)
Cambodia,KHM,2013,,4419.399,15170210,East Asia and Pacific (WB)
Cambodia,KHM,2014,,4702.7305,15396771,East Asia and Pacific (WB)
Cambodia,KHM,2015,,4968.5728,15623253,East Asia and Pacific (WB)
Cambodia,KHM,2016,,5283.7295,15852802,East Asia and Pacific (WB)
Cambodia,KHM,2017,452,5632.0312,16073374,East Asia and Pacific (WB)
Cambodia,KHM,2018,451.8896,6050.591,16274522,East Asia and Pacific (WB)
Cambodia,KHM,2019,,6448.885,16481305,East Asia and Pacific (WB)
Cambodia,KHM,2020,451.8896,6128.782,16725484,East Asia and Pacific (WB)
Cambodia,KHM,2021,,6225.5327,16974309,East Asia and Pacific (WB)
Cambodia,KHM,2022,,6458.368,17201721,East Asia and Pacific (WB)
Cambodia,KHM,2023,,6695.292,17423884,East Asia and Pacific (WB)
Cambodia,KHM,2024,,7008.889,17423884,East Asia and Pacific (WB)
Cameroon,CMR,1990,,4517.6187,11331827,Sub-Saharan Africa (WB)
Cameroon,CMR,1991,,4220.653,11667186,Sub-Saharan Africa (WB)
Cameroon,CMR,1992,,3974.2776,12006362,Sub-Saharan Africa (WB)
Cameroon,CMR,1993,,3556.3186,12353131,Sub-Saharan Africa (WB)
Cameroon,CMR,1994,,3522.7488,12704900,Sub-Saharan Africa (WB)
Cameroon,CMR,1995,,3526.5437,13058517,Sub-Saharan Africa (WB)
Cameroon,CMR,1996,,3577.592,13414761,Sub-Saharan Africa (WB)
Cameroon,CMR,1997,,3641.7075,13775216,Sub-Saharan Africa (WB)
Cameroon,CMR,1998,,3714.132,14144857,Sub-Saharan Africa (WB)
Cameroon,CMR,1999,,3780.0623,14525145,Sub-Saharan Africa (WB)
Cameroon,CMR,2000,,3822.9443,14912632,Sub-Saharan Africa (WB)
Cameroon,CMR,2001,,3884.873,15309489,Sub-Saharan Africa (WB)
Cameroon,CMR,2002,,3951.4194,15725534,Sub-Saharan Africa (WB)
Cameroon,CMR,2003,,4054.7812,16160340,Sub-Saharan Africa (WB)
Cameroon,CMR,2004,,4222.9663,16610485,Sub-Saharan Africa (WB)
Cameroon,CMR,2005,,4199.7227,17074599,Sub-Saharan Africa (WB)
Cameroon,CMR,2006,,4241.5176,17550403,Sub-Saharan Africa (WB)
Cameroon,CMR,2007,,4302.619,18049897,Sub-Saharan Africa (WB)
Cameroon,CMR,2008,,4300.2666,18574052,Sub-Saharan Africa (WB)
Cameroon,CMR,2009,,4286.577,19113978,Sub-Saharan Africa (WB)
Cameroon,CMR,2010,451.2373,4286.583,19668063,Sub-Saharan Africa (WB)
Cameroon,CMR,2011,,4307.852,20232312,Sub-Saharan Africa (WB)
Cameroon,CMR,2012,,4382.1113,20809530,Sub-Saharan Africa (WB)
Cameroon,CMR,2013,,4473.5723,21402379,Sub-Saharan Africa (WB)
Cameroon,CMR,2014,,4588.4863,22059894,Sub-Saharan Africa (WB)
Cameroon,CMR,2015,,4698.667,22763418,Sub-Saharan Africa (WB)
Cameroon,CMR,2016,,4767.132,23454165,Sub-Saharan Africa (WB)
Cameroon,CMR,2017,379,4797.9756,24128609,Sub-Saharan Africa (WB)
Cameroon,CMR,2018,378.86884,4851.48,24806377,Sub-Saharan Africa (WB)
Cameroon,CMR,2019,,4882.3555,25506095,Sub-Saharan Africa (WB)
Cameroon,CMR,2020,378.86884,4763.482,26210566,Sub-Saharan Africa (WB)
Cameroon,CMR,2021,,4793.556,26915765,Sub-Saharan Africa (WB)
Cameroon,CMR,2022,,4843.6504,27632770,Sub-Saharan Africa (WB)
Cameroon,CMR,2023,,4875.251,28372690,Sub-Saharan Africa (WB)
Cameroon,CMR,2024,,4916.9336,28372690,Sub-Saharan Africa (WB)
Canada,CAN,1990,,40475.113,27789437,North America (WB)
Canada,CAN,1991,,39139.312,28157154,North America (WB)
Canada,CAN,1992,,39023.184,28500066,North America (WB)
Canada,CAN,1993,,39622.48,28830635,North America (WB)
Canada,CAN,1994,,40952.137,29147383,North America (WB)
Canada,CAN,1995,,41617.723,29459138,North America (WB)
Canada,CAN,1996,,41880.55,29767210,North America (WB)
Canada,CAN,1997,,43241.242,30059088,North America (WB)
Canada,CAN,1998,,44553.28,30329971,North America (WB)
Canada,CAN,1999,,46464.547,30599458,North America (WB)
Canada,CAN,2000,,48399.305,30891800,North America (WB)
Canada,CAN,2001,,48774.168,31213578,North America (WB)
Canada,CAN,2002,,49695.008,31535579,North America (WB)
Canada,CAN,2003,,50139.785,31836483,North America (WB)
Canada,CAN,2004,,51210.68,32132680,North America (WB)
Canada,CAN,2005,,52356.56,32440172,North America (WB)
Canada,CAN,2006,,53195.78,32759174,North America (WB)
Canada,CAN,2007,,53761.863,33092171,North America (WB)
Canada,CAN,2008,,53711.68,33449088,North America (WB)
Canada,CAN,2009,,51552.42,33826370,North America (WB)
Canada,CAN,2010,544.3091,52558.44,34196900,North America (WB)
Canada,CAN,2011,,53681.13,34555449,North America (WB)
Canada,CAN,2012,,54034.805,34922513,North America (WB)
Canada,CAN,2013,,54712.18,35293421,North America (WB)
Canada,CAN,2014,,55723.484,35634265,North America (WB)
Canada,CAN,2015,,55660.867,35962236,North America (WB)
Canada,CAN,2016,,55606.156,36353345,North America (WB)
Canada,CAN,2017,537,56612.33,36808498,North America (WB)
Canada,CAN,2018,536.7555,57337.492,37294996,North America (WB)
Canada,CAN,2019,,57583.848,37782934,North America (WB)
Canada,CAN,2020,533.998,54092.88,38171903,North America (WB)
Canada,CAN,2021,,56995.117,38454058,North America (WB)
Canada,CAN,2022,,58321.062,38821259,North America (WB)
Canada,CAN,2023,,57517.44,39299098,North America (WB)
Canada,CAN,2024,,56706.824,39299098,North America (WB)
Cape Verde,CPV,1990,,1848.7587,375437,Sub-Saharan Africa (WB)
Cape Verde,CPV,1991,,1830.076,384603,Sub-Saharan Africa (WB)
Cape Verde,CPV,1992,,1984.6807,393426,Sub-Saharan Africa (WB)
Cape Verde,CPV,1993,,2111.6213,401977,Sub-Saharan Africa (WB)
Cape Verde,CPV,1994,,2465.994,410230,Sub-Saharan Africa (WB)
Cape Verde,CPV,1995,,2763.3972,418116,Sub-Saharan Africa (WB)
Cape Verde,CPV,1996,,3022.8882,425592,Sub-Saharan Africa (WB)
Cape Verde,CPV,1997,,3302.974,432803,Sub-Saharan Africa (WB)
Cape Verde,CPV,1998,,3657.381,439789,Sub-Saharan Africa (WB)
Cape Verde,CPV,1999,,4006.4797,446528,Sub-Saharan Africa (WB)
Cape Verde,CPV,2000,,4510.1357,453335,Sub-Saharan Africa (WB)
Cape Verde,CPV,2001,,4540.907,460300,Sub-Saharan Africa (WB)
Cape Verde,CPV,2002,,4710.241,467056,Sub-Saharan Africa (WB)
Cape Verde,CPV,2003,,4841.2656,473384,Sub-Saharan Africa (WB)
Cape Verde,CPV,2004,,5268.303,479377,Sub-Saharan Africa (WB)
Cape Verde,CPV,2005,,5565.7695,485128,Sub-Saharan Africa (WB)
Cape Verde,CPV,2006,,5941.3823,490728,Sub-Saharan Africa (WB)
Cape Verde,CPV,2007,,6767.4067,496196,Sub-Saharan Africa (WB)
Cape Verde,CPV,2008,,7169.1396,501362,Sub-Saharan Africa (WB)
Cape Verde,CPV,2009,,6994.574,506148,Sub-Saharan Africa (WB)
Cape Verde,CPV,2010,,7072.1216,509793,Sub-Saharan Africa (WB)
Cape Verde,CPV,2011,,7325.784,511453,Sub-Saharan Africa (WB)
Cape Verde,CPV,2012,,7397.8223,511966,Sub-Saharan Africa (WB)
Cape Verde,CPV,2013,,7440.6626,512231,Sub-Saharan Africa (WB)
Cape Verde,CPV,2014,,7491.022,512334,Sub-Saharan Africa (WB)
Cape Verde,CPV,2015,,7560.1367,512405,Sub-Saharan Africa (WB)
Cape Verde,CPV,2016,,7881.303,512556,Sub-Saharan Africa (WB)
Cape Verde,CPV,2017,,8234.56,512899,Sub-Saharan Africa (WB)
Cape Verde,CPV,2018,,8531.13,513418,Sub-Saharan Africa (WB)
Cape Verde,CPV,2019,,9111.63,514116,Sub-Saharan Africa (WB)
Cape Verde,CPV,2020,,7207.8687,514683,Sub-Saharan Africa (WB)
Cape Verde,CPV,2021,,7685.4194,516655,Sub-Saharan Africa (WB)
Cape Verde,CPV,2022,,8850.106,519750,Sub-Saharan Africa (WB)
Cape Verde,CPV,2023,,9228.461,522335,Sub-Saharan Africa (WB)
Cape Verde,CPV,2024,,9848.953,522335,Sub-Saharan Africa (WB)
Cayman Islands,CYM,2006,,92213.08,48252,Latin America and Caribbean (WB)
Cayman Islands,CYM,2007,,92343.73,49709,Latin America and Caribbean (WB)
Cayman Islands,CYM,2008,,89380.15,51175,Latin America and Caribbean (WB)
Cayman Islands,CYM,2009,,80631.84,52639,Latin America and Caribbean (WB)
Cayman Islands,CYM,2010,,76294.766,54120,Latin America and Caribbean (WB)
Cayman Islands,CYM,2011,,75094.83,55630,Latin America and Caribbean (WB)
Cayman Islands,CYM,2012,,73982.68,57155,Latin America and Caribbean (WB)
Cayman Islands,CYM,2013,,72988.7,58678,Latin America and Caribbean (WB)
Cayman Islands,CYM,2014,,73051.81,60179,Latin America and Caribbean (WB)
Cayman Islands,CYM,2015,,73315.38,61665,Latin America and Caribbean (WB)
Cayman Islands,CYM,2016,,73941.86,63121,Latin America and Caribbean (WB)
Cayman Islands,CYM,2017,,74599.68,64561,Latin America and Caribbean (WB)
Cayman Islands,CYM,2018,,76124.55,65962,Latin America and Caribbean (WB)
Cayman Islands,CYM,2019,,77476.84,67346,Latin America and Caribbean (WB)
Cayman Islands,CYM,2020,,72183.13,68703,Latin America and Caribbean (WB)
Cayman Islands,CYM,2021,,74160.49,70126,Latin America and Caribbean (WB)
Cayman Islands,CYM,2022,,76818.8,71610,Latin America and Caribbean (WB)
Cayman Islands,CYM,2023,,79675.86,73055,Latin America and Caribbean (WB)
Central African Republic,CAF,1990,,1481.2526,2871915,Sub-Saharan Africa (WB)
Central African Republic,CAF,1991,,1427.6902,2963195,Sub-Saharan Africa (WB)
Central African Republic,CAF,1992,,1294.2025,3058837,Sub-Saharan Africa (WB)
Central African Republic,CAF,1993,,1257.8284,3157842,Sub-Saharan Africa (WB)
Central African Republic,CAF,1994,,1278.915,3257956,Sub-Saharan Africa (WB)
Central African Republic,CAF,1995,,1334.1033,3348062,Sub-Saharan Africa (WB)
Central African Republic,CAF,1996,,1247.9688,3435973,Sub-Saharan Africa (WB)
Central African Republic,CAF,1997,,1278.4883,3531700,Sub-Saharan Africa (WB)
Central African Republic,CAF,1998,,1302.7515,3628833,Sub-Saharan Africa (WB)
Central African Republic,CAF,1999,,1313.2357,3729452,Sub-Saharan Africa (WB)
Central African Republic,CAF,2000,,1245.814,3833421,Sub-Saharan Africa (WB)
Central African Republic,CAF,2001,,1272.857,3919498,Sub-Saharan Africa (WB)
Central African Republic,CAF,2002,,1290.3832,4006079,Sub-Saharan Africa (WB)
Central African Republic,CAF,2003,,1191.8732,4103092,Sub-Saharan Africa (WB)
Central African Republic,CAF,2004,,1236.2854,4192828,Sub-Saharan Africa (WB)
Central African Republic,CAF,2005,,1219.594,4288814,Sub-Saharan Africa (WB)
Central African Republic,CAF,2006,,1251.8708,4377582,Sub-Saharan Africa (WB)
Central African Republic,CAF,2007,,1284.5529,4462777,Sub-Saharan Africa (WB)
Central African Republic,CAF,2008,,1283.2728,4558989,Sub-Saharan Africa (WB)
Central African Republic,CAF,2009,,1402.6816,4529051,Sub-Saharan Africa (WB)
Central African Republic,CAF,2010,,1479.4137,4493003,Sub-Saharan Africa (WB)
Central African Republic,CAF,2011,,1517.1484,4565023,Sub-Saharan Africa (WB)
Central African Republic,CAF,2012,,1577.9806,4610848,Sub-Saharan Africa (WB)
Central African Republic,CAF,2013,,996.89636,4642423,Sub-Saharan Africa (WB)
Central African Republic,CAF,2014,,1001.85596,4623187,Sub-Saharan Africa (WB)
Central African Republic,CAF,2015,,1043.9218,4629322,Sub-Saharan Africa (WB)
Central African Republic,CAF,2016,,1073.9448,4713663,Sub-Saharan Africa (WB)
Central African Republic,CAF,2017,,1103.8661,4793512,Sub-Saharan Africa (WB)
Central African Republic,CAF,2018,,1125.7009,4878663,Sub-Saharan Africa (WB)
Central African Republic,CAF,2019,,1145.0956,4944708,Sub-Saharan Africa (WB)
Central African Republic,CAF,2020,368.73016,1136.5706,5026629,Sub-Saharan Africa (WB)
Central African Republic,CAF,2021,,1128.5524,5112103,Sub-Saharan Africa (WB)
Central African Republic,CAF,2022,,1136.8018,5098038,Sub-Saharan Africa (WB)
Central African Republic,CAF,2023,,1132.6764,5152415,Sub-Saharan Africa (WB)
Central African Republic,CAF,2024,,1111.2194,5152415,Sub-Saharan Africa (WB)
Chad,TCD,1990,,1711.3699,5982838,Sub-Saharan Africa (WB)
Chad,TCD,1991,,1790.7379,6205688,Sub-Saharan Africa (WB)
Chad,TCD,1992,,1853.6766,6474651,Sub-Saharan Africa (WB)
Chad,TCD,1993,,1526.0543,6629147,Sub-Saharan Africa (WB)
Chad,TCD,1994,,1642.5165,6783456,Sub-Saharan Africa (WB)
Chad,TCD,1995,,1591.1416,7089063,Sub-Saharan Africa (WB)
Chad,TCD,1996,,1555.914,7410107,Sub-Saharan Africa (WB)
Chad,TCD,1997,,1588.0986,7670371,Sub-Saharan Africa (WB)
Chad,TCD,1998,,1641.0571,7938841,Sub-Saharan Africa (WB)
Chad,TCD,1999,,1573.5853,8222710,Sub-Saharan Africa (WB)
Chad,TCD,2000,,1506.7158,8512092,Sub-Saharan Africa (WB)
Chad,TCD,2001,,1626.5668,8804122,Sub-Saharan Africa (WB)
Chad,TCD,2002,,1704.273,9116195,Sub-Saharan Africa (WB)
Chad,TCD,2003,,1878.5858,9487830,Sub-Saharan Africa (WB)
Chad,TCD,2004,,2400.97,9920036,Sub-Saharan Africa (WB)
Chad,TCD,2005,,2705.8164,10328094,Sub-Saharan Africa (WB)
Chad,TCD,2006,,2596.0325,10706426,Sub-Saharan Africa (WB)
Chad,TCD,2007,,2613.4739,11081667,Sub-Saharan Africa (WB)
Chad,TCD,2008,,2601.3613,11476299,Sub-Saharan Africa (WB)
Chad,TCD,2009,,2474.7075,11893753,Sub-Saharan Africa (WB)
Chad,TCD,2010,403.31567,2717.4055,12312580,Sub-Saharan Africa (WB)
Chad,TCD,2011,,2741.0708,12755004,Sub-Saharan Africa (WB)
Chad,TCD,2012,,2886.2747,13211006,Sub-Saharan Africa (WB)
Chad,TCD,2013,,2864.113,13691081,Sub-Saharan Africa (WB)
Chad,TCD,2014,,2820.678,14188680,Sub-Saharan Africa (WB)
Chad,TCD,2015,,2822.5793,14647626,Sub-Saharan Africa (WB)
Chad,TCD,2016,,2622.598,15114652,Sub-Saharan Africa (WB)
Chad,TCD,2017,333,2496.2622,15622756,Sub-Saharan Africa (WB)
Chad,TCD,2018,333.11133,2552.3704,16156535,Sub-Saharan Africa (WB)
Chad,TCD,2019,,2604.5315,16685223,Sub-Saharan Africa (WB)
Chad,TCD,2020,333.11133,2513.0293,17224686,Sub-Saharan Africa (WB)
Chad,TCD,2021,,2435.0728,17828274,Sub-Saharan Africa (WB)
Chad,TCD,2022,,2449.4824,18455319,Sub-Saharan Africa (WB)
Chad,TCD,2023,,2433.0989,19319075,Sub-Saharan Africa (WB)
Chad,TCD,2024,,2412.866,19319075,Sub-Saharan Africa (WB)
Chile,CHL,1990,,10952.655,13437181,Latin America and Caribbean (WB)
Chile,CHL,1991,,11607.53,13662482,Latin America and Caribbean (WB)
Chile,CHL,1992,,12735.602,13884579,Latin America and Caribbean (WB)
Chile,CHL,1993,,13377.306,14102276,Latin America and Caribbean (WB)
Chile,CHL,1994,,13846.349,14316263,Latin America and Caribbean (WB)
Chile,CHL,1995,,14908.035,14527382,Latin America and Caribbean (WB)
Chile,CHL,1996,,15744.738,14734049,Latin America and Caribbean (WB)
Chile,CHL,1997,,16683.906,14932436,Latin America and Caribbean (WB)
Chile,CHL,1998,,17156.973,15127799,Latin America and Caribbean (WB)
Chile,CHL,1999,,16896.125,15319311,Latin America and Caribbean (WB)
Chile,CHL,2000,,17525.271,15503638,Latin America and Caribbean (WB)
Chile,CHL,2001,,17870.3,15683852,Latin America and Caribbean (WB)
Chile,CHL,2002,,18240.201,15857926,Latin America and Caribbean (WB)
Chile,CHL,2003,,18902.871,16024755,Latin America and Caribbean (WB)
Chile,CHL,2004,,19961.984,16187324,Latin America and Caribbean (WB)
Chile,CHL,2005,,20918.527,16348780,Latin America and Caribbean (WB)
Chile,CHL,2006,,21968.537,16509195,Latin America and Caribbean (WB)
Chile,CHL,2007,,22878.883,16671571,Latin America and Caribbean (WB)
Chile,CHL,2008,,23509.781,16838987,Latin America and Caribbean (WB)
Chile,CHL,2009,,23013.582,17009730,Latin America and Caribbean (WB)
Chile,CHL,2010,453.89014,24116.77,17181463,Latin America and Caribbean (WB)
Chile,CHL,2011,,25366.27,17351810,Latin America and Caribbean (WB)
Chile,CHL,2012,,26670.498,17519116,Latin America and Caribbean (WB)
Chile,CHL,2013,,27291.357,17687006,Latin America and Caribbean (WB)
Chile,CHL,2014,,27505.049,17864192,Latin America and Caribbean (WB)
Chile,CHL,2015,,27811.375,18047630,Latin America and Caribbean (WB)
Chile,CHL,2016,,27958.729,18267225,Latin America and Caribbean (WB)
Chile,CHL,2017,466,27892.994,18558868,Latin America and Caribbean (WB)
Chile,CHL,2018,465.74442,28492.662,18893185,Latin America and Caribbean (WB)
Chile,CHL,2019,,28218.535,19197748,Latin America and Caribbean (WB)
Chile,CHL,2020,452.21823,26248.562,19370621,Latin America and Caribbean (WB)
Chile,CHL,2021,,29089.85,19456323,Latin America and Caribbean (WB)
Chile,CHL,2022,,29569.479,19553033,Latin America and Caribbean (WB)
Chile,CHL,2023,,29563.678,19658833,Latin America and Caribbean (WB)
Chile,CHL,2024,,30182.787,19658833,Latin America and Caribbean (WB)
China,CHN,1990,,1666.9277,1153582725,East Asia and Pacific (WB)
China,CHN,1991,,1798.2761,1170788533,East Asia and Pacific (WB)
China,CHN,1992,,2030.3864,1184574236,East Asia and Pacific (WB)
China,CHN,1993,,2286.7598,1197308574,East Asia and Pacific (WB)
China,CHN,1994,,2556.6406,1209003099,East Asia and Pacific (WB)
China,CHN,1995,,2808.034,1220133929,East Asia and Pacific (WB)
China,CHN,1996,,3055.9697,1230944809,East Asia and Pacific (WB)
China,CHN,1997,,3305.7905,1241139623,East Asia and Pacific (WB)
China,CHN,1998,,3533.566,1250847122,East Asia and Pacific (WB)
China,CHN,1999,,3774.1377,1260176650,East Asia and Pacific (WB)
China,CHN,2000,,4066.0364,1269581174,East Asia and Pacific (WB)
China,CHN,2001,,4372.157,1278725061,East Asia and Pacific (WB)
China,CHN,2002,,4744.3984,1286866835,East Asia and Pacific (WB)
China,CHN,2003,,5192.006,1294517323,East Asia and Pacific (WB)
China,CHN,2004,,5684.169,1302100316,East Asia and Pacific (WB)
China,CHN,2005,,6298.323,1310027135,East Asia and Pacific (WB)
China,CHN,2006,,7057.1,1318054030,East Asia and Pacific (WB)
China,CHN,2007,,8013.716,1325813576,East Asia and Pacific (WB)
China,CHN,2008,,8743.745,1333821011,East Asia and Pacific (WB)
China,CHN,2009,,9518.433,1342522717,East Asia and Pacific (WB)
China,CHN,2010,,10476.3125,1351561505,East Asia and Pacific (WB)
China,CHN,2011,,11405.018,1360250658,East Asia and Pacific (WB)
China,CHN,2012,,12217.8545,1369520866,East Asia and Pacific (WB)
China,CHN,2013,,13080.829,1379008040,East Asia and Pacific (WB)
China,CHN,2014,,13968.581,1387951970,East Asia and Pacific (WB)
China,CHN,2015,,14856.78,1396134171,East Asia and Pacific (WB)
China,CHN,2016,,15772.765,1404052628,East Asia and Pacific (WB)
China,CHN,2017,456,16757.973,1412354730,East Asia and Pacific (WB)
China,CHN,2018,441,17806.791,1419008954,East Asia and Pacific (WB)
China,CHN,2019,,18820.514,1423520357,East Asia and Pacific (WB)
China,CHN,2020,441,19215.154,1426106093,East Asia and Pacific (WB)
China,CHN,2021,,20843.297,1426437269,East Asia and Pacific (WB)
China,CHN,2022,,21499.383,1425179562,East Asia and Pacific (WB)
China,CHN,2023,,22687.076,1422584930,East Asia and Pacific (WB)
China,CHN,2024,,23845.62,1422584930,East Asia and Pacific (WB)
Colombia,COL,1990,,9998.811,32440064,Latin America and Caribbean (WB)
Colombia,COL,1991,,9996.098,33098373,Latin America and Caribbean (WB)
Colombia,COL,1992,,10196.433,33760571,Latin America and Caribbean (WB)
Colombia,COL,1993,,10533.115,34441479,Latin America and Caribbean (WB)
Colombia,COL,1994,,10927.938,35127408,Latin America and Caribbean (WB)
Colombia,COL,1995,,11279,35804670,Latin America and Caribbean (WB)
Colombia,COL,1996,,11303.131,36462740,Latin America and Caribbean (WB)
Colombia,COL,1997,,11483.505,37121155,Latin America and Caribbean (WB)
Colombia,COL,1998,,11343.88,37792169,Latin America and Caribbean (WB)
Colombia,COL,1999,,10679.709,38454861,Latin America and Caribbean (WB)
Colombia,COL,2000,,10813.494,39089939,Latin America and Caribbean (WB)
Colombia,COL,2001,,10823.45,39709263,Latin America and Caribbean (WB)
Colombia,COL,2002,,10925.148,40324684,Latin America and Caribbean (WB)
Colombia,COL,2003,,11183.291,40937426,Latin America and Caribbean (WB)
Colombia,COL,2004,,11607.938,41543177,Latin America and Caribbean (WB)
Colombia,COL,2005,,11999.255,42128978,Latin America and Caribbean (WB)
Colombia,COL,2006,,12636.625,42691081,Latin America and Caribbean (WB)
Colombia,COL,2007,,13318.304,43235374,Latin America and Caribbean (WB)
Colombia,COL,2008,,13591.061,43758805,Latin America and Caribbean (WB)
Colombia,COL,2009,,13586.752,44271543,Latin America and Caribbean (WB)
Colombia,COL,2010,411.74,14037.064,44777325,Latin America and Caribbean (WB)
Colombia,COL,2011,,14852.37,45259614,Latin America and Caribbean (WB)
Colombia,COL,2012,,15279.479,45715807,Latin America and Caribbean (WB)
Colombia,COL,2013,,15912.247,46151583,Latin America and Caribbean (WB)
Colombia,COL,2014,,16480.363,46565426,Latin America and Caribbean (WB)
Colombia,COL,2015,,16821.38,46969938,Latin America and Caribbean (WB)
Colombia,COL,2016,,17003.244,47437513,Latin America and Caribbean (WB)
Colombia,COL,2017,424,16986.033,48131076,Latin America and Caribbean (WB)
Colombia,COL,2018,423.623,17104.13,49024463,Latin America and Caribbean (WB)
Colombia,COL,2019,,17336.771,49907987,Latin America and Caribbean (WB)
Colombia,COL,2020,419.02753,15861.5,50629997,Latin America and Caribbean (WB)
Colombia,COL,2021,,17383.09,51188174,Latin America and Caribbean (WB)
Colombia,COL,2022,,18458.72,51737944,Latin America and Caribbean (WB)
Colombia,COL,2023,,18382.998,52321152,Latin America and Caribbean (WB)
Colombia,COL,2024,,18477.215,52321152,Latin America and Caribbean (WB)
Comoros,COM,1990,,3114.5618,444601,Sub-Saharan Africa (WB)
Comoros,COM,1991,,2852.1768,455563,Sub-Saharan Africa (WB)
Comoros,COM,1992,,2999.1226,465118,Sub-Saharan Africa (WB)
Comoros,COM,1993,,3019.8838,473681,Sub-Saharan Africa (WB)
Comoros,COM,1994,,2848.619,482148,Sub-Saharan Africa (WB)
Comoros,COM,1995,,2957.409,490594,Sub-Saharan Africa (WB)
Comoros,COM,1996,,2892.0825,499113,Sub-Saharan Africa (WB)
Comoros,COM,1997,,2968.0771,507779,Sub-Saharan Africa (WB)
Comoros,COM,1998,,2918.133,516606,Sub-Saharan Africa (WB)
Comoros,COM,1999,,2943.9202,525894,Sub-Saharan Africa (WB)
Comoros,COM,2000,,2858.857,536084,Sub-Saharan Africa (WB)
Comoros,COM,2001,,2952.4424,547221,Sub-Saharan Africa (WB)
Comoros,COM,2002,,3023.5244,558927,Sub-Saharan Africa (WB)
Comoros,COM,2003,,3023.19,569808,Sub-Saharan Africa (WB)
Comoros,COM,2004,,3058.3833,580711,Sub-Saharan Africa (WB)
Comoros,COM,2005,,3166.3628,592679,Sub-Saharan Africa (WB)
Comoros,COM,2006,,3048.6924,604752,Sub-Saharan Africa (WB)
Comoros,COM,2007,,3012.5474,616935,Sub-Saharan Africa (WB)
Comoros,COM,2008,,3070.3696,629314,Sub-Saharan Africa (WB)
Comoros,COM,2009,,3107.453,641949,Sub-Saharan Africa (WB)
Comoros,COM,2010,,3161.3748,654846,Sub-Saharan Africa (WB)
Comoros,COM,2011,,3227.2166,668064,Sub-Saharan Africa (WB)
Comoros,COM,2012,,3263.163,681637,Sub-Saharan Africa (WB)
Comoros,COM,2013,,3337.5986,696203,Sub-Saharan Africa (WB)
Comoros,COM,2014,,3334.5752,711512,Sub-Saharan Africa (WB)
Comoros,COM,2015,,3302.3862,726685,Sub-Saharan Africa (WB)
Comoros,COM,2016,,3342.7668,741745,Sub-Saharan Africa (WB)
Comoros,COM,2017,392,3401.8523,756672,Sub-Saharan Africa (WB)
Comoros,COM,2018,392.22552,3457.587,771597,Sub-Saharan Africa (WB)
Comoros,COM,2019,,3451.4214,786582,Sub-Saharan Africa (WB)
Comoros,COM,2020,392.22552,3377.7456,802172,Sub-Saharan Africa (WB)
Comoros,COM,2021,,3377.8853,818178,Sub-Saharan Africa (WB)
Comoros,COM,2022,,3399.2783,834191,Sub-Saharan Africa (WB)
Comoros,COM,2023,,3434.4019,850390,Sub-Saharan Africa (WB)
Comoros,COM,2024,,3482.535,850390,Sub-Saharan Africa (WB)
Congo,COG,1990,,8699.526,2380562,Sub-Saharan Africa (WB)
Congo,COG,1991,,8658.161,2449235,Sub-Saharan Africa (WB)
Congo,COG,1992,,8636.637,2519467,Sub-Saharan Africa (WB)
Congo,COG,1993,,8302.697,2595127,Sub-Saharan Africa (WB)
Congo,COG,1994,,7617.6074,2673147,Sub-Saharan Africa (WB)
Congo,COG,1995,,7701.3247,2749464,Sub-Saharan Africa (WB)
Congo,COG,1996,,7812.048,2826786,Sub-Saharan Africa (WB)
Congo,COG,1997,,7599.0483,2887862,Sub-Saharan Africa (WB)
Congo,COG,1998,,7711.6323,2952062,Sub-Saharan Africa (WB)
Congo,COG,1999,,7312.3267,3032876,Sub-Saharan Africa (WB)
Congo,COG,2000,,7570.583,3151349,Sub-Saharan Africa (WB)
Congo,COG,2001,,7567.439,3272542,Sub-Saharan Africa (WB)
Congo,COG,2002,,7729.3887,3350770,Sub-Saharan Africa (WB)
Congo,COG,2003,,7577.4565,3445758,Sub-Saharan Africa (WB)
Congo,COG,2004,,7577.446,3565565,Sub-Saharan Africa (WB)
Congo,COG,2005,,7876.118,3696399,Sub-Saharan Africa (WB)
Congo,COG,2006,,8192.58,3837411,Sub-Saharan Africa (WB)
Congo,COG,2007,,7375.8247,3980430,Sub-Saharan Africa (WB)
Congo,COG,2008,,7587.288,4113514,Sub-Saharan Africa (WB)
Congo,COG,2009,,8138.45,4281218,Sub-Saharan Africa (WB)
Congo,COG,2010,398.17654,8583.662,4462304,Sub-Saharan Africa (WB)
Congo,COG,2011,,8492.421,4609728,Sub-Saharan Africa (WB)
Congo,COG,2012,,9079.687,4740457,Sub-Saharan Africa (WB)
Congo,COG,2013,,8798.494,4857104,Sub-Saharan Africa (WB)
Congo,COG,2014,,9159.257,4975887,Sub-Saharan Africa (WB)
Congo,COG,2015,,8977.707,5097583,Sub-Saharan Africa (WB)
Congo,COG,2016,,8001.8257,5222545,Sub-Saharan Africa (WB)
Congo,COG,2017,371,7372.7705,5351013,Sub-Saharan Africa (WB)
Congo,COG,2018,370.61407,7029.3364,5483128,Sub-Saharan Africa (WB)
Congo,COG,2019,,6939.369,5616656,Sub-Saharan Africa (WB)
Congo,COG,2020,370.61407,6350.5093,5752792,Sub-Saharan Africa (WB)
Congo,COG,2021,,6263.2114,5892187,Sub-Saharan Africa (WB)
Congo,COG,2022,,6205.105,6035104,Sub-Saharan Africa (WB)
Congo,COG,2023,,6172.2876,6182890,Sub-Saharan Africa (WB)
Congo,COG,2024,,6181.4707,6182890,Sub-Saharan Africa (WB)
Costa Rica,CRI,1990,,10953.426,3121707,Latin America and Caribbean (WB)
Costa Rica,CRI,1991,,10920.1,3202182,Latin America and Caribbean (WB)
Costa Rica,CRI,1992,,11626.836,3284261,Latin America and Caribbean (WB)
Costa Rica,CRI,1993,,12144.449,3367436,Latin America and Caribbean (WB)
Costa Rica,CRI,1994,,12385.454,3451122,Latin America and Caribbean (WB)
Costa Rica,CRI,1995,,12593.226,3535179,Latin America and Caribbean (WB)
Costa Rica,CRI,1996,,12467.621,3619012,Latin America and Caribbean (WB)
Costa Rica,CRI,1997,,12856.583,3701713,Latin America and Caribbean (WB)
Costa Rica,CRI,1998,,13481.06,3782840,Latin America and Caribbean (WB)
Costa Rica,CRI,1999,,13760.924,3862103,Latin America and Caribbean (WB)
Costa Rica,CRI,2000,,14018.742,3937737,Latin America and Caribbean (WB)
Costa Rica,CRI,2001,,14250.463,4008951,Latin America and Caribbean (WB)
Costa Rica,CRI,2002,,14495.992,4075710,Latin America and Caribbean (WB)
Costa Rica,CRI,2003,,14891.34,4138791,Latin America and Caribbean (WB)
Costa Rica,CRI,2004,,15323.289,4200079,Latin America and Caribbean (WB)
Costa Rica,CRI,2005,,15703.963,4261240,Latin America and Caribbean (WB)
Costa Rica,CRI,2006,,16620.135,4321337,Latin America and Caribbean (WB)
Costa Rica,CRI,2007,,17743.623,4380250,Latin America and Caribbean (WB)
Costa Rica,CRI,2008,,18334.014,4440058,Latin America and Caribbean (WB)
Costa Rica,CRI,2009,,17932.615,4499788,Latin America and Caribbean (WB)
Costa Rica,CRI,2010,441.59097,18660.92,4555965,Latin America and Caribbean (WB)
Costa Rica,CRI,2011,,19254.914,4609834,Latin America and Caribbean (WB)
Costa Rica,CRI,2012,,19960.793,4663930,Latin America and Caribbean (WB)
Costa Rica,CRI,2013,,20232.268,4716153,Latin America and Caribbean (WB)
Costa Rica,CRI,2014,,20724.922,4767126,Latin America and Caribbean (WB)
Costa Rica,CRI,2015,,21254.783,4818045,Latin America and Caribbean (WB)
Costa Rica,CRI,2016,,21925.6,4867003,Latin America and Caribbean (WB)
Costa Rica,CRI,2017,430,22622.553,4913177,Latin America and Caribbean (WB)
Costa Rica,CRI,2018,429.55508,23005.312,4957813,Latin America and Caribbean (WB)
Costa Rica,CRI,2019,,23364.783,4999549,Latin America and Caribbean (WB)
Costa Rica,CRI,2020,428.5557,22211.861,5034323,Latin America and Caribbean (WB)
Costa Rica,CRI,2021,,23852.926,5059991,Latin America and Caribbean (WB)
Costa Rica,CRI,2022,,24831.719,5081764,Latin America and Caribbean (WB)
Costa Rica,CRI,2023,,25979.629,5105526,Latin America and Caribbean (WB)
Costa Rica,CRI,2024,,26973.436,5105526,Latin America and Caribbean (WB)
Cote d'Ivoire,CIV,1990,,5255.51,12189780,Sub-Saharan Africa (WB)
Cote d'Ivoire,CIV,1991,,5052.8516,12683875,Sub-Saharan Africa (WB)
Cote d'Ivoire,CIV,1992,,4843.2935,13200313,Sub-Saharan Africa (WB)
Cote d'Ivoire,CIV,1993,,4645.4673,13735955,Sub-Saharan Africa (WB)
Cote d'Ivoire,CIV,1994,,4502.4595,14287211,Sub-Saharan Africa (WB)
Cote d'Ivoire,CIV,1995,,4638.7573,14855566,Sub-Saharan Africa (WB)
Cote d'Ivoire,CIV,1996,,4807.4243,15442322,Sub-Saharan Africa (WB)
Cote d'Ivoire,CIV,1997,,5072.597,16047178,Sub-Saharan Africa (WB)
Cote d'Ivoire,CIV,1998,,5093.132,16663948,Sub-Saharan Africa (WB)
Cote d'Ivoire,CIV,1999,,4987.357,17215937,Sub-Saharan Africa (WB)
Cote d'Ivoire,CIV,2000,,4838.3403,17699007,Sub-Saharan Africa (WB)
Cote d'Ivoire,CIV,2001,,4609.1445,18178920,Sub-Saharan Africa (WB)
Cote d'Ivoire,CIV,2002,,4368.928,18654772,Sub-Saharan Africa (WB)
Cote d'Ivoire,CIV,2003,,4060.0005,19125546,Sub-Saharan Africa (WB)
Cote d'Ivoire,CIV,2004,,4088.945,19594997,Sub-Saharan Africa (WB)
Cote d'Ivoire,CIV,2005,,4032.2458,20068468,Sub-Saharan Africa (WB)
Cote d'Ivoire,CIV,2006,,4049.2603,20546808,Sub-Saharan Africa (WB)
Cote d'Ivoire,CIV,2007,,3999.691,21030558,Sub-Saharan Africa (WB)
Cote d'Ivoire,CIV,2008,,4096.7236,21514446,Sub-Saharan Africa (WB)
Cote d'Ivoire,CIV,2009,,4151.0537,21997936,Sub-Saharan Africa (WB)
Cote d'Ivoire,CIV,2010,376.58954,4338.6523,22488068,Sub-Saharan Africa (WB)
Cote d'Ivoire,CIV,2011,,4017.4077,22982003,Sub-Saharan Africa (WB)
Cote d'Ivoire,CIV,2012,,4234.1807,23467083,Sub-Saharan Africa (WB)
Cote d'Ivoire,CIV,2013,,4597.1865,23939775,Sub-Saharan Africa (WB)
Cote d'Ivoire,CIV,2014,,4907.5747,24527393,Sub-Saharan Africa (WB)
Cote d'Ivoire,CIV,2015,,5110.8623,25246347,Sub-Saharan Africa (WB)
Cote d'Ivoire,CIV,2016,,5320.8467,25989404,Sub-Saharan Africa (WB)
Cote d'Ivoire,CIV,2017,373,5556.114,26733376,Sub-Saharan Africa (WB)
Cote d'Ivoire,CIV,2018,373.23053,5670.2,27464175,Sub-Saharan Africa (WB)
Cote d'Ivoire,CIV,2019,,5894.879,28193014,Sub-Saharan Africa (WB)
Cote d'Ivoire,CIV,2020,373.23053,5787.8154,28915452,Sub-Saharan Africa (WB)
Cote d'Ivoire,CIV,2021,,6045.2046,29639737,Sub-Saharan Africa (WB)
Cote d'Ivoire,CIV,2022,,6272.264,30395004,Sub-Saharan Africa (WB)
Cote d'Ivoire,CIV,2023,,6520.899,31165653,Sub-Saharan Africa (WB)
Cote d'Ivoire,CIV,2024,,6747.038,31165653,Sub-Saharan Africa (WB)
Croatia,HRV,1990,,23399.736,4835067,Europe and Central Asia (WB)
Croatia,HRV,1991,,18812.943,4825159,Europe and Central Asia (WB)
Croatia,HRV,1992,,17020.238,4782235,Europe and Central Asia (WB)
Croatia,HRV,1993,,15570.403,4729734,Europe and Central Asia (WB)
Croatia,HRV,1994,,16301.754,4675517,Europe and Central Asia (WB)
Croatia,HRV,1995,,17522.75,4619362,Europe and Central Asia (WB)
Croatia,HRV,1996,,18849.98,4562290,Europe and Central Asia (WB)
Croatia,HRV,1997,,20110.514,4504627,Europe and Central Asia (WB)
Croatia,HRV,1998,,20575.975,4445669,Europe and Central Asia (WB)
Croatia,HRV,1999,,20489.678,4385823,Europe and Central Asia (WB)
Croatia,HRV,2000,,21302.25,4326105,Europe and Central Asia (WB)
Croatia,HRV,2001,,22826.625,4301079,Europe and Central Asia (WB)
Croatia,HRV,2002,,24137.115,4305783,Europe and Central Asia (WB)
Croatia,HRV,2003,,25473.906,4306683,Europe and Central Asia (WB)
Croatia,HRV,2004,,26528.887,4310050,Europe and Central Asia (WB)
Croatia,HRV,2005,,27641.207,4313946,Europe and Central Asia (WB)
Croatia,HRV,2006,,29035.53,4315802,Europe and Central Asia (WB)
Croatia,HRV,2007,,30508.28,4315959,Europe and Central Asia (WB)
Croatia,HRV,2008,,31113.865,4314635,Europe and Central Asia (WB)
Croatia,HRV,2009,,29024.76,4310537,Europe and Central Asia (WB)
Croatia,HRV,2010,489.91412,28702.004,4301150,Europe and Central Asia (WB)
Croatia,HRV,2011,,28769.33,4280827,Europe and Central Asia (WB)
Croatia,HRV,2012,,28259.346,4259233,Europe and Central Asia (WB)
Croatia,HRV,2013,,28397.855,4242403,Europe and Central Asia (WB)
Croatia,HRV,2014,,28456.736,4219485,Europe and Central Asia (WB)
Croatia,HRV,2015,,29466.7,4183732,Europe and Central Asia (WB)
Croatia,HRV,2016,,30821.164,4136438,Europe and Central Asia (WB)
Croatia,HRV,2017,505,32348.934,4079198,Europe and Central Asia (WB)
Croatia,HRV,2018,504.54907,33729.906,4024868,Europe and Central Asia (WB)
Croatia,HRV,2019,,35122.85,3986338,Europe and Central Asia (WB)
Croatia,HRV,2020,487.58124,32493.312,3953956,Europe and Central Asia (WB)
Croatia,HRV,2021,,36930.285,3924607,Europe and Central Asia (WB)
Croatia,HRV,2022,,39864.01,3907031,Europe and Central Asia (WB)
Croatia,HRV,2023,,41320.203,3896023,Europe and Central Asia (WB)
Croatia,HRV,2024,,42829.2,3896023,Europe and Central Asia (WB)
Curacao,CUW,2000,,34307.125,145540,Latin America and Caribbean (WB)
Curacao,CUW,2001,,35339.066,144758,Latin America and Caribbean (WB)
Curacao,CUW,2002,,35435.996,145911,Latin America and Caribbean (WB)
Curacao,CUW,2003,,34812.79,147923,Latin America and Caribbean (WB)
Curacao,CUW,2004,,34288.74,149805,Latin America and Caribbean (WB)
Curacao,CUW,2005,,33651.504,151324,Latin America and Caribbean (WB)
Curacao,CUW,2006,,33334.855,152516,Latin America and Caribbean (WB)
Curacao,CUW,2007,,33490.254,153672,Latin America and Caribbean (WB)
Curacao,CUW,2008,,33795.13,154784,Latin America and Caribbean (WB)
Curacao,CUW,2009,,33397.4,155832,Latin America and Caribbean (WB)
Curacao,CUW,2010,,33004.555,156881,Latin America and Caribbean (WB)
Curacao,CUW,2011,,32704.355,158572,Latin America and Caribbean (WB)
Curacao,CUW,2012,,32320.877,160904,Latin America and Caribbean (WB)
Curacao,CUW,2013,,31753.385,163122,Latin America and Caribbean (WB)
Curacao,CUW,2014,,31128.646,165041,Latin America and Caribbean (WB)
Curacao,CUW,2015,,30861.32,166621,Latin America and Caribbean (WB)
Curacao,CUW,2016,,30209.79,167787,Latin America and Caribbean (WB)
Curacao,CUW,2017,,29729.102,168525,Latin America and Caribbean (WB)
Curacao,CUW,2018,,29256.814,181590,Latin America and Caribbean (WB)
Curacao,CUW,2019,,28659.656,189555,Latin America and Caribbean (WB)
Curacao,CUW,2020,,23669.771,185029,Latin America and Caribbean (WB)
Curacao,CUW,2021,,24905.768,185324,Latin America and Caribbean (WB)
Curacao,CUW,2022,,26734.646,185350,Latin America and Caribbean (WB)
Curacao,CUW,2023,,27617.92,185437,Latin America and Caribbean (WB)
Curacao,CUW,2024,,28762.059,185437,Latin America and Caribbean (WB)
Cyprus,CYP,1990,,27666.65,788355,Europe and Central Asia (WB)
Cyprus,CYP,1991,,27159.04,798950,Europe and Central Asia (WB)
Cyprus,CYP,1992,,28931.936,810344,Europe and Central Asia (WB)
Cyprus,CYP,1993,,28439.332,826042,Europe and Central Asia (WB)
Cyprus,CYP,1994,,29500.746,844669,Europe and Central Asia (WB)
Cyprus,CYP,1995,,31393.377,862698,Europe and Central Asia (WB)
Cyprus,CYP,1996,,31282.738,880295,Europe and Central Asia (WB)
Cyprus,CYP,1997,,31656.96,897574,Europe and Central Asia (WB)
Cyprus,CYP,1998,,33182.125,914552,Europe and Central Asia (WB)
Cyprus,CYP,1999,,34452.867,931235,Europe and Central Asia (WB)
Cyprus,CYP,2000,,36121.816,947667,Europe and Central Asia (WB)
Cyprus,CYP,2001,,37146.996,964129,Europe and Central Asia (WB)
Cyprus,CYP,2002,,38090.934,981443,Europe and Central Asia (WB)
Cyprus,CYP,2003,,38617.973,999600,Europe and Central Asia (WB)
Cyprus,CYP,2004,,40020.09,1017875,Europe and Central Asia (WB)
Cyprus,CYP,2005,,41362.266,1036156,Europe and Central Asia (WB)
Cyprus,CYP,2006,,42595.38,1054424,Europe and Central Asia (WB)
Cyprus,CYP,2007,,43823.94,1072727,Europe and Central Asia (WB)
Cyprus,CYP,2008,,44295.812,1091029,Europe and Central Asia (WB)
Cyprus,CYP,2009,,42253.562,1109377,Europe and Central Asia (WB)
Cyprus,CYP,2010,458.5503,42102.457,1127826,Europe and Central Asia (WB)
Cyprus,CYP,2011,,41212.86,1146493,Europe and Central Asia (WB)
Cyprus,CYP,2012,,39190.383,1165403,Europe and Central Asia (WB)
Cyprus,CYP,2013,,36650.723,1183899,Europe and Central Asia (WB)
Cyprus,CYP,2014,,36105.05,1201806,Europe and Central Asia (WB)
Cyprus,CYP,2015,,37258.652,1219504,Europe and Central Asia (WB)
Cyprus,CYP,2016,,39501.016,1237114,Europe and Central Asia (WB)
Cyprus,CYP,2017,502,41418.16,1254274,Europe and Central Asia (WB)
Cyprus,CYP,2018,502.16217,43510.21,1270743,Europe and Central Asia (WB)
Cyprus,CYP,2019,,45454.363,1286669,Europe and Central Asia (WB)
Cyprus,CYP,2020,502.16217,43402.54,1302250,Europe and Central Asia (WB)
Cyprus,CYP,2021,,47632.77,1317311,Europe and Central Asia (WB)
Cyprus,CYP,2022,,50623.797,1331376,Europe and Central Asia (WB)
Cyprus,CYP,2023,,51453.727,1344981,Europe and Central Asia (WB)
Cyprus,CYP,2024,,52635.582,1344981,Europe and Central Asia (WB)
Czechia,CZE,1990,,27918.137,10301989,Europe and Central Asia (WB)
Czechia,CZE,1991,,24734.77,10304420,Europe and Central Asia (WB)
Czechia,CZE,1992,,24584.33,10312449,Europe and Central Asia (WB)
Czechia,CZE,1993,,24573.992,10320404,Europe and Central Asia (WB)
Czechia,CZE,1994,,25279.791,10322332,Europe and Central Asia (WB)
Czechia,CZE,1995,,26869.02,10312041,Europe and Central Asia (WB)
Czechia,CZE,1996,,28021.67,10296140,Europe and Central Asia (WB)
Czechia,CZE,1997,,27884.74,10280049,Europe and Central Asia (WB)
Czechia,CZE,1998,,27801.44,10265430,Europe and Central Asia (WB)
Czechia,CZE,1999,,28213.455,10251385,Europe and Central Asia (WB)
Czechia,CZE,2000,,29427.406,10236809,Europe and Central Asia (WB)
Czechia,CZE,2001,,30399.873,10231942,Europe and Central Asia (WB)
Czechia,CZE,2002,,30919.549,10239474,Europe and Central Asia (WB)
Czechia,CZE,2003,,31949.297,10248907,Europe and Central Asia (WB)
Czechia,CZE,2004,,33452.34,10261453,Europe and Central Asia (WB)
Czechia,CZE,2005,,35535.746,10280155,Europe and Central Asia (WB)
Czechia,CZE,2006,,37786.88,10304592,Europe and Central Asia (WB)
Czechia,CZE,2007,,39629.008,10337539,Europe and Central Asia (WB)
Czechia,CZE,2008,,40328.344,10378298,Europe and Central Asia (WB)
Czechia,CZE,2009,,38175.14,10420985,Europe and Central Asia (WB)
Czechia,CZE,2010,507.1813,39097.387,10464035,Europe and Central Asia (WB)
Czechia,CZE,2011,,39708.164,10495508,Europe and Central Asia (WB)
Czechia,CZE,2012,,39347.05,10507339,Europe and Central Asia (WB)
Czechia,CZE,2013,,39317.555,10511164,Europe and Central Asia (WB)
Czechia,CZE,2014,,40158.016,10517223,Europe and Central Asia (WB)
Czechia,CZE,2015,,42066.574,10524418,Europe and Central Asia (WB)
Czechia,CZE,2016,,43069.465,10531946,Europe and Central Asia (WB)
Czechia,CZE,2017,522,45177.523,10541343,Europe and Central Asia (WB)
Czechia,CZE,2018,522.3244,46301.082,10548934,Europe and Central Asia (WB)
Czechia,CZE,2019,,47763.617,10554872,Europe and Central Asia (WB)
Czechia,CZE,2020,512.2216,45119.938,10550129,Europe and Central Asia (WB)
Czechia,CZE,2021,,47796.035,10530683,Europe and Central Asia (WB)
Czechia,CZE,2022,,48390.66,10673216,Europe and Central Asia (WB)
Czechia,CZE,2023,,47558.41,10809722,Europe and Central Asia (WB)
Czechia,CZE,2024,,47963.9,10809722,Europe and Central Asia (WB)
Democratic Republic of Congo,COD,1990,,2403.9702,36684065,Sub-Saharan Africa (WB)
Democratic Republic of Congo,COD,1991,,2129.449,37925828,Sub-Saharan Africa (WB)
Democratic Republic of Congo,COD,1992,,1842.5485,39228908,Sub-Saharan Africa (WB)
Democratic Republic of Congo,COD,1993,,1538.3969,40656338,Sub-Saharan Africa (WB)
Democratic Republic of Congo,COD,1994,,1410.0565,42626873,Sub-Saharan Africa (WB)
Democratic Republic of Congo,COD,1995,,1362.1877,44433718,Sub-Saharan Africa (WB)
Democratic Republic of Congo,COD,1996,,1322.5801,45296125,Sub-Saharan Africa (WB)
Democratic Republic of Congo,COD,1997,,1228.3907,46029907,Sub-Saharan Africa (WB)
Democratic Republic of Congo,COD,1998,,1176.0505,47297595,Sub-Saharan Africa (WB)
Democratic Republic of Congo,COD,1999,,1088.6504,48912972,Sub-Saharan Africa (WB)
Democratic Republic of Congo,COD,2000,,981.42206,50507445,Sub-Saharan Africa (WB)
Democratic Republic of Congo,COD,2001,,930.85785,52132646,Sub-Saharan Africa (WB)
Democratic Republic of Congo,COD,2002,,929.4528,53750529,Sub-Saharan Africa (WB)
Democratic Republic of Congo,COD,2003,,953.0446,55343873,Sub-Saharan Africa (WB)
Democratic Republic of Congo,COD,2004,,987.74695,56997740,Sub-Saharan Africa (WB)
Democratic Republic of Congo,COD,2005,,1016.6339,58775726,Sub-Saharan Africa (WB)
Democratic Republic of Congo,COD,2006,,1036.1333,60615909,Sub-Saharan Africa (WB)
Democratic Republic of Congo,COD,2007,,1091.004,62477753,Sub-Saharan Africa (WB)
Democratic Republic of Congo,COD,2008,,1136.9468,64390658,Sub-Saharan Africa (WB)
Democratic Republic of Congo,COD,2009,,1108.5751,66412038,Sub-Saharan Africa (WB)
Democratic Republic of Congo,COD,2010,,1158.0143,68563038,Sub-Saharan Africa (WB)
Democratic Republic of Congo,COD,2011,,1205.7399,70849311,Sub-Saharan Africa (WB)
Democratic Republic of Congo,COD,2012,,1267.2383,73254623,Sub-Saharan Africa (WB)
Democratic Republic of Congo,COD,2013,,1342.7416,75789397,Sub-Saharan Africa (WB)
Democratic Republic of Congo,COD,2014,,1392.7584,78403248,Sub-Saharan Africa (WB)
Democratic Republic of Congo,COD,2015,,1433.2158,81035532,Sub-Saharan Africa (WB)
Democratic Republic of Congo,COD,2016,,1388.8016,83956416,Sub-Saharan Africa (WB)
Democratic Republic of Congo,COD,2017,318,1395.7196,87083400,Sub-Saharan Africa (WB)
Democratic Republic of Congo,COD,2018,310.19714,1431.7285,90047647,Sub-Saharan Africa (WB)
Democratic Republic of Congo,COD,2019,,1394.7646,92947450,Sub-Saharan Africa (WB)
Democratic Republic of Congo,COD,2020,310.19714,1361.028,95990000,Sub-Saharan Africa (WB)
Democratic Republic of Congo,COD,2021,,1402.3856,99148930,Sub-Saharan Africa (WB)
Democratic Republic of Congo,COD,2022,,1484.3384,102396974,Sub-Saharan Africa (WB)
Democratic Republic of Congo,COD,2023,,1559.338,105789733,Sub-Saharan Africa (WB)
Democratic Republic of Congo,COD,2024,,1602.075,105789733,Sub-Saharan Africa (WB)
Denmark,DNK,1990,,46200.477,5141024,Europe and Central Asia (WB)
Denmark,DNK,1991,,46752.67,5154346,Europe and Central Asia (WB)
Denmark,DNK,1992,,47540.926,5171372,Europe and Central Asia (WB)
Denmark,DNK,1993,,47345.414,5188638,Europe and Central Asia (WB)
Denmark,DNK,1994,,49684.137,5206188,Europe and Central Asia (WB)
Denmark,DNK,1995,,50927.547,5233364,Europe and Central Asia (WB)
Denmark,DNK,1996,,52106.562,5263071,Europe and Central Asia (WB)
Denmark,DNK,1997,,53534.613,5285041,Europe and Central Asia (WB)
Denmark,DNK,1998,,54581.414,5304263,Europe and Central Asia (WB)
Denmark,DNK,1999,,56015.355,5321814,Europe and Central Asia (WB)
Denmark,DNK,2000,,57907.504,5339659,Europe and Central Asia (WB)
Denmark,DNK,2001,,58248.555,5358825,Europe and Central Asia (WB)
Denmark,DNK,2002,,58327.83,5375967,Europe and Central Asia (WB)
Denmark,DNK,2003,,58425.965,5390621,Europe and Central Asia (WB)
Denmark,DNK,2004,,59893.094,5404594,Europe and Central Asia (WB)
Denmark,DNK,2005,,61137.68,5419550,Europe and Central Asia (WB)
Denmark,DNK,2006,,63262.742,5437425,Europe and Central Asia (WB)
Denmark,DNK,2007,,63604.562,5461604,Europe and Central Asia (WB)
Denmark,DNK,2008,,62968.16,5493762,Europe and Central Asia (WB)
Denmark,DNK,2009,,59516.508,5523169,Europe and Central Asia (WB)
Denmark,DNK,2010,516.0126,60190.633,5547865,Europe and Central Asia (WB)
Denmark,DNK,2011,,60729.055,5570848,Europe and Central Asia (WB)
Denmark,DNK,2012,,60497.69,5591911,Europe and Central Asia (WB)
Denmark,DNK,2013,,61085.03,5615333,Europe and Central Asia (WB)
Denmark,DNK,2014,,61552.8,5643795,Europe and Central Asia (WB)
Denmark,DNK,2015,,62405.715,5683698,Europe and Central Asia (WB)
Denmark,DNK,2016,,63823.45,5728196,Europe and Central Asia (WB)
Denmark,DNK,2017,531,65352.4,5765164,Europe and Central Asia (WB)
Denmark,DNK,2018,530.7278,66238.7,5793824,Europe and Central Asia (WB)
Denmark,DNK,2019,,67131.47,5814618,Europe and Central Asia (WB)
Denmark,DNK,2020,517.8778,65744.44,5831529,Europe and Central Asia (WB)
Denmark,DNK,2021,,69715.18,5856774,Europe and Central Asia (WB)
Denmark,DNK,2022,,69475.32,5902901,Europe and Central Asia (WB)
Denmark,DNK,2023,,69379.22,5948134,Europe and Central Asia (WB)
Denmark,DNK,2024,,71431.29,5948134,Europe and Central Asia (WB)
Djibouti,DJI,2013,,4469.074,984833,"Middle East, North Africa, Afghanistan and Pakistan (WB)"
Djibouti,DJI,2014,,4705.0493,1002720,"Middle East, North Africa, Afghanistan and Pakistan (WB)"
Djibouti,DJI,2015,,4961.868,1020316,"Middle East, North Africa, Afghanistan and Pakistan (WB)"
Djibouti,DJI,2016,,5226.5005,1037660,"Middle East, North Africa, Afghanistan and Pakistan (WB)"
Djibouti,DJI,2017,,5421.9565,1054844,"Middle East, North Africa, Afghanistan and Pakistan (WB)"
Djibouti,DJI,2018,,5590.5044,1071886,"Middle East, North Africa, Afghanistan and Pakistan (WB)"
Djibouti,DJI,2019,,5809.3047,1088710,"Middle East, North Africa, Afghanistan and Pakistan (WB)"
Djibouti,DJI,2020,,5791.4775,1105193,"Middle East, North Africa, Afghanistan and Pakistan (WB)"
Djibouti,DJI,2021,,5960.108,1121251,"Middle East, North Africa, Afghanistan and Pakistan (WB)"
Djibouti,DJI,2022,,6180.68,1137101,"Middle East, North Africa, Afghanistan and Pakistan (WB)"
Djibouti,DJI,2023,,6510.6787,1152951,"Middle East, North Africa, Afghanistan and Pakistan (WB)"
Djibouti,DJI,2024,,6871.1245,1152951,"Middle East, North Africa, Afghanistan and Pakistan (WB)"
Dominica,DMA,1990,,11311.552,69644,Latin America and Caribbean (WB)
Dominica,DMA,1991,,11518.765,69321,Latin America and Caribbean (WB)
Dominica,DMA,1992,,11747.611,69344,Latin America and Caribbean (WB)
Dominica,DMA,1993,,11982.859,69453,Latin America and Caribbean (WB)
Dominica,DMA,1994,,11979.399,69493,Latin America and Caribbean (WB)
Dominica,DMA,1995,,12343.9,69490,Latin America and Caribbean (WB)
Dominica,DMA,1996,,12737.897,69422,Latin America and Caribbean (WB)
Dominica,DMA,1997,,13037.149,69315,Latin America and Caribbean (WB)
Dominica,DMA,1998,,13563.453,69144,Latin America and Caribbean (WB)
Dominica,DMA,1999,,13661.679,68883,Latin America and Caribbean (WB)
Dominica,DMA,2000,,14054.655,68527,Latin America and Caribbean (WB)
Dominica,DMA,2001,,14091.549,68299,Latin America and Caribbean (WB)
Dominica,DMA,2002,,13640.703,68385,Latin America and Caribbean (WB)
Dominica,DMA,2003,,14398.002,68552,Latin America and Caribbean (WB)
Dominica,DMA,2004,,14962.246,68664,Latin America and Caribbean (WB)
Dominica,DMA,2005,,15080.5205,68750,Latin America and Caribbean (WB)
Dominica,DMA,2006,,15727.705,68823,Latin America and Caribbean (WB)
Dominica,DMA,2007,,16560.518,68862,Latin America and Caribbean (WB)
Dominica,DMA,2008,,17738.041,68866,Latin America and Caribbean (WB)
Dominica,DMA,2009,,17534.033,68879,Latin America and Caribbean (WB)
Dominica,DMA,2010,,17516.787,68872,Latin America and Caribbean (WB)
Dominica,DMA,2011,,17475.041,69073,Latin America and Caribbean (WB)
Dominica,DMA,2012,,17431.129,69138,Latin America and Caribbean (WB)
Dominica,DMA,2013,,17282.637,69733,Latin America and Caribbean (WB)
Dominica,DMA,2014,,17520.855,70387,Latin America and Caribbean (WB)
Dominica,DMA,2015,,16920.912,70429,Latin America and Caribbean (WB)
Dominica,DMA,2016,,17364.078,69627,Latin America and Caribbean (WB)
Dominica,DMA,2017,,16314.2295,68514,Latin America and Caribbean (WB)
Dominica,DMA,2018,411.3955,16877.125,68195,Latin America and Caribbean (WB)
Dominica,DMA,2019,,17619.434,67901,Latin America and Caribbean (WB)
Dominica,DMA,2020,403.78323,14919.531,67588,Latin America and Caribbean (WB)
Dominica,DMA,2021,,15808.975,67222,Latin America and Caribbean (WB)
Dominica,DMA,2022,,17550.8,66847,Latin America and Caribbean (WB)
Dominica,DMA,2023,,18278.225,66531,Latin America and Caribbean (WB)
Dominica,DMA,2024,,18739.363,66531,Latin America and Caribbean (WB)
Dominican Republic,DOM,1990,,7327.7266,7151165,Latin America and Caribbean (WB)
Dominican Republic,DOM,1991,,7246.2466,7299849,Latin America and Caribbean (WB)
Dominican Republic,DOM,1992,,7900.768,7447476,Latin America and Caribbean (WB)
Dominican Republic,DOM,1993,,8318.492,7594567,Latin America and Caribbean (WB)
Dominican Republic,DOM,1994,,8372.071,7741694,Latin America and Caribbean (WB)
Dominican Republic,DOM,1995,,8685.017,7888120,Latin America and Caribbean (WB)
Dominican Republic,DOM,1996,,9036.884,8032895,Latin America and Caribbean (WB)
Dominican Republic,DOM,1997,,9671.148,8174081,Latin America and Caribbean (WB)
Dominican Republic,DOM,1998,,10150.446,8310369,Latin America and Caribbean (WB)
Dominican Republic,DOM,1999,,10582.077,8446207,Latin America and Caribbean (WB)
Dominican Republic,DOM,2000,,10896.318,8584196,Latin America and Caribbean (WB)
Dominican Republic,DOM,2001,,10991.137,8720287,Latin America and Caribbean (WB)
Dominican Republic,DOM,2002,,11313.069,8852231,Latin America and Caribbean (WB)
Dominican Republic,DOM,2003,,11000.868,8980626,Latin America and Caribbean (WB)
Dominican Republic,DOM,2004,,11131.2705,9104889,Latin America and Caribbean (WB)
Dominican Republic,DOM,2005,,12022.508,9225035,Latin America and Caribbean (WB)
Dominican Republic,DOM,2006,,12961.918,9341187,Latin America and Caribbean (WB)
Dominican Republic,DOM,2007,,13754.921,9455663,Latin America and Caribbean (WB)
Dominican Republic,DOM,2008,,14030.141,9573135,Latin America and Caribbean (WB)
Dominican Republic,DOM,2009,,13992.41,9695270,Latin America and Caribbean (WB)
Dominican Republic,DOM,2010,,14975.001,9820180,Latin America and Caribbean (WB)
Dominican Republic,DOM,2011,,15258.086,9945623,Latin America and Caribbean (WB)
Dominican Republic,DOM,2012,,15487.277,10070409,Latin America and Caribbean (WB)
Dominican Republic,DOM,2013,,16054.768,10193838,Latin America and Caribbean (WB)
Dominican Republic,DOM,2014,,16993.588,10315523,Latin America and Caribbean (WB)
Dominican Republic,DOM,2015,,17973.188,10434826,Latin America and Caribbean (WB)
Dominican Republic,DOM,2016,,18968.975,10551430,Latin America and Caribbean (WB)
Dominican Republic,DOM,2017,350,19501.875,10666846,Latin America and Caribbean (WB)
Dominican Republic,DOM,2018,350.0991,20662.848,10782048,Latin America and Caribbean (WB)
Dominican Republic,DOM,2019,,21451.287,10894043,Latin America and Caribbean (WB)
Dominican Republic,DOM,2020,345.21652,19545.41,11008298,Latin America and Caribbean (WB)
Dominican Republic,DOM,2021,,22053.459,11123480,Latin America and Caribbean (WB)
Dominican Republic,DOM,2022,,22986.959,11230734,Latin America and Caribbean (WB)
Dominican Republic,DOM,2023,,23282.49,11331269,Latin America and Caribbean (WB)
Dominican Republic,DOM,2024,,24229.889,11331269,Latin America and Caribbean (WB)
East Asia and Pacific (WB),WB_EAP,1990,,5756.0933,,
East Asia and Pacific (WB),WB_EAP,1991,,5988.0327,,
East Asia and Pacific (WB),WB_EAP,1992,,6222.934,,
East Asia and Pacific (WB),WB_EAP,1993,,6469.884,,
East Asia and Pacific (WB),WB_EAP,1994,,6784.153,,
East Asia and Pacific (WB),WB_EAP,1995,,7136.054,,
East Asia and Pacific (WB),WB_EAP,1996,,7492.9214,,
East Asia and Pacific (WB),WB_EAP,1997,,7741.4346,,
East Asia and Pacific (WB),WB_EAP,1998,,7650.917,,
East Asia and Pacific (WB),WB_EAP,1999,,7893.5933,,
East Asia and Pacific (WB),WB_EAP,2000,,8279.299,,
East Asia and Pacific (WB),WB_EAP,2001,,8512.431,,
East Asia and Pacific (WB),WB_EAP,2002,,8870.338,,
East Asia and Pacific (WB),WB_EAP,2003,,9295.639,,
East Asia and Pacific (WB),WB_EAP,2004,,9822.029,,
East Asia and Pacific (WB),WB_EAP,2005,,10389.535,,
East Asia and Pacific (WB),WB_EAP,2006,,11051.691,,
East Asia and Pacific (WB),WB_EAP,2007,,11869.004,,
East Asia and Pacific (WB),WB_EAP,2008,,12377.856,,
East Asia and Pacific (WB),WB_EAP,2009,,12714.224,,
East Asia and Pacific (WB),WB_EAP,2010,,13649.818,,
East Asia and Pacific (WB),WB_EAP,2011,,14359.679,,
East Asia and Pacific (WB),WB_EAP,2012,,15050.348,,
East Asia and Pacific (WB),WB_EAP,2013,,15769.158,,
East Asia and Pacific (WB),WB_EAP,2014,,16465.184,,
East Asia and Pacific (WB),WB_EAP,2015,,17172.613,,
East Asia and Pacific (WB),WB_EAP,2016,,17906.893,,
East Asia and Pacific (WB),WB_EAP,2017,,18741.928,,
East Asia and Pacific (WB),WB_EAP,2018,,19592.787,,
East Asia and Pacific (WB),WB_EAP,2019,,20360.18,,
East Asia and Pacific (WB),WB_EAP,2020,,20267.256,,
East Asia and Pacific (WB),WB_EAP,2021,,21508.496,,
East Asia and Pacific (WB),WB_EAP,2022,,22175.197,,
East Asia and Pacific (WB),WB_EAP,2023,,23098.934,,
East Asia and Pacific (WB),WB_EAP,2024,,24015.938,,
East Timor,TLS,1990,,2143.792,760348,East Asia and Pacific (WB)
East Timor,TLS,1991,,2318.7942,778286,East Asia and Pacific (WB)
East Timor,TLS,1992,,2493.9087,799323,East Asia and Pacific (WB)
East Timor,TLS,1993,,2674.3992,821445,East Asia and Pacific (WB)
East Timor,TLS,1994,,2786.6763,844501,East Asia and Pacific (WB)
East Timor,TLS,1995,,2891.8647,868152,East Asia and Pacific (WB)
East Timor,TLS,1996,,3038.2305,892289,East Asia and Pacific (WB)
East Timor,TLS,1997,,3073.9705,917189,East Asia and Pacific (WB)
East Timor,TLS,1998,,2931.481,942537,East Asia and Pacific (WB)
East Timor,TLS,1999,,2136.6494,834699,East Asia and Pacific (WB)
East Timor,TLS,2000,,3783.7834,745095,East Asia and Pacific (WB)
East Timor,TLS,2001,,4038.336,812253,East Asia and Pacific (WB)
East Timor,TLS,2002,,3480.9885,879170,East Asia and Pacific (WB)
East Timor,TLS,2003,,3264.9465,916876,East Asia and Pacific (WB)
East Timor,TLS,2004,,3234.9758,929081,East Asia and Pacific (WB)
East Timor,TLS,2005,,3263.9446,948310,East Asia and Pacific (WB)
East Timor,TLS,2006,,3038.9526,976610,East Asia and Pacific (WB)
East Timor,TLS,2007,,3256.5698,1004898,East Asia and Pacific (WB)
East Timor,TLS,2008,,3530.8823,1032431,East Asia and Pacific (WB)
East Timor,TLS,2009,,3792.3582,1058783,East Asia and Pacific (WB)
East Timor,TLS,2010,366.28708,4047.2495,1084688,East Asia and Pacific (WB)
East Timor,TLS,2011,,4189.8,1110212,East Asia and Pacific (WB)
East Timor,TLS,2012,,4297.915,1134891,East Asia and Pacific (WB)
East Timor,TLS,2013,,4340.2783,1158697,East Asia and Pacific (WB)
East Timor,TLS,2014,,4445.3594,1181913,East Asia and Pacific (WB)
East Timor,TLS,2015,,4467.8003,1205133,East Asia and Pacific (WB)
East Timor,TLS,2016,,4515.423,1228314,East Asia and Pacific (WB)
East Timor,TLS,2017,371,4290.0273,1251711,East Asia and Pacific (WB)
East Timor,TLS,2018,371.44125,4188.8413,1275962,East Asia and Pacific (WB)
East Timor,TLS,2019,,5103.1494,1300946,East Asia and Pacific (WB)
East Timor,TLS,2020,371.44125,6594.882,1326051,East Asia and Pacific (WB)
East Timor,TLS,2021,,6825.046,1350142,East Asia and Pacific (WB)
East Timor,TLS,2022,,5348.492,1369299,East Asia and Pacific (WB)
East Timor,TLS,2023,,4331.078,1384292,East Asia and Pacific (WB)
East Timor,TLS,2024,,3890.9575,1384292,East Asia and Pacific (WB)
Ecuador,ECU,1990,,9104.816,10473674,Latin America and Caribbean (WB)
Ecuador,ECU,1991,,9292.618,10702377,Latin America and Caribbean (WB)
Ecuador,ECU,1992,,9291.371,10930128,Latin America and Caribbean (WB)
Ecuador,ECU,1993,,9284.315,11154283,Latin America and Caribbean (WB)
Ecuador,ECU,1994,,9494.175,11372197,Latin America and Caribbean (WB)
Ecuador,ECU,1995,,9525.177,11590519,Latin America and Caribbean (WB)
Ecuador,ECU,1996,,9509.275,11810954,Latin America and Caribbean (WB)
Ecuador,ECU,1997,,9739.267,12031129,Latin America and Caribbean (WB)
Ecuador,ECU,1998,,9876.751,12251188,Latin America and Caribbean (WB)
Ecuador,ECU,1999,,9242.967,12470800,Latin America and Caribbean (WB)
Ecuador,ECU,2000,,9183.052,12689215,Latin America and Caribbean (WB)
Ecuador,ECU,2001,,9405.117,12910736,Latin America and Caribbean (WB)
Ecuador,ECU,2002,,9697.556,13138473,Latin America and Caribbean (WB)
Ecuador,ECU,2003,,9802.814,13372304,Latin America and Caribbean (WB)
Ecuador,ECU,2004,,10290.663,13608700,Latin America and Caribbean (WB)
Ecuador,ECU,2005,,10660.205,13846162,Latin America and Caribbean (WB)
Ecuador,ECU,2006,,10933.49,14086138,Latin America and Caribbean (WB)
Ecuador,ECU,2007,,10952.822,14328783,Latin America and Caribbean (WB)
Ecuador,ECU,2008,,11474.525,14575201,Latin America and Caribbean (WB)
Ecuador,ECU,2009,,11403.527,14825960,Latin America and Caribbean (WB)
Ecuador,ECU,2010,373.4951,11665.698,15076697,Latin America and Caribbean (WB)
Ecuador,ECU,2011,,12449.078,15326232,Latin America and Caribbean (WB)
Ecuador,ECU,2012,,12961.026,15572195,Latin America and Caribbean (WB)
Ecuador,ECU,2013,,13689.152,15807132,Latin America and Caribbean (WB)
Ecuador,ECU,2014,,14064.799,16035127,Latin America and Caribbean (WB)
Ecuador,ECU,2015,,13881.57,16266229,Latin America and Caribbean (WB)
Ecuador,ECU,2016,,13586.516,16505142,Latin America and Caribbean (WB)
Ecuador,ECU,2017,420,14179.153,16759515,Latin America and Caribbean (WB)
Ecuador,ECU,2018,420.14856,14083.507,17049542,Latin America and Caribbean (WB)
Ecuador,ECU,2019,,13870.489,17340017,Latin America and Caribbean (WB)
Ecuador,ECU,2020,420.14856,12440.326,17546058,Latin America and Caribbean (WB)
Ecuador,ECU,2021,,13507.444,17682454,Latin America and Caribbean (WB)
Ecuador,ECU,2022,,14186.639,17823900,Latin America and Caribbean (WB)
Ecuador,ECU,2023,,14343.019,17980079,Latin America and Caribbean (WB)
Ecuador,ECU,2024,,13935.539,17980079,Latin America and Caribbean (WB)
Egypt,EGY,1990,,8006.6216,58396625,"Middle East, North Africa, Afghanistan and Pakistan (WB)"
Egypt,EGY,1991,,7876.5527,60029001,"Middle East, North Africa, Afghanistan and Pakistan (WB)"
Egypt,EGY,1992,,8034.5625,61480663,"Middle East, North Africa, Afghanistan and Pakistan (WB)"
Egypt,EGY,1993,,8079.0547,62915681,"Middle East, North Africa, Afghanistan and Pakistan (WB)"
Egypt,EGY,1994,,8221.047,64285596,"Middle East, North Africa, Afghanistan and Pakistan (WB)"
Egypt,EGY,1995,,8423.578,65652621,"Middle East, North Africa, Afghanistan and Pakistan (WB)"
Egypt,EGY,1996,,8662.331,67028045,"Middle East, North Africa, Afghanistan and Pakistan (WB)"
Egypt,EGY,1997,,8950.654,68431738,"Middle East, North Africa, Afghanistan and Pakistan (WB)"
Egypt,EGY,1998,,9245.479,69943297,"Middle East, North Africa, Afghanistan and Pakistan (WB)"
Egypt,EGY,1999,,9588.859,71520953,"Middle East, North Africa, Afghanistan and Pakistan (WB)"
Egypt,EGY,2000,,9981.628,73083287,"Middle East, North Africa, Afghanistan and Pakistan (WB)"
Egypt,EGY,2001,,10117.333,74652035,"Middle East, North Africa, Afghanistan and Pakistan (WB)"
Egypt,EGY,2002,,10143.506,76239140,"Middle East, North Africa, Afghanistan and Pakistan (WB)"
Egypt,EGY,2003,,10250.377,77853548,"Middle East, North Africa, Afghanistan and Pakistan (WB)"
Egypt,EGY,2004,,10451.821,79477441,"Middle East, North Africa, Afghanistan and Pakistan (WB)"
Egypt,EGY,2005,,10700.609,81101012,"Middle East, North Africa, Afghanistan and Pakistan (WB)"
Egypt,EGY,2006,,11211.832,82700404,"Middle East, North Africa, Afghanistan and Pakistan (WB)"
Egypt,EGY,2007,,11782.006,84276224,"Middle East, North Africa, Afghanistan and Pakistan (WB)"
Egypt,EGY,2008,,12391.585,85864791,"Middle East, North Africa, Afghanistan and Pakistan (WB)"
Egypt,EGY,2009,,12728.081,87501635,"Middle East, North Africa, Afghanistan and Pakistan (WB)"
Egypt,EGY,2010,399.3997,13128.988,89196073,"Middle East, North Africa, Afghanistan and Pakistan (WB)"
Egypt,EGY,2011,,13082.427,91093066,"Middle East, North Africa, Afghanistan and Pakistan (WB)"
Egypt,EGY,2012,,13076.806,93161000,"Middle East, North Africa, Afghanistan and Pakistan (WB)"
Egypt,EGY,2013,,13058.075,95333551,"Middle East, North Africa, Afghanistan and Pakistan (WB)"
Egypt,EGY,2014,,13136.365,97528655,"Middle East, North Africa, Afghanistan and Pakistan (WB)"
Egypt,EGY,2015,,13425.912,99597334,"Middle East, North Africa, Afghanistan and Pakistan (WB)"
Egypt,EGY,2016,,13727.32,101644583,"Middle East, North Africa, Afghanistan and Pakistan (WB)"
Egypt,EGY,2017,356,14018.36,103696055,"Middle East, North Africa, Afghanistan and Pakistan (WB)"
Egypt,EGY,2018,355.9865,14488.209,105682092,"Middle East, North Africa, Afghanistan and Pakistan (WB)"
Egypt,EGY,2019,,15026.568,107553159,"Middle East, North Africa, Afghanistan and Pakistan (WB)"
Egypt,EGY,2020,355.9865,15309.236,109315118,"Middle East, North Africa, Afghanistan and Pakistan (WB)"
Egypt,EGY,2021,,15579.016,110957005,"Middle East, North Africa, Afghanistan and Pakistan (WB)"
Egypt,EGY,2022,,16360.391,112618252,"Middle East, North Africa, Afghanistan and Pakistan (WB)"
Egypt,EGY,2023,,16691.387,114535772,"Middle East, North Africa, Afghanistan and Pakistan (WB)"
Egypt,EGY,2024,,16798.152,114535772,"Middle East, North Africa, Afghanistan and Pakistan (WB)"
El Salvador,SLV,1990,,5976.0176,5399728,Latin America and Caribbean (WB)
El Salvador,SLV,1991,,5960.059,5495081,Latin America and Caribbean (WB)
El Salvador,SLV,1992,,6275.1875,5585611,Latin America and Caribbean (WB)
El Salvador,SLV,1993,,6553.0723,5659959,Latin America and Caribbean (WB)
El Salvador,SLV,1994,,6795.506,5714138,Latin America and Caribbean (WB)
El Salvador,SLV,1995,,7057.9204,5762135,Latin America and Caribbean (WB)
El Salvador,SLV,1996,,7062.3003,5805286,Latin America and Caribbean (WB)
El Salvador,SLV,1997,,7234.9443,5844578,Latin America and Caribbean (WB)
El Salvador,SLV,1998,,7381.1147,5880786,Latin America and Caribbean (WB)
El Salvador,SLV,1999,,7498.4673,5913908,Latin America and Caribbean (WB)
El Salvador,SLV,2000,,7545.4478,5943363,Latin America and Caribbean (WB)
El Salvador,SLV,2001,,7580.323,5968058,Latin America and Caribbean (WB)
El Salvador,SLV,2002,,7675.671,5986629,Latin America and Caribbean (WB)
El Salvador,SLV,2003,,7780.272,5998597,Latin America and Caribbean (WB)
El Salvador,SLV,2004,,7841.532,6004673,Latin America and Caribbean (WB)
El Salvador,SLV,2005,,8050.5347,6005583,Latin America and Caribbean (WB)
El Salvador,SLV,2006,,8404.247,6002321,Latin America and Caribbean (WB)
El Salvador,SLV,2007,,8548.835,6009820,Latin America and Caribbean (WB)
El Salvador,SLV,2008,,8704.806,6029302,Latin America and Caribbean (WB)
El Salvador,SLV,2009,,8494.498,6048284,Latin America and Caribbean (WB)
El Salvador,SLV,2010,,8648.93,6068253,Latin America and Caribbean (WB)
El Salvador,SLV,2011,,8943.062,6090128,Latin America and Caribbean (WB)
El Salvador,SLV,2012,,9165.42,6113977,Latin America and Caribbean (WB)
El Salvador,SLV,2013,,9327.564,6138845,Latin America and Caribbean (WB)
El Salvador,SLV,2014,,9451.744,6162952,Latin America and Caribbean (WB)
El Salvador,SLV,2015,,9646.154,6183675,Latin America and Caribbean (WB)
El Salvador,SLV,2016,,9863.761,6200808,Latin America and Caribbean (WB)
El Salvador,SLV,2017,362,10064.794,6213538,Latin America and Caribbean (WB)
El Salvador,SLV,2018,438.43884,10297.203,6219803,Latin America and Caribbean (WB)
El Salvador,SLV,2019,,10543.938,6222316,Latin America and Caribbean (WB)
El Salvador,SLV,2020,435.92276,9692.449,6234679,Latin America and Caribbean (WB)
El Salvador,SLV,2021,,10809.714,6255780,Latin America and Caribbean (WB)
El Salvador,SLV,2022,,11085.618,6280316,Latin America and Caribbean (WB)
El Salvador,SLV,2023,,11424.6455,6309629,Latin America and Caribbean (WB)
El Salvador,SLV,2024,,11669.082,6309629,Latin America and Caribbean (WB)
Equatorial Guinea,GNQ,1990,,1122.8176,474289,Sub-Saharan Africa (WB)
Equatorial Guinea,GNQ,1991,,1070.8276,492220,Sub-Saharan Africa (WB)
Equatorial Guinea,GNQ,1992,,1390.4791,510775,Sub-Saharan Africa (WB)
Equatorial Guinea,GNQ,1993,,1487.812,530030,Sub-Saharan Africa (WB)
Equatorial Guinea,GNQ,1994,,1672.3455,550148,Sub-Saharan Africa (WB)
Equatorial Guinea,GNQ,1995,,1892.1166,571274,Sub-Saharan Africa (WB)
Equatorial Guinea,GNQ,1996,,3033.8403,593496,Sub-Saharan Africa (WB)
Equatorial Guinea,GNQ,1997,,7296.1,616897,Sub-Saharan Africa (WB)
Equatorial Guinea,GNQ,1998,,8684.657,641478,Sub-Saharan Africa (WB)
Equatorial Guinea,GNQ,1999,,10492.465,667222,Sub-Saharan Africa (WB)
Equatorial Guinea,GNQ,2000,,11767.471,703287,Sub-Saharan Africa (WB)
Equatorial Guinea,GNQ,2001,,18031.965,749836,Sub-Saharan Africa (WB)
Equatorial Guinea,GNQ,2002,,20242.432,797968,Sub-Saharan Africa (WB)
Equatorial Guinea,GNQ,2003,,21709.574,847867,Sub-Saharan Africa (WB)
Equatorial Guinea,GNQ,2004,,28225.986,899924,Sub-Saharan Africa (WB)
Equatorial Guinea,GNQ,2005,,31302.957,947370,Sub-Saharan Africa (WB)
Equatorial Guinea,GNQ,2006,,32251.768,990349,Sub-Saharan Africa (WB)
Equatorial Guinea,GNQ,2007,,35540.45,1036053,Sub-Saharan Africa (WB)
Equatorial Guinea,GNQ,2008,,39994.617,1084538,Sub-Saharan Africa (WB)
Equatorial Guinea,GNQ,2009,,38706.605,1135683,Sub-Saharan Africa (WB)
Equatorial Guinea,GNQ,2010,,33668.875,1189097,Sub-Saharan Africa (WB)
Equatorial Guinea,GNQ,2011,,34341.934,1241843,Sub-Saharan Africa (WB)
Equatorial Guinea,GNQ,2012,,35711.492,1293485,Sub-Saharan Africa (WB)
Equatorial Guinea,GNQ,2013,,32894.37,1346220,Sub-Saharan Africa (WB)
Equatorial Guinea,GNQ,2014,,31765.9,1399829,Sub-Saharan Africa (WB)
Equatorial Guinea,GNQ,2015,,27797.795,1453925,Sub-Saharan Africa (WB)
Equatorial Guinea,GNQ,2016,,24435.064,1508192,Sub-Saharan Africa (WB)
Equatorial Guinea,GNQ,2017,,22250.44,1562401,Sub-Saharan Africa (WB)
Equatorial Guinea,GNQ,2018,,20165.48,1616425,Sub-Saharan Africa (WB)
Equatorial Guinea,GNQ,2019,,18446.592,1670184,Sub-Saharan Africa (WB)
Equatorial Guinea,GNQ,2020,,17089.154,1716479,Sub-Saharan Africa (WB)
Equatorial Guinea,GNQ,2021,,16821.45,1758796,Sub-Saharan Africa (WB)
Equatorial Guinea,GNQ,2022,,16932.771,1803549,Sub-Saharan Africa (WB)
Equatorial Guinea,GNQ,2023,,15688.238,1847556,Sub-Saharan Africa (WB)
Equatorial Guinea,GNQ,2024,,15454.429,1847556,Sub-Saharan Africa (WB)
Estonia,EST,1990,,19163.229,1570309,Europe and Central Asia (WB)
Estonia,EST,1991,,17718.955,1565380,Europe and Central Asia (WB)
Estonia,EST,1992,,14225.231,1540214,Europe and Central Asia (WB)
Estonia,EST,1993,,13758.295,1504344,Europe and Central Asia (WB)
Estonia,EST,1994,,13824.843,1475716,Europe and Central Asia (WB)
Estonia,EST,1995,,14710.969,1452774,Europe and Central Asia (WB)
Estonia,EST,1996,,15667.591,1434655,Europe and Central Asia (WB)
Estonia,EST,1997,,17915.453,1421494,Europe and Central Asia (WB)
Estonia,EST,1998,,18873.375,1411206,Europe and Central Asia (WB)
Estonia,EST,1999,,18737.898,1403578,Europe and Central Asia (WB)
Estonia,EST,2000,,20528.57,1397001,Europe and Central Asia (WB)
Estonia,EST,2001,,21874.695,1388174,Europe and Central Asia (WB)
Estonia,EST,2002,,23539.906,1379438,Europe and Central Asia (WB)
Estonia,EST,2003,,25487.533,1370849,Europe and Central Asia (WB)
Estonia,EST,2004,,27384.084,1362682,Europe and Central Asia (WB)
Estonia,EST,2005,,30164.006,1354847,Europe and Central Asia (WB)
Estonia,EST,2006,,33304.594,1346885,Europe and Central Asia (WB)
Estonia,EST,2007,,35989.863,1340709,Europe and Central Asia (WB)
Estonia,EST,2008,,34236.95,1337078,Europe and Central Asia (WB)
Estonia,EST,2009,,29284.404,1334528,Europe and Central Asia (WB)
Estonia,EST,2010,531.0994,30070.299,1331450,Europe and Central Asia (WB)
Estonia,EST,2011,,32456.121,1327366,Europe and Central Asia (WB)
Estonia,EST,2012,,33768.574,1322615,Europe and Central Asia (WB)
Estonia,EST,2013,,34484.223,1317920,Europe and Central Asia (WB)
Estonia,EST,2014,,35723.625,1314457,Europe and Central Asia (WB)
Estonia,EST,2015,,36356.44,1314580,Europe and Central Asia (WB)
Estonia,EST,2016,,37470.043,1315850,Europe and Central Asia (WB)
Estonia,EST,2017,542,39533.465,1317430,Europe and Central Asia (WB)
Estonia,EST,2018,541.9867,40853.65,1321972,Europe and Central Asia (WB)
Estonia,EST,2019,,42218.96,1326822,Europe and Central Asia (WB)
Estonia,EST,2020,543.20605,40920.527,1329675,Europe and Central Asia (WB)
Estonia,EST,2021,,44251.54,1331750,Europe and Central Asia (WB)
Estonia,EST,2022,,43128.633,1350093,Europe and Central Asia (WB)
Estonia,EST,2023,,41288.617,1367195,Europe and Central Asia (WB)
Estonia,EST,2024,,41189.668,1367195,Europe and Central Asia (WB)
Eswatini,SWZ,1990,,5447.739,872436,Sub-Saharan Africa (WB)
Eswatini,SWZ,1991,,5325.3525,908193,Sub-Saharan Africa (WB)
Eswatini,SWZ,1992,,5291.8965,943426,Sub-Saharan Africa (WB)
Eswatini,SWZ,1993,,5299.532,971327,Sub-Saharan Africa (WB)
Eswatini,SWZ,1994,,5427.35,971221,Sub-Saharan Africa (WB)
Eswatini,SWZ,1995,,5693.822,970439,Sub-Saharan Africa (WB)
Eswatini,SWZ,1996,,5796.6523,989847,Sub-Saharan Africa (WB)
Eswatini,SWZ,1997,,5876.803,1006647,Sub-Saharan Africa (WB)
Eswatini,SWZ,1998,,5952.854,1019657,Sub-Saharan Africa (WB)
Eswatini,SWZ,1999,,6062.348,1030785,Sub-Saharan Africa (WB)
Eswatini,SWZ,2000,,6106.0747,1041428,Sub-Saharan Africa (WB)
Eswatini,SWZ,2001,,6135.453,1051066,Sub-Saharan Africa (WB)
Eswatini,SWZ,2002,,6335.8135,1059456,Sub-Saharan Africa (WB)
Eswatini,SWZ,2003,,6578.302,1066706,Sub-Saharan Africa (WB)
Eswatini,SWZ,2004,,6775.2217,1073170,Sub-Saharan Africa (WB)
Eswatini,SWZ,2005,,7142.1924,1079022,Sub-Saharan Africa (WB)
Eswatini,SWZ,2006,,7584.72,1084442,Sub-Saharan Africa (WB)
Eswatini,SWZ,2007,,7866.731,1090713,Sub-Saharan Africa (WB)
Eswatini,SWZ,2008,,7926.3794,1098098,Sub-Saharan Africa (WB)
Eswatini,SWZ,2009,,7988.5977,1105158,Sub-Saharan Africa (WB)
Eswatini,SWZ,2010,418.20328,8245.642,1111651,Sub-Saharan Africa (WB)
Eswatini,SWZ,2011,,8350.892,1117845,Sub-Saharan Africa (WB)
Eswatini,SWZ,2012,,8645.845,1123870,Sub-Saharan Africa (WB)
Eswatini,SWZ,2013,,8951.058,1130000,Sub-Saharan Africa (WB)
Eswatini,SWZ,2014,,9084.494,1136305,Sub-Saharan Africa (WB)
Eswatini,SWZ,2015,,9186.653,1142822,Sub-Saharan Africa (WB)
Eswatini,SWZ,2016,,9402.509,1149516,Sub-Saharan Africa (WB)
Eswatini,SWZ,2017,440,9660.552,1158198,Sub-Saharan Africa (WB)
Eswatini,SWZ,2018,440.3045,9578.101,1168933,Sub-Saharan Africa (WB)
Eswatini,SWZ,2019,,10099.586,1179885,Sub-Saharan Africa (WB)
Eswatini,SWZ,2020,440.3045,9695.825,1192734,Sub-Saharan Africa (WB)
Eswatini,SWZ,2021,,9990.435,1206598,Sub-Saharan Africa (WB)
Eswatini,SWZ,2022,,9927.605,1218921,Sub-Saharan Africa (WB)
Eswatini,SWZ,2023,,10181.504,1230507,Sub-Saharan Africa (WB)
Eswatini,SWZ,2024,,10380.396,1230507,Sub-Saharan Africa (WB)
Ethiopia,ETH,1990,,874.3469,47609760,Sub-Saharan Africa (WB)
Ethiopia,ETH,1991,,777.52356,49717203,Sub-Saharan Africa (WB)
Ethiopia,ETH,1992,,680.8348,51853756,Sub-Saharan Africa (WB)
Ethiopia,ETH,1993,,743.7085,53708892,Sub-Saharan Africa (WB)
Ethiopia,ETH,1994,,741.17664,55611514,Sub-Saharan Africa (WB)
Ethiopia,ETH,1995,,760.26434,57537340,Sub-Saharan Africa (WB)
Ethiopia,ETH,1996,,826.99164,59467640,Sub-Saharan Africa (WB)
Ethiopia,ETH,1997,,826.0052,61404541,Sub-Saharan Africa (WB)
Ethiopia,ETH,1998,,772.7866,63363523,Sub-Saharan Africa (WB)
Ethiopia,ETH,1999,,787.67957,65374561,Sub-Saharan Africa (WB)
Ethiopia,ETH,2000,,810.27075,67411496,Sub-Saharan Africa (WB)
Ethiopia,ETH,2001,,851.3134,69487767,Sub-Saharan Africa (WB)
Ethiopia,ETH,2002,,838.29803,71635521,Sub-Saharan Africa (WB)
Ethiopia,ETH,2003,,795.77216,73832664,Sub-Saharan Africa (WB)
Ethiopia,ETH,2004,,877.1145,76077211,Sub-Saharan Africa (WB)
Ethiopia,ETH,2005,,952.11566,78367476,Sub-Saharan Africa (WB)
Ethiopia,ETH,2006,,1024.7291,80703495,Sub-Saharan Africa (WB)
Ethiopia,ETH,2007,,1109.1433,83103218,Sub-Saharan Africa (WB)
Ethiopia,ETH,2008,,1193.7473,85543670,Sub-Saharan Africa (WB)
Ethiopia,ETH,2009,,1262.464,88007641,Sub-Saharan Africa (WB)
Ethiopia,ETH,2010,,1381.1904,90538518,Sub-Saharan Africa (WB)
Ethiopia,ETH,2011,,1492.5339,93149977,Sub-Saharan Africa (WB)
Ethiopia,ETH,2012,,1576.7688,95798771,Sub-Saharan Africa (WB)
Ethiopia,ETH,2013,,1696.8651,98438752,Sub-Saharan Africa (WB)
Ethiopia,ETH,2014,,1821.3916,101115615,Sub-Saharan Africa (WB)
Ethiopia,ETH,2015,,1957.4146,103867140,Sub-Saharan Africa (WB)
Ethiopia,ETH,2016,,2084.8406,106718163,Sub-Saharan Africa (WB)
Ethiopia,ETH,2017,359,2222.8281,109666482,Sub-Saharan Africa (WB)
Ethiopia,ETH,2018,359.3747,2311.165,112664157,Sub-Saharan Africa (WB)
Ethiopia,ETH,2019,,2437.9705,115737384,Sub-Saharan Africa (WB)
Ethiopia,ETH,2020,348.19904,2516.549,118917670,Sub-Saharan Africa (WB)
Ethiopia,ETH,2021,,2588.413,122138588,Sub-Saharan Africa (WB)
Ethiopia,ETH,2022,,2655.5928,125384285,Sub-Saharan Africa (WB)
Ethiopia,ETH,2023,,2757.9592,128691695,Sub-Saharan Africa (WB)
Ethiopia,ETH,2024,,2892.2222,128691695,Sub-Saharan Africa (WB)
Europe and Central Asia (WB),WB_ECA,1990,,28222.451,,
Europe and Central Asia (WB),WB_ECA,1991,,27734.74,,
Europe and Central Asia (WB),WB_ECA,1992,,26826.291,,
Europe and Central Asia (WB),WB_ECA,1993,,26191.488,,
Europe and Central Asia (WB),WB_ECA,1994,,25879.432,,
Europe and Central Asia (WB),WB_ECA,1995,,26218.557,,
Europe and Central Asia (WB),WB_ECA,1996,,26515.572,,
Europe and Central Asia (WB),WB_ECA,1997,,27222.135,,
Europe and Central Asia (WB),WB_ECA,1998,,27710.936,,
Europe and Central Asia (WB),WB_ECA,1999,,28487.771,,
Europe and Central Asia (WB),WB_ECA,2000,,29836.898,,
Europe and Central Asia (WB),WB_ECA,2001,,30559.861,,
Europe and Central Asia (WB),WB_ECA,2002,,31142.578,,
Europe and Central Asia (WB),WB_ECA,2003,,31861.031,,
Europe and Central Asia (WB),WB_ECA,2004,,33030.97,,
Europe and Central Asia (WB),WB_ECA,2005,,34028.66,,
Europe and Central Asia (WB),WB_ECA,2006,,35505.06,,
Europe and Central Asia (WB),WB_ECA,2007,,36985.766,,
Europe and Central Asia (WB),WB_ECA,2008,,37463.883,,
Europe and Central Asia (WB),WB_ECA,2009,,35515.92,,
Europe and Central Asia (WB),WB_ECA,2010,,36408.71,,
Europe and Central Asia (WB),WB_ECA,2011,,37348.582,,
Europe and Central Asia (WB),WB_ECA,2012,,37472.355,,
Europe and Central Asia (WB),WB_ECA,2013,,37739.586,,
Europe and Central Asia (WB),WB_ECA,2014,,38215.492,,
Europe and Central Asia (WB),WB_ECA,2015,,38658.89,,
Europe and Central Asia (WB),WB_ECA,2016,,39180.496,,
Europe and Central Asia (WB),WB_ECA,2017,,40232.266,,
Europe and Central Asia (WB),WB_ECA,2018,,41055.445,,
Europe and Central Asia (WB),WB_ECA,2019,,41747.723,,
Europe and Central Asia (WB),WB_ECA,2020,,39677.332,,
Europe and Central Asia (WB),WB_ECA,2021,,42315.387,,
Europe and Central Asia (WB),WB_ECA,2022,,43405.8,,
Europe and Central Asia (WB),WB_ECA,2023,,44089.508,,
Europe and Central Asia (WB),WB_ECA,2024,,44818.54,,
European Union (27),OWID_EU27,1990,,33420.543,419997519,
European Union (27),OWID_EU27,1991,,33581.098,421419173,
European Union (27),OWID_EU27,1992,,33679.79,422863649,
European Union (27),OWID_EU27,1993,,33378.28,424104740,
European Union (27),OWID_EU27,1994,,34195.84,425189040,
European Union (27),OWID_EU27,1995,,35111.285,425847857,
European Union (27),OWID_EU27,1996,,35771.523,426181943,
European Union (27),OWID_EU27,1997,,36635.46,426651685,
European Union (27),OWID_EU27,1998,,37659.105,426655455,
European Union (27),OWID_EU27,1999,,38685.863,426830677,
European Union (27),OWID_EU27,2000,,40159.266,427627361,
European Union (27),OWID_EU27,2001,,41007.742,428578326,
European Union (27),OWID_EU27,2002,,41422.387,429890525,
European Union (27),OWID_EU27,2003,,41728.848,431461841,
European Union (27),OWID_EU27,2004,,42725.73,433058605,
European Union (27),OWID_EU27,2005,,43476.48,434557134,
European Union (27),OWID_EU27,2006,,44946.523,435683170,
European Union (27),OWID_EU27,2007,,46274.406,436994510,
European Union (27),OWID_EU27,2008,,46520.37,438548227,
European Union (27),OWID_EU27,2009,,44429.824,439690812,
European Union (27),OWID_EU27,2010,,45250.39,440608965,
European Union (27),OWID_EU27,2011,,46205.207,441440625,
European Union (27),OWID_EU27,2012,,45787.934,441999248,
European Union (27),OWID_EU27,2013,,45723.977,442399413,
European Union (27),OWID_EU27,2014,,46454.75,442964758,
European Union (27),OWID_EU27,2015,,47490.676,443910920,
European Union (27),OWID_EU27,2016,,48336.277,444911502,
European Union (27),OWID_EU27,2017,,49704.03,445696788,
European Union (27),OWID_EU27,2018,,50706.367,446503671,
European Union (27),OWID_EU27,2019,,51662.36,447369201,
European Union (27),OWID_EU27,2020,,48770.375,447777523,
European Union (27),OWID_EU27,2021,,51969.965,447705920,
European Union (27),OWID_EU27,2022,,53777.477,449113463,
European Union (27),OWID_EU27,2023,,53869.324,450657572,
European Union (27),OWID_EU27,2024,,54337.918,450657572,
Faroe Islands,FRO,2008,,54263.33,48528,Europe and Central Asia (WB)
Faroe Islands,FRO,2009,,51533.543,48512,Europe and Central Asia (WB)
Faroe Islands,FRO,2010,,51479.195,48191,Europe and Central Asia (WB)
Faroe Islands,FRO,2011,,53440.336,47957,Europe and Central Asia (WB)
Faroe Islands,FRO,2012,,57523.324,48113,Europe and Central Asia (WB)
Faroe Islands,FRO,2013,,60948.77,48297,Europe and Central Asia (WB)
Faroe Islands,FRO,2014,,64018.094,48515,Europe and Central Asia (WB)
Faroe Islands,FRO,2015,,64008.85,48916,Europe and Central Asia (WB)
Faroe Islands,FRO,2016,,64155.027,49554,Europe and Central Asia (WB)
Faroe Islands,FRO,2017,,65460.605,50268,Europe and Central Asia (WB)
Faroe Islands,FRO,2018,,66193.34,51062,Europe and Central Asia (WB)
Faroe Islands,FRO,2019,,68134.03,51868,Europe and Central Asia (WB)
Faroe Islands,FRO,2020,,66032.914,52615,Europe and Central Asia (WB)
Faroe Islands,FRO,2021,,68426.8,53324,Europe and Central Asia (WB)
Faroe Islands,FRO,2022,,70256.72,54039,Europe and Central Asia (WB)
Faroe Islands,FRO,2023,,71807.31,54738,Europe and Central Asia (WB)
Faroe Islands,FRO,2024,,72059.58,54738,Europe and Central Asia (WB)
Fiji,FJI,1990,,7820.7173,773325,East Asia and Pacific (WB)
Fiji,FJI,1991,,7547.678,779666,East Asia and Pacific (WB)
Fiji,FJI,1992,,7950.0664,785349,East Asia and Pacific (WB)
Fiji,FJI,1993,,8067.8047,790380,East Asia and Pacific (WB)
Fiji,FJI,1994,,8432.299,794779,East Asia and Pacific (WB)
Fiji,FJI,1995,,8600.093,798750,East Asia and Pacific (WB)
Fiji,FJI,1996,,8956.351,803788,East Asia and Pacific (WB)
Fiji,FJI,1997,,8669.252,812145,East Asia and Pacific (WB)
Fiji,FJI,1998,,8673.878,822259,East Asia and Pacific (WB)
Fiji,FJI,1999,,9328.606,831835,East Asia and Pacific (WB)
Fiji,FJI,2000,,9070.993,840913,East Asia and Pacific (WB)
Fiji,FJI,2001,,9157.809,849606,East Asia and Pacific (WB)
Fiji,FJI,2002,,9357.754,858057,East Asia and Pacific (WB)
Fiji,FJI,2003,,9361.464,866297,East Asia and Pacific (WB)
Fiji,FJI,2004,,9766.527,874369,East Asia and Pacific (WB)
Fiji,FJI,2005,,9745.581,882384,East Asia and Pacific (WB)
Fiji,FJI,2006,,9837.086,890370,East Asia and Pacific (WB)
Fiji,FJI,2007,,9672.29,897843,East Asia and Pacific (WB)
Fiji,FJI,2008,,9711.966,903403,East Asia and Pacific (WB)
Fiji,FJI,2009,,9536.817,907248,East Asia and Pacific (WB)
Fiji,FJI,2010,,9784.304,910427,East Asia and Pacific (WB)
Fiji,FJI,2011,,10020.695,912991,East Asia and Pacific (WB)
Fiji,FJI,2012,,10140.693,914920,East Asia and Pacific (WB)
Fiji,FJI,2013,,10604.156,916359,East Asia and Pacific (WB)
Fiji,FJI,2014,,11183.313,917589,East Asia and Pacific (WB)
Fiji,FJI,2015,,11674.063,918585,East Asia and Pacific (WB)
Fiji,FJI,2016,,11951.92,919167,East Asia and Pacific (WB)
Fiji,FJI,2017,,12597.327,918762,East Asia and Pacific (WB)
Fiji,FJI,2018,,13100.096,917185,East Asia and Pacific (WB)
Fiji,FJI,2019,,13056.331,914906,East Asia and Pacific (WB)
Fiji,FJI,2020,383.33597,10812.035,914971,East Asia and Pacific (WB)
Fiji,FJI,2021,,10322.428,916718,East Asia and Pacific (WB)
Fiji,FJI,2022,,12118.318,919428,East Asia and Pacific (WB)
Fiji,FJI,2023,,13194.805,924150,East Asia and Pacific (WB)
Fiji,FJI,2024,,13592.464,924150,East Asia and Pacific (WB)
Finland,FIN,1990,,38807.117,4986576,Europe and Central Asia (WB)
Finland,FIN,1991,,36326.082,5013889,Europe and Central Asia (WB)
Finland,FIN,1992,,34926.383,5042145,Europe and Central Asia (WB)
Finland,FIN,1993,,34486.754,5066594,Europe and Central Asia (WB)
Finland,FIN,1994,,35699.72,5088454,Europe and Central Asia (WB)
Finland,FIN,1995,,37069.63,5107919,Europe and Central Asia (WB)
Finland,FIN,1996,,38301.51,5124715,Europe and Central Asia (WB)
Finland,FIN,1997,,40630.92,5139927,Europe and Central Asia (WB)
Finland,FIN,1998,,42733.445,5153545,Europe and Central Asia (WB)
Finland,FIN,1999,,44505.71,5165516,Europe and Central Asia (WB)
Finland,FIN,2000,,46968.84,5176197,Europe and Central Asia (WB)
Finland,FIN,2001,,48099.3,5187970,Europe and Central Asia (WB)
Finland,FIN,2002,,48792.49,5200548,Europe and Central Asia (WB)
Finland,FIN,2003,,49655.547,5212958,Europe and Central Asia (WB)
Finland,FIN,2004,,51494.707,5228147,Europe and Central Asia (WB)
Finland,FIN,2005,,52744.047,5246078,Europe and Central Asia (WB)
Finland,FIN,2006,,54653.98,5266248,Europe and Central Asia (WB)
Finland,FIN,2007,,57313.293,5288715,Europe and Central Asia (WB)
Finland,FIN,2008,,57494.586,5313379,Europe and Central Asia (WB)
Finland,FIN,2009,,52599.15,5338854,Europe and Central Asia (WB)
Finland,FIN,2010,561.8713,54017.945,5363347,Europe and Central Asia (WB)
Finland,FIN,2011,,55053.39,5388236,Europe and Central Asia (WB)
Finland,FIN,2012,,53957.668,5413978,Europe and Central Asia (WB)
Finland,FIN,2013,,53183.43,5439057,Europe and Central Asia (WB)
Finland,FIN,2014,,52710.734,5461686,Europe and Central Asia (WB)
Finland,FIN,2015,,52782.49,5479719,Europe and Central Asia (WB)
Finland,FIN,2016,,53984.633,5495468,Europe and Central Asia (WB)
Finland,FIN,2017,548,55637.227,5508398,Europe and Central Asia (WB)
Finland,FIN,2018,547.7489,56226.336,5515730,Europe and Central Asia (WB)
Finland,FIN,2019,,56922.49,5521754,Europe and Central Asia (WB)
Finland,FIN,2020,533.70764,55424.86,5529616,Europe and Central Asia (WB)
Finland,FIN,2021,,56790.375,5541069,Europe and Central Asia (WB)
Finland,FIN,2022,,57068.305,5569300,Europe and Central Asia (WB)
Finland,FIN,2023,,56250.88,5601185,Europe and Central Asia (WB)
Finland,FIN,2024,,56123.15,5601185,Europe and Central Asia (WB)
France,FRA,1990,,38655.887,56990239,Europe and Central Asia (WB)
France,FRA,1991,,38937.953,57271564,Europe and Central Asia (WB)
France,FRA,1992,,39331.902,57554867,Europe and Central Asia (WB)
France,FRA,1993,,39020.613,57801261,Europe and Central Asia (WB)
France,FRA,1994,,39801.39,57999868,Europe and Central Asia (WB)
France,FRA,1995,,40570.72,58192207,Europe and Central Asia (WB)
France,FRA,1996,,40990.74,58380638,Europe and Central Asia (WB)
France,FRA,1997,,41876.934,58568662,Europe and Central Asia (WB)
France,FRA,1998,,43162.543,58778817,Europe and Central Asia (WB)
France,FRA,1999,,44400.137,59084209,Europe and Central Asia (WB)
France,FRA,2000,,45922.48,59483716,Europe and Central Asia (WB)
France,FRA,2001,,46454.87,59905131,Europe and Central Asia (WB)
France,FRA,2002,,46610.78,60327247,Europe and Central Asia (WB)
France,FRA,2003,,46730.977,60741119,Europe and Central Asia (WB)
France,FRA,2004,,47720.44,61175244,Europe and Central Asia (WB)
France,FRA,2005,,48257.465,61625031,Europe and Central Asia (WB)
France,FRA,2006,,49223.246,62049831,Europe and Central Asia (WB)
France,FRA,2007,,50157.785,62432438,Europe and Central Asia (WB)
France,FRA,2008,,50068.297,62780187,Europe and Central Asia (WB)
France,FRA,2009,,48404.965,63106460,Europe and Central Asia (WB)
France,FRA,2010,513.5843,49130.42,63417366,Europe and Central Asia (WB)
France,FRA,2011,,50085.684,63733776,Europe and Central Asia (WB)
France,FRA,2012,,49935.625,64058465,Europe and Central Asia (WB)
France,FRA,2013,,50066.53,64387736,Europe and Central Asia (WB)
France,FRA,2014,,50326.566,64692495,Europe and Central Asia (WB)
France,FRA,2015,,50682.895,64916337,Europe and Central Asia (WB)
France,FRA,2016,,50984.074,65086853,Europe and Central Asia (WB)
France,FRA,2017,506,51895.566,65284775,Europe and Central Asia (WB)
France,FRA,2018,505.9193,52560.953,65519537,Europe and Central Asia (WB)
France,FRA,2019,,53448.555,65729460,Europe and Central Asia (WB)
France,FRA,2020,510.2606,49311.332,65905273,Europe and Central Asia (WB)
France,FRA,2021,,52517.336,66083547,Europe and Central Asia (WB)
France,FRA,2022,,53673.812,66277412,Europe and Central Asia (WB)
France,FRA,2023,,54296.723,66438828,Europe and Central Asia (WB)
France,FRA,2024,,54799.348,66438828,Europe and Central Asia (WB)
Gabon,GAB,1990,,23884.81,983740,Sub-Saharan Africa (WB)
Gabon,GAB,1991,,24665.68,1010821,Sub-Saharan Africa (WB)
Gabon,GAB,1992,,23268.998,1038386,Sub-Saharan Africa (WB)
Gabon,GAB,1993,,23551.682,1066404,Sub-Saharan Africa (WB)
Gabon,GAB,1994,,23794.314,1094724,Sub-Saharan Africa (WB)
Gabon,GAB,1995,,24344.186,1123212,Sub-Saharan Africa (WB)
Gabon,GAB,1996,,24595.973,1152018,Sub-Saharan Africa (WB)
Gabon,GAB,1997,,25359.66,1181445,Sub-Saharan Africa (WB)
Gabon,GAB,1998,,25585.508,1211744,Sub-Saharan Africa (WB)
Gabon,GAB,1999,,22713.715,1243023,Sub-Saharan Africa (WB)
Gabon,GAB,2000,,21717.225,1275578,Sub-Saharan Africa (WB)
Gabon,GAB,2001,,21604.781,1309594,Sub-Saharan Africa (WB)
Gabon,GAB,2002,,20981.48,1345142,Sub-Saharan Africa (WB)
Gabon,GAB,2003,,20875.455,1382354,Sub-Saharan Africa (WB)
Gabon,GAB,2004,,20438.932,1421620,Sub-Saharan Africa (WB)
Gabon,GAB,2005,,20385.29,1463503,Sub-Saharan Africa (WB)
Gabon,GAB,2006,,19224.127,1508338,Sub-Saharan Africa (WB)
Gabon,GAB,2007,,19751.877,1556242,Sub-Saharan Africa (WB)
Gabon,GAB,2008,,18493.092,1607182,Sub-Saharan Africa (WB)
Gabon,GAB,2009,,17911.146,1661567,Sub-Saharan Africa (WB)
Gabon,GAB,2010,,18530.576,1719883,Sub-Saharan Africa (WB)
Gabon,GAB,2011,,19153.088,1781987,Sub-Saharan Africa (WB)
Gabon,GAB,2012,,19450.402,1846893,Sub-Saharan Africa (WB)
Gabon,GAB,2013,,19836.455,1913061,Sub-Saharan Africa (WB)
Gabon,GAB,2014,,20008.99,1978400,Sub-Saharan Africa (WB)
Gabon,GAB,2015,,20147.71,2040990,Sub-Saharan Africa (WB)
Gabon,GAB,2016,,19988.176,2100310,Sub-Saharan Africa (WB)
Gabon,GAB,2017,456,19555.707,2156902,Sub-Saharan Africa (WB)
Gabon,GAB,2018,456.1277,19225.598,2212320,Sub-Saharan Africa (WB)
Gabon,GAB,2019,,19491.406,2267711,Sub-Saharan Africa (WB)
Gabon,GAB,2020,456.1277,18681.484,2322538,Sub-Saharan Africa (WB)
Gabon,GAB,2021,,18523.58,2376729,Sub-Saharan Africa (WB)
Gabon,GAB,2022,,18662.049,2430750,Sub-Saharan Africa (WB)
Gabon,GAB,2023,,18701.422,2484790,Sub-Saharan Africa (WB)
Gabon,GAB,2024,,18923.662,2484790,Sub-Saharan Africa (WB)
Gambia,GMB,1990,,2653.783,1054703,Sub-Saharan Africa (WB)
Gambia,GMB,1991,,2623.6416,1099960,Sub-Saharan Africa (WB)
Gambia,GMB,1992,,2604.269,1145583,Sub-Saharan Africa (WB)
Gambia,GMB,1993,,2586.1304,1188372,Sub-Saharan Africa (WB)
Gambia,GMB,1994,,2508.104,1227233,Sub-Saharan Africa (WB)
Gambia,GMB,1995,,2456.0007,1264320,Sub-Saharan Africa (WB)
Gambia,GMB,1996,,2439.0454,1301421,Sub-Saharan Africa (WB)
Gambia,GMB,1997,,2486.938,1338898,Sub-Saharan Africa (WB)
Gambia,GMB,1998,,2502.765,1376994,Sub-Saharan Africa (WB)
Gambia,GMB,1999,,2589.9778,1415786,Sub-Saharan Africa (WB)
Gambia,GMB,2000,,2658.6177,1455095,Sub-Saharan Africa (WB)
Gambia,GMB,2001,,2737.696,1495023,Sub-Saharan Africa (WB)
Gambia,GMB,2002,,2578.5571,1535700,Sub-Saharan Africa (WB)
Gambia,GMB,2003,,2682.48,1577619,Sub-Saharan Africa (WB)
Gambia,GMB,2004,,2794.1936,1621309,Sub-Saharan Africa (WB)
Gambia,GMB,2005,,2653.6423,1667035,Sub-Saharan Africa (WB)
Gambia,GMB,2006,,2564.6865,1715285,Sub-Saharan Africa (WB)
Gambia,GMB,2007,,2567.1572,1765778,Sub-Saharan Africa (WB)
Gambia,GMB,2008,,2649.611,1817859,Sub-Saharan Africa (WB)
Gambia,GMB,2009,,2745.3254,1871428,Sub-Saharan Africa (WB)
Gambia,GMB,2010,337.84113,2824.2126,1926634,Sub-Saharan Africa (WB)
Gambia,GMB,2011,,2519.8398,1983785,Sub-Saharan Africa (WB)
Gambia,GMB,2012,,2574.935,2043097,Sub-Saharan Africa (WB)
Gambia,GMB,2013,,2572.4473,2103825,Sub-Saharan Africa (WB)
Gambia,GMB,2014,,2465.1096,2164535,Sub-Saharan Africa (WB)
Gambia,GMB,2015,,2495.9575,2224530,Sub-Saharan Africa (WB)
Gambia,GMB,2016,,2478.4604,2283775,Sub-Saharan Africa (WB)
Gambia,GMB,2017,338,2533.1868,2342191,Sub-Saharan Africa (WB)
Gambia,GMB,2018,352.89963,2651.4329,2399633,Sub-Saharan Africa (WB)
Gambia,GMB,2019,,2750.8213,2456847,Sub-Saharan Africa (WB)
Gambia,GMB,2020,352.89963,2702.319,2515744,Sub-Saharan Africa (WB)
Gambia,GMB,2021,,2777.7961,2576015,Sub-Saharan Africa (WB)
Gambia,GMB,2022,,2863.1804,2636472,Sub-Saharan Africa (WB)
Gambia,GMB,2023,,2963.5986,2697846,Sub-Saharan Africa (WB)
Gambia,GMB,2024,,3057.684,2697846,Sub-Saharan Africa (WB)
Georgia,GEO,1990,,12917.095,5448865,Europe and Central Asia (WB)
Georgia,GEO,1991,,10120.163,5379509,Europe and Central Asia (WB)
Georgia,GEO,1992,,5533.211,5294186,Europe and Central Asia (WB)
Georgia,GEO,1993,,3882.0203,5178784,Europe and Central Asia (WB)
Georgia,GEO,1994,,3532.32,5046267,Europe and Central Asia (WB)
Georgia,GEO,1995,,3762.8115,4925742,Europe and Central Asia (WB)
Georgia,GEO,1996,,4339.005,4812774,Europe and Central Asia (WB)
Georgia,GEO,1997,,4951.813,4695359,Europe and Central Asia (WB)
Georgia,GEO,1998,,5233.2886,4576447,Europe and Central Asia (WB)
Georgia,GEO,1999,,5495.245,4455581,Europe and Central Asia (WB)
Georgia,GEO,2000,,5706.2725,4328361,Europe and Central Asia (WB)
Georgia,GEO,2001,,6074.0864,4209641,Europe and Central Asia (WB)
Georgia,GEO,2002,,6464.325,4127854,Europe and Central Asia (WB)
Georgia,GEO,2003,,7227.737,4085489,Europe and Central Asia (WB)
Georgia,GEO,2004,,7693.915,4056076,Europe and Central Asia (WB)
Georgia,GEO,2005,,8485.587,4026135,Europe and Central Asia (WB)
Georgia,GEO,2006,,9337.989,3996584,Europe and Central Asia (WB)
Georgia,GEO,2007,,10567.274,3967592,Europe and Central Asia (WB)
Georgia,GEO,2008,,10856.104,3941192,Europe and Central Asia (WB)
Georgia,GEO,2009,,10553.09,3918935,Europe and Central Asia (WB)
Georgia,GEO,2010,388.09668,11294.368,3895932,Europe and Central Asia (WB)
Georgia,GEO,2011,,12288.683,3868724,Europe and Central Asia (WB)
Georgia,GEO,2012,,13193.96,3839208,Europe and Central Asia (WB)
Georgia,GEO,2013,,13913.002,3809128,Europe and Central Asia (WB)
Georgia,GEO,2014,,14475.313,3792921,Europe and Central Asia (WB)
Georgia,GEO,2015,,14936.844,3791570,Europe and Central Asia (WB)
Georgia,GEO,2016,,15442.956,3792061,Europe and Central Asia (WB)
Georgia,GEO,2017,445,16237.624,3792860,Europe and Central Asia (WB)
Georgia,GEO,2018,444.80438,17228.68,3794881,Europe and Central Asia (WB)
Georgia,GEO,2019,,18186.88,3796722,Europe and Central Asia (WB)
Georgia,GEO,2020,399.7663,17031.145,3795680,Europe and Central Asia (WB)
Georgia,GEO,2021,,18915.654,3788450,Europe and Central Asia (WB)
Georgia,GEO,2022,,20966.527,3794782,Europe and Central Asia (WB)
Georgia,GEO,2023,,22590.53,3807494,Europe and Central Asia (WB)
Georgia,GEO,2024,,24883.908,3807494,Europe and Central Asia (WB)
Germany,DEU,1990,,42287.652,79707963,Europe and Central Asia (WB)
Germany,DEU,1991,,44125.145,80303190,Europe and Central Asia (WB)
Germany,DEU,1992,,44672.69,80934901,Europe and Central Asia (WB)
Germany,DEU,1993,,43948.15,81486771,Europe and Central Asia (WB)
Germany,DEU,1994,,44933.293,81773613,Europe and Central Asia (WB)
Germany,DEU,1995,,45475.688,82019890,Europe and Central Asia (WB)
Germany,DEU,1996,,45814.85,82263195,Europe and Central Asia (WB)
Germany,DEU,1997,,46596.18,82389631,Europe and Central Asia (WB)
Germany,DEU,1998,,47565.453,82011933,Europe and Central Asia (WB)
Germany,DEU,1999,,48547.004,81678279,Europe and Central Asia (WB)
Germany,DEU,2000,,49875.875,81797255,Europe and Central Asia (WB)
Germany,DEU,2001,,50606.71,81933882,Europe and Central Asia (WB)
Germany,DEU,2002,,50406.38,82068328,Europe and Central Asia (WB)
Germany,DEU,2003,,50111.574,82111619,Europe and Central Asia (WB)
Germany,DEU,2004,,50704.92,82092706,Europe and Central Asia (WB)
Germany,DEU,2005,,51182.96,82046733,Europe and Central Asia (WB)
Germany,DEU,2006,,53222.04,81701971,Europe and Central Asia (WB)
Germany,DEU,2007,,54832.96,81298546,Europe and Central Asia (WB)
Germany,DEU,2008,,55425.11,81110780,Europe and Central Asia (WB)
Germany,DEU,2009,,52484.855,80935276,Europe and Central Asia (WB)
Germany,DEU,2010,527.5142,54738.707,80830916,Europe and Central Asia (WB)
Germany,DEU,2011,,57858.42,80857877,Europe and Central Asia (WB)
Germany,DEU,2012,,58017.586,80916391,Europe and Central Asia (WB)
Germany,DEU,2013,,58089.17,81041581,Europe and Central Asia (WB)
Germany,DEU,2014,,59108.7,81376078,Europe and Central Asia (WB)
Germany,DEU,2015,,59573.707,82077546,Europe and Central Asia (WB)
Germany,DEU,2016,,60407.973,82760102,Europe and Central Asia (WB)
Germany,DEU,2017,528,61866.49,83104010,Europe and Central Asia (WB)
Germany,DEU,2018,528.15344,62381.348,83368507,Europe and Central Asia (WB)
Germany,DEU,2019,,62849.375,83559184,Europe and Central Asia (WB)
Germany,DEU,2020,517.28143,60203.29,83628711,Europe and Central Asia (WB)
Germany,DEU,2021,,62530.766,83697080,Europe and Central Asia (WB)
Germany,DEU,2022,,63676.086,84086227,Europe and Central Asia (WB)
Germany,DEU,2023,,63039.37,84548233,Europe and Central Asia (WB)
Germany,DEU,2024,,62554.555,84548233,Europe and Central Asia (WB)
Ghana,GHA,1990,,2785.6711,15394650,Sub-Saharan Africa (WB)
Ghana,GHA,1991,,2859.827,15787495,Sub-Saharan Africa (WB)
Ghana,GHA,1992,,2897.8354,16184863,Sub-Saharan Africa (WB)
Ghana,GHA,1993,,2964.266,16589521,Sub-Saharan Africa (WB)
Ghana,GHA,1994,,2989.3474,16993190,Sub-Saharan Africa (WB)
Ghana,GHA,1995,,3039.6887,17399023,Sub-Saharan Africa (WB)
Ghana,GHA,1996,,3106.1855,17810184,Sub-Saharan Africa (WB)
Ghana,GHA,1997,,3160.445,18238961,Sub-Saharan Africa (WB)
Ghana,GHA,1998,,3229.4822,18688041,Sub-Saharan Africa (WB)
Ghana,GHA,1999,,3290.2686,19149875,Sub-Saharan Africa (WB)
Ghana,GHA,2000,,3327.352,19637085,Sub-Saharan Africa (WB)
Ghana,GHA,2001,,3369.507,20167073,Sub-Saharan Africa (WB)
Ghana,GHA,2002,,3425.6182,20729392,Sub-Saharan Africa (WB)
Ghana,GHA,2003,,3507.751,21296710,Sub-Saharan Africa (WB)
Ghana,GHA,2004,,3607.3652,21868298,Sub-Saharan Africa (WB)
Ghana,GHA,2005,,3721.3079,22449446,Sub-Saharan Africa (WB)
Ghana,GHA,2006,,3857.8616,23040704,Sub-Saharan Africa (WB)
Ghana,GHA,2007,,3923.1257,23642284,Sub-Saharan Africa (WB)
Ghana,GHA,2008,,4174.7812,24249945,Sub-Saharan Africa (WB)
Ghana,GHA,2009,,4269.16,24862667,Sub-Saharan Africa (WB)
Ghana,GHA,2010,,4495.689,25475000,Sub-Saharan Africa (WB)
Ghana,GHA,2011,,5005.367,26095091,Sub-Saharan Africa (WB)
Ghana,GHA,2012,,5339.7134,26734273,Sub-Saharan Africa (WB)
Ghana,GHA,2013,,5593.775,27386193,Sub-Saharan Africa (WB)
Ghana,GHA,2014,,5619.0723,28041592,Sub-Saharan Africa (WB)
Ghana,GHA,2015,,5607.366,28696071,Sub-Saharan Africa (WB)
Ghana,GHA,2016,,5666.078,29356736,Sub-Saharan Africa (WB)
Ghana,GHA,2017,307,5993.631,30008364,Sub-Saharan Africa (WB)
Ghana,GHA,2018,307.2758,6234.512,30637592,Sub-Saharan Africa (WB)
Ghana,GHA,2019,,6508.2466,31258943,Sub-Saharan Africa (WB)
Ghana,GHA,2020,307.2758,6412.6855,31887802,Sub-Saharan Africa (WB)
Ghana,GHA,2021,,6607.503,32518662,Sub-Saharan Africa (WB)
Ghana,GHA,2022,,6728.454,33149152,Sub-Saharan Africa (WB)
Ghana,GHA,2023,,6808.5376,33787916,Sub-Saharan Africa (WB)
Ghana,GHA,2024,,7055.625,33787916,Sub-Saharan Africa (WB)
Greece,GRC,1990,,26916.312,10258494,Europe and Central Asia (WB)
Greece,GRC,1991,,27419.604,10306645,Europe and Central Asia (WB)
Greece,GRC,1992,,27401.424,10359895,Europe and Central Asia (WB)
Greece,GRC,1993,,26804.854,10412752,Europe and Central Asia (WB)
Greece,GRC,1994,,27204.396,10466266,Europe and Central Asia (WB)
Greece,GRC,1995,,27646.148,10519233,Europe and Central Asia (WB)
Greece,GRC,1996,,27905.107,10570083,Europe and Central Asia (WB)
Greece,GRC,1997,,28768.24,10622327,Europe and Central Asia (WB)
Greece,GRC,1998,,29592.525,10675411,Europe and Central Asia (WB)
Greece,GRC,1999,,30263.055,10727953,Europe and Central Asia (WB)
Greece,GRC,2000,,31386.64,10782638,Europe and Central Asia (WB)
Greece,GRC,2001,,32675.93,10843166,Europe and Central Asia (WB)
Greece,GRC,2002,,34081.027,10890287,Europe and Central Asia (WB)
Greece,GRC,2003,,35970.703,10918467,Europe and Central Asia (WB)
Greece,GRC,2004,,37811.492,10947369,Europe and Central Asia (WB)
Greece,GRC,2005,,38146.965,10981340,Europe and Central Asia (WB)
Greece,GRC,2006,,40483.156,11016107,Europe and Central Asia (WB)
Greece,GRC,2007,,41796.234,11045737,Europe and Central Asia (WB)
Greece,GRC,2008,,41709.387,11076874,Europe and Central Asia (WB)
Greece,GRC,2009,,39886.215,11108067,Europe and Central Asia (WB)
Greece,GRC,2010,488.7184,37566.75,11124666,Europe and Central Asia (WB)
Greece,GRC,2011,,33906.492,11108838,Europe and Central Asia (WB)
Greece,GRC,2012,,31250.227,11048291,Europe and Central Asia (WB)
Greece,GRC,2013,,30762.443,10967534,Europe and Central Asia (WB)
Greece,GRC,2014,,31213.377,10893169,Europe and Central Asia (WB)
Greece,GRC,2015,,31347.977,10820902,Europe and Central Asia (WB)
Greece,GRC,2016,,31468.62,10775506,Europe and Central Asia (WB)
Greece,GRC,2017,474,31995.41,10753532,Europe and Central Asia (WB)
Greece,GRC,2018,473.75497,32722.33,10730846,Europe and Central Asia (WB)
Greece,GRC,2019,,33502.75,10718581,Europe and Central Asia (WB)
Greece,GRC,2020,468.63623,30487.113,10699370,Europe and Central Asia (WB)
Greece,GRC,2021,,33531.156,10579561,Europe and Central Asia (WB)
Greece,GRC,2022,,35831.344,10412481,Europe and Central Asia (WB)
Greece,GRC,2023,,36700.51,10242910,Europe and Central Asia (WB)
Greece,GRC,2024,,37474.28,10242910,Europe and Central Asia (WB)
Greenland,GRL,1990,,38137.57,55650,Europe and Central Asia (WB)
Greenland,GRL,1991,,38162.934,55740,Europe and Central Asia (WB)
Greenland,GRL,1992,,36343.125,55769,Europe and Central Asia (WB)
Greenland,GRL,1993,,34578.348,55780,Europe and Central Asia (WB)
Greenland,GRL,1994,,36428.914,55766,Europe and Central Asia (WB)
Greenland,GRL,1995,,37584.07,55857,Europe and Central Asia (WB)
Greenland,GRL,1996,,38090.71,56020,Europe and Central Asia (WB)
Greenland,GRL,1997,,38581.215,56115,Europe and Central Asia (WB)
Greenland,GRL,1998,,41500.23,56175,Europe and Central Asia (WB)
Greenland,GRL,1999,,42072.055,56148,Europe and Central Asia (WB)
Greenland,GRL,2000,,44991.676,56228,Europe and Central Asia (WB)
Greenland,GRL,2001,,45405.855,56433,Europe and Central Asia (WB)
Greenland,GRL,2002,,44793.27,56617,Europe and Central Asia (WB)
Greenland,GRL,2003,,46649.047,56781,Europe and Central Asia (WB)
Greenland,GRL,2004,,49742.06,56926,Europe and Central Asia (WB)
Greenland,GRL,2005,,52189,56969,Europe and Central Asia (WB)
Greenland,GRL,2006,,55243.71,56901,Europe and Central Asia (WB)
Greenland,GRL,2007,,56763.24,56807,Europe and Central Asia (WB)
Greenland,GRL,2008,,60506.195,56683,Europe and Central Asia (WB)
Greenland,GRL,2009,,61035.566,56547,Europe and Central Asia (WB)
Greenland,GRL,2010,,61863.28,56634,Europe and Central Asia (WB)
Greenland,GRL,2011,,61170.92,56853,Europe and Central Asia (WB)
Greenland,GRL,2012,,62111.1,56797,Europe and Central Asia (WB)
Greenland,GRL,2013,,61659.64,56532,Europe and Central Asia (WB)
Greenland,GRL,2014,,64799.305,56195,Europe and Central Asia (WB)
Greenland,GRL,2015,,63364.055,56048,Europe and Central Asia (WB)
Greenland,GRL,2016,,66245.73,56082,Europe and Central Asia (WB)
Greenland,GRL,2017,,66297.18,56094,Europe and Central Asia (WB)
Greenland,GRL,2018,,66887.68,56100,Europe and Central Asia (WB)
Greenland,GRL,2019,,68534.945,56109,Europe and Central Asia (WB)
Greenland,GRL,2020,,68533.734,56105,Europe and Central Asia (WB)
Greenland,GRL,2021,,69302.01,56065,Europe and Central Asia (WB)
Greenland,GRL,2022,,70681.23,56014,Europe and Central Asia (WB)
Greenland,GRL,2023,,71037.54,55951,Europe and Central Asia (WB)
Grenada,GRD,1990,,8883.919,99973,Latin America and Caribbean (WB)
Grenada,GRD,1991,,8932.304,100806,Latin America and Caribbean (WB)
Grenada,GRD,1992,,8785.759,101618,Latin America and Caribbean (WB)
Grenada,GRD,1993,,8548.039,102398,Latin America and Caribbean (WB)
Grenada,GRD,1994,,8629.086,103150,Latin America and Caribbean (WB)
Grenada,GRD,1995,,8750.818,103890,Latin America and Caribbean (WB)
Grenada,GRD,1996,,9076.719,104599,Latin America and Caribbean (WB)
Grenada,GRD,1997,,9467.777,105309,Latin America and Caribbean (WB)
Grenada,GRD,1998,,10509.109,106023,Latin America and Caribbean (WB)
Grenada,GRD,1999,,11158.489,106744,Latin America and Caribbean (WB)
Grenada,GRD,2000,,11625.051,107466,Latin America and Caribbean (WB)
Grenada,GRD,2001,,11333.237,107998,Latin America and Caribbean (WB)
Grenada,GRD,2002,,11677.703,108414,Latin America and Caribbean (WB)
Grenada,GRD,2003,,12726.526,108895,Latin America and Caribbean (WB)
Grenada,GRD,2004,,12593.3545,109338,Latin America and Caribbean (WB)
Grenada,GRD,2005,,14211.843,109744,Latin America and Caribbean (WB)
Grenada,GRD,2006,,13594.355,110149,Latin America and Caribbean (WB)
Grenada,GRD,2007,,14376.282,110532,Latin America and Caribbean (WB)
Grenada,GRD,2008,,14463.56,110911,Latin America and Caribbean (WB)
Grenada,GRD,2009,,13463.58,111266,Latin America and Caribbean (WB)
Grenada,GRD,2010,,13354.908,111600,Latin America and Caribbean (WB)
Grenada,GRD,2011,,13397.85,112093,Latin America and Caribbean (WB)
Grenada,GRD,2012,,13161.3955,112792,Latin America and Caribbean (WB)
Grenada,GRD,2013,,13386.319,113499,Latin America and Caribbean (WB)
Grenada,GRD,2014,,14287.954,114148,Latin America and Caribbean (WB)
Grenada,GRD,2015,,15136.696,114691,Latin America and Caribbean (WB)
Grenada,GRD,2016,,15640.827,115147,Latin America and Caribbean (WB)
Grenada,GRD,2017,,16291.489,115448,Latin America and Caribbean (WB)
Grenada,GRD,2018,387.06317,16964.852,115703,Latin America and Caribbean (WB)
Grenada,GRD,2019,,17036.916,115995,Latin America and Caribbean (WB)
Grenada,GRD,2020,394.74915,14647.745,116353,Latin America and Caribbean (WB)
Grenada,GRD,2021,,15290.251,116696,Latin America and Caribbean (WB)
Grenada,GRD,2022,,16376.428,116928,Latin America and Caribbean (WB)
Grenada,GRD,2023,,17093.156,117094,Latin America and Caribbean (WB)
Grenada,GRD,2024,,17751.51,117094,Latin America and Caribbean (WB)
Guatemala,GTM,1990,,7594.7285,9024775,Latin America and Caribbean (WB)
Guatemala,GTM,1991,,7662.1675,9272592,Latin America and Caribbean (WB)
Guatemala,GTM,1992,,7822.26,9522265,Latin America and Caribbean (WB)
Guatemala,GTM,1993,,7915.4067,9779760,Latin America and Caribbean (WB)
Guatemala,GTM,1994,,8018.28,10043713,Latin America and Caribbean (WB)
Guatemala,GTM,1995,,8195.346,10312999,Latin America and Caribbean (WB)
Guatemala,GTM,1996,,8222.065,10583528,Latin America and Caribbean (WB)
Guatemala,GTM,1997,,8364.161,10857754,Latin America and Caribbean (WB)
Guatemala,GTM,1998,,8559.986,11139147,Latin America and Caribbean (WB)
Guatemala,GTM,1999,,8668.427,11422977,Latin America and Caribbean (WB)
Guatemala,GTM,2000,,8770.404,11697592,Latin America and Caribbean (WB)
Guatemala,GTM,2001,,8771.155,11969423,Latin America and Caribbean (WB)
Guatemala,GTM,2002,,8901.536,12246923,Latin America and Caribbean (WB)
Guatemala,GTM,2003,,8926.153,12525843,Latin America and Caribbean (WB)
Guatemala,GTM,2004,,9003.857,12807409,Latin America and Caribbean (WB)
Guatemala,GTM,2005,,9099.724,13087637,Latin America and Caribbean (WB)
Guatemala,GTM,2006,,9386.001,13367455,Latin America and Caribbean (WB)
Guatemala,GTM,2007,,9772.806,13652042,Latin America and Caribbean (WB)
Guatemala,GTM,2008,,9889.572,13935172,Latin America and Caribbean (WB)
Guatemala,GTM,2009,,9740.709,14215614,Latin America and Caribbean (WB)
Guatemala,GTM,2010,369.49225,9825.018,14500118,Latin America and Caribbean (WB)
Guatemala,GTM,2011,,10032.089,14792123,Latin America and Caribbean (WB)
Guatemala,GTM,2012,,10126.828,15089639,Latin America and Caribbean (WB)
Guatemala,GTM,2013,,10297.84,15387339,Latin America and Caribbean (WB)
Guatemala,GTM,2014,,10553.564,15681725,Latin America and Caribbean (WB)
Guatemala,GTM,2015,,10785.958,15971745,Latin America and Caribbean (WB)
Guatemala,GTM,2016,,10872.594,16268761,Latin America and Caribbean (WB)
Guatemala,GTM,2017,405,11005.459,16567363,Latin America and Caribbean (WB)
Guatemala,GTM,2018,405.25757,11192.372,16845688,Latin America and Caribbean (WB)
Guatemala,GTM,2019,,11466.377,17103803,Latin America and Caribbean (WB)
Guatemala,GTM,2020,405.25757,11097.15,17357331,Latin America and Caribbean (WB)
Guatemala,GTM,2021,,11825.142,17598652,Latin America and Caribbean (WB)
Guatemala,GTM,2022,,12147.931,17847877,Latin America and Caribbean (WB)
Guatemala,GTM,2023,,12384.948,18124841,Latin America and Caribbean (WB)
Guatemala,GTM,2024,,12640.888,18124841,Latin America and Caribbean (WB)
Guinea,GIN,1990,,2105.7473,6434383,Sub-Saharan Africa (WB)
Guinea,GIN,1991,,2075.992,6697167,Sub-Saharan Africa (WB)
Guinea,GIN,1992,,2076.5505,6914370,Sub-Saharan Africa (WB)
Guinea,GIN,1993,,2115.8665,7128174,Sub-Saharan Africa (WB)
Guinea,GIN,1994,,2134.8977,7345106,Sub-Saharan Africa (WB)
Guinea,GIN,1995,,2171.7256,7553252,Sub-Saharan Africa (WB)
Guinea,GIN,1996,,2205.3237,7770035,Sub-Saharan Africa (WB)
Guinea,GIN,1997,,2272.411,7931371,Sub-Saharan Africa (WB)
Guinea,GIN,1998,,2311.3274,8081993,Sub-Saharan Africa (WB)
Guinea,GIN,1999,,2346.2703,8265121,Sub-Saharan Africa (WB)
Guinea,GIN,2000,,2358.2876,8428837,Sub-Saharan Africa (WB)
Guinea,GIN,2001,,2412.7517,8539963,Sub-Saharan Africa (WB)
Guinea,GIN,2002,,2498.1318,8674072,Sub-Saharan Africa (WB)
Guinea,GIN,2003,,2473.2341,8870790,Sub-Saharan Africa (WB)
Guinea,GIN,2004,,2477.503,9062724,Sub-Saharan Africa (WB)
Guinea,GIN,2005,,2501.2217,9245844,Sub-Saharan Africa (WB)
Guinea,GIN,2006,,2478.6133,9441174,Sub-Saharan Africa (WB)
Guinea,GIN,2007,,2587.005,9662278,Sub-Saharan Africa (WB)
Guinea,GIN,2008,,2629.5398,9898870,Sub-Saharan Africa (WB)
Guinea,GIN,2009,,2537.3064,10143540,Sub-Saharan Africa (WB)
Guinea,GIN,2010,,2594.8306,10396090,Sub-Saharan Africa (WB)
Guinea,GIN,2011,,2673.4087,10656812,Sub-Saharan Africa (WB)
Guinea,GIN,2012,,2762.9036,10921580,Sub-Saharan Africa (WB)
Guinea,GIN,2013,,2802.56,11191874,Sub-Saharan Africa (WB)
Guinea,GIN,2014,,2834.9663,11472921,Sub-Saharan Africa (WB)
Guinea,GIN,2015,,2869.8516,11767077,Sub-Saharan Africa (WB)
Guinea,GIN,2016,,3099.7888,12073031,Sub-Saharan Africa (WB)
Guinea,GIN,2017,408,3332.7659,12385668,Sub-Saharan Africa (WB)
Guinea,GIN,2018,408.24908,3455.645,12704776,Sub-Saharan Africa (WB)
Guinea,GIN,2019,,3557.4624,13034349,Sub-Saharan Africa (WB)
Guinea,GIN,2020,408.24908,3630.9934,13371185,Sub-Saharan Africa (WB)
Guinea,GIN,2021,,3738.8052,13710515,Sub-Saharan Africa (WB)
Guinea,GIN,2022,,3792.0107,14055136,Sub-Saharan Africa (WB)
Guinea,GIN,2023,,3904.824,14405469,Sub-Saharan Africa (WB)
Guinea,GIN,2024,,4016.3418,14405469,Sub-Saharan Africa (WB)
Guinea-Bissau,GNB,1990,,1967.9681,973678,Sub-Saharan Africa (WB)
Guinea-Bissau,GNB,1991,,2024.7277,994640,Sub-Saharan Africa (WB)
Guinea-Bissau,GNB,1992,,1987.6154,1024365,Sub-Saharan Africa (WB)
Guinea-Bissau,GNB,1993,,1963.4401,1058755,Sub-Saharan Africa (WB)
Guinea-Bissau,GNB,1994,,1964.5077,1092037,Sub-Saharan Africa (WB)
Guinea-Bissau,GNB,1995,,1999.8202,1119950,Sub-Saharan Africa (WB)
Guinea-Bissau,GNB,1996,,2185.7673,1143544,Sub-Saharan Africa (WB)
Guinea-Bissau,GNB,1997,,2283.8835,1165550,Sub-Saharan Africa (WB)
Guinea-Bissau,GNB,1998,,1738.5413,1187478,Sub-Saharan Africa (WB)
Guinea-Bissau,GNB,1999,,1992.7285,1210211,Sub-Saharan Africa (WB)
Guinea-Bissau,GNB,2000,,1974.6217,1234747,Sub-Saharan Africa (WB)
Guinea-Bissau,GNB,2001,,2025.6006,1261281,Sub-Saharan Africa (WB)
Guinea-Bissau,GNB,2002,,2053.962,1289317,Sub-Saharan Africa (WB)
Guinea-Bissau,GNB,2003,,2002.2775,1318809,Sub-Saharan Africa (WB)
Guinea-Bissau,GNB,2004,,1979.5746,1349569,Sub-Saharan Africa (WB)
Guinea-Bissau,GNB,2005,,2060.5383,1381590,Sub-Saharan Africa (WB)
Guinea-Bissau,GNB,2006,,2065.0837,1415315,Sub-Saharan Africa (WB)
Guinea-Bissau,GNB,2007,,2065.8613,1450989,Sub-Saharan Africa (WB)
Guinea-Bissau,GNB,2008,,2105.543,1488059,Sub-Saharan Africa (WB)
Guinea-Bissau,GNB,2009,,2102.9272,1526384,Sub-Saharan Africa (WB)
Guinea-Bissau,GNB,2010,,2164.1335,1566352,Sub-Saharan Africa (WB)
Guinea-Bissau,GNB,2011,,2278.4058,1608084,Sub-Saharan Africa (WB)
Guinea-Bissau,GNB,2012,,2180.6077,1651425,Sub-Saharan Africa (WB)
Guinea-Bissau,GNB,2013,,2192.4563,1695980,Sub-Saharan Africa (WB)
Guinea-Bissau,GNB,2014,,2156.2021,1741126,Sub-Saharan Africa (WB)
Guinea-Bissau,GNB,2015,,2230.391,1786461,Sub-Saharan Africa (WB)
Guinea-Bissau,GNB,2016,,2293.2358,1831898,Sub-Saharan Africa (WB)
Guinea-Bissau,GNB,2017,,2342.4153,1877074,Sub-Saharan Africa (WB)
Guinea-Bissau,GNB,2018,,2373.5015,1922167,Sub-Saharan Africa (WB)
Guinea-Bissau,GNB,2019,,2442.1067,1967704,Sub-Saharan Africa (WB)
Guinea-Bissau,GNB,2020,,2455.856,2013259,Sub-Saharan Africa (WB)
Guinea-Bissau,GNB,2021,,2522.7676,2058841,Sub-Saharan Africa (WB)
Guinea-Bissau,GNB,2022,,2603.2402,2105535,Sub-Saharan Africa (WB)
Guinea-Bissau,GNB,2023,,2693.7766,2153343,Sub-Saharan Africa (WB)
Guinea-Bissau,GNB,2024,,2744.2798,2153343,Sub-Saharan Africa (WB)
Guyana,GUY,1990,,5074.431,749891,Latin America and Caribbean (WB)
Guyana,GUY,1991,,5396.4634,747870,Latin America and Caribbean (WB)
Guyana,GUY,1992,,5799.2183,749919,Latin America and Caribbean (WB)
Guyana,GUY,1993,,6247.866,752969,Latin America and Caribbean (WB)
Guyana,GUY,1994,,6755.3286,755821,Latin America and Caribbean (WB)
Guyana,GUY,1995,,7071.213,758395,Latin America and Caribbean (WB)
Guyana,GUY,1996,,7612.304,760535,Latin America and Caribbean (WB)
Guyana,GUY,1997,,8064.5674,762250,Latin America and Caribbean (WB)
Guyana,GUY,1998,,7915.2295,763596,Latin America and Caribbean (WB)
Guyana,GUY,1999,,8139.97,764490,Latin America and Caribbean (WB)
Guyana,GUY,2000,,8025.2935,764836,Latin America and Caribbean (WB)
Guyana,GUY,2001,,8212.043,764484,Latin America and Caribbean (WB)
Guyana,GUY,2002,,8314.027,763657,Latin America and Caribbean (WB)
Guyana,GUY,2003,,8267.429,763107,Latin America and Caribbean (WB)
Guyana,GUY,2004,,8404.2,762424,Latin America and Caribbean (WB)
Guyana,GUY,2005,,8256.525,760922,Latin America and Caribbean (WB)
Guyana,GUY,2006,,8702.331,758976,Latin America and Caribbean (WB)
Guyana,GUY,2007,,9354.08,756874,Latin America and Caribbean (WB)
Guyana,GUY,2008,,9546.709,754614,Latin America and Caribbean (WB)
Guyana,GUY,2009,,9924.526,752097,Latin America and Caribbean (WB)
Guyana,GUY,2010,,10374.395,749259,Latin America and Caribbean (WB)
Guyana,GUY,2011,,10958.86,746161,Latin America and Caribbean (WB)
Guyana,GUY,2012,,11534.999,746296,Latin America and Caribbean (WB)
Guyana,GUY,2013,,11896.907,750020,Latin America and Caribbean (WB)
Guyana,GUY,2014,,12030.053,754231,Latin America and Caribbean (WB)
Guyana,GUY,2015,,12040.083,758783,Latin America and Caribbean (WB)
Guyana,GUY,2016,,12420.473,763553,Latin America and Caribbean (WB)
Guyana,GUY,2017,346,12801.641,768483,Latin America and Caribbean (WB)
Guyana,GUY,2018,346.3659,12980.357,791563,Latin America and Caribbean (WB)
Guyana,GUY,2019,,13402.422,807668,Latin America and Caribbean (WB)
Guyana,GUY,2020,346.3659,19234.13,807486,Latin America and Caribbean (WB)
Guyana,GUY,2021,,22865.928,815484,Latin America and Caribbean (WB)
Guyana,GUY,2022,,37068.2,821638,Latin America and Caribbean (WB)
Guyana,GUY,2023,,49312.36,826357,Latin America and Caribbean (WB)
Guyana,GUY,2024,,70516.72,826357,Latin America and Caribbean (WB)
Haiti,HTI,1990,,3959.0251,6854444,Latin America and Caribbean (WB)
Haiti,HTI,1991,,3952.1726,6995455,Latin America and Caribbean (WB)
Haiti,HTI,1992,,3668.3132,7136577,Latin America and Caribbean (WB)
Haiti,HTI,1993,,3401.759,7278182,Latin America and Caribbean (WB)
Haiti,HTI,1994,,2938.07,7419776,Latin America and Caribbean (WB)
Haiti,HTI,1995,,3167.913,7562551,Latin America and Caribbean (WB)
Haiti,HTI,1996,,3237.0198,7707560,Latin America and Caribbean (WB)
Haiti,HTI,1997,,3262.4592,7854304,Latin America and Caribbean (WB)
Haiti,HTI,1998,,3272.0496,8002144,Latin America and Caribbean (WB)
Haiti,HTI,1999,,3299.2354,8151301,Latin America and Caribbean (WB)
Haiti,HTI,2000,,3267.0764,8303151,Latin America and Caribbean (WB)
Haiti,HTI,2001,,3197.0571,8455917,Latin America and Caribbean (WB)
Haiti,HTI,2002,,3173.7385,8607648,Latin America and Caribbean (WB)
Haiti,HTI,2003,,3227.1208,8759913,Latin America and Caribbean (WB)
Haiti,HTI,2004,,3130.8555,8910267,Latin America and Caribbean (WB)
Haiti,HTI,2005,,3173.2607,9061274,Latin America and Caribbean (WB)
Haiti,HTI,2006,,3174.9763,9216569,Latin America and Caribbean (WB)
Haiti,HTI,2007,,3268.8188,9373300,Latin America and Caribbean (WB)
Haiti,HTI,2008,,3300.2585,9530782,Latin America and Caribbean (WB)
Haiti,HTI,2009,,3437.3806,9689585,Latin America and Caribbean (WB)
Haiti,HTI,2010,,3205.4983,9803299,Latin America and Caribbean (WB)
Haiti,HTI,2011,,3330.9983,9914904,Latin America and Caribbean (WB)
Haiti,HTI,2012,,3296.2478,10069770,Latin America and Caribbean (WB)
Haiti,HTI,2013,,3387.4717,10222365,Latin America and Caribbean (WB)
Haiti,HTI,2014,,3434.636,10373241,Latin America and Caribbean (WB)
Haiti,HTI,2015,,3433.0752,10523249,Latin America and Caribbean (WB)
Haiti,HTI,2016,,3446.7527,10671462,Latin America and Caribbean (WB)
Haiti,HTI,2017,345,3485.4924,10817759,Latin America and Caribbean (WB)
Haiti,HTI,2018,337.8153,3496.8787,10962373,Latin America and Caribbean (WB)
Haiti,HTI,2019,,3392.4326,11105165,Latin America and Caribbean (WB)
Haiti,HTI,2020,337.8153,3239.8354,11243846,Latin America and Caribbean (WB)
Haiti,HTI,2021,,3145.0068,11374592,Latin America and Caribbean (WB)
Haiti,HTI,2022,,3057.4285,11503603,Latin America and Caribbean (WB)
Haiti,HTI,2023,,2965.9463,11637402,Latin America and Caribbean (WB)
Haiti,HTI,2024,,2809.6453,11637402,Latin America and Caribbean (WB)
High-income countries,OWID_HIC,1990,,34929.43,1187956164,
High-income countries,OWID_HIC,1991,,34820.582,1196239408,
High-income countries,OWID_HIC,1992,,34720.812,1203963230,
High-income countries,OWID_HIC,1993,,34667.574,1210728993,
High-income countries,OWID_HIC,1994,,35197.805,1217906022,
High-income countries,OWID_HIC,1995,,35892.344,1224543783,
High-income countries,OWID_HIC,1996,,36633.758,1230513703,
High-income countries,OWID_HIC,1997,,37650.688,1236583684,
High-income countries,OWID_HIC,1998,,38308.953,1242177352,
High-income countries,OWID_HIC,1999,,39471.53,1247730970,
High-income countries,OWID_HIC,2000,,41052.55,1253937735,
High-income countries,OWID_HIC,2001,,41571.387,1260506416,
High-income countries,OWID_HIC,2002,,42108.766,1267822166,
High-income countries,OWID_HIC,2003,,42964.38,1275305584,
High-income countries,OWID_HIC,2004,,44356.785,1282405681,
High-income countries,OWID_HIC,2005,,45533.9,1289639261,
High-income countries,OWID_HIC,2006,,46910.86,1297063813,
High-income countries,OWID_HIC,2007,,48145.7,1305649028,
High-income countries,OWID_HIC,2008,,48338.777,1314867453,
High-income countries,OWID_HIC,2009,,46327.402,1323319806,
High-income countries,OWID_HIC,2010,,47586.2,1331186276,
High-income countries,OWID_HIC,2011,,48491.062,1339286565,
High-income countries,OWID_HIC,2012,,48959.668,1347506296,
High-income countries,OWID_HIC,2013,,49441.21,1355469061,
High-income countries,OWID_HIC,2014,,50214.062,1363592543,
High-income countries,OWID_HIC,2015,,50977.375,1372281696,
High-income countries,OWID_HIC,2016,,51585.492,1380894709,
High-income countries,OWID_HIC,2017,,52651.33,1388094202,
High-income countries,OWID_HIC,2018,,53756.51,1394159697,
High-income countries,OWID_HIC,2019,,54610.215,1400146576,
High-income countries,OWID_HIC,2020,,52316.61,1403650770,
High-income countries,OWID_HIC,2021,,55480.527,1404873283,
High-income countries,OWID_HIC,2022,,56904.445,1410112397,
High-income countries,OWID_HIC,2023,,57537.246,1416794460,
High-income countries,OWID_HIC,2024,,58334.816,1416794460,
Honduras,HND,1990,,1172.0798,4980493,Latin America and Caribbean (WB)
Honduras,HND,1991,,1436.0507,5123797,Latin America and Caribbean (WB)
Honduras,HND,1992,,1521.9473,5271437,Latin America and Caribbean (WB)
Honduras,HND,1993,,1681.0824,5423253,Latin America and Caribbean (WB)
Honduras,HND,1994,,2108.2742,5579247,Latin America and Caribbean (WB)
Honduras,HND,1995,,2555.0261,5739636,Latin America and Caribbean (WB)
Honduras,HND,1996,,3054.1577,5903962,Latin America and Caribbean (WB)
Honduras,HND,1997,,3635.9807,6071458,Latin America and Caribbean (WB)
Honduras,HND,1998,,3950.835,6234436,Latin America and Caribbean (WB)
Honduras,HND,1999,,4293.827,6400470,Latin America and Caribbean (WB)
Honduras,HND,2000,,4579.6895,6577781,Latin America and Caribbean (WB)
Honduras,HND,2001,,4578.9478,6757992,Latin America and Caribbean (WB)
Honduras,HND,2002,,4627.023,6938866,Latin America and Caribbean (WB)
Honduras,HND,2003,,4714.867,7119213,Latin America and Caribbean (WB)
Honduras,HND,2004,,4885.343,7299003,Latin America and Caribbean (WB)
Honduras,HND,2005,,5056.6753,7478362,Latin America and Caribbean (WB)
Honduras,HND,2006,,5263.1504,7656832,Latin America and Caribbean (WB)
Honduras,HND,2007,,5461.9014,7834806,Latin America and Caribbean (WB)
Honduras,HND,2008,,5566.7065,8012590,Latin America and Caribbean (WB)
Honduras,HND,2009,,5313.756,8189904,Latin America and Caribbean (WB)
Honduras,HND,2010,,5396.0723,8365881,Latin America and Caribbean (WB)
Honduras,HND,2011,,5488.4336,8540587,Latin America and Caribbean (WB)
Honduras,HND,2012,,5600.608,8715081,Latin America and Caribbean (WB)
Honduras,HND,2013,,5644.134,8889276,Latin America and Caribbean (WB)
Honduras,HND,2014,,5705.1626,9063127,Latin America and Caribbean (WB)
Honduras,HND,2015,,5812.5347,9237306,Latin America and Caribbean (WB)
Honduras,HND,2016,,5926.49,9412380,Latin America and Caribbean (WB)
Honduras,HND,2017,400,6099.6074,9588144,Latin America and Caribbean (WB)
Honduras,HND,2018,399.7508,6219.28,9765209,Latin America and Caribbean (WB)
Honduras,HND,2019,,6264.019,9943637,Latin America and Caribbean (WB)
Honduras,HND,2020,399.7508,5603.264,10119638,Latin America and Caribbean (WB)
Honduras,HND,2021,,6202.981,10289881,Latin America and Caribbean (WB)
Honduras,HND,2022,,6352.587,10463880,Latin America and Caribbean (WB)
Honduras,HND,2023,,6467.88,10644853,Latin America and Caribbean (WB)
Honduras,HND,2024,,6585.8555,10644853,Latin America and Caribbean (WB)
Hong Kong,HKG,1990,,31598.756,5560599,East Asia and Pacific (WB)
Hong Kong,HKG,1991,,33124.688,5628091,East Asia and Pacific (WB)
Hong Kong,HKG,1992,,34895.76,5759558,East Asia and Pacific (WB)
Hong Kong,HKG,1993,,36428.527,5902506,East Asia and Pacific (WB)
Hong Kong,HKG,1994,,37767.195,6042259,East Asia and Pacific (WB)
Hong Kong,HKG,1995,,37905.652,6177105,East Asia and Pacific (WB)
Hong Kong,HKG,1996,,37804.07,6302469,East Asia and Pacific (WB)
Hong Kong,HKG,1997,,39402.594,6416674,East Asia and Pacific (WB)
Hong Kong,HKG,1998,,36776.383,6521331,East Asia and Pacific (WB)
Hong Kong,HKG,1999,,37339.926,6616524,East Asia and Pacific (WB)
Hong Kong,HKG,2000,,39848.59,6704665,East Asia and Pacific (WB)
Hong Kong,HKG,2001,,39777.855,6774243,East Asia and Pacific (WB)
Hong Kong,HKG,2002,,40258.17,6821412,East Asia and Pacific (WB)
Hong Kong,HKG,2003,,41570.58,6858906,East Asia and Pacific (WB)
Hong Kong,HKG,2004,,44836.207,6888164,East Asia and Pacific (WB)
Hong Kong,HKG,2005,,47938.9,6908483,East Asia and Pacific (WB)
Hong Kong,HKG,2006,,50981.793,6931089,East Asia and Pacific (WB)
Hong Kong,HKG,2007,,53813.08,6971344,East Asia and Pacific (WB)
Hong Kong,HKG,2008,,54630.375,7020689,East Asia and Pacific (WB)
Hong Kong,HKG,2009,,53172.3,7064464,East Asia and Pacific (WB)
Hong Kong,HKG,2010,564.0993,56355.41,7101614,East Asia and Pacific (WB)
Hong Kong,HKG,2011,,58672.83,7142969,East Asia and Pacific (WB)
Hong Kong,HKG,2012,,59015.332,7201059,East Asia and Pacific (WB)
Hong Kong,HKG,2013,,60601.61,7264330,East Asia and Pacific (WB)
Hong Kong,HKG,2014,,61839.812,7319502,East Asia and Pacific (WB)
Hong Kong,HKG,2015,,62779.75,7366411,East Asia and Pacific (WB)
Hong Kong,HKG,2016,,63749.41,7408006,East Asia and Pacific (WB)
Hong Kong,HKG,2017,562,65662.836,7444889,East Asia and Pacific (WB)
Hong Kong,HKG,2018,561.8935,66993.97,7471190,East Asia and Pacific (WB)
Hong Kong,HKG,2019,,65388.332,7485817,East Asia and Pacific (WB)
Hong Kong,HKG,2020,548.6314,61328.527,7490240,East Asia and Pacific (WB)
Hong Kong,HKG,2021,,65884.94,7484604,East Asia and Pacific (WB)
Hong Kong,HKG,2022,,64036.645,7465913,East Asia and Pacific (WB)
Hong Kong,HKG,2023,,64434.56,7442738,East Asia and Pacific (WB)
Hong Kong,HKG,2024,,66153.98,7442738,East Asia and Pacific (WB)
Hungary,HUN,1990,,21297,10381280,Europe and Central Asia (WB)
Hungary,HUN,1991,,18765.416,10378174,Europe and Central Asia (WB)
Hungary,HUN,1992,,18197.531,10371477,Europe and Central Asia (WB)
Hungary,HUN,1993,,18113.336,10356869,Europe and Central Asia (WB)
Hungary,HUN,1994,,18672.707,10339936,Europe and Central Asia (WB)
Hungary,HUN,1995,,18977.244,10322792,Europe and Central Asia (WB)
Hungary,HUN,1996,,19029.113,10302238,Europe and Central Asia (WB)
Hungary,HUN,1997,,19635.295,10278600,Europe and Central Asia (WB)
Hungary,HUN,1998,,20438.383,10251717,Europe and Central Asia (WB)
Hungary,HUN,1999,,21128.889,10219797,Europe and Central Asia (WB)
Hungary,HUN,2000,,22117.92,10190598,Europe and Central Asia (WB)
Hungary,HUN,2001,,23069.21,10166693,Europe and Central Asia (WB)
Hungary,HUN,2002,,24229.295,10138461,Europe and Central Asia (WB)
Hungary,HUN,2003,,25255.871,10108970,Europe and Central Asia (WB)
Hungary,HUN,2004,,26568.12,10085788,Europe and Central Asia (WB)
Hungary,HUN,2005,,27765.79,10065703,Europe and Central Asia (WB)
Hungary,HUN,2006,,28903.047,10049946,Europe and Central Asia (WB)
Hungary,HUN,2007,,29044.066,10034084,Europe and Central Asia (WB)
Hungary,HUN,2008,,29384.008,10016653,Europe and Central Asia (WB)
Hungary,HUN,2009,,27445.959,10001381,Europe and Central Asia (WB)
Hungary,HUN,2010,512.3386,27801.834,9979128,Europe and Central Asia (WB)
Hungary,HUN,2011,,28415.117,9946675,Europe and Central Asia (WB)
Hungary,HUN,2012,,28179.656,9916621,Europe and Central Asia (WB)
Hungary,HUN,2013,,28891.021,9889344,Europe and Central Asia (WB)
Hungary,HUN,2014,,30264.95,9862843,Europe and Central Asia (WB)
Hungary,HUN,2015,,31485.568,9839211,Europe and Central Asia (WB)
Hungary,HUN,2016,,32378.967,9810529,Europe and Central Asia (WB)
Hungary,HUN,2017,516,33828.715,9785608,Europe and Central Asia (WB)
Hungary,HUN,2018,515.78284,35798.043,9774395,Europe and Central Asia (WB)
Hungary,HUN,2019,,37662.676,9770346,Europe and Central Asia (WB)
Hungary,HUN,2020,495.48123,36119.52,9749459,Europe and Central Asia (WB)
Hungary,HUN,2021,,38887.19,9707848,Europe and Central Asia (WB)
Hungary,HUN,2022,,40610.973,9684308,Europe and Central Asia (WB)
Hungary,HUN,2023,,40333.254,9686465,Europe and Central Asia (WB)
Hungary,HUN,2024,,40686.934,9686465,Europe and Central Asia (WB)
Iceland,ISL,1990,,42336.426,254842,Europe and Central Asia (WB)
Iceland,ISL,1991,,41754.977,257817,Europe and Central Asia (WB)
Iceland,ISL,1992,,39842.375,261087,Europe and Central Asia (WB)
Iceland,ISL,1993,,39957.32,263760,Europe and Central Asia (WB)
Iceland,ISL,1994,,41042.01,266063,Europe and Central Asia (WB)
Iceland,ISL,1995,,40867.562,267516,Europe and Central Asia (WB)
Iceland,ISL,1996,,42475.695,268967,Europe and Central Asia (WB)
Iceland,ISL,1997,,43873.668,271194,Europe and Central Asia (WB)
Iceland,ISL,1998,,46449.344,274121,Europe and Central Asia (WB)
Iceland,ISL,1999,,47679.87,277450,Europe and Central Asia (WB)
Iceland,ISL,2000,,49338.473,281293,Europe and Central Asia (WB)
Iceland,ISL,2001,,50556.992,285058,Europe and Central Asia (WB)
Iceland,ISL,2002,,50379.46,287609,Europe and Central Asia (WB)
Iceland,ISL,2003,,51173.2,289616,Europe and Central Asia (WB)
Iceland,ISL,2004,,54592.53,292172,Europe and Central Asia (WB)
Iceland,ISL,2005,,57512.42,296852,Europe and Central Asia (WB)
Iceland,ISL,2006,,59364.29,303883,Europe and Central Asia (WB)
Iceland,ISL,2007,,62940.746,311662,Europe and Central Asia (WB)
Iceland,ISL,2008,,62831.17,317519,Europe and Central Asia (WB)
Iceland,ISL,2009,,57406.47,318619,Europe and Central Asia (WB)
Iceland,ISL,2010,517.6783,56211.836,318163,Europe and Central Asia (WB)
Iceland,ISL,2011,,56813.742,319139,Europe and Central Asia (WB)
Iceland,ISL,2012,,57173.043,320851,Europe and Central Asia (WB)
Iceland,ISL,2013,,58671.93,323891,Europe and Central Asia (WB)
Iceland,ISL,2014,,59133.27,327517,Europe and Central Asia (WB)
Iceland,ISL,2015,,60725.727,330962,Europe and Central Asia (WB)
Iceland,ISL,2016,,63612.555,335571,Europe and Central Asia (WB)
Iceland,ISL,2017,497,64303.38,343537,Europe and Central Asia (WB)
Iceland,ISL,2018,497.0681,65521.93,352860,Europe and Central Asia (WB)
Iceland,ISL,2019,,64826.434,360709,Europe and Central Asia (WB)
Iceland,ISL,2020,497.68277,59543.812,366626,Europe and Central Asia (WB)
Iceland,ISL,2021,,61610.215,372647,Europe and Central Asia (WB)
Iceland,ISL,2022,,65380.316,380368,Europe and Central Asia (WB)
Iceland,ISL,2023,,68118.4,387559,Europe and Central Asia (WB)
Iceland,ISL,2024,,67310.055,387559,Europe and Central Asia (WB)
India,IND,1990,,2203.147,864972221,South Asia (WB)
India,IND,1991,,2178.686,883927605,South Asia (WB)
India,IND,1992,,2249.698,902957075,South Asia (WB)
India,IND,1993,,2307.6072,922118380,South Asia (WB)
India,IND,1994,,2411.4626,941163772,South Asia (WB)
India,IND,1995,,2542.422,960301046,South Asia (WB)
India,IND,1996,,2680.2788,979678460,South Asia (WB)
India,IND,1997,,2734.521,999133764,South Asia (WB)
India,IND,1998,,2847.9624,1018665080,South Asia (WB)
India,IND,1999,,3041.4827,1038225822,South Asia (WB)
India,IND,2000,,3099.503,1057922731,South Asia (WB)
India,IND,2001,,3188.8103,1077898579,South Asia (WB)
India,IND,2002,,3250.6956,1097600380,South Asia (WB)
India,IND,2003,,3445.926,1116803000,South Asia (WB)
India,IND,2004,,3656.1262,1135991509,South Asia (WB)
India,IND,2005,,3881.966,1154676321,South Asia (WB)
India,IND,2006,,4129.7783,1172878888,South Asia (WB)
India,IND,2007,,4379.696,1190676028,South Asia (WB)
India,IND,2008,,4450.39,1207930960,South Asia (WB)
India,IND,2009,,4731.362,1225524764,South Asia (WB)
India,IND,2010,,5059.2827,1243481565,South Asia (WB)
India,IND,2011,,5249.5493,1261224956,South Asia (WB)
India,IND,2012,,5460.4375,1278674501,South Asia (WB)
India,IND,2013,,5732.2417,1295829507,South Asia (WB)
India,IND,2014,,6079.8438,1312277184,South Asia (WB)
India,IND,2015,,6488.146,1328024494,South Asia (WB)
India,IND,2016,,6940.626,1343944296,South Asia (WB)
India,IND,2017,355,7326.607,1359657398,South Asia (WB)
India,IND,2018,399,7714.34,1374659067,South Asia (WB)
India,IND,2019,,7930.0913,1389030307,South Asia (WB)
India,IND,2020,399,7399.531,1402617694,South Asia (WB)
India,IND,2021,,8050.0186,1414203896,South Asia (WB)
India,IND,2022,,8594.392,1425423209,South Asia (WB)
India,IND,2023,,9301.756,1438069597,South Asia (WB)
India,IND,2024,,9818.043,1438069597,South Asia (WB)
Indonesia,IDN,1990,,4873.0537,183501097,East Asia and Pacific (WB)
Indonesia,IDN,1991,,5118.468,186778239,East Asia and Pacific (WB)
Indonesia,IDN,1992,,5357.376,190043742,East Asia and Pacific (WB)
Indonesia,IDN,1993,,5609.152,193305169,East Asia and Pacific (WB)
Indonesia,IDN,1994,,5931.235,196591829,East Asia and Pacific (WB)
Indonesia,IDN,1995,,6312.9346,199888055,East Asia and Pacific (WB)
Indonesia,IDN,1996,,6695.4097,203204353,East Asia and Pacific (WB)
Indonesia,IDN,1997,,6897.0024,206536089,East Asia and Pacific (WB)
Indonesia,IDN,1998,,5897.6855,209826791,East Asia and Pacific (WB)
Indonesia,IDN,1999,,5855.658,213004667,East Asia and Pacific (WB)
Indonesia,IDN,2000,,6056.382,216077789,East Asia and Pacific (WB)
Indonesia,IDN,2001,,6190.5195,219097905,East Asia and Pacific (WB)
Indonesia,IDN,2002,,6381.9497,222088499,East Asia and Pacific (WB)
Indonesia,IDN,2003,,6599.092,225048005,East Asia and Pacific (WB)
Indonesia,IDN,2004,,6843.5464,227926649,East Asia and Pacific (WB)
Indonesia,IDN,2005,,7140.8545,230871648,East Asia and Pacific (WB)
Indonesia,IDN,2006,,7434.488,233951650,East Asia and Pacific (WB)
Indonesia,IDN,2007,,7802.464,237062338,East Asia and Pacific (WB)
Indonesia,IDN,2008,,8165.0615,240157902,East Asia and Pacific (WB)
Indonesia,IDN,2009,,8435.456,243220024,East Asia and Pacific (WB)
Indonesia,IDN,2010,397.8539,8848.225,246305327,East Asia and Pacific (WB)
Indonesia,IDN,2011,,9274.97,249470029,East Asia and Pacific (WB)
Indonesia,IDN,2012,,9708.612,252698525,East Asia and Pacific (WB)
Indonesia,IDN,2013,,10121.814,255852464,East Asia and Pacific (WB)
Indonesia,IDN,2014,,10504.387,258877395,East Asia and Pacific (WB)
Indonesia,IDN,2015,,10893.662,261799249,East Asia and Pacific (WB)
Indonesia,IDN,2016,,11319.663,264627429,East Asia and Pacific (WB)
Indonesia,IDN,2017,403,11772.574,267346654,East Asia and Pacific (WB)
Indonesia,IDN,2018,402.90552,12262.231,269951847,East Asia and Pacific (WB)
Indonesia,IDN,2019,,12757.785,272489381,East Asia and Pacific (WB)
Indonesia,IDN,2020,394.9151,12388.545,274814861,East Asia and Pacific (WB)
Indonesia,IDN,2021,,12757.074,276758056,East Asia and Pacific (WB)
Indonesia,IDN,2022,,13334.266,278830527,East Asia and Pacific (WB)
Indonesia,IDN,2023,,13889.975,281190068,East Asia and Pacific (WB)
Indonesia,IDN,2024,,14470.4375,281190068,East Asia and Pacific (WB)
Iran,IRN,1990,,9656.001,58380098,"Middle East, North Africa, Afghanistan and Pakistan (WB)"
Iran,IRN,1991,,10592.332,59986931,"Middle East, North Africa, Afghanistan and Pakistan (WB)"
Iran,IRN,1992,,10727.418,61184982,"Middle East, North Africa, Afghanistan and Pakistan (WB)"
Iran,IRN,1993,,10531.995,61403548,"Middle East, North Africa, Afghanistan and Pakistan (WB)"
Iran,IRN,1994,,10333.433,61520598,"Middle East, North Africa, Afghanistan and Pakistan (WB)"
Iran,IRN,1995,,10465.026,62205571,"Middle East, North Africa, Afghanistan and Pakistan (WB)"
Iran,IRN,1996,,11010.01,62881298,"Middle East, North Africa, Afghanistan and Pakistan (WB)"
Iran,IRN,1997,,11025.721,63639637,"Middle East, North Africa, Afghanistan and Pakistan (WB)"
Iran,IRN,1998,,11101.508,64519866,"Middle East, North Africa, Afghanistan and Pakistan (WB)"
Iran,IRN,1999,,11163.695,65445389,"Middle East, North Africa, Afghanistan and Pakistan (WB)"
Iran,IRN,2000,,11643.122,66418661,"Middle East, North Africa, Afghanistan and Pakistan (WB)"
Iran,IRN,2001,,11739.009,67452005,"Middle East, North Africa, Afghanistan and Pakistan (WB)"
Iran,IRN,2002,,12583.045,68011318,"Middle East, North Africa, Afghanistan and Pakistan (WB)"
Iran,IRN,2003,,13519.45,68769343,"Middle East, North Africa, Afghanistan and Pakistan (WB)"
Iran,IRN,2004,,13807.195,70256316,"Middle East, North Africa, Afghanistan and Pakistan (WB)"
Iran,IRN,2005,,13935.774,71828455,"Middle East, North Africa, Afghanistan and Pakistan (WB)"
Iran,IRN,2006,,14320.657,73392747,"Middle East, North Africa, Afghanistan and Pakistan (WB)"
Iran,IRN,2007,,15237.424,74602648,"Middle East, North Africa, Afghanistan and Pakistan (WB)"
Iran,IRN,2008,,15091.251,75514201,"Middle East, North Africa, Afghanistan and Pakistan (WB)"
Iran,IRN,2009,,15055.149,76457831,"Middle East, North Africa, Afghanistan and Pakistan (WB)"
Iran,IRN,2010,450.3042,15729.913,77420851,"Middle East, North Africa, Afghanistan and Pakistan (WB)"
Iran,IRN,2011,,15947.766,78383602,"Middle East, North Africa, Afghanistan and Pakistan (WB)"
Iran,IRN,2012,,15159.295,79370583,"Middle East, North Africa, Afghanistan and Pakistan (WB)"
Iran,IRN,2013,,14734.74,80414689,"Middle East, North Africa, Afghanistan and Pakistan (WB)"
Iran,IRN,2014,,15262.852,81502045,"Middle East, North Africa, Afghanistan and Pakistan (WB)"
Iran,IRN,2015,,14841.905,82619365,"Middle East, North Africa, Afghanistan and Pakistan (WB)"
Iran,IRN,2016,,15920.372,83812230,"Middle East, North Africa, Afghanistan and Pakistan (WB)"
Iran,IRN,2017,432,16167.968,85026761,"Middle East, North Africa, Afghanistan and Pakistan (WB)"
Iran,IRN,2018,432.10822,15364.805,86117999,"Middle East, North Africa, Afghanistan and Pakistan (WB)"
Iran,IRN,2019,,14841.075,87051649,"Middle East, North Africa, Afghanistan and Pakistan (WB)"
Iran,IRN,2020,432.10822,15381.585,87723448,"Middle East, North Africa, Afghanistan and Pakistan (WB)"
Iran,IRN,2021,,15884.428,88455490,"Middle East, North Africa, Afghanistan and Pakistan (WB)"
Iran,IRN,2022,,16377.961,89524247,"Middle East, North Africa, Afghanistan and Pakistan (WB)"
Iran,IRN,2023,,17044.816,90608708,"Middle East, North Africa, Afghanistan and Pakistan (WB)"
Iran,IRN,2024,,17484.133,90608708,"Middle East, North Africa, Afghanistan and Pakistan (WB)"
Iraq,IRQ,1990,,10735.094,17581208,"Middle East, North Africa, Afghanistan and Pakistan (WB)"
Iraq,IRQ,1991,,3819.1619,17767257,"Middle East, North Africa, Afghanistan and Pakistan (WB)"
Iraq,IRQ,1992,,4916.264,18300849,"Middle East, North Africa, Afghanistan and Pakistan (WB)"
Iraq,IRQ,1993,,6105.0415,19201195,"Middle East, North Africa, Afghanistan and Pakistan (WB)"
Iraq,IRQ,1994,,6044.871,20139818,"Middle East, North Africa, Afghanistan and Pakistan (WB)"
Iraq,IRQ,1995,,5969.6694,20825859,"Middle East, North Africa, Afghanistan and Pakistan (WB)"
Iraq,IRQ,1996,,6419.3696,21501321,"Middle East, North Africa, Afghanistan and Pakistan (WB)"
Iraq,IRQ,1997,,7545.73,22176604,"Middle East, North Africa, Afghanistan and Pakistan (WB)"
Iraq,IRQ,1998,,9871.734,22884402,"Middle East, North Africa, Afghanistan and Pakistan (WB)"
Iraq,IRQ,1999,,11237.854,23636530,"Middle East, North Africa, Afghanistan and Pakistan (WB)"
Iraq,IRQ,2000,,12702.164,24424060,"Middle East, North Africa, Afghanistan and Pakistan (WB)"
Iraq,IRQ,2001,,12529.608,25197842,"Middle East, North Africa, Afghanistan and Pakistan (WB)"
Iraq,IRQ,2002,,11144.051,26006558,"Middle East, North Africa, Afghanistan and Pakistan (WB)"
Iraq,IRQ,2003,,6849.332,26802660,"Middle East, North Africa, Afghanistan and Pakistan (WB)"
Iraq,IRQ,2004,,10210.563,27577876,"Middle East, North Africa, Afghanistan and Pakistan (WB)"
Iraq,IRQ,2005,,10078.443,28407450,"Middle East, North Africa, Afghanistan and Pakistan (WB)"
Iraq,IRQ,2006,,10568.914,28616518,"Middle East, North Africa, Afghanistan and Pakistan (WB)"
Iraq,IRQ,2007,,10853.816,28391606,"Middle East, North Africa, Afghanistan and Pakistan (WB)"
Iraq,IRQ,2008,,11511.938,28971042,"Middle East, North Africa, Afghanistan and Pakistan (WB)"
Iraq,IRQ,2009,,11470.518,30058207,"Middle East, North Africa, Afghanistan and Pakistan (WB)"
Iraq,IRQ,2010,,11816.841,31045367,"Middle East, North Africa, Afghanistan and Pakistan (WB)"
Iraq,IRQ,2011,,12267.585,32161425,"Middle East, North Africa, Afghanistan and Pakistan (WB)"
Iraq,IRQ,2012,,13357.015,33654843,"Middle East, North Africa, Afghanistan and Pakistan (WB)"
Iraq,IRQ,2013,,13712.932,35281987,"Middle East, North Africa, Afghanistan and Pakistan (WB)"
Iraq,IRQ,2014,,13536.823,36550058,"Middle East, North Africa, Afghanistan and Pakistan (WB)"
Iraq,IRQ,2015,,13516.027,37560535,"Middle East, North Africa, Afghanistan and Pakistan (WB)"
Iraq,IRQ,2016,,15016.092,38469628,"Middle East, North Africa, Afghanistan and Pakistan (WB)"
Iraq,IRQ,2017,363,14417.631,39337358,"Middle East, North Africa, Afghanistan and Pakistan (WB)"
Iraq,IRQ,2018,363.4325,14456.235,40265629,"Middle East, North Africa, Afghanistan and Pakistan (WB)"
Iraq,IRQ,2019,,14910.225,41192172,"Middle East, North Africa, Afghanistan and Pakistan (WB)"
Iraq,IRQ,2020,363.4325,12827.635,42116602,"Middle East, North Africa, Afghanistan and Pakistan (WB)"
Iraq,IRQ,2021,,12731.754,43071208,"Middle East, North Africa, Afghanistan and Pakistan (WB)"
Iraq,IRQ,2022,,13433.397,44070556,"Middle East, North Africa, Afghanistan and Pakistan (WB)"
Iraq,IRQ,2023,,13202.323,45074055,"Middle East, North Africa, Afghanistan and Pakistan (WB)"
Iraq,IRQ,2024,,12725.043,45074055,"Middle East, North Africa, Afghanistan and Pakistan (WB)"
Ireland,IRL,1990,,29555.633,3514015,Europe and Central Asia (WB)
Ireland,IRL,1991,,29953.244,3534258,Europe and Central Asia (WB)
Ireland,IRL,1992,,30744.191,3558417,Europe and Central Asia (WB)
Ireland,IRL,1993,,31414.596,3576118,Europe and Central Asia (WB)
Ireland,IRL,1994,,33092.062,3590162,Europe and Central Asia (WB)
Ireland,IRL,1995,,36094.76,3610695,Europe and Central Asia (WB)
Ireland,IRL,1996,,38452.945,3638507,Europe and Central Asia (WB)
Ireland,IRL,1997,,42265.164,3672287,Europe and Central Asia (WB)
Ireland,IRL,1998,,45493.168,3711075,Europe and Central Asia (WB)
Ireland,IRL,1999,,49719.887,3752938,Europe and Central Asia (WB)
Ireland,IRL,2000,,53675.004,3802589,Europe and Central Asia (WB)
Ireland,IRL,2001,,55630.1,3862981,Europe and Central Asia (WB)
Ireland,IRL,2002,,57927.49,3928441,Europe and Central Asia (WB)
Ireland,IRL,2003,,58709.156,3992935,Europe and Central Asia (WB)
Ireland,IRL,2004,,61558.58,4066066,Europe and Central Asia (WB)
Ireland,IRL,2005,,63689.086,4155283,Europe and Central Asia (WB)
Ireland,IRL,2006,,65087.18,4268775,Europe and Central Asia (WB)
Ireland,IRL,2007,,66590.195,4393518,Europe and Central Asia (WB)
Ireland,IRL,2008,,62320.668,4485992,Europe and Central Asia (WB)
Ireland,IRL,2009,,58547.266,4533750,Europe and Central Asia (WB)
Ireland,IRL,2010,513.6354,59209.1,4559084,Europe and Central Asia (WB)
Ireland,IRL,2011,,59899.918,4579603,Europe and Central Asia (WB)
Ireland,IRL,2012,,59405.047,4600135,Europe and Central Asia (WB)
Ireland,IRL,2013,,60388.94,4624686,Europe and Central Asia (WB)
Ireland,IRL,2014,,65575.805,4658236,Europe and Central Asia (WB)
Ireland,IRL,2015,,80954.664,4702497,Europe and Central Asia (WB)
Ireland,IRL,2016,,80899.02,4753506,Europe and Central Asia (WB)
Ireland,IRL,2017,538,87882.71,4810258,Europe and Central Asia (WB)
Ireland,IRL,2018,537.7295,93276.016,4872559,Europe and Central Asia (WB)
Ireland,IRL,2019,,96371.29,4933493,Europe and Central Asia (WB)
Ireland,IRL,2020,521.32855,101968.555,4982602,Europe and Central Asia (WB)
Ireland,IRL,2021,,116903.61,5028428,Europe and Central Asia (WB)
Ireland,IRL,2022,,123219.08,5110015,Europe and Central Asia (WB)
Ireland,IRL,2023,,117862.125,5196629,Europe and Central Asia (WB)
Ireland,IRL,2024,,119037.734,5196629,Europe and Central Asia (WB)
Israel,ISR,1990,,25335.271,4544995,"Middle East, North Africa, Afghanistan and Pakistan (WB)"
Israel,ISR,1991,,25698.93,4779892,"Middle East, North Africa, Afghanistan and Pakistan (WB)"
Israel,ISR,1992,,26752.4,4957240,"Middle East, North Africa, Afghanistan and Pakistan (WB)"
Israel,ISR,1993,,27123.107,5086041,"Middle East, North Africa, Afghanistan and Pakistan (WB)"
Israel,ISR,1994,,28393,5216697,"Middle East, North Africa, Afghanistan and Pakistan (WB)"
Israel,ISR,1995,,29470.816,5354734,"Middle East, North Africa, Afghanistan and Pakistan (WB)"
Israel,ISR,1996,,30386.197,5499555,"Middle East, North Africa, Afghanistan and Pakistan (WB)"
Israel,ISR,1997,,30707.006,5646476,"Middle East, North Africa, Afghanistan and Pakistan (WB)"
Israel,ISR,1998,,31246.857,5790143,"Middle East, North Africa, Afghanistan and Pakistan (WB)"
Israel,ISR,1999,,31465.613,5946079,"Middle East, North Africa, Afghanistan and Pakistan (WB)"
Israel,ISR,2000,,33275.062,6111194,"Middle East, North Africa, Afghanistan and Pakistan (WB)"
Israel,ISR,2001,,32590.229,6259977,"Middle East, North Africa, Afghanistan and Pakistan (WB)"
Israel,ISR,2002,,31897.584,6387714,"Middle East, North Africa, Afghanistan and Pakistan (WB)"
Israel,ISR,2003,,31780.78,6502821,"Middle East, North Africa, Afghanistan and Pakistan (WB)"
Israel,ISR,2004,,32675.209,6615084,"Middle East, North Africa, Afghanistan and Pakistan (WB)"
Israel,ISR,2005,,33512.89,6728212,"Middle East, North Africa, Afghanistan and Pakistan (WB)"
Israel,ISR,2006,,34770.027,6844029,"Middle East, North Africa, Afghanistan and Pakistan (WB)"
Israel,ISR,2007,,36317.85,6962456,"Middle East, North Africa, Afghanistan and Pakistan (WB)"
Israel,ISR,2008,,36827.926,7082621,"Middle East, North Africa, Afghanistan and Pakistan (WB)"
Israel,ISR,2009,,36403.164,7206096,"Middle East, North Africa, Afghanistan and Pakistan (WB)"
Israel,ISR,2010,473.71216,37722.41,7336735,"Middle East, North Africa, Afghanistan and Pakistan (WB)"
Israel,ISR,2011,,39075.375,7471023,"Middle East, North Africa, Afghanistan and Pakistan (WB)"
Israel,ISR,2012,,39299.35,7607781,"Middle East, North Africa, Afghanistan and Pakistan (WB)"
Israel,ISR,2013,,40148.777,7749369,"Middle East, North Africa, Afghanistan and Pakistan (WB)"
Israel,ISR,2014,,40872.582,7897173,"Middle East, North Africa, Afghanistan and Pakistan (WB)"
Israel,ISR,2015,,40967.37,8052916,"Middle East, North Africa, Afghanistan and Pakistan (WB)"
Israel,ISR,2016,,41963.676,8210006,"Middle East, North Africa, Afghanistan and Pakistan (WB)"
Israel,ISR,2017,503,42947.06,8361796,"Middle East, North Africa, Afghanistan and Pakistan (WB)"
Israel,ISR,2018,503.49988,43814.297,8510067,"Middle East, North Africa, Afghanistan and Pakistan (WB)"
Israel,ISR,2019,,44580.81,8657466,"Middle East, North Africa, Afghanistan and Pakistan (WB)"
Israel,ISR,2020,480.7522,42915.94,8800380,"Middle East, North Africa, Afghanistan and Pakistan (WB)"
Israel,ISR,2021,,46162.082,8942925,"Middle East, North Africa, Afghanistan and Pakistan (WB)"
Israel,ISR,2022,,48098.188,9103143,"Middle East, North Africa, Afghanistan and Pakistan (WB)"
Israel,ISR,2023,,47527.152,9256311,"Middle East, North Africa, Afghanistan and Pakistan (WB)"
Israel,ISR,2024,,47338.844,9256311,"Middle East, North Africa, Afghanistan and Pakistan (WB)"
Italy,ITA,1990,,42656.746,57031457,Europe and Central Asia (WB)
Italy,ITA,1991,,43283.02,57075394,Europe and Central Asia (WB)
Italy,ITA,1992,,43614.484,57124993,Europe and Central Asia (WB)
Italy,ITA,1993,,43216.11,57170762,Europe and Central Asia (WB)
Italy,ITA,1994,,44136.707,57420136,Europe and Central Asia (WB)
Italy,ITA,1995,,45410.14,57403342,Europe and Central Asia (WB)
Italy,ITA,1996,,46008.24,57162098,Europe and Central Asia (WB)
Italy,ITA,1997,,46869.426,57189272,Europe and Central Asia (WB)
Italy,ITA,1998,,47701.4,57215190,Europe and Central Asia (WB)
Italy,ITA,1999,,48493.664,57240796,Europe and Central Asia (WB)
Italy,ITA,2000,,50353.42,57272200,Europe and Central Asia (WB)
Italy,ITA,2001,,51332.29,57305760,Europe and Central Asia (WB)
Italy,ITA,2002,,51369.113,57420636,Europe and Central Asia (WB)
Italy,ITA,2003,,51126.258,57739697,Europe and Central Asia (WB)
Italy,ITA,2004,,51495.004,58176736,Europe and Central Asia (WB)
Italy,ITA,2005,,51585.645,58519696,Europe and Central Asia (WB)
Italy,ITA,2006,,52304.242,58754434,Europe and Central Asia (WB)
Italy,ITA,2007,,52747.19,59108723,Europe and Central Asia (WB)
Italy,ITA,2008,,51806.39,59561687,Europe and Central Asia (WB)
Italy,ITA,2009,,48774.39,59904016,Europe and Central Asia (WB)
Italy,ITA,2010,502.24963,49301.695,60164212,Europe and Central Asia (WB)
Italy,ITA,2011,,49473.016,60367882,Europe and Central Asia (WB)
Italy,ITA,2012,,47795.957,60531522,Europe and Central Asia (WB)
Italy,ITA,2013,,46833.363,60653864,Europe and Central Asia (WB)
Italy,ITA,2014,,46825.652,60664169,Europe and Central Asia (WB)
Italy,ITA,2015,,47311.824,60575314,Europe and Central Asia (WB)
Italy,ITA,2016,,47987.84,60478103,Europe and Central Asia (WB)
Italy,ITA,2017,514,48849.22,60390317,Europe and Central Asia (WB)
Italy,ITA,2018,513.6931,49133.145,60277496,Europe and Central Asia (WB)
Italy,ITA,2019,,49690.63,60130136,Europe and Central Asia (WB)
Italy,ITA,2020,492.98782,45505.07,59912763,Europe and Central Asia (WB)
Italy,ITA,2021,,49825.395,59729353,Europe and Central Asia (WB)
Italy,ITA,2022,,52333.33,59619106,Europe and Central Asia (WB)
Italy,ITA,2023,,52870.324,59499452,Europe and Central Asia (WB)
Italy,ITA,2024,,53265.004,59499452,Europe and Central Asia (WB)
Jamaica,JAM,1990,,8879.653,2379880,Latin America and Caribbean (WB)
Jamaica,JAM,1991,,9227.876,2400873,Latin America and Caribbean (WB)
Jamaica,JAM,1992,,9315.858,2424698,Latin America and Caribbean (WB)
Jamaica,JAM,1993,,10088.232,2449913,Latin America and Caribbean (WB)
Jamaica,JAM,1994,,10123.234,2475225,Latin America and Caribbean (WB)
Jamaica,JAM,1995,,10257.807,2500152,Latin America and Caribbean (WB)
Jamaica,JAM,1996,,10147.464,2524470,Latin America and Caribbean (WB)
Jamaica,JAM,1997,,9939.662,2547853,Latin America and Caribbean (WB)
Jamaica,JAM,1998,,9624.93,2569740,Latin America and Caribbean (WB)
Jamaica,JAM,1999,,9650.4375,2589796,Latin America and Caribbean (WB)
Jamaica,JAM,2000,,9667.925,2607827,Latin America and Caribbean (WB)
Jamaica,JAM,2001,,9736.0625,2624410,Latin America and Caribbean (WB)
Jamaica,JAM,2002,,9869.713,2640582,Latin America and Caribbean (WB)
Jamaica,JAM,2003,,10169.75,2656629,Latin America and Caribbean (WB)
Jamaica,JAM,2004,,10244.207,2672227,Latin America and Caribbean (WB)
Jamaica,JAM,2005,,10278.684,2687070,Latin America and Caribbean (WB)
Jamaica,JAM,2006,,10522.236,2700973,Latin America and Caribbean (WB)
Jamaica,JAM,2007,,10622.444,2713808,Latin America and Caribbean (WB)
Jamaica,JAM,2008,,10490.469,2725633,Latin America and Caribbean (WB)
Jamaica,JAM,2009,,9992.977,2737001,Latin America and Caribbean (WB)
Jamaica,JAM,2010,,9805.901,2748573,Latin America and Caribbean (WB)
Jamaica,JAM,2011,,9932.483,2760493,Latin America and Caribbean (WB)
Jamaica,JAM,2012,,9829.035,2772432,Latin America and Caribbean (WB)
Jamaica,JAM,2013,,9839.965,2783689,Latin America and Caribbean (WB)
Jamaica,JAM,2014,,9872.159,2793756,Latin America and Caribbean (WB)
Jamaica,JAM,2015,,9931.898,2802536,Latin America and Caribbean (WB)
Jamaica,JAM,2016,,10179.254,2809919,Latin America and Caribbean (WB)
Jamaica,JAM,2017,387,10391.038,2815765,Latin America and Caribbean (WB)
Jamaica,JAM,2018,387.133,10636.093,2820103,Latin America and Caribbean (WB)
Jamaica,JAM,2019,,10816.372,2823275,Latin America and Caribbean (WB)
Jamaica,JAM,2020,387.133,9891.97,2830745,Latin America and Caribbean (WB)
Jamaica,JAM,2021,,10430.691,2837680,Latin America and Caribbean (WB)
Jamaica,JAM,2022,,11096.638,2839150,Latin America and Caribbean (WB)
Jamaica,JAM,2023,,11398.8125,2839785,Latin America and Caribbean (WB)
Jamaica,JAM,2024,,11340.264,2839785,Latin America and Caribbean (WB)
Japan,JPN,1990,,35272.418,123399767,East Asia and Pacific (WB)
Japan,JPN,1991,,36372.035,123889870,East Asia and Pacific (WB)
Japan,JPN,1992,,36563.62,124383707,East Asia and Pacific (WB)
Japan,JPN,1993,,36277.92,124839955,East Asia and Pacific (WB)
Japan,JPN,1994,,36568.71,125286861,East Asia and Pacific (WB)
Japan,JPN,1995,,37442.895,125672659,East Asia and Pacific (WB)
Japan,JPN,1996,,38528.793,125975304,East Asia and Pacific (WB)
Japan,JPN,1997,,38814.254,126265926,East Asia and Pacific (WB)
Japan,JPN,1998,,38217.195,126549182,East Asia and Pacific (WB)
Japan,JPN,1999,,38020.094,126801566,East Asia and Pacific (WB)
Japan,JPN,2000,,39005.914,127027794,East Asia and Pacific (WB)
Japan,JPN,2001,,39062.28,127260144,East Asia and Pacific (WB)
Japan,JPN,2002,,38987.91,127484599,East Asia and Pacific (WB)
Japan,JPN,2003,,39501.81,127671254,East Asia and Pacific (WB)
Japan,JPN,2004,,40351.777,127815769,East Asia and Pacific (WB)
Japan,JPN,2005,,41075.824,127913331,East Asia and Pacific (WB)
Japan,JPN,2006,,41613.15,127997247,East Asia and Pacific (WB)
Japan,JPN,2007,,42182.176,128087683,East Asia and Pacific (WB)
Japan,JPN,2008,,41645.57,128155992,East Asia and Pacific (WB)
Japan,JPN,2009,,39279.5,128192471,East Asia and Pacific (WB)
Japan,JPN,2010,547.3712,40881.797,128185273,East Asia and Pacific (WB)
Japan,JPN,2011,,40967.344,128096430,East Asia and Pacific (WB)
Japan,JPN,2012,,41596.92,127928283,East Asia and Pacific (WB)
Japan,JPN,2013,,42492.242,127723642,East Asia and Pacific (WB)
Japan,JPN,2014,,42674.7,127486601,East Asia and Pacific (WB)
Japan,JPN,2015,,43386.71,127275868,East Asia and Pacific (WB)
Japan,JPN,2016,,43736.13,127159950,East Asia and Pacific (WB)
Japan,JPN,2017,563,44505.277,127064686,East Asia and Pacific (WB)
Japan,JPN,2018,563.3581,44848.49,126913432,East Asia and Pacific (WB)
Japan,JPN,2019,,44730.91,126699421,East Asia and Pacific (WB)
Japan,JPN,2020,537.72345,42992.48,126304533,East Asia and Pacific (WB)
Japan,JPN,2021,,44355.348,125679342,East Asia and Pacific (WB)
Japan,JPN,2022,,44972.344,124997585,East Asia and Pacific (WB)
Japan,JPN,2023,,45858.66,124370947,East Asia and Pacific (WB)
Japan,JPN,2024,,46106.92,124370947,East Asia and Pacific (WB)
Jordan,JOR,1990,,7589.8203,3621915,"Middle East, North Africa, Afghanistan and Pakistan (WB)"
Jordan,JOR,1991,,7134.29,3915152,"Middle East, North Africa, Afghanistan and Pakistan (WB)"
Jordan,JOR,1992,,7737.969,4127699,"Middle East, North Africa, Afghanistan and Pakistan (WB)"
Jordan,JOR,1993,,7675.4717,4348018,"Middle East, North Africa, Afghanistan and Pakistan (WB)"
Jordan,JOR,1994,,7680.1406,4561409,"Middle East, North Africa, Afghanistan and Pakistan (WB)"
Jordan,JOR,1995,,7829.081,4752097,"Middle East, North Africa, Afghanistan and Pakistan (WB)"
Jordan,JOR,1996,,7731.4785,4912518,"Middle East, North Africa, Afghanistan and Pakistan (WB)"
Jordan,JOR,1997,,7775.5425,5046287,"Middle East, North Africa, Afghanistan and Pakistan (WB)"
Jordan,JOR,1998,,7826.74,5164290,"Middle East, North Africa, Afghanistan and Pakistan (WB)"
Jordan,JOR,1999,,7920.0195,5276450,"Middle East, North Africa, Afghanistan and Pakistan (WB)"
Jordan,JOR,2000,,8086.922,5386945,"Middle East, North Africa, Afghanistan and Pakistan (WB)"
Jordan,JOR,2001,,8339.786,5498900,"Middle East, North Africa, Afghanistan and Pakistan (WB)"
Jordan,JOR,2002,,8638.08,5616077,"Middle East, North Africa, Afghanistan and Pakistan (WB)"
Jordan,JOR,2003,,8800.497,5741837,"Middle East, North Africa, Afghanistan and Pakistan (WB)"
Jordan,JOR,2004,,9326.668,5882066,"Middle East, North Africa, Afghanistan and Pakistan (WB)"
Jordan,JOR,2005,,9839.688,6029597,"Middle East, North Africa, Afghanistan and Pakistan (WB)"
Jordan,JOR,2006,,9977.759,6427377,"Middle East, North Africa, Afghanistan and Pakistan (WB)"
Jordan,JOR,2007,,10161.402,6827235,"Middle East, North Africa, Afghanistan and Pakistan (WB)"
Jordan,JOR,2008,,10641.59,6989874,"Middle East, North Africa, Afghanistan and Pakistan (WB)"
Jordan,JOR,2009,,10938.503,7141763,"Middle East, North Africa, Afghanistan and Pakistan (WB)"
Jordan,JOR,2010,415.8289,10953.538,7297046,"Middle East, North Africa, Afghanistan and Pakistan (WB)"
Jordan,JOR,2011,,10977.482,7480431,"Middle East, North Africa, Afghanistan and Pakistan (WB)"
Jordan,JOR,2012,,11086.03,7587133,"Middle East, North Africa, Afghanistan and Pakistan (WB)"
Jordan,JOR,2013,,10799.354,7991812,"Middle East, North Africa, Afghanistan and Pakistan (WB)"
Jordan,JOR,2014,,10148.998,8791715,"Middle East, North Africa, Afghanistan and Pakistan (WB)"
Jordan,JOR,2015,,9581.689,9544730,"Middle East, North Africa, Afghanistan and Pakistan (WB)"
Jordan,JOR,2016,,9321.904,10006369,"Middle East, North Africa, Afghanistan and Pakistan (WB)"
Jordan,JOR,2017,409,9339.811,10234227,"Middle East, North Africa, Afghanistan and Pakistan (WB)"
Jordan,JOR,2018,409.42572,9311.531,10462310,"Middle East, North Africa, Afghanistan and Pakistan (WB)"
Jordan,JOR,2019,,9288.527,10671893,"Middle East, North Africa, Afghanistan and Pakistan (WB)"
Jordan,JOR,2020,429.95407,9022.64,10865232,"Middle East, North Africa, Afghanistan and Pakistan (WB)"
Jordan,JOR,2021,,9182.496,11066356,"Middle East, North Africa, Afghanistan and Pakistan (WB)"
Jordan,JOR,2022,,9266.575,11256269,"Middle East, North Africa, Afghanistan and Pakistan (WB)"
Jordan,JOR,2023,,9381.3545,11439220,"Middle East, North Africa, Afghanistan and Pakistan (WB)"
Jordan,JOR,2024,,9520.251,11439220,"Middle East, North Africa, Afghanistan and Pakistan (WB)"
Kazakhstan,KAZ,1990,,16837.691,17154060,Europe and Central Asia (WB)
Kazakhstan,KAZ,1991,,14877.527,17278604,Europe and Central Asia (WB)
Kazakhstan,KAZ,1992,,14045.104,17332624,Europe and Central Asia (WB)
Kazakhstan,KAZ,1993,,12795.875,17274487,Europe and Central Asia (WB)
Kazakhstan,KAZ,1994,,11334.983,17043775,Europe and Central Asia (WB)
Kazakhstan,KAZ,1995,,10600.33,16730541,Europe and Central Asia (WB)
Kazakhstan,KAZ,1996,,10857.436,16416036,Europe and Central Asia (WB)
Kazakhstan,KAZ,1997,,11298.58,16043250,Europe and Central Asia (WB)
Kazakhstan,KAZ,1998,,11364.031,15647789,Europe and Central Asia (WB)
Kazakhstan,KAZ,1999,,11815.773,15455877,Europe and Central Asia (WB)
Kazakhstan,KAZ,2000,,12935.864,15501108,Europe and Central Asia (WB)
Kazakhstan,KAZ,2001,,14612.029,15575550,Europe and Central Asia (WB)
Kazakhstan,KAZ,2002,,15960.874,15656680,Europe and Central Asia (WB)
Kazakhstan,KAZ,2003,,17344.752,15747377,Europe and Central Asia (WB)
Kazakhstan,KAZ,2004,,18886.582,15850164,Europe and Central Asia (WB)
Kazakhstan,KAZ,2005,,20565.53,15968118,Europe and Central Asia (WB)
Kazakhstan,KAZ,2006,,22574.344,16103718,Europe and Central Asia (WB)
Kazakhstan,KAZ,2007,,24351.346,16257212,Europe and Central Asia (WB)
Kazakhstan,KAZ,2008,,24895.664,16426527,Europe and Central Asia (WB)
Kazakhstan,KAZ,2009,,24901.354,16619851,Europe and Central Asia (WB)
Kazakhstan,KAZ,2010,412.07825,26374.84,16836808,Europe and Central Asia (WB)
Kazakhstan,KAZ,2011,,27946.16,17065996,Europe and Central Asia (WB)
Kazakhstan,KAZ,2012,,28881.242,17306115,Europe and Central Asia (WB)
Kazakhstan,KAZ,2013,,30177.488,17556502,Europe and Central Asia (WB)
Kazakhstan,KAZ,2014,,30986.438,17816285,Europe and Central Asia (WB)
Kazakhstan,KAZ,2015,,30893.76,18084175,Europe and Central Asia (WB)
Kazakhstan,KAZ,2016,,30758.322,18363600,Europe and Central Asia (WB)
Kazakhstan,KAZ,2017,537,31524.441,18651931,Europe and Central Asia (WB)
Kazakhstan,KAZ,2018,537.31934,32330.227,18932725,Europe and Central Asia (WB)
Kazakhstan,KAZ,2019,,33298.21,19209556,Europe and Central Asia (WB)
Kazakhstan,KAZ,2020,416.15463,32011.549,19482116,Europe and Central Asia (WB)
Kazakhstan,KAZ,2021,,32945.85,19743607,Europe and Central Asia (WB)
Kazakhstan,KAZ,2022,,33506.26,20034612,Europe and Central Asia (WB)
Kazakhstan,KAZ,2023,,34703.234,20330109,Europe and Central Asia (WB)
Kazakhstan,KAZ,2024,,35973.965,20330109,Europe and Central Asia (WB)
Kenya,KEN,1990,,4177.486,22892655,Sub-Saharan Africa (WB)
Kenya,KEN,1991,,4102.4766,23646514,Sub-Saharan Africa (WB)
Kenya,KEN,1992,,3946.8408,24382466,Sub-Saharan Africa (WB)
Kenya,KEN,1993,,3844.9204,25117192,Sub-Saharan Africa (WB)
Kenya,KEN,1994,,3833.2236,25857136,Sub-Saharan Africa (WB)
Kenya,KEN,1995,,3890.0986,26601753,Sub-Saharan Africa (WB)
Kenya,KEN,1996,,3941.4092,27344211,Sub-Saharan Africa (WB)
Kenya,KEN,1997,,3853.3713,28101762,Sub-Saharan Africa (WB)
Kenya,KEN,1998,,3871.8218,28888063,Sub-Saharan Africa (WB)
Kenya,KEN,1999,,3848.4646,29733413,Sub-Saharan Africa (WB)
Kenya,KEN,2000,,3756.6362,30642893,Sub-Saharan Africa (WB)
Kenya,KEN,2001,,3778.2585,31619170,Sub-Saharan Africa (WB)
Kenya,KEN,2002,,3681.2568,32629809,Sub-Saharan Africa (WB)
Kenya,KEN,2003,,3674.086,33652233,Sub-Saharan Africa (WB)
Kenya,KEN,2004,,3743.5679,34713453,Sub-Saharan Africa (WB)
Kenya,KEN,2005,,3844.7356,35796485,Sub-Saharan Africa (WB)
Kenya,KEN,2006,,3970.7334,36904010,Sub-Saharan Africa (WB)
Kenya,KEN,2007,,4116.451,38036354,Sub-Saharan Africa (WB)
Kenya,KEN,2008,,4002.8835,39206349,Sub-Saharan Africa (WB)
Kenya,KEN,2009,,4012.1943,40408887,Sub-Saharan Africa (WB)
Kenya,KEN,2010,422.052,4211.5244,41598570,Sub-Saharan Africa (WB)
Kenya,KEN,2011,,4307.106,42758467,Sub-Saharan Africa (WB)
Kenya,KEN,2012,,4387.938,43888306,Sub-Saharan Africa (WB)
Kenya,KEN,2013,,4443.371,44986794,Sub-Saharan Africa (WB)
Kenya,KEN,2014,,4558.552,46051441,Sub-Saharan Africa (WB)
Kenya,KEN,2015,,4679.622,47088528,Sub-Saharan Africa (WB)
Kenya,KEN,2016,,4770.3105,48139683,Sub-Saharan Africa (WB)
Kenya,KEN,2017,455,4846.8623,49197757,Sub-Saharan Africa (WB)
Kenya,KEN,2018,454.9584,5017.668,50207109,Sub-Saharan Africa (WB)
Kenya,KEN,2019,,5171.7124,51202829,Sub-Saharan Africa (WB)
Kenya,KEN,2020,454.9584,5057.4014,52217327,Sub-Saharan Africa (WB)
Kenya,KEN,2021,,5338.8525,53219167,Sub-Saharan Africa (WB)
Kenya,KEN,2022,,5491.694,54252458,Sub-Saharan Africa (WB)
Kenya,KEN,2023,,5691.825,55339007,Sub-Saharan Africa (WB)
Kenya,KEN,2024,,5845.201,55339007,Sub-Saharan Africa (WB)
Kiribati,KIR,1990,,2213.5403,74872,East Asia and Pacific (WB)
Kiribati,KIR,1991,,2047.1538,76385,East Asia and Pacific (WB)
Kiribati,KIR,1992,,2495.9963,77655,East Asia and Pacific (WB)
Kiribati,KIR,1993,,2455.45,78853,East Asia and Pacific (WB)
Kiribati,KIR,1994,,2468.7212,80033,East Asia and Pacific (WB)
Kiribati,KIR,1995,,2498.7876,81251,East Asia and Pacific (WB)
Kiribati,KIR,1996,,2455.501,82637,East Asia and Pacific (WB)
Kiribati,KIR,1997,,2439.4102,84161,East Asia and Pacific (WB)
Kiribati,KIR,1998,,2502.862,85672,East Asia and Pacific (WB)
Kiribati,KIR,1999,,2364.3462,87139,East Asia and Pacific (WB)
Kiribati,KIR,2000,,2481.4153,88632,East Asia and Pacific (WB)
Kiribati,KIR,2001,,2357.5818,90350,East Asia and Pacific (WB)
Kiribati,KIR,2002,,2341.6956,92281,East Asia and Pacific (WB)
Kiribati,KIR,2003,,2258.034,94189,East Asia and Pacific (WB)
Kiribati,KIR,2004,,2199.6707,96096,East Asia and Pacific (WB)
Kiribati,KIR,2005,,2183.7812,98045,East Asia and Pacific (WB)
Kiribati,KIR,2006,,2264.1616,100028,East Asia and Pacific (WB)
Kiribati,KIR,2007,,2286.4465,102081,East Asia and Pacific (WB)
Kiribati,KIR,2008,,2172.3577,104235,East Asia and Pacific (WB)
Kiribati,KIR,2009,,2137.9658,106479,East Asia and Pacific (WB)
Kiribati,KIR,2010,,2119.6401,108717,East Asia and Pacific (WB)
Kiribati,KIR,2011,,2150.383,110660,East Asia and Pacific (WB)
Kiribati,KIR,2012,,2242.0137,112293,East Asia and Pacific (WB)
Kiribati,KIR,2013,,2382.3704,113847,East Asia and Pacific (WB)
Kiribati,KIR,2014,,2381.3484,115339,East Asia and Pacific (WB)
Kiribati,KIR,2015,,2615.8416,116826,East Asia and Pacific (WB)
Kiribati,KIR,2016,,2761.9336,118488,East Asia and Pacific (WB)
Kiribati,KIR,2017,383,2822.6697,120288,East Asia and Pacific (WB)
Kiribati,KIR,2018,383.08612,2877.602,122097,East Asia and Pacific (WB)
Kiribati,KIR,2019,,2927.4846,123928,East Asia and Pacific (WB)
Kiribati,KIR,2020,411.4845,2834.6858,126110,East Asia and Pacific (WB)
Kiribati,KIR,2021,,3020.494,128387,East Asia and Pacific (WB)
Kiribati,KIR,2022,,3107.7761,130483,East Asia and Pacific (WB)
Kiribati,KIR,2023,,3140.5833,132540,East Asia and Pacific (WB)
Kiribati,KIR,2024,,3257.1362,132540,East Asia and Pacific (WB)
Kosovo,OWID_KOS,2008,,7098.403,1800861,Europe and Central Asia (WB)
Kosovo,OWID_KOS,2009,,7481.459,1794688,Europe and Central Asia (WB)
Kosovo,OWID_KOS,2010,,7877.102,1788756,Europe and Central Asia (WB)
Kosovo,OWID_KOS,2011,,8359.937,1791949,Europe and Central Asia (WB)
Kosovo,OWID_KOS,2012,,8431.662,1806538,Europe and Central Asia (WB)
Kosovo,OWID_KOS,2013,,8828.276,1817171,Europe and Central Asia (WB)
Kosovo,OWID_KOS,2014,,9150.75,1808983,Europe and Central Asia (WB)
Kosovo,OWID_KOS,2015,,9824.991,1779019,Europe and Central Asia (WB)
Kosovo,OWID_KOS,2016,,10434.889,1761765,Europe and Central Asia (WB)
Kosovo,OWID_KOS,2017,375,10856.29,1768125,Europe and Central Asia (WB)
Kosovo,OWID_KOS,2018,374.79742,11188.225,1767748,Europe and Central Asia (WB)
Kosovo,OWID_KOS,2019,,11774.118,1755048,Europe and Central Asia (WB)
Kosovo,OWID_KOS,2020,373.54877,11137.503,1751413,Europe and Central Asia (WB)
Kosovo,OWID_KOS,2021,,12362.421,1741449,Europe and Central Asia (WB)
Kosovo,OWID_KOS,2022,,13022.463,1717950,Europe and Central Asia (WB)
Kosovo,OWID_KOS,2023,,14240.203,1700039,Europe and Central Asia (WB)
Kosovo,OWID_KOS,2024,,15716.293,1700039,Europe and Central Asia (WB)
Kuwait,KWT,1990,,38932.945,1684833,"Middle East, North Africa, Afghanistan and Pakistan (WB)"
Kuwait,KWT,1991,,28633.969,1351403,"Middle East, North Africa, Afghanistan and Pakistan (WB)"
Kuwait,KWT,1992,,43266.934,1634968,"Middle East, North Africa, Afghanistan and Pakistan (WB)"
Kuwait,KWT,1993,,56684.188,1672158,"Middle East, North Africa, Afghanistan and Pakistan (WB)"
Kuwait,KWT,1994,,61753.848,1664371,"Middle East, North Africa, Afghanistan and Pakistan (WB)"
Kuwait,KWT,1995,,64093.52,1681518,"Middle East, North Africa, Afghanistan and Pakistan (WB)"
Kuwait,KWT,1996,,62665.223,1730255,"Middle East, North Africa, Afghanistan and Pakistan (WB)"
Kuwait,KWT,1997,,62151.953,1787692,"Middle East, North Africa, Afghanistan and Pakistan (WB)"
Kuwait,KWT,1998,,62450.09,1844308,"Middle East, North Africa, Afghanistan and Pakistan (WB)"
Kuwait,KWT,1999,,59533.953,1900035,"Middle East, North Africa, Afghanistan and Pakistan (WB)"
Kuwait,KWT,2000,,60585.3,1954713,"Middle East, North Africa, Afghanistan and Pakistan (WB)"
Kuwait,KWT,2001,,59099.664,2008127,"Middle East, North Africa, Afghanistan and Pakistan (WB)"
Kuwait,KWT,2002,,59348.617,2059983,"Middle East, North Africa, Afghanistan and Pakistan (WB)"
Kuwait,KWT,2003,,67984.31,2109886,"Middle East, North Africa, Afghanistan and Pakistan (WB)"
Kuwait,KWT,2004,,73298.06,2157329,"Middle East, North Africa, Afghanistan and Pakistan (WB)"
Kuwait,KWT,2005,,78193.9,2236797,"Middle East, North Africa, Afghanistan and Pakistan (WB)"
Kuwait,KWT,2006,,79521.35,2364741,"Middle East, North Africa, Afghanistan and Pakistan (WB)"
Kuwait,KWT,2007,,79474.76,2507890,"Middle East, North Africa, Afghanistan and Pakistan (WB)"
Kuwait,KWT,2008,,77036.51,2651433,"Middle East, North Africa, Afghanistan and Pakistan (WB)"
Kuwait,KWT,2009,,67896.266,2795489,"Middle East, North Africa, Afghanistan and Pakistan (WB)"
Kuwait,KWT,2010,381.7588,62956.215,2943374,"Middle East, North Africa, Afghanistan and Pakistan (WB)"
Kuwait,KWT,2011,,64844.5,3132815,"Middle East, North Africa, Afghanistan and Pakistan (WB)"
Kuwait,KWT,2012,,64908.26,3337025,"Middle East, North Africa, Afghanistan and Pakistan (WB)"
Kuwait,KWT,2013,,62458.81,3507755,"Middle East, North Africa, Afghanistan and Pakistan (WB)"
Kuwait,KWT,2014,,60065.656,3665769,"Middle East, North Africa, Afghanistan and Pakistan (WB)"
Kuwait,KWT,2015,,57763.516,3834465,"Middle East, North Africa, Afghanistan and Pakistan (WB)"
Kuwait,KWT,2016,,56936.62,4003976,"Middle East, North Africa, Afghanistan and Pakistan (WB)"
Kuwait,KWT,2017,383,52285.586,4154686,"Middle East, North Africa, Afghanistan and Pakistan (WB)"
Kuwait,KWT,2018,383.40222,51623.81,4323389,"Middle East, North Africa, Afghanistan and Pakistan (WB)"
Kuwait,KWT,2019,,51380.645,4442201,"Middle East, North Africa, Afghanistan and Pakistan (WB)"
Kuwait,KWT,2020,383.40222,49372.82,4400146,"Middle East, North Africa, Afghanistan and Pakistan (WB)"
Kuwait,KWT,2021,,50651.957,4360748,"Middle East, North Africa, Afghanistan and Pakistan (WB)"
Kuwait,KWT,2022,,51379.883,4589514,"Middle East, North Africa, Afghanistan and Pakistan (WB)"
Kuwait,KWT,2023,,47777.402,4838781,"Middle East, North Africa, Afghanistan and Pakistan (WB)"
Kuwait,KWT,2024,,46137.47,4838781,"Middle East, North Africa, Afghanistan and Pakistan (WB)"
Kyrgyzstan,KGZ,1990,,6095.681,4459545,Europe and Central Asia (WB)
Kyrgyzstan,KGZ,1991,,5520.4297,4532124,Europe and Central Asia (WB)
Kyrgyzstan,KGZ,1992,,4701.991,4600308,Europe and Central Asia (WB)
Kyrgyzstan,KGZ,1993,,3973.8833,4626809,Europe and Central Asia (WB)
Kyrgyzstan,KGZ,1994,,3176.9238,4649190,Europe and Central Asia (WB)
Kyrgyzstan,KGZ,1995,,2974.7117,4713641,Europe and Central Asia (WB)
Kyrgyzstan,KGZ,1996,,3138.6663,4782885,Europe and Central Asia (WB)
Kyrgyzstan,KGZ,1997,,3399.9343,4847998,Europe and Central Asia (WB)
Kyrgyzstan,KGZ,1998,,3419.2234,4907792,Europe and Central Asia (WB)
Kyrgyzstan,KGZ,1999,,3491.9377,4968593,Europe and Central Asia (WB)
Kyrgyzstan,KGZ,2000,,3638.4631,5025150,Europe and Central Asia (WB)
Kyrgyzstan,KGZ,2001,,3795.8906,5071960,Europe and Central Asia (WB)
Kyrgyzstan,KGZ,2002,,3760.5325,5116252,Europe and Central Asia (WB)
Kyrgyzstan,KGZ,2003,,3982.9272,5159422,Europe and Central Asia (WB)
Kyrgyzstan,KGZ,2004,,4211.5225,5203048,Europe and Central Asia (WB)
Kyrgyzstan,KGZ,2005,,4156.9585,5246337,Europe and Central Asia (WB)
Kyrgyzstan,KGZ,2006,,4240.1704,5282451,Europe and Central Asia (WB)
Kyrgyzstan,KGZ,2007,,4558.713,5313376,Europe and Central Asia (WB)
Kyrgyzstan,KGZ,2008,,4894.943,5342530,Europe and Central Asia (WB)
Kyrgyzstan,KGZ,2009,,4969.9614,5398013,Europe and Central Asia (WB)
Kyrgyzstan,KGZ,2010,,4876.4795,5491763,Europe and Central Asia (WB)
Kyrgyzstan,KGZ,2011,,5092.8516,5594537,Europe and Central Asia (WB)
Kyrgyzstan,KGZ,2012,,4993.3945,5696521,Europe and Central Asia (WB)
Kyrgyzstan,KGZ,2013,,5418.5405,5797294,Europe and Central Asia (WB)
Kyrgyzstan,KGZ,2014,,5513.7544,5898322,Europe and Central Asia (WB)
Kyrgyzstan,KGZ,2015,,5600.2144,6001876,Europe and Central Asia (WB)
Kyrgyzstan,KGZ,2016,,5715.0103,6108460,Europe and Central Asia (WB)
Kyrgyzstan,KGZ,2017,420,5861.222,6220148,Europe and Central Asia (WB)
Kyrgyzstan,KGZ,2018,420.08652,5951.8286,6341733,Europe and Central Asia (WB)
Kyrgyzstan,KGZ,2019,,6087.602,6494036,Europe and Central Asia (WB)
Kyrgyzstan,KGZ,2020,420.08652,5537.7954,6664143,Europe and Central Asia (WB)
Kyrgyzstan,KGZ,2021,,5736.479,6820483,Europe and Central Asia (WB)
Kyrgyzstan,KGZ,2022,,6139.778,6955792,Europe and Central Asia (WB)
Kyrgyzstan,KGZ,2023,,6575.7754,7073523,Europe and Central Asia (WB)
Kyrgyzstan,KGZ,2024,,7048.9897,7073523,Europe and Central Asia (WB)
Laos,LAO,1990,,2005.5005,4311960,East Asia and Pacific (WB)
Laos,LAO,1991,,2033.5826,4435121,East Asia and Pacific (WB)
Laos,LAO,1992,,2088.02,4559650,East Asia and Pacific (WB)
Laos,LAO,1993,,2152.2766,4685064,East Asia and Pacific (WB)
Laos,LAO,1994,,2267.7822,4809223,East Asia and Pacific (WB)
Laos,LAO,1995,,2368.0547,4929410,East Asia and Pacific (WB)
Laos,LAO,1996,,2473.773,5045686,East Asia and Pacific (WB)
Laos,LAO,1997,,2589.2075,5152015,East Asia and Pacific (WB)
Laos,LAO,1998,,2642.5662,5248273,East Asia and Pacific (WB)
Laos,LAO,1999,,2786.5205,5340784,East Asia and Pacific (WB)
Laos,LAO,2000,,2899.0195,5431213,East Asia and Pacific (WB)
Laos,LAO,2001,,3015.6326,5521481,East Asia and Pacific (WB)
Laos,LAO,2002,,3143.2234,5610888,East Asia and Pacific (WB)
Laos,LAO,2003,,3282.9854,5697944,East Asia and Pacific (WB)
Laos,LAO,2004,,3441.17,5781627,East Asia and Pacific (WB)
Laos,LAO,2005,,3630.5588,5869531,East Asia and Pacific (WB)
Laos,LAO,2006,,3881.5374,5963199,East Asia and Pacific (WB)
Laos,LAO,2007,,4112.253,6056237,East Asia and Pacific (WB)
Laos,LAO,2008,,4367.163,6148974,East Asia and Pacific (WB)
Laos,LAO,2009,,4625.072,6241649,East Asia and Pacific (WB)
Laos,LAO,2010,,4946.1055,6334198,East Asia and Pacific (WB)
Laos,LAO,2011,,5266.879,6426592,East Asia and Pacific (WB)
Laos,LAO,2012,,5608.9697,6518981,East Asia and Pacific (WB)
Laos,LAO,2013,,5974.4736,6611385,East Asia and Pacific (WB)
Laos,LAO,2014,,6341.2124,6703170,East Asia and Pacific (WB)
Laos,LAO,2015,,6703.741,6801647,East Asia and Pacific (WB)
Laos,LAO,2016,,7063.2554,6908800,East Asia and Pacific (WB)
Laos,LAO,2017,368,7432.4595,7018150,East Asia and Pacific (WB)
Laos,LAO,2018,368.1421,7775.086,7128043,East Asia and Pacific (WB)
Laos,LAO,2019,,8075.275,7237635,East Asia and Pacific (WB)
Laos,LAO,2020,368.1421,7995.595,7346534,East Asia and Pacific (WB)
Laos,LAO,2021,,8080.4355,7453192,East Asia and Pacific (WB)
Laos,LAO,2022,,8183.0327,7559008,East Asia and Pacific (WB)
Laos,LAO,2023,,8372.156,7665001,East Asia and Pacific (WB)
Laos,LAO,2024,,8600.324,7665001,East Asia and Pacific (WB)
Latin America and Caribbean (WB),WB_LAC,1990,,12426.25,,
Latin America and Caribbean (WB),WB_LAC,1991,,12604.222,,
Latin America and Caribbean (WB),WB_LAC,1992,,12735.489,,
Latin America and Caribbean (WB),WB_LAC,1993,,13103.561,,
Latin America and Caribbean (WB),WB_LAC,1994,,13570.513,,
Latin America and Caribbean (WB),WB_LAC,1995,,13464.159,,
Latin America and Caribbean (WB),WB_LAC,1996,,13773.65,,
Latin America and Caribbean (WB),WB_LAC,1997,,14298.498,,
Latin America and Caribbean (WB),WB_LAC,1998,,14501.8125,,
Latin America and Caribbean (WB),WB_LAC,1999,,14364.294,,
Latin America and Caribbean (WB),WB_LAC,2000,,14663.654,,
Latin America and Caribbean (WB),WB_LAC,2001,,14518.147,,
Latin America and Caribbean (WB),WB_LAC,2002,,14398.792,,
Latin America and Caribbean (WB),WB_LAC,2003,,14568.346,,
Latin America and Caribbean (WB),WB_LAC,2004,,15160.492,,
Latin America and Caribbean (WB),WB_LAC,2005,,15565.822,,
Latin America and Caribbean (WB),WB_LAC,2006,,16172.71,,
Latin America and Caribbean (WB),WB_LAC,2007,,16820.953,,
Latin America and Caribbean (WB),WB_LAC,2008,,17243.326,,
Latin America and Caribbean (WB),WB_LAC,2009,,16665.797,,
Latin America and Caribbean (WB),WB_LAC,2010,,17552.035,,
Latin America and Caribbean (WB),WB_LAC,2011,,18151.834,,
Latin America and Caribbean (WB),WB_LAC,2012,,18434.943,,
Latin America and Caribbean (WB),WB_LAC,2013,,18767.875,,
Latin America and Caribbean (WB),WB_LAC,2014,,18853.408,,
Latin America and Caribbean (WB),WB_LAC,2015,,18763.834,,
Latin America and Caribbean (WB),WB_LAC,2016,,18551.818,,
Latin America and Caribbean (WB),WB_LAC,2017,,18745.582,,
Latin America and Caribbean (WB),WB_LAC,2018,,18894.209,,
Latin America and Caribbean (WB),WB_LAC,2019,,18882.951,,
Latin America and Caribbean (WB),WB_LAC,2020,,17508.242,,
Latin America and Caribbean (WB),WB_LAC,2021,,18694.14,,
Latin America and Caribbean (WB),WB_LAC,2022,,19352.182,,
Latin America and Caribbean (WB),WB_LAC,2023,,19656.629,,
Latin America and Caribbean (WB),WB_LAC,2024,,19959.44,,
Latvia,LVA,1990,,17508.787,2660131,Europe and Central Asia (WB)
Latvia,LVA,1991,,15376.091,2648933,Europe and Central Asia (WB)
Latvia,LVA,1992,,10582.207,2614833,Europe and Central Asia (WB)
Latvia,LVA,1993,,10255.142,2563820,Europe and Central Asia (WB)
Latvia,LVA,1994,,10656.608,2521238,Europe and Central Asia (WB)
Latvia,LVA,1995,,10707.515,2485948,Europe and Central Asia (WB)
Latvia,LVA,1996,,11077.862,2457907,Europe and Central Asia (WB)
Latvia,LVA,1997,,12215.016,2433229,Europe and Central Asia (WB)
Latvia,LVA,1998,,13138.401,2410217,Europe and Central Asia (WB)
Latvia,LVA,1999,,13619.099,2390822,Europe and Central Asia (WB)
Latvia,LVA,2000,,14554.213,2368320,Europe and Central Asia (WB)
Latvia,LVA,2001,,15695.906,2338299,Europe and Central Asia (WB)
Latvia,LVA,2002,,17096.559,2311358,Europe and Central Asia (WB)
Latvia,LVA,2003,,18717.668,2288983,Europe and Central Asia (WB)
Latvia,LVA,2004,,20574.12,2264179,Europe and Central Asia (WB)
Latvia,LVA,2005,,23213.354,2239787,Europe and Central Asia (WB)
Latvia,LVA,2006,,26431.814,2219039,Europe and Central Asia (WB)
Latvia,LVA,2007,,29423.736,2200774,Europe and Central Asia (WB)
Latvia,LVA,2008,,28726.973,2177710,Europe and Central Asia (WB)
Latvia,LVA,2009,,24520.68,2142044,Europe and Central Asia (WB)
Latvia,LVA,2010,502.98712,24119.73,2097834,Europe and Central Asia (WB)
Latvia,LVA,2011,,25308.732,2059940,Europe and Central Asia (WB)
Latvia,LVA,2012,,27496.545,2034639,Europe and Central Asia (WB)
Latvia,LVA,2013,,28375.184,2013004,Europe and Central Asia (WB)
Latvia,LVA,2014,,29243.742,1994153,Europe and Central Asia (WB)
Latvia,LVA,2015,,30599.613,1977874,Europe and Central Asia (WB)
Latvia,LVA,2016,,31668.516,1959863,Europe and Central Asia (WB)
Latvia,LVA,2017,530,33036.39,1942599,Europe and Central Asia (WB)
Latvia,LVA,2018,530.42334,34729.707,1927586,Europe and Central Asia (WB)
Latvia,LVA,2019,,35208.195,1914267,Europe and Central Asia (WB)
Latvia,LVA,2020,503.86978,34225.9,1901119,Europe and Central Asia (WB)
Latvia,LVA,2021,,36912.01,1885593,Europe and Central Asia (WB)
Latvia,LVA,2022,,37718.71,1881059,Europe and Central Asia (WB)
Latvia,LVA,2023,,37277.723,1882399,Europe and Central Asia (WB)
Latvia,LVA,2024,,37611.67,1882399,Europe and Central Asia (WB)
Lebanon,LBN,1990,,5345.512,3595175,"Middle East, North Africa, Afghanistan and Pakistan (WB)"
Lebanon,LBN,1991,,7828.172,3668916,"Middle East, North Africa, Afghanistan and Pakistan (WB)"
Lebanon,LBN,1992,,8924.152,3747375,"Middle East, North Africa, Afghanistan and Pakistan (WB)"
Lebanon,LBN,1993,,9695.315,3820652,"Middle East, North Africa, Afghanistan and Pakistan (WB)"
Lebanon,LBN,1994,,10294.8125,3889802,"Middle East, North Africa, Afghanistan and Pakistan (WB)"
Lebanon,LBN,1995,,10762.442,3960741,"Middle East, North Africa, Afghanistan and Pakistan (WB)"
Lebanon,LBN,1996,,11757.282,4034782,"Middle East, North Africa, Afghanistan and Pakistan (WB)"
Lebanon,LBN,1997,,11668.4,4108409,"Middle East, North Africa, Afghanistan and Pakistan (WB)"
Lebanon,LBN,1998,,11885.308,4181287,"Middle East, North Africa, Afghanistan and Pakistan (WB)"
Lebanon,LBN,1999,,11617.25,4255278,"Middle East, North Africa, Afghanistan and Pakistan (WB)"
Lebanon,LBN,2000,,11571.732,4329345,"Middle East, North Africa, Afghanistan and Pakistan (WB)"
Lebanon,LBN,2001,,11817.931,4401923,"Middle East, North Africa, Afghanistan and Pakistan (WB)"
Lebanon,LBN,2002,,12053.834,4463505,"Middle East, North Africa, Afghanistan and Pakistan (WB)"
Lebanon,LBN,2003,,12272.344,4525513,"Middle East, North Africa, Afghanistan and Pakistan (WB)"
Lebanon,LBN,2004,,12882.076,4599285,"Middle East, North Africa, Afghanistan and Pakistan (WB)"
Lebanon,LBN,2005,,13024.665,4671105,"Middle East, North Africa, Afghanistan and Pakistan (WB)"
Lebanon,LBN,2006,,13003.681,4751146,"Middle East, North Africa, Afghanistan and Pakistan (WB)"
Lebanon,LBN,2007,,13941.562,4844119,"Middle East, North Africa, Afghanistan and Pakistan (WB)"
Lebanon,LBN,2008,,14955.142,4925359,"Middle East, North Africa, Afghanistan and Pakistan (WB)"
Lebanon,LBN,2009,,16264.351,4992295,"Middle East, North Africa, Afghanistan and Pakistan (WB)"
Lebanon,LBN,2010,427.67188,17390.758,5041290,"Middle East, North Africa, Afghanistan and Pakistan (WB)"
Lebanon,LBN,2011,,17353.195,5096018,"Middle East, North Africa, Afghanistan and Pakistan (WB)"
Lebanon,LBN,2012,,17323.3,5235742,"Middle East, North Africa, Afghanistan and Pakistan (WB)"
Lebanon,LBN,2013,,16396.496,5743441,"Middle East, North Africa, Afghanistan and Pakistan (WB)"
Lebanon,LBN,2014,,15205.873,6346993,"Middle East, North Africa, Afghanistan and Pakistan (WB)"
Lebanon,LBN,2015,,14980.0205,6472470,"Middle East, North Africa, Afghanistan and Pakistan (WB)"
Lebanon,LBN,2016,,15572.361,6323061,"Middle East, North Africa, Afghanistan and Pakistan (WB)"
Lebanon,LBN,2017,405,16128.584,6160129,"Middle East, North Africa, Afghanistan and Pakistan (WB)"
Lebanon,LBN,2018,404.93033,16290.052,5984120,"Middle East, North Africa, Afghanistan and Pakistan (WB)"
Lebanon,LBN,2019,,15659.566,5794601,"Middle East, North Africa, Afghanistan and Pakistan (WB)"
Lebanon,LBN,2020,389.88904,12507.437,5702400,"Middle East, North Africa, Afghanistan and Pakistan (WB)"
Lebanon,LBN,2021,,11599.775,5718129,"Middle East, North Africa, Afghanistan and Pakistan (WB)"
Lebanon,LBN,2022,,11474.751,5744492,"Middle East, North Africa, Afghanistan and Pakistan (WB)"
Lebanon,LBN,2023,,11330.269,5773494,"Middle East, North Africa, Afghanistan and Pakistan (WB)"
Lesotho,LSO,1990,,1422.1505,1809698,Sub-Saharan Africa (WB)
Lesotho,LSO,1991,,1494.2404,1842383,Sub-Saharan Africa (WB)
Lesotho,LSO,1992,,1571.827,1873281,Sub-Saharan Africa (WB)
Lesotho,LSO,1993,,1602.5963,1901799,Sub-Saharan Africa (WB)
Lesotho,LSO,1994,,1675.5978,1927708,Sub-Saharan Africa (WB)
Lesotho,LSO,1995,,1709.6943,1951441,Sub-Saharan Africa (WB)
Lesotho,LSO,1996,,1786.1823,1972424,Sub-Saharan Africa (WB)
Lesotho,LSO,1997,,1837.6965,1988140,Sub-Saharan Africa (WB)
Lesotho,LSO,1998,,1856.6908,1998048,Sub-Saharan Africa (WB)
Lesotho,LSO,1999,,1860.7006,2003238,Sub-Saharan Africa (WB)
Lesotho,LSO,2000,,1932.158,2003919,Sub-Saharan Africa (WB)
Lesotho,LSO,2001,,2004.0334,2000859,Sub-Saharan Africa (WB)
Lesotho,LSO,2002,,2024.7872,1994686,Sub-Saharan Africa (WB)
Lesotho,LSO,2003,,2127.373,1985060,Sub-Saharan Africa (WB)
Lesotho,LSO,2004,,2178.6648,1971130,Sub-Saharan Africa (WB)
Lesotho,LSO,2005,,2275.016,1953080,Sub-Saharan Africa (WB)
Lesotho,LSO,2006,,2381.0203,1945066,Sub-Saharan Africa (WB)
Lesotho,LSO,2007,,2470.3147,1953273,Sub-Saharan Africa (WB)
Lesotho,LSO,2008,,2589.1663,1966547,Sub-Saharan Africa (WB)
Lesotho,LSO,2009,,2538.1934,1980884,Sub-Saharan Africa (WB)
Lesotho,LSO,2010,362.4638,2651.378,1996256,Sub-Saharan Africa (WB)
Lesotho,LSO,2011,,2749.3196,2014015,Sub-Saharan Africa (WB)
Lesotho,LSO,2012,,2894.227,2034363,Sub-Saharan Africa (WB)
Lesotho,LSO,2013,,2914.3752,2056509,Sub-Saharan Africa (WB)
Lesotho,LSO,2014,,2930.6172,2080091,Sub-Saharan Africa (WB)
Lesotho,LSO,2015,,2986.9587,2104614,Sub-Saharan Africa (WB)
Lesotho,LSO,2016,,3057.261,2130424,Sub-Saharan Africa (WB)
Lesotho,LSO,2017,393,2924.681,2157117,Sub-Saharan Africa (WB)
Lesotho,LSO,2018,392.912,2846.4182,2183611,Sub-Saharan Africa (WB)
Lesotho,LSO,2019,,2773.2864,2209414,Sub-Saharan Africa (WB)
Lesotho,LSO,2020,392.912,2517.1104,2235727,Sub-Saharan Africa (WB)
Lesotho,LSO,2021,,2544.7825,2261549,Sub-Saharan Africa (WB)
Lesotho,LSO,2022,,2577.5454,2286112,Sub-Saharan Africa (WB)
Lesotho,LSO,2023,,2595.8296,2311476,Sub-Saharan Africa (WB)
Lesotho,LSO,2024,,2640.2854,2311476,Sub-Saharan Africa (WB)
Liberia,LBR,1990,,1866.4055,2223667,Sub-Saharan Africa (WB)
Liberia,LBR,1991,,1819.4978,1956523,Sub-Saharan Africa (WB)
Liberia,LBR,1992,,1115.0377,2072466,Sub-Saharan Africa (WB)
Liberia,LBR,1993,,718.6832,2155135,Sub-Saharan Africa (WB)
Liberia,LBR,1994,,563.6404,2149929,Sub-Saharan Africa (WB)
Liberia,LBR,1995,,534.8097,2169167,Sub-Saharan Africa (WB)
Liberia,LBR,1996,,582.678,2232286,Sub-Saharan Africa (WB)
Liberia,LBR,1997,,1111.9376,2412995,Sub-Saharan Africa (WB)
Liberia,LBR,1998,,1308.4056,2670128,Sub-Saharan Africa (WB)
Liberia,LBR,1999,,1507.3147,2821689,Sub-Saharan Africa (WB)
Liberia,LBR,2000,,1868.1798,2928117,Sub-Saharan Africa (WB)
Liberia,LBR,2001,,1867.1191,3015343,Sub-Saharan Africa (WB)
Liberia,LBR,2002,,1887.646,3094793,Sub-Saharan Africa (WB)
Liberia,LBR,2003,,1308.1509,3119534,Sub-Saharan Africa (WB)
Liberia,LBR,2004,,1326.5356,3156893,Sub-Saharan Africa (WB)
Liberia,LBR,2005,,1335.6173,3301016,Sub-Saharan Africa (WB)
Liberia,LBR,2006,,1364.6035,3490792,Sub-Saharan Africa (WB)
Liberia,LBR,2007,,1422.1002,3669050,Sub-Saharan Africa (WB)
Liberia,LBR,2008,,1463.124,3821006,Sub-Saharan Africa (WB)
Liberia,LBR,2009,,1492.9982,3943035,Sub-Saharan Africa (WB)
Liberia,LBR,2010,,1538.8508,4058897,Sub-Saharan Africa (WB)
Liberia,LBR,2011,,1601.0337,4221177,Sub-Saharan Africa (WB)
Liberia,LBR,2012,,1668.9729,4373046,Sub-Saharan Africa (WB)
Liberia,LBR,2013,,1774.5206,4470246,Sub-Saharan Africa (WB)
Liberia,LBR,2014,,1750.1438,4564299,Sub-Saharan Africa (WB)
Liberia,LBR,2015,,1714.0905,4659436,Sub-Saharan Africa (WB)
Liberia,LBR,2016,,1653.3105,4755607,Sub-Saharan Africa (WB)
Liberia,LBR,2017,332,1661.3029,4848927,Sub-Saharan Africa (WB)
Liberia,LBR,2018,331.74594,1647.9745,4944728,Sub-Saharan Africa (WB)
Liberia,LBR,2019,,1575.7666,5043719,Sub-Saharan Africa (WB)
Liberia,LBR,2020,331.74594,1497.377,5149470,Sub-Saharan Africa (WB)
Liberia,LBR,2021,,1539.2089,5259327,Sub-Saharan Africa (WB)
Liberia,LBR,2022,,1578.9984,5373297,Sub-Saharan Africa (WB)
Liberia,LBR,2023,,1616.9237,5493035,Sub-Saharan Africa (WB)
Liberia,LBR,2024,,1646.0586,5493035,Sub-Saharan Africa (WB)
Libya,LBY,1990,,18126.588,4445243,"Middle East, North Africa, Afghanistan and Pakistan (WB)"
Libya,LBY,1991,,20506.877,4544404,"Middle East, North Africa, Afghanistan and Pakistan (WB)"
Libya,LBY,1992,,19538.139,4640360,"Middle East, North Africa, Afghanistan and Pakistan (WB)"
Libya,LBY,1993,,18434.64,4733053,"Middle East, North Africa, Afghanistan and Pakistan (WB)"
Libya,LBY,1994,,18444.514,4822039,"Middle East, North Africa, Afghanistan and Pakistan (WB)"
Libya,LBY,1995,,17723.268,4906851,"Middle East, North Africa, Afghanistan and Pakistan (WB)"
Libya,LBY,1996,,17809.152,4987402,"Middle East, North Africa, Afghanistan and Pakistan (WB)"
Libya,LBY,1997,,18451.7,5064642,"Middle East, North Africa, Afghanistan and Pakistan (WB)"
Libya,LBY,1998,,17532.926,5140711,"Middle East, North Africa, Afghanistan and Pakistan (WB)"
Libya,LBY,1999,,17402.568,5218039,"Middle East, North Africa, Afghanistan and Pakistan (WB)"
Libya,LBY,2000,,17747.02,5305020,"Middle East, North Africa, Afghanistan and Pakistan (WB)"
Libya,LBY,2001,,17115.988,5403639,"Middle East, North Africa, Afghanistan and Pakistan (WB)"
Libya,LBY,2002,,16629.436,5508412,"Middle East, North Africa, Afghanistan and Pakistan (WB)"
Libya,LBY,2003,,18422.734,5619405,"Middle East, North Africa, Afghanistan and Pakistan (WB)"
Libya,LBY,2004,,18851.203,5736696,"Middle East, North Africa, Afghanistan and Pakistan (WB)"
Libya,LBY,2005,,20649.463,5858793,"Middle East, North Africa, Afghanistan and Pakistan (WB)"
Libya,LBY,2006,,21545.299,5980212,"Middle East, North Africa, Afghanistan and Pakistan (WB)"
Libya,LBY,2007,,22422.012,6104381,"Middle East, North Africa, Afghanistan and Pakistan (WB)"
Libya,LBY,2008,,21915.197,6235433,"Middle East, North Africa, Afghanistan and Pakistan (WB)"
Libya,LBY,2009,,20518.965,6366689,"Middle East, North Africa, Afghanistan and Pakistan (WB)"
Libya,LBY,2010,,21115.525,6497837,"Middle East, North Africa, Afghanistan and Pakistan (WB)"
Libya,LBY,2011,,10741.921,6343210,"Middle East, North Africa, Afghanistan and Pakistan (WB)"
Libya,LBY,2012,,20601.002,6179327,"Middle East, North Africa, Afghanistan and Pakistan (WB)"
Libya,LBY,2013,,16557.5,6304636,"Middle East, North Africa, Afghanistan and Pakistan (WB)"
Libya,LBY,2014,,12499.083,6427260,"Middle East, North Africa, Afghanistan and Pakistan (WB)"
Libya,LBY,2015,,12195.349,6531825,"Middle East, North Africa, Afghanistan and Pakistan (WB)"
Libya,LBY,2016,,11831.826,6632130,"Middle East, North Africa, Afghanistan and Pakistan (WB)"
Libya,LBY,2017,,15428.116,6738771,"Middle East, North Africa, Afghanistan and Pakistan (WB)"
Libya,LBY,2018,,16385.164,6849058,"Middle East, North Africa, Afghanistan and Pakistan (WB)"
Libya,LBY,2019,,14337.196,6951040,"Middle East, North Africa, Afghanistan and Pakistan (WB)"
Libya,LBY,2020,,9978.664,7045403,"Middle East, North Africa, Afghanistan and Pakistan (WB)"
Libya,LBY,2021,,12641.51,7135179,"Middle East, North Africa, Afghanistan and Pakistan (WB)"
Libya,LBY,2022,,11450.06,7223804,"Middle East, North Africa, Afghanistan and Pakistan (WB)"
Libya,LBY,2023,,12476.598,7305659,"Middle East, North Africa, Afghanistan and Pakistan (WB)"
Libya,LBY,2024,,12583.834,7305659,"Middle East, North Africa, Afghanistan and Pakistan (WB)"
Lithuania,LTU,1990,,20586.229,3695016,Europe and Central Asia (WB)
Lithuania,LTU,1991,,19384.818,3701408,Europe and Central Asia (WB)
Lithuania,LTU,1992,,15280.389,3697552,Europe and Central Asia (WB)
Lithuania,LTU,1993,,12861.695,3680201,Europe and Central Asia (WB)
Lithuania,LTU,1994,,11686.438,3654893,Europe and Central Asia (WB)
Lithuania,LTU,1995,,12164.204,3627038,Europe and Central Asia (WB)
Lithuania,LTU,1996,,12873.201,3599721,Europe and Central Asia (WB)
Lithuania,LTU,1997,,14045.005,3573418,Europe and Central Asia (WB)
Lithuania,LTU,1998,,15202.912,3547768,Europe and Central Asia (WB)
Lithuania,LTU,1999,,15143.193,3522905,Europe and Central Asia (WB)
Lithuania,LTU,2000,,15771.427,3500410,Europe and Central Asia (WB)
Lithuania,LTU,2001,,16933.023,3473008,Europe and Central Asia (WB)
Lithuania,LTU,2002,,18216.545,3444051,Europe and Central Asia (WB)
Lithuania,LTU,2003,,20302.984,3415276,Europe and Central Asia (WB)
Lithuania,LTU,2004,,21867.287,3376703,Europe and Central Asia (WB)
Lithuania,LTU,2005,,23944.701,3322264,Europe and Central Asia (WB)
Lithuania,LTU,2006,,26129.34,3269809,Europe and Central Asia (WB)
Lithuania,LTU,2007,,29370.773,3231378,Europe and Central Asia (WB)
Lithuania,LTU,2008,,30445.781,3198482,Europe and Central Asia (WB)
Lithuania,LTU,2009,,26217.545,3163255,Europe and Central Asia (WB)
Lithuania,LTU,2010,495.07712,26887.492,3097721,Europe and Central Asia (WB)
Lithuania,LTU,2011,,29240.748,3028642,Europe and Central Asia (WB)
Lithuania,LTU,2012,,30920.33,2988334,Europe and Central Asia (WB)
Lithuania,LTU,2013,,32474.64,2958359,Europe and Central Asia (WB)
Lithuania,LTU,2014,,33975.086,2933171,Europe and Central Asia (WB)
Lithuania,LTU,2015,,35251.297,2905771,Europe and Central Asia (WB)
Lithuania,LTU,2016,,36618.15,2869109,Europe and Central Asia (WB)
Lithuania,LTU,2017,514,38774.49,2829317,Europe and Central Asia (WB)
Lithuania,LTU,2018,513.61646,41019.79,2802485,Europe and Central Asia (WB)
Lithuania,LTU,2019,,43062.324,2795057,Europe and Central Asia (WB)
Lithuania,LTU,2020,495.8863,43091.797,2795766,Europe and Central Asia (WB)
Lithuania,LTU,2021,,45873.527,2794490,Europe and Central Asia (WB)
Lithuania,LTU,2022,,46651.215,2816923,Europe and Central Asia (WB)
Lithuania,LTU,2023,,46159.707,2854104,Europe and Central Asia (WB)
Lithuania,LTU,2024,,47165.367,2854104,Europe and Central Asia (WB)
Low-income countries,OWID_LIC,1990,,2091.577,292663595,
Low-income countries,OWID_LIC,1991,,2086.3845,300360059,
Low-income countries,OWID_LIC,1992,,2042.2125,309369865,
Low-income countries,OWID_LIC,1993,,1978.6189,319277771,
Low-income countries,OWID_LIC,1994,,1942.905,328801392,
Low-income countries,OWID_LIC,1995,,1981.9554,338406194,
Low-income countries,OWID_LIC,1996,,2036.1765,348513467,
Low-income countries,OWID_LIC,1997,,2109.07,358535391,
Low-income countries,OWID_LIC,1998,,2148.3252,368772687,
Low-income countries,OWID_LIC,1999,,2115.6118,379366090,
Low-income countries,OWID_LIC,2000,,2100.0354,389723485,
Low-income countries,OWID_LIC,2001,,2115.2341,400384099,
Low-income countries,OWID_LIC,2002,,2172.3687,412284807,
Low-income countries,OWID_LIC,2003,,2247.3982,424679097,
Low-income countries,OWID_LIC,2004,,2317.1028,436967699,
Low-income countries,OWID_LIC,2005,,2392.5898,449724246,
Low-income countries,OWID_LIC,2006,,2455.3108,463303557,
Low-income countries,OWID_LIC,2007,,2534.7456,477111736,
Low-income countries,OWID_LIC,2008,,2592.9873,490973774,
Low-income countries,OWID_LIC,2009,,2614.398,505164159,
Low-income countries,OWID_LIC,2010,,2703.7039,519647365,
Low-income countries,OWID_LIC,2011,,2705.9165,534392915,
Low-income countries,OWID_LIC,2012,,2496.4563,549004721,
Low-income countries,OWID_LIC,2013,,2414.5007,563040135,
Low-income countries,OWID_LIC,2014,,2419.5178,577051647,
Low-income countries,OWID_LIC,2015,,2431.4712,591583770,
Low-income countries,OWID_LIC,2016,,2422.1921,607210136,
Low-income countries,OWID_LIC,2017,,2425.2117,623824285,
Low-income countries,OWID_LIC,2018,,2432.9915,641385698,
Low-income countries,OWID_LIC,2019,,2434.319,659875267,
Low-income countries,OWID_LIC,2020,,2347.0789,678679145,
Low-income countries,OWID_LIC,2021,,2301.291,697273071,
Low-income countries,OWID_LIC,2022,,2312.3845,715844683,
Low-income countries,OWID_LIC,2023,,2245.1287,735385966,
Low-income countries,OWID_LIC,2024,,2252.951,735385966,
Lower-middle-income countries,OWID_LMC,1990,,3015.438,1711864220,
Lower-middle-income countries,OWID_LMC,1991,,3003.4285,1752608523,
Lower-middle-income countries,OWID_LMC,1992,,3050.2703,1793067376,
Lower-middle-income countries,OWID_LMC,1993,,3055.9973,1833937911,
Lower-middle-income countries,OWID_LMC,1994,,3115.1677,1874934474,
Lower-middle-income countries,OWID_LMC,1995,,3212.7397,1916258972,
Lower-middle-income countries,OWID_LMC,1996,,3347.0972,1957849353,
Lower-middle-income countries,OWID_LMC,1997,,3411.546,1999733954,
Lower-middle-income countries,OWID_LMC,1998,,3500.263,2042077792,
Lower-middle-income countries,OWID_LMC,1999,,3626.8872,2084331968,
Lower-middle-income countries,OWID_LMC,2000,,3707.9395,2126916405,
Lower-middle-income countries,OWID_LMC,2001,,3796.1543,2169845903,
Lower-middle-income countries,OWID_LMC,2002,,3892.3313,2211922405,
Lower-middle-income countries,OWID_LMC,2003,,4053.374,2253565571,
Lower-middle-income countries,OWID_LMC,2004,,4263.3096,2295613093,
Lower-middle-income countries,OWID_LMC,2005,,4473.2188,2337232229,
Lower-middle-income countries,OWID_LMC,2006,,4707.42,2379086325,
Lower-middle-income countries,OWID_LMC,2007,,4946.4395,2421832593,
Lower-middle-income countries,OWID_LMC,2008,,5080.3003,2464297892,
Lower-middle-income countries,OWID_LMC,2009,,5301.5405,2507036280,
Lower-middle-income countries,OWID_LMC,2010,,5575.538,2550520230,
Lower-middle-income countries,OWID_LMC,2011,,5746.0674,2594096178,
Lower-middle-income countries,OWID_LMC,2012,,5944.4634,2637381315,
Lower-middle-income countries,OWID_LMC,2013,,6183.676,2680848784,
Lower-middle-income countries,OWID_LMC,2014,,6464.03,2724066420,
Lower-middle-income countries,OWID_LMC,2015,,6755.226,2765984952,
Lower-middle-income countries,OWID_LMC,2016,,7049.0415,2807490854,
Lower-middle-income countries,OWID_LMC,2017,,7334.511,2848767185,
Lower-middle-income countries,OWID_LMC,2018,,7635.979,2889324239,
Lower-middle-income countries,OWID_LMC,2019,,7843.6367,2929401303,
Lower-middle-income countries,OWID_LMC,2020,,7439.8076,2969245757,
Lower-middle-income countries,OWID_LMC,2021,,7837.433,3007019418,
Lower-middle-income countries,OWID_LMC,2022,,8238.695,3044254723,
Lower-middle-income countries,OWID_LMC,2023,,8649.748,3083154885,
Lower-middle-income countries,OWID_LMC,2024,,8995.874,3083154885,
Luxembourg,LUX,1990,,81450.57,381707,Europe and Central Asia (WB)
Luxembourg,LUX,1991,,87313.72,386819,Europe and Central Asia (WB)
Luxembourg,LUX,1992,,87729.4,391972,Europe and Central Asia (WB)
Luxembourg,LUX,1993,,90195.664,397210,Europe and Central Asia (WB)
Luxembourg,LUX,1994,,92375.36,402597,Europe and Central Asia (WB)
Luxembourg,LUX,1995,,92391.34,408237,Europe and Central Asia (WB)
Luxembourg,LUX,1996,,92416.516,413779,Europe and Central Asia (WB)
Luxembourg,LUX,1997,,96211.734,418970,Europe and Central Asia (WB)
Luxembourg,LUX,1998,,101364.67,424158,Europe and Central Asia (WB)
Luxembourg,LUX,1999,,108180.41,429909,Europe and Central Asia (WB)
Luxembourg,LUX,2000,,114141.586,436142,Europe and Central Asia (WB)
Luxembourg,LUX,2001,,116258.43,441754,Europe and Central Asia (WB)
Luxembourg,LUX,2002,,118757.53,446392,Europe and Central Asia (WB)
Luxembourg,LUX,2003,,120396.26,451845,Europe and Central Asia (WB)
Luxembourg,LUX,2004,,123720.26,458305,Europe and Central Asia (WB)
Luxembourg,LUX,2005,,124866.86,465369,Europe and Central Asia (WB)
Luxembourg,LUX,2006,,130284.97,472869,Europe and Central Asia (WB)
Luxembourg,LUX,2007,,138677.97,480277,Europe and Central Asia (WB)
Luxembourg,LUX,2008,,135812.22,488995,Europe and Central Asia (WB)
Luxembourg,LUX,2009,,129002.24,498196,Europe and Central Asia (WB)
Luxembourg,LUX,2010,498.06085,131432.06,507418,Europe and Central Asia (WB)
Luxembourg,LUX,2011,,129885.37,518583,Europe and Central Asia (WB)
Luxembourg,LUX,2012,,128895.41,530951,Europe and Central Asia (WB)
Luxembourg,LUX,2013,,129945.45,543358,Europe and Central Asia (WB)
Luxembourg,LUX,2014,,130247.664,556285,Europe and Central Asia (WB)
Luxembourg,LUX,2015,,130097.26,569540,Europe and Central Asia (WB)
Luxembourg,LUX,2016,,133661.66,583511,Europe and Central Asia (WB)
Luxembourg,LUX,2017,500,132169.83,596506,Europe and Central Asia (WB)
Luxembourg,LUX,2018,499.60284,131733.89,608109,Europe and Central Asia (WB)
Luxembourg,LUX,2019,,132724.75,620167,Europe and Central Asia (WB)
Luxembourg,LUX,2020,492.84784,129865.63,630597,Europe and Central Asia (WB)
Luxembourg,LUX,2021,,136772.44,640276,Europe and Central Asia (WB)
Luxembourg,LUX,2022,,132570.83,653315,Europe and Central Asia (WB)
Luxembourg,LUX,2023,,130048.92,665101,Europe and Central Asia (WB)
Luxembourg,LUX,2024,,128475.28,665101,Europe and Central Asia (WB)
Macao,MAC,1990,,55300.746,351123,East Asia and Pacific (WB)
Macao,MAC,1991,,54602.055,362275,East Asia and Pacific (WB)
Macao,MAC,1992,,58652.79,372256,East Asia and Pacific (WB)
Macao,MAC,1993,,59589.977,381331,East Asia and Pacific (WB)
Macao,MAC,1994,,60120.66,390126,East Asia and Pacific (WB)
Macao,MAC,1995,,60205.707,398703,East Asia and Pacific (WB)
Macao,MAC,1996,,59115.234,407033,East Asia and Pacific (WB)
Macao,MAC,1997,,58639.523,415074,East Asia and Pacific (WB)
Macao,MAC,1998,,55296.5,422816,East Asia and Pacific (WB)
Macao,MAC,1999,,53348.01,430253,East Asia and Pacific (WB)
Macao,MAC,2000,,55994.76,437316,East Asia and Pacific (WB)
Macao,MAC,2001,,57173.86,445121,East Asia and Pacific (WB)
Macao,MAC,2002,,61625.957,456026,East Asia and Pacific (WB)
Macao,MAC,2003,,67994.78,469062,East Asia and Pacific (WB)
Macao,MAC,2004,,84004.45,482209,East Asia and Pacific (WB)
Macao,MAC,2005,,87185.52,495416,East Asia and Pacific (WB)
Macao,MAC,2006,,93828.32,508752,East Asia and Pacific (WB)
Macao,MAC,2007,,102879.64,522281,East Asia and Pacific (WB)
Macao,MAC,2008,,102474.67,535935,East Asia and Pacific (WB)
Macao,MAC,2009,,104911.14,549492,East Asia and Pacific (WB)
Macao,MAC,2010,525.06226,130758.28,562809,East Asia and Pacific (WB)
Macao,MAC,2011,,155385.33,575644,East Asia and Pacific (WB)
Macao,MAC,2012,,164239.27,587450,East Asia and Pacific (WB)
Macao,MAC,2013,,174569.52,598752,East Asia and Pacific (WB)
Macao,MAC,2014,,162813.44,610308,East Asia and Pacific (WB)
Macao,MAC,2015,,123194.07,622185,East Asia and Pacific (WB)
Macao,MAC,2016,,120530.055,634317,East Asia and Pacific (WB)
Macao,MAC,2017,545,133322.62,646558,East Asia and Pacific (WB)
Macao,MAC,2018,545.30054,139541.16,658777,East Asia and Pacific (WB)
Macao,MAC,2019,,133453.89,670982,East Asia and Pacific (WB)
Macao,MAC,2020,560.6135,59662.484,683069,East Asia and Pacific (WB)
Macao,MAC,2021,,73374.445,694404,East Asia and Pacific (WB)
Macao,MAC,2022,,59921.44,704360,East Asia and Pacific (WB)
Macao,MAC,2023,,104815.2,713916,East Asia and Pacific (WB)
Macao,MAC,2024,,111693.5,713916,East Asia and Pacific (WB)
Madagascar,MDG,1990,,1968.2723,12055649,Sub-Saharan Africa (WB)
Madagascar,MDG,1991,,1789.8417,12421413,Sub-Saharan Africa (WB)
Madagascar,MDG,1992,,1757.2946,12800870,Sub-Saharan Africa (WB)
Madagascar,MDG,1993,,1740.2952,13197353,Sub-Saharan Africa (WB)
Madagascar,MDG,1994,,1686.3419,13613859,Sub-Saharan Africa (WB)
Madagascar,MDG,1995,,1661.2706,14051279,Sub-Saharan Africa (WB)
Madagascar,MDG,1996,,1643.3258,14510712,Sub-Saharan Africa (WB)
Madagascar,MDG,1997,,1649.4481,14990818,Sub-Saharan Africa (WB)
Madagascar,MDG,1998,,1658.8885,15489364,Sub-Saharan Africa (WB)
Madagascar,MDG,1999,,1681.3594,16000506,Sub-Saharan Africa (WB)
Madagascar,MDG,2000,,1701.4432,16516336,Sub-Saharan Africa (WB)
Madagascar,MDG,2001,,1748.5035,17032933,Sub-Saharan Africa (WB)
Madagascar,MDG,2002,,1486.4343,17549915,Sub-Saharan Africa (WB)
Madagascar,MDG,2003,,1584.7493,18071860,Sub-Saharan Africa (WB)
Madagascar,MDG,2004,,1620.1195,18606606,Sub-Saharan Africa (WB)
Madagascar,MDG,2005,,1648.1763,19159711,Sub-Saharan Africa (WB)
Madagascar,MDG,2006,,1686.8634,19730916,Sub-Saharan Africa (WB)
Madagascar,MDG,2007,,1731.6176,20318590,Sub-Saharan Africa (WB)
Madagascar,MDG,2008,,1794.4023,20923842,Sub-Saharan Africa (WB)
Madagascar,MDG,2009,,1673.1555,21547277,Sub-Saharan Africa (WB)
Madagascar,MDG,2010,433.97174,1635.2451,22183343,Sub-Saharan Africa (WB)
Madagascar,MDG,2011,,1614.5514,22822305,Sub-Saharan Africa (WB)
Madagascar,MDG,2012,,1617.7908,23462444,Sub-Saharan Africa (WB)
Madagascar,MDG,2013,,1610.6023,24109290,Sub-Saharan Africa (WB)
Madagascar,MDG,2014,,1620.3579,24764356,Sub-Saharan Africa (WB)
Madagascar,MDG,2015,,1627.5806,25426703,Sub-Saharan Africa (WB)
Madagascar,MDG,2016,,1648.9122,26099950,Sub-Saharan Africa (WB)
Madagascar,MDG,2017,351,1669.7277,26788379,Sub-Saharan Africa (WB)
Madagascar,MDG,2018,350.77332,1678.7863,27494930,Sub-Saharan Africa (WB)
Madagascar,MDG,2019,,1707.8315,28219559,Sub-Saharan Africa (WB)
Madagascar,MDG,2020,350.77332,1545.7272,28953560,Sub-Saharan Africa (WB)
Madagascar,MDG,2021,,1577.4325,29691087,Sub-Saharan Africa (WB)
Madagascar,MDG,2022,,1602.7136,30437261,Sub-Saharan Africa (WB)
Madagascar,MDG,2023,,1629.4609,31195937,Sub-Saharan Africa (WB)
Madagascar,MDG,2024,,1657.0497,31195937,Sub-Saharan Africa (WB)
Malawi,MWI,1990,,1047.4644,9545860,Sub-Saharan Africa (WB)
Malawi,MWI,1991,,1104.3905,9844228,Sub-Saharan Africa (WB)
Malawi,MWI,1992,,994.0365,10135082,Sub-Saharan Africa (WB)
Malawi,MWI,1993,,1074.5848,10284027,Sub-Saharan Africa (WB)
Malawi,MWI,1994,,975.8497,10164899,Sub-Saharan Africa (WB)
Malawi,MWI,1995,,1140.7561,10150122,Sub-Saharan Africa (WB)
Malawi,MWI,1996,,1200.3206,10352227,Sub-Saharan Africa (WB)
Malawi,MWI,1997,,1221.094,10562035,Sub-Saharan Africa (WB)
Malawi,MWI,1998,,1241.5243,10792877,Sub-Saharan Africa (WB)
Malawi,MWI,1999,,1249.7753,11047812,Sub-Saharan Africa (WB)
Malawi,MWI,2000,,1239.3917,11315947,Sub-Saharan Africa (WB)
Malawi,MWI,2001,,1149.5804,11593057,Sub-Saharan Africa (WB)
Malawi,MWI,2002,,1140.8428,11880443,Sub-Saharan Africa (WB)
Malawi,MWI,2003,,1176.1239,12181575,Sub-Saharan Africa (WB)
Malawi,MWI,2004,,1208.2197,12500736,Sub-Saharan Africa (WB)
Malawi,MWI,2005,,1214.7427,12840034,Sub-Saharan Africa (WB)
Malawi,MWI,2006,,1237.2739,13198699,Sub-Saharan Africa (WB)
Malawi,MWI,2007,,1318.3319,13576344,Sub-Saharan Africa (WB)
Malawi,MWI,2008,,1378.4288,13976415,Sub-Saharan Africa (WB)
Malawi,MWI,2009,,1449.7261,14395788,Sub-Saharan Africa (WB)
Malawi,MWI,2010,337.82913,1504.3751,14826466,Sub-Saharan Africa (WB)
Malawi,MWI,2011,,1533.2289,15265026,Sub-Saharan Africa (WB)
Malawi,MWI,2012,,1518.1481,15709577,Sub-Saharan Africa (WB)
Malawi,MWI,2013,,1555.5061,16161816,Sub-Saharan Africa (WB)
Malawi,MWI,2014,,1597.5648,16621534,Sub-Saharan Africa (WB)
Malawi,MWI,2015,,1597.6914,17085587,Sub-Saharan Africa (WB)
Malawi,MWI,2016,,1593.5955,17557741,Sub-Saharan Africa (WB)
Malawi,MWI,2017,359,1613.0593,18039714,Sub-Saharan Africa (WB)
Malawi,MWI,2018,359.48407,1638.9166,18528086,Sub-Saharan Africa (WB)
Malawi,MWI,2019,,1687.2894,19025748,Sub-Saharan Africa (WB)
Malawi,MWI,2020,359.48407,1656.4398,19533885,Sub-Saharan Africa (WB)
Malawi,MWI,2021,,1687.5936,20047264,Sub-Saharan Africa (WB)
Malawi,MWI,2022,,1659.9594,20568731,Sub-Saharan Africa (WB)
Malawi,MWI,2023,,1649.2987,21104480,Sub-Saharan Africa (WB)
Malawi,MWI,2024,,1634.2466,21104480,Sub-Saharan Africa (WB)
Malaysia,MYS,1990,,12013.697,17833179,East Asia and Pacific (WB)
Malaysia,MYS,1991,,12795.05,18342474,East Asia and Pacific (WB)
Malaysia,MYS,1992,,13567.894,18834569,East Asia and Pacific (WB)
Malaysia,MYS,1993,,14533.79,19322667,East Asia and Pacific (WB)
Malaysia,MYS,1994,,15474.015,19820446,East Asia and Pacific (WB)
Malaysia,MYS,1995,,16568.516,20330602,East Asia and Pacific (WB)
Malaysia,MYS,1996,,17771.71,20850085,East Asia and Pacific (WB)
Malaysia,MYS,1997,,18604.514,21375225,East Asia and Pacific (WB)
Malaysia,MYS,1998,,16817.172,21906713,East Asia and Pacific (WB)
Malaysia,MYS,1999,,17428.625,22435532,East Asia and Pacific (WB)
Malaysia,MYS,2000,,18532.91,22967817,East Asia and Pacific (WB)
Malaysia,MYS,2001,,18186.441,23526535,East Asia and Pacific (WB)
Malaysia,MYS,2002,,18708.87,24102477,East Asia and Pacific (WB)
Malaysia,MYS,2003,,19329.006,24679604,East Asia and Pacific (WB)
Malaysia,MYS,2004,,20168.506,25256773,East Asia and Pacific (WB)
Malaysia,MYS,2005,,20767.586,25836075,East Asia and Pacific (WB)
Malaysia,MYS,2006,,21444.486,26417909,East Asia and Pacific (WB)
Malaysia,MYS,2007,,22305.12,26998383,East Asia and Pacific (WB)
Malaysia,MYS,2008,,22898.002,27570052,East Asia and Pacific (WB)
Malaysia,MYS,2009,,22106.643,28124779,East Asia and Pacific (WB)
Malaysia,MYS,2010,427.31702,23307.97,28655772,East Asia and Pacific (WB)
Malaysia,MYS,2011,,24115.818,29162034,East Asia and Pacific (WB)
Malaysia,MYS,2012,,25006.36,29662835,East Asia and Pacific (WB)
Malaysia,MYS,2013,,25736.354,30174269,East Asia and Pacific (WB)
Malaysia,MYS,2014,,26818.432,30696133,East Asia and Pacific (WB)
Malaysia,MYS,2015,,27699.627,31232796,East Asia and Pacific (WB)
Malaysia,MYS,2016,,28425.371,31789692,East Asia and Pacific (WB)
Malaysia,MYS,2017,468,29551.545,32355642,East Asia and Pacific (WB)
Malaysia,MYS,2018,468.06763,30459.965,32910963,East Asia and Pacific (WB)
Malaysia,MYS,2019,,31300.508,33440590,East Asia and Pacific (WB)
Malaysia,MYS,2020,445.67532,29200.453,33889554,East Asia and Pacific (WB)
Malaysia,MYS,2021,,29822.85,34282404,East Asia and Pacific (WB)
Malaysia,MYS,2022,,32129.223,34695494,East Asia and Pacific (WB)
Malaysia,MYS,2023,,32857.668,35126295,East Asia and Pacific (WB)
Malaysia,MYS,2024,,34116.23,35126295,East Asia and Pacific (WB)
Maldives,MDV,1990,,8945.805,224772,South Asia (WB)
Maldives,MDV,1991,,8799.255,231810,South Asia (WB)
Maldives,MDV,1992,,9120.992,238559,South Asia (WB)
Maldives,MDV,1993,,9378.522,244893,South Asia (WB)
Maldives,MDV,1994,,9866.075,250831,South Asia (WB)
Maldives,MDV,1995,,10894.173,256660,South Asia (WB)
Maldives,MDV,1996,,11495.099,262354,South Asia (WB)
Maldives,MDV,1997,,12210.969,267711,South Asia (WB)
Maldives,MDV,1998,,12884.723,272734,South Asia (WB)
Maldives,MDV,1999,,13449.203,277423,South Asia (WB)
Maldives,MDV,2000,,13738.281,282025,South Asia (WB)
Maldives,MDV,2001,,12977.999,286778,South Asia (WB)
Maldives,MDV,2002,,13689.807,291631,South Asia (WB)
Maldives,MDV,2003,,15316.119,296497,South Asia (WB)
Maldives,MDV,2004,,15958.656,301416,South Asia (WB)
Maldives,MDV,2005,,13942.875,306429,South Asia (WB)
Maldives,MDV,2006,,16829.977,313866,South Asia (WB)
Maldives,MDV,2007,,17439.951,324489,South Asia (WB)
Maldives,MDV,2008,,18344.486,336178,South Asia (WB)
Maldives,MDV,2009,,16230.009,348282,South Asia (WB)
Maldives,MDV,2010,,16730.014,360802,South Asia (WB)
Maldives,MDV,2011,,17581.768,373683,South Asia (WB)
Maldives,MDV,2012,,17390.148,386821,South Asia (WB)
Maldives,MDV,2013,,17986.89,400077,South Asia (WB)
Maldives,MDV,2014,,18765.36,413623,South Asia (WB)
Maldives,MDV,2015,,18829.447,428165,South Asia (WB)
Maldives,MDV,2016,,19345.18,443316,South Asia (WB)
Maldives,MDV,2017,,20036.717,458297,South Asia (WB)
Maldives,MDV,2018,,21072.58,473106,South Asia (WB)
Maldives,MDV,2019,,21855.502,487737,South Asia (WB)
Maldives,MDV,2020,,14242.975,502127,South Asia (WB)
Maldives,MDV,2021,,19052.623,516163,South Asia (WB)
Maldives,MDV,2022,,21357.81,524116,South Asia (WB)
Maldives,MDV,2023,,22333.047,526009,South Asia (WB)
Maldives,MDV,2024,,23034.41,526009,South Asia (WB)
Mali,MLI,1990,,1890.5021,9178826,Sub-Saharan Africa (WB)
Mali,MLI,1991,,2087.919,9362885,Sub-Saharan Africa (WB)
Mali,MLI,1992,,1942.7285,9553540,Sub-Saharan Africa (WB)
Mali,MLI,1993,,1985.3806,9754786,Sub-Saharan Africa (WB)
Mali,MLI,1994,,2051.755,9967035,Sub-Saharan Africa (WB)
Mali,MLI,1995,,2022.4038,10185368,Sub-Saharan Africa (WB)
Mali,MLI,1996,,2105.2754,10407274,Sub-Saharan Africa (WB)
Mali,MLI,1997,,2142.7876,10646499,Sub-Saharan Africa (WB)
Mali,MLI,1998,,2228.2004,10919577,Sub-Saharan Africa (WB)
Mali,MLI,1999,,2269.0874,11227420,Sub-Saharan Africa (WB)
Mali,MLI,2000,,2187.719,11559291,Sub-Saharan Africa (WB)
Mali,MLI,2001,,2458.4617,11912162,Sub-Saharan Africa (WB)
Mali,MLI,2002,,2455.6194,12288051,Sub-Saharan Africa (WB)
Mali,MLI,2003,,2611.837,12684951,Sub-Saharan Africa (WB)
Mali,MLI,2004,,2565.9775,13102415,Sub-Saharan Africa (WB)
Mali,MLI,2005,,2546.3328,13538648,Sub-Saharan Africa (WB)
Mali,MLI,2006,,2555.0747,13990143,Sub-Saharan Africa (WB)
Mali,MLI,2007,,2515.947,14457776,Sub-Saharan Africa (WB)
Mali,MLI,2008,,2523.1997,14940786,Sub-Saharan Africa (WB)
Mali,MLI,2009,,2575.5454,15435536,Sub-Saharan Africa (WB)
Mali,MLI,2010,,2632.2646,15945201,Sub-Saharan Africa (WB)
Mali,MLI,2011,,2623.3462,16469054,Sub-Saharan Africa (WB)
Mali,MLI,2012,,2520.5293,16957039,Sub-Saharan Africa (WB)
Mali,MLI,2013,,2528.53,17459619,Sub-Saharan Africa (WB)
Mali,MLI,2014,,2609.1672,18020267,Sub-Saharan Africa (WB)
Mali,MLI,2015,,2686.5605,18593022,Sub-Saharan Africa (WB)
Mali,MLI,2016,,2759.1106,19191298,Sub-Saharan Africa (WB)
Mali,MLI,2017,307,2816.1943,19813016,Sub-Saharan Africa (WB)
Mali,MLI,2018,307.36496,2862.4072,20442031,Sub-Saharan Africa (WB)
Mali,MLI,2019,,2916.1716,21068405,Sub-Saharan Africa (WB)
Mali,MLI,2020,307.36496,2796.4104,21713837,Sub-Saharan Africa (WB)
Mali,MLI,2021,,2796.228,22388637,Sub-Saharan Africa (WB)
Mali,MLI,2022,,2813.811,23072641,Sub-Saharan Africa (WB)
Mali,MLI,2023,,2860.4282,23769130,Sub-Saharan Africa (WB)
Mali,MLI,2024,,2916.1853,23769130,Sub-Saharan Africa (WB)
Malta,MLT,1990,,18207.428,367913,"Middle East, North Africa, Afghanistan and Pakistan (WB)"
Malta,MLT,1991,,18832.13,371335,"Middle East, North Africa, Afghanistan and Pakistan (WB)"
Malta,MLT,1992,,19513.186,374805,"Middle East, North Africa, Afghanistan and Pakistan (WB)"
Malta,MLT,1993,,20184.914,378222,"Middle East, North Africa, Afghanistan and Pakistan (WB)"
Malta,MLT,1994,,21127.064,381467,"Middle East, North Africa, Afghanistan and Pakistan (WB)"
Malta,MLT,1995,,22310.963,384559,"Middle East, North Africa, Afghanistan and Pakistan (WB)"
Malta,MLT,1996,,23002.21,387627,"Middle East, North Africa, Afghanistan and Pakistan (WB)"
Malta,MLT,1997,,24028.895,390687,"Middle East, North Africa, Afghanistan and Pakistan (WB)"
Malta,MLT,1998,,25096.875,393782,"Middle East, North Africa, Afghanistan and Pakistan (WB)"
Malta,MLT,1999,,26126.09,396897,"Middle East, North Africa, Afghanistan and Pakistan (WB)"
Malta,MLT,2000,,31066.924,399905,"Middle East, North Africa, Afghanistan and Pakistan (WB)"
Malta,MLT,2001,,30600.973,402788,"Middle East, North Africa, Afghanistan and Pakistan (WB)"
Malta,MLT,2002,,31206.271,405571,"Middle East, North Africa, Afghanistan and Pakistan (WB)"
Malta,MLT,2003,,32146.68,408236,"Middle East, North Africa, Afghanistan and Pakistan (WB)"
Malta,MLT,2004,,32061.572,410800,"Middle East, North Africa, Afghanistan and Pakistan (WB)"
Malta,MLT,2005,,32775.75,413324,"Middle East, North Africa, Afghanistan and Pakistan (WB)"
Malta,MLT,2006,,33419.473,415463,"Middle East, North Africa, Afghanistan and Pakistan (WB)"
Malta,MLT,2007,,34980.402,417201,"Middle East, North Africa, Afghanistan and Pakistan (WB)"
Malta,MLT,2008,,36286.375,418969,"Middle East, North Africa, Afghanistan and Pakistan (WB)"
Malta,MLT,2009,,35511.355,420800,"Middle East, North Africa, Afghanistan and Pakistan (WB)"
Malta,MLT,2010,470.94202,37527.34,422654,"Middle East, North Africa, Afghanistan and Pakistan (WB)"
Malta,MLT,2011,,37739.445,424635,"Middle East, North Africa, Afghanistan and Pakistan (WB)"
Malta,MLT,2012,,38935.7,426616,"Middle East, North Africa, Afghanistan and Pakistan (WB)"
Malta,MLT,2013,,40919.793,428457,"Middle East, North Africa, Afghanistan and Pakistan (WB)"
Malta,MLT,2014,,43161.543,434494,"Middle East, North Africa, Afghanistan and Pakistan (WB)"
Malta,MLT,2015,,46170.17,444978,"Middle East, North Africa, Afghanistan and Pakistan (WB)"
Malta,MLT,2016,,46965.6,455276,"Middle East, North Africa, Afghanistan and Pakistan (WB)"
Malta,MLT,2017,474,51626.348,467902,"Middle East, North Africa, Afghanistan and Pakistan (WB)"
Malta,MLT,2018,474.46753,53417.016,484560,"Middle East, North Africa, Afghanistan and Pakistan (WB)"
Malta,MLT,2019,,53391.438,504017,"Middle East, North Africa, Afghanistan and Pakistan (WB)"
Malta,MLT,2020,474.435,50387.82,518212,"Middle East, North Africa, Afghanistan and Pakistan (WB)"
Malta,MLT,2021,,56852.32,524383,"Middle East, North Africa, Afghanistan and Pakistan (WB)"
Malta,MLT,2022,,56841.957,528194,"Middle East, North Africa, Afghanistan and Pakistan (WB)"
Malta,MLT,2023,,60418.395,532964,"Middle East, North Africa, Afghanistan and Pakistan (WB)"
Malta,MLT,2024,,62700.496,532964,"Middle East, North Africa, Afghanistan and Pakistan (WB)"
Marshall Islands,MHL,1990,,3905.586,44648,East Asia and Pacific (WB)
Marshall Islands,MHL,1991,,3828.4636,45587,East Asia and Pacific (WB)
Marshall Islands,MHL,1992,,4029.3413,46406,East Asia and Pacific (WB)
Marshall Islands,MHL,1993,,4207.4097,47112,East Asia and Pacific (WB)
Marshall Islands,MHL,1994,,4396.9146,47731,East Asia and Pacific (WB)
Marshall Islands,MHL,1995,,4703.433,48283,East Asia and Pacific (WB)
Marshall Islands,MHL,1996,,4174.814,48795,East Asia and Pacific (WB)
Marshall Islands,MHL,1997,,3867.3428,49277,East Asia and Pacific (WB)
Marshall Islands,MHL,1998,,3805.887,49732,East Asia and Pacific (WB)
Marshall Islands,MHL,1999,,3718.811,50221,East Asia and Pacific (WB)
Marshall Islands,MHL,2000,,3772.2158,50721,East Asia and Pacific (WB)
Marshall Islands,MHL,2001,,4000.7305,51137,East Asia and Pacific (WB)
Marshall Islands,MHL,2002,,4121.84,51441,East Asia and Pacific (WB)
Marshall Islands,MHL,2003,,4040.655,51657,East Asia and Pacific (WB)
Marshall Islands,MHL,2004,,4012.3445,51803,East Asia and Pacific (WB)
Marshall Islands,MHL,2005,,4075.1587,51928,East Asia and Pacific (WB)
Marshall Islands,MHL,2006,,4075.5764,52011,East Asia and Pacific (WB)
Marshall Islands,MHL,2007,,4222.413,52050,East Asia and Pacific (WB)
Marshall Islands,MHL,2008,,3903.3057,52049,East Asia and Pacific (WB)
Marshall Islands,MHL,2009,,4047.2268,52036,East Asia and Pacific (WB)
Marshall Islands,MHL,2010,,4269.3584,52064,East Asia and Pacific (WB)
Marshall Islands,MHL,2011,,4259.116,51927,East Asia and Pacific (WB)
Marshall Islands,MHL,2012,,4244.0444,51438,East Asia and Pacific (WB)
Marshall Islands,MHL,2013,,4469.8535,50696,East Asia and Pacific (WB)
Marshall Islands,MHL,2014,,4491.9917,49815,East Asia and Pacific (WB)
Marshall Islands,MHL,2015,,4670.1094,48823,East Asia and Pacific (WB)
Marshall Islands,MHL,2016,,4896.522,47730,East Asia and Pacific (WB)
Marshall Islands,MHL,2017,,5199.344,46544,East Asia and Pacific (WB)
Marshall Islands,MHL,2018,332.33536,5635.3076,45307,East Asia and Pacific (WB)
Marshall Islands,MHL,2019,,6405.0757,44030,East Asia and Pacific (WB)
Marshall Islands,MHL,2020,375.0297,6417.1846,42728,East Asia and Pacific (WB)
Marshall Islands,MHL,2021,,6767.958,41387,East Asia and Pacific (WB)
Marshall Islands,MHL,2022,,6936.865,40094,East Asia and Pacific (WB)
Marshall Islands,MHL,2023,,6801.6147,38849,East Asia and Pacific (WB)
Marshall Islands,MHL,2024,,7209.2666,38849,East Asia and Pacific (WB)
Mauritania,MRT,1990,,5519.6104,1951881,Sub-Saharan Africa (WB)
Mauritania,MRT,1991,,5456.5557,2009739,Sub-Saharan Africa (WB)
Mauritania,MRT,1992,,5350.118,2088143,Sub-Saharan Africa (WB)
Mauritania,MRT,1993,,5439.8223,2174333,Sub-Saharan Africa (WB)
Mauritania,MRT,1994,,5097.2085,2249462,Sub-Saharan Africa (WB)
Mauritania,MRT,1995,,5446.2695,2312027,Sub-Saharan Africa (WB)
Mauritania,MRT,1996,,5650.3413,2358193,Sub-Saharan Africa (WB)
Mauritania,MRT,1997,,5302.3667,2411316,Sub-Saharan Africa (WB)
Mauritania,MRT,1998,,5310.158,2474650,Sub-Saharan Africa (WB)
Mauritania,MRT,1999,,5359.989,2541700,Sub-Saharan Africa (WB)
Mauritania,MRT,2000,,5008.608,2613450,Sub-Saharan Africa (WB)
Mauritania,MRT,2001,,4847.4106,2678766,Sub-Saharan Africa (WB)
Mauritania,MRT,2002,,4806.8984,2738659,Sub-Saharan Africa (WB)
Mauritania,MRT,2003,,5023.6523,2802050,Sub-Saharan Africa (WB)
Mauritania,MRT,2004,,5139.2256,2868671,Sub-Saharan Africa (WB)
Mauritania,MRT,2005,,5445.8296,2939060,Sub-Saharan Africa (WB)
Mauritania,MRT,2006,,6284.702,3013659,Sub-Saharan Africa (WB)
Mauritania,MRT,2007,,6002.7783,3093065,Sub-Saharan Africa (WB)
Mauritania,MRT,2008,,5813.356,3183276,Sub-Saharan Africa (WB)
Mauritania,MRT,2009,,5639.7876,3284454,Sub-Saharan Africa (WB)
Mauritania,MRT,2010,,5605.7637,3390968,Sub-Saharan Africa (WB)
Mauritania,MRT,2011,,5653.2173,3502813,Sub-Saharan Africa (WB)
Mauritania,MRT,2012,,5716.252,3619035,Sub-Saharan Africa (WB)
Mauritania,MRT,2013,,5769.7285,3734324,Sub-Saharan Africa (WB)
Mauritania,MRT,2014,,5837.852,3848511,Sub-Saharan Africa (WB)
Mauritania,MRT,2015,,5969.5425,3965959,Sub-Saharan Africa (WB)
Mauritania,MRT,2016,,5866.2812,4086655,Sub-Saharan Africa (WB)
Mauritania,MRT,2017,342,6050.6216,4210603,Sub-Saharan Africa (WB)
Mauritania,MRT,2018,342.09357,6153.6377,4337685,Sub-Saharan Africa (WB)
Mauritania,MRT,2019,,6162.2104,4467714,Sub-Saharan Africa (WB)
Mauritania,MRT,2020,342.09357,5963.2354,4600136,Sub-Saharan Africa (WB)
Mauritania,MRT,2021,,5836.566,4734874,Sub-Saharan Africa (WB)
Mauritania,MRT,2022,,6053.2617,4875644,Sub-Saharan Africa (WB)
Mauritania,MRT,2023,,6276.475,5022442,Sub-Saharan Africa (WB)
Mauritania,MRT,2024,,6482.69,5022442,Sub-Saharan Africa (WB)
Mauritius,MUS,1990,,9058.666,1089033,Sub-Saharan Africa (WB)
Mauritius,MUS,1991,,9358.886,1103050,Sub-Saharan Africa (WB)
Mauritius,MUS,1992,,9838.103,1117676,Sub-Saharan Africa (WB)
Mauritius,MUS,1993,,10216.242,1132397,Sub-Saharan Africa (WB)
Mauritius,MUS,1994,,10490.889,1146559,Sub-Saharan Africa (WB)
Mauritius,MUS,1995,,10847.03,1159824,Sub-Saharan Africa (WB)
Mauritius,MUS,1996,,11336.6045,1172390,Sub-Saharan Africa (WB)
Mauritius,MUS,1997,,11832.288,1184304,Sub-Saharan Africa (WB)
Mauritius,MUS,1998,,12419.468,1195111,Sub-Saharan Africa (WB)
Mauritius,MUS,1999,,12582.752,1205903,Sub-Saharan Africa (WB)
Mauritius,MUS,2000,,13481.754,1216632,Sub-Saharan Africa (WB)
Mauritius,MUS,2001,,13823.417,1225807,Sub-Saharan Africa (WB)
Mauritius,MUS,2002,,13949.475,1234090,Sub-Saharan Africa (WB)
Mauritius,MUS,2003,,14669.5,1242094,Sub-Saharan Africa (WB)
Mauritius,MUS,2004,,15209.017,1249799,Sub-Saharan Africa (WB)
Mauritius,MUS,2005,,15387.98,1257215,Sub-Saharan Africa (WB)
Mauritius,MUS,2006,,16061.603,1263785,Sub-Saharan Africa (WB)
Mauritius,MUS,2007,,16904.275,1269522,Sub-Saharan Africa (WB)
Mauritius,MUS,2008,,17750.594,1274635,Sub-Saharan Africa (WB)
Mauritius,MUS,2009,,18290.406,1278976,Sub-Saharan Africa (WB)
Mauritius,MUS,2010,459.28326,19045.654,1282710,Sub-Saharan Africa (WB)
Mauritius,MUS,2011,,19790.53,1286270,Sub-Saharan Africa (WB)
Mauritius,MUS,2012,,20425.707,1289174,Sub-Saharan Africa (WB)
Mauritius,MUS,2013,,21061.03,1290988,Sub-Saharan Africa (WB)
Mauritius,MUS,2014,,21827.48,1292006,Sub-Saharan Africa (WB)
Mauritius,MUS,2015,,22603.088,1292283,Sub-Saharan Africa (WB)
Mauritius,MUS,2016,,23460.002,1291807,Sub-Saharan Africa (WB)
Mauritius,MUS,2017,473,24361.875,1290654,Sub-Saharan Africa (WB)
Mauritius,MUS,2018,472.7672,25324.178,1288836,Sub-Saharan Africa (WB)
Mauritius,MUS,2019,,26047.975,1286269,Sub-Saharan Africa (WB)
Mauritius,MUS,2020,472.7672,22258.387,1283231,Sub-Saharan Africa (WB)
Mauritius,MUS,2021,,23010.201,1279628,Sub-Saharan Africa (WB)
Mauritius,MUS,2022,,25085.988,1276134,Sub-Saharan Africa (WB)
Mauritius,MUS,2023,,26635.012,1273591,Sub-Saharan Africa (WB)
Mauritius,MUS,2024,,28011.158,1273591,Sub-Saharan Africa (WB)
Mexico,MEX,1990,,17169.592,82820170,Latin America and Caribbean (WB)
Mexico,MEX,1991,,17511.73,84430565,Latin America and Caribbean (WB)
Mexico,MEX,1992,,17796.406,86044806,Latin America and Caribbean (WB)
Mexico,MEX,1993,,17970.588,87653817,Latin America and Caribbean (WB)
Mexico,MEX,1994,,18422.82,89259202,Latin America and Caribbean (WB)
Mexico,MEX,1995,,17028.121,90862449,Latin America and Caribbean (WB)
Mexico,MEX,1996,,17775.873,92452700,Latin America and Caribbean (WB)
Mexico,MEX,1997,,18737.643,94021204,Latin America and Caribbean (WB)
Mexico,MEX,1998,,19573.066,95575242,Latin America and Caribbean (WB)
Mexico,MEX,1999,,19793.285,97115710,Latin America and Caribbean (WB)
Mexico,MEX,2000,,20470.494,98625553,Latin America and Caribbean (WB)
Mexico,MEX,2001,,20078.219,100099101,Latin America and Caribbean (WB)
Mexico,MEX,2002,,19744.793,101548627,Latin America and Caribbean (WB)
Mexico,MEX,2003,,19701.463,102978517,Latin America and Caribbean (WB)
Mexico,MEX,2004,,20127.225,104394131,Latin America and Caribbean (WB)
Mexico,MEX,2005,,20277.256,105811504,Latin America and Caribbean (WB)
Mexico,MEX,2006,,20965.826,107253666,Latin America and Caribbean (WB)
Mexico,MEX,2007,,21102.27,108774356,Latin America and Caribbean (WB)
Mexico,MEX,2008,,20992.56,110374286,Latin America and Caribbean (WB)
Mexico,MEX,2009,,19385.543,111999720,Latin America and Caribbean (WB)
Mexico,MEX,2010,433.9057,20058.385,113623898,Latin America and Caribbean (WB)
Mexico,MEX,2011,,20457.6,115243503,Latin America and Caribbean (WB)
Mexico,MEX,2012,,20898.936,116818208,Latin America and Caribbean (WB)
Mexico,MEX,2013,,20805.348,118343572,Latin America and Caribbean (WB)
Mexico,MEX,2014,,21069.766,119784265,Latin America and Caribbean (WB)
Mexico,MEX,2015,,21408.928,121072310,Latin America and Caribbean (WB)
Mexico,MEX,2016,,21578.264,122251344,Latin America and Caribbean (WB)
Mexico,MEX,2017,430,21777.523,123400052,Latin America and Caribbean (WB)
Mexico,MEX,2018,429.5043,21997.773,124573713,Latin America and Caribbean (WB)
Mexico,MEX,2019,,21704.186,125762978,Latin America and Caribbean (WB)
Mexico,MEX,2020,430.06512,19728.482,126799053,Latin America and Caribbean (WB)
Mexico,MEX,2021,,20782.588,127648151,Latin America and Caribbean (WB)
Mexico,MEX,2022,,21391.857,128613116,Latin America and Caribbean (WB)
Mexico,MEX,2023,,21917.248,129739761,Latin America and Caribbean (WB)
Mexico,MEX,2024,,22039.629,129739761,Latin America and Caribbean (WB)
Micronesia (country),FSM,1990,,3112.4648,100904,East Asia and Pacific (WB)
Micronesia (country),FSM,1991,,3282.9182,102764,East Asia and Pacific (WB)
Micronesia (country),FSM,1992,,3347.6455,104823,East Asia and Pacific (WB)
Micronesia (country),FSM,1993,,3543.7498,107082,East Asia and Pacific (WB)
Micronesia (country),FSM,1994,,3459.8857,109090,East Asia and Pacific (WB)
Micronesia (country),FSM,1995,,3663.7825,110244,East Asia and Pacific (WB)
Micronesia (country),FSM,1996,,3526.0925,110723,East Asia and Pacific (WB)
Micronesia (country),FSM,1997,,3296.3357,111088,East Asia and Pacific (WB)
Micronesia (country),FSM,1998,,3380.5332,111394,East Asia and Pacific (WB)
Micronesia (country),FSM,1999,,3409.417,111693,East Asia and Pacific (WB)
Micronesia (country),FSM,2000,,3555.4995,112067,East Asia and Pacific (WB)
Micronesia (country),FSM,2001,,3609.8726,112378,East Asia and Pacific (WB)
Micronesia (country),FSM,2002,,3623.1963,112464,East Asia and Pacific (WB)
Micronesia (country),FSM,2003,,3692.4172,112298,East Asia and Pacific (WB)
Micronesia (country),FSM,2004,,3586.1125,111939,East Asia and Pacific (WB)
Micronesia (country),FSM,2005,,3685.9944,111420,East Asia and Pacific (WB)
Micronesia (country),FSM,2006,,3701.3508,110739,East Asia and Pacific (WB)
Micronesia (country),FSM,2007,,3665.6575,109896,East Asia and Pacific (WB)
Micronesia (country),FSM,2008,,3601.9004,108947,East Asia and Pacific (WB)
Micronesia (country),FSM,2009,,3674.4883,107968,East Asia and Pacific (WB)
Micronesia (country),FSM,2010,,3764.953,107559,East Asia and Pacific (WB)
Micronesia (country),FSM,2011,,3901.6758,107712,East Asia and Pacific (WB)
Micronesia (country),FSM,2012,,3828.747,107908,East Asia and Pacific (WB)
Micronesia (country),FSM,2013,,3680.1064,108133,East Asia and Pacific (WB)
Micronesia (country),FSM,2014,,3575.8508,108407,East Asia and Pacific (WB)
Micronesia (country),FSM,2015,,3723.399,108727,East Asia and Pacific (WB)
Micronesia (country),FSM,2016,,3746.1301,109088,East Asia and Pacific (WB)
Micronesia (country),FSM,2017,,3813.4421,109495,East Asia and Pacific (WB)
Micronesia (country),FSM,2018,327.93906,3798.592,109925,East Asia and Pacific (WB)
Micronesia (country),FSM,2019,,3940.2644,110293,East Asia and Pacific (WB)
Micronesia (country),FSM,2020,379.9026,3852.2002,110930,East Asia and Pacific (WB)
Micronesia (country),FSM,2021,,3946.416,111635,East Asia and Pacific (WB)
Micronesia (country),FSM,2022,,3814.9907,112122,East Asia and Pacific (WB)
Micronesia (country),FSM,2023,,3814.7202,112646,East Asia and Pacific (WB)
Micronesia (country),FSM,2024,,3824.1523,112646,East Asia and Pacific (WB)
"Middle East, North Africa, Afghanistan and Pakistan (WB)",WB_MENAP,1990,,9205.145,,
"Middle East, North Africa, Afghanistan and Pakistan (WB)",WB_MENAP,1991,,9095.262,,
"Middle East, North Africa, Afghanistan and Pakistan (WB)",WB_MENAP,1992,,9368.716,,
"Middle East, North Africa, Afghanistan and Pakistan (WB)",WB_MENAP,1993,,9318.904,,
"Middle East, North Africa, Afghanistan and Pakistan (WB)",WB_MENAP,1994,,9316.932,,
"Middle East, North Africa, Afghanistan and Pakistan (WB)",WB_MENAP,1995,,9366.083,,
"Middle East, North Africa, Afghanistan and Pakistan (WB)",WB_MENAP,1996,,9618.568,,
"Middle East, North Africa, Afghanistan and Pakistan (WB)",WB_MENAP,1997,,9752.916,,
"Middle East, North Africa, Afghanistan and Pakistan (WB)",WB_MENAP,1998,,9957.327,,
"Middle East, North Africa, Afghanistan and Pakistan (WB)",WB_MENAP,1999,,10015.553,,
"Middle East, North Africa, Afghanistan and Pakistan (WB)",WB_MENAP,2000,,10377.118,,
"Middle East, North Africa, Afghanistan and Pakistan (WB)",WB_MENAP,2001,,10360.04,,
"Middle East, North Africa, Afghanistan and Pakistan (WB)",WB_MENAP,2002,,10367.434,,
"Middle East, North Africa, Afghanistan and Pakistan (WB)",WB_MENAP,2003,,10569.36,,
"Middle East, North Africa, Afghanistan and Pakistan (WB)",WB_MENAP,2004,,11141.106,,
"Middle East, North Africa, Afghanistan and Pakistan (WB)",WB_MENAP,2005,,11442.411,,
"Middle East, North Africa, Afghanistan and Pakistan (WB)",WB_MENAP,2006,,11811.969,,
"Middle East, North Africa, Afghanistan and Pakistan (WB)",WB_MENAP,2007,,12144.084,,
"Middle East, North Africa, Afghanistan and Pakistan (WB)",WB_MENAP,2008,,12379.392,,
"Middle East, North Africa, Afghanistan and Pakistan (WB)",WB_MENAP,2009,,12295.783,,
"Middle East, North Africa, Afghanistan and Pakistan (WB)",WB_MENAP,2010,,12616.922,,
"Middle East, North Africa, Afghanistan and Pakistan (WB)",WB_MENAP,2011,,12850.983,,
"Middle East, North Africa, Afghanistan and Pakistan (WB)",WB_MENAP,2012,,12973.573,,
"Middle East, North Africa, Afghanistan and Pakistan (WB)",WB_MENAP,2013,,12954.756,,
"Middle East, North Africa, Afghanistan and Pakistan (WB)",WB_MENAP,2014,,13111.288,,
"Middle East, North Africa, Afghanistan and Pakistan (WB)",WB_MENAP,2015,,13259.931,,
"Middle East, North Africa, Afghanistan and Pakistan (WB)",WB_MENAP,2016,,13645.836,,
"Middle East, North Africa, Afghanistan and Pakistan (WB)",WB_MENAP,2017,,13723.836,,
"Middle East, North Africa, Afghanistan and Pakistan (WB)",WB_MENAP,2018,,13842.64,,
"Middle East, North Africa, Afghanistan and Pakistan (WB)",WB_MENAP,2019,,13860.935,,
"Middle East, North Africa, Afghanistan and Pakistan (WB)",WB_MENAP,2020,,13244.126,,
"Middle East, North Africa, Afghanistan and Pakistan (WB)",WB_MENAP,2021,,13650.496,,
"Middle East, North Africa, Afghanistan and Pakistan (WB)",WB_MENAP,2022,,14243.885,,
"Middle East, North Africa, Afghanistan and Pakistan (WB)",WB_MENAP,2023,,14296.296,,
"Middle East, North Africa, Afghanistan and Pakistan (WB)",WB_MENAP,2024,,14355.141,,
Moldova,MDA,1990,,15902.895,4451150,Europe and Central Asia (WB)
Moldova,MDA,1991,,13342.06,4456609,Europe and Central Asia (WB)
Moldova,MDA,1992,,9461.428,4455714,Europe and Central Asia (WB)
Moldova,MDA,1993,,9363.593,4448241,Europe and Central Asia (WB)
Moldova,MDA,1994,,6490.353,4434457,Europe and Central Asia (WB)
Moldova,MDA,1995,,6428.84,4414216,Europe and Central Asia (WB)
Moldova,MDA,1996,,6063.1406,4387653,Europe and Central Asia (WB)
Moldova,MDA,1997,,6185.8394,4355537,Europe and Central Asia (WB)
Moldova,MDA,1998,,5783.486,4318713,Europe and Central Asia (WB)
Moldova,MDA,1999,,5597.4653,4278220,Europe and Central Asia (WB)
Moldova,MDA,2000,,5727.079,4234969,Europe and Central Asia (WB)
Moldova,MDA,2001,,6090.0347,4189769,Europe and Central Asia (WB)
Moldova,MDA,2002,,6580.2783,4142937,Europe and Central Asia (WB)
Moldova,MDA,2003,,7034.358,4095418,Europe and Central Asia (WB)
Moldova,MDA,2004,,7573.6177,4046672,Europe and Central Asia (WB)
Moldova,MDA,2005,,8161.4736,3988668,Europe and Central Asia (WB)
Moldova,MDA,2006,,8577.028,3921320,Europe and Central Asia (WB)
Moldova,MDA,2007,,8854.834,3851397,Europe and Central Asia (WB)
Moldova,MDA,2008,,9563.698,3779503,Europe and Central Asia (WB)
Moldova,MDA,2009,,9001.234,3706212,Europe and Central Asia (WB)
Moldova,MDA,2010,413.05682,9649.951,3631990,Europe and Central Asia (WB)
Moldova,MDA,2011,,10217.309,3557278,Europe and Central Asia (WB)
Moldova,MDA,2012,,10158.386,3482629,Europe and Central Asia (WB)
Moldova,MDA,2013,,11080.063,3408741,Europe and Central Asia (WB)
Moldova,MDA,2014,,11641.121,3342715,Europe and Central Asia (WB)
Moldova,MDA,2015,,11691.08,3287168,Europe and Central Asia (WB)
Moldova,MDA,2016,,12377.366,3237798,Europe and Central Asia (WB)
Moldova,MDA,2017,436,13118.822,3193500,Europe and Central Asia (WB)
Moldova,MDA,2018,435.53317,13895.504,3153779,Europe and Central Asia (WB)
Moldova,MDA,2019,,14621.24,3112561,Europe and Central Asia (WB)
Moldova,MDA,2020,438.62094,13559.26,3069135,Europe and Central Asia (WB)
Moldova,MDA,2021,,15682.07,3023780,Europe and Central Asia (WB)
Moldova,MDA,2022,,15358.016,3039986,Europe and Central Asia (WB)
Moldova,MDA,2023,,15990.4795,3067072,Europe and Central Asia (WB)
Moldova,MDA,2024,,16376.611,3067072,Europe and Central Asia (WB)
Mongolia,MNG,1990,,6637.8193,2164578,East Asia and Pacific (WB)
Mongolia,MNG,1991,,5874.2554,2202772,East Asia and Pacific (WB)
Mongolia,MNG,1992,,5324.488,2239130,East Asia and Pacific (WB)
Mongolia,MNG,1993,,5162.1,2273515,East Asia and Pacific (WB)
Mongolia,MNG,1994,,5213.846,2305743,East Asia and Pacific (WB)
Mongolia,MNG,1995,,5457.685,2335717,East Asia and Pacific (WB)
Mongolia,MNG,1996,,5494.3213,2363469,East Asia and Pacific (WB)
Mongolia,MNG,1997,,5628.1064,2389133,East Asia and Pacific (WB)
Mongolia,MNG,1998,,5735.8438,2412793,East Asia and Pacific (WB)
Mongolia,MNG,1999,,5829.1665,2434041,East Asia and Pacific (WB)
Mongolia,MNG,2000,,5818.243,2455182,East Asia and Pacific (WB)
Mongolia,MNG,2001,,5917.071,2477704,East Asia and Pacific (WB)
Mongolia,MNG,2002,,6117.9824,2500074,East Asia and Pacific (WB)
Mongolia,MNG,2003,,6463.7896,2521809,East Asia and Pacific (WB)
Mongolia,MNG,2004,,7070.667,2542801,East Asia and Pacific (WB)
Mongolia,MNG,2005,,7499.848,2563466,East Asia and Pacific (WB)
Mongolia,MNG,2006,,8043.9966,2584761,East Asia and Pacific (WB)
Mongolia,MNG,2007,,8750.134,2607976,East Asia and Pacific (WB)
Mongolia,MNG,2008,,9379.8545,2634431,East Asia and Pacific (WB)
Mongolia,MNG,2009,,9095.977,2665333,East Asia and Pacific (WB)
Mongolia,MNG,2010,,9507.119,2701739,East Asia and Pacific (WB)
Mongolia,MNG,2011,,10960.096,2745183,East Asia and Pacific (WB)
Mongolia,MNG,2012,,12078.919,2795463,East Asia and Pacific (WB)
Mongolia,MNG,2013,,13210.095,2851887,East Asia and Pacific (WB)
Mongolia,MNG,2014,,13943.428,2913041,East Asia and Pacific (WB)
Mongolia,MNG,2015,,13974.597,2976528,East Asia and Pacific (WB)
Mongolia,MNG,2016,,13898.1455,3040815,East Asia and Pacific (WB)
Mongolia,MNG,2017,435,14401.537,3104371,East Asia and Pacific (WB)
Mongolia,MNG,2018,434.61868,15230.241,3167714,East Asia and Pacific (WB)
Mongolia,MNG,2019,,15790.696,3232118,East Asia and Pacific (WB)
Mongolia,MNG,2020,434.61868,14801.342,3290786,East Asia and Pacific (WB)
Mongolia,MNG,2021,,14792.251,3339676,East Asia and Pacific (WB)
Mongolia,MNG,2022,,15310.435,3386015,East Asia and Pacific (WB)
Mongolia,MNG,2023,,16222.864,3431938,East Asia and Pacific (WB)
Mongolia,MNG,2024,,16842.65,3431938,East Asia and Pacific (WB)
Montenegro,MNE,1997,,14638.797,633539,Europe and Central Asia (WB)
Montenegro,MNE,1998,,15403.052,634099,Europe and Central Asia (WB)
Montenegro,MNE,1999,,13993.415,634280,Europe and Central Asia (WB)
Montenegro,MNE,2000,,14452.276,634198,Europe and Central Asia (WB)
Montenegro,MNE,2001,,14552.556,634001,Europe and Central Asia (WB)
Montenegro,MNE,2002,,14770.316,633767,Europe and Central Asia (WB)
Montenegro,MNE,2003,,15076.714,633563,Europe and Central Asia (WB)
Montenegro,MNE,2004,,15716.141,633756,Europe and Central Asia (WB)
Montenegro,MNE,2005,,16348.968,634059,Europe and Central Asia (WB)
Montenegro,MNE,2006,,17727.44,633876,Europe and Central Asia (WB)
Montenegro,MNE,2007,,18966.531,633388,Europe and Central Asia (WB)
Montenegro,MNE,2008,,20239.006,632855,Europe and Central Asia (WB)
Montenegro,MNE,2009,,18985.018,632445,Europe and Central Asia (WB)
Montenegro,MNE,2010,417.2776,19476.244,632088,Europe and Central Asia (WB)
Montenegro,MNE,2011,,20110.57,632689,Europe and Central Asia (WB)
Montenegro,MNE,2012,,19576.494,633546,Europe and Central Asia (WB)
Montenegro,MNE,2013,,20201.375,633199,Europe and Central Asia (WB)
Montenegro,MNE,2014,,20641.85,631377,Europe and Central Asia (WB)
Montenegro,MNE,2015,,21131.928,628145,Europe and Central Asia (WB)
Montenegro,MNE,2016,,21834.182,624246,Europe and Central Asia (WB)
Montenegro,MNE,2017,433,22513.875,620112,Europe and Central Asia (WB)
Montenegro,MNE,2018,432.63434,23562.273,615798,Europe and Central Asia (WB)
Montenegro,MNE,2019,,24585.219,611671,Europe and Central Asia (WB)
Montenegro,MNE,2020,436.12973,20904.688,607934,Europe and Central Asia (WB)
Montenegro,MNE,2021,,23690.078,603854,Europe and Central Asia (WB)
Montenegro,MNE,2022,,25583.422,614649,Europe and Central Asia (WB)
Montenegro,MNE,2023,,27243.518,633553,Europe and Central Asia (WB)
Montenegro,MNE,2024,,28105.709,633553,Europe and Central Asia (WB)
Morocco,MAR,1990,,4418.66,24375558,"Middle East, North Africa, Afghanistan and Pakistan (WB)"
Morocco,MAR,1991,,4656.126,24799016,"Middle East, North Africa, Afghanistan and Pakistan (WB)"
Morocco,MAR,1992,,4483.2495,25212469,"Middle East, North Africa, Afghanistan and Pakistan (WB)"
Morocco,MAR,1993,,4379.764,25614586,"Middle East, North Africa, Afghanistan and Pakistan (WB)"
Morocco,MAR,1994,,4771.093,26000824,"Middle East, North Africa, Afghanistan and Pakistan (WB)"
Morocco,MAR,1995,,4444.2285,26399431,"Middle East, North Africa, Afghanistan and Pakistan (WB)"
Morocco,MAR,1996,,4916.48,26808109,"Middle East, North Africa, Afghanistan and Pakistan (WB)"
Morocco,MAR,1997,,4766.1104,27213340,"Middle East, North Africa, Afghanistan and Pakistan (WB)"
Morocco,MAR,1998,,5033.9233,27621638,"Middle East, North Africa, Afghanistan and Pakistan (WB)"
Morocco,MAR,1999,,5043.665,28027188,"Middle East, North Africa, Afghanistan and Pakistan (WB)"
Morocco,MAR,2000,,5100.1157,28423439,"Middle East, North Africa, Afghanistan and Pakistan (WB)"
Morocco,MAR,2001,,5417.5786,28814646,"Middle East, North Africa, Afghanistan and Pakistan (WB)"
Morocco,MAR,2002,,5544.072,29198146,"Middle East, North Africa, Afghanistan and Pakistan (WB)"
Morocco,MAR,2003,,5810.053,29571415,"Middle East, North Africa, Afghanistan and Pakistan (WB)"
Morocco,MAR,2004,,5996.39,29953021,"Middle East, North Africa, Afghanistan and Pakistan (WB)"
Morocco,MAR,2005,,6103.4224,30358145,"Middle East, North Africa, Afghanistan and Pakistan (WB)"
Morocco,MAR,2006,,6488.674,30771179,"Middle East, North Africa, Afghanistan and Pakistan (WB)"
Morocco,MAR,2007,,6620.5903,31186468,"Middle East, North Africa, Afghanistan and Pakistan (WB)"
Morocco,MAR,2008,,6901.9507,31606769,"Middle East, North Africa, Afghanistan and Pakistan (WB)"
Morocco,MAR,2009,,7063.727,32030779,"Middle East, North Africa, Afghanistan and Pakistan (WB)"
Morocco,MAR,2010,373.51624,7210.6367,32467009,"Middle East, North Africa, Afghanistan and Pakistan (WB)"
Morocco,MAR,2011,,7503.793,32912585,"Middle East, North Africa, Afghanistan and Pakistan (WB)"
Morocco,MAR,2012,,7628.644,33355246,"Middle East, North Africa, Afghanistan and Pakistan (WB)"
Morocco,MAR,2013,,7839.032,33787573,"Middle East, North Africa, Afghanistan and Pakistan (WB)"
Morocco,MAR,2014,,7951.7983,34204784,"Middle East, North Africa, Afghanistan and Pakistan (WB)"
Morocco,MAR,2015,,8198.809,34607590,"Middle East, North Africa, Afghanistan and Pakistan (WB)"
Morocco,MAR,2016,,8141.9404,35023459,"Middle East, North Africa, Afghanistan and Pakistan (WB)"
Morocco,MAR,2017,367,8450.009,35446395,"Middle East, North Africa, Afghanistan and Pakistan (WB)"
Morocco,MAR,2018,367.3241,8611.75,35839760,"Middle East, North Africa, Afghanistan and Pakistan (WB)"
Morocco,MAR,2019,,8768.176,36210907,"Middle East, North Africa, Afghanistan and Pakistan (WB)"
Morocco,MAR,2020,380.4052,8054.563,36584208,"Middle East, North Africa, Afghanistan and Pakistan (WB)"
Morocco,MAR,2021,,8623.266,36954443,"Middle East, North Africa, Afghanistan and Pakistan (WB)"
Morocco,MAR,2022,,8690.448,37329068,"Middle East, North Africa, Afghanistan and Pakistan (WB)"
Morocco,MAR,2023,,8915.352,37712516,"Middle East, North Africa, Afghanistan and Pakistan (WB)"
Morocco,MAR,2024,,9162.747,37712516,"Middle East, North Africa, Afghanistan and Pakistan (WB)"
Mozambique,MOZ,1990,,547.6228,13094535,Sub-Saharan Africa (WB)
Mozambique,MOZ,1991,,563.5121,13352091,Sub-Saharan Africa (WB)
Mozambique,MOZ,1992,,510.8228,13613314,Sub-Saharan Africa (WB)
Mozambique,MOZ,1993,,549.04877,14051203,Sub-Saharan Africa (WB)
Mozambique,MOZ,1994,,546.2097,15033852,Sub-Saharan Africa (WB)
Mozambique,MOZ,1995,,525.4187,15960530,Sub-Saharan Africa (WB)
Mozambique,MOZ,1996,,562.8575,16492484,Sub-Saharan Africa (WB)
Mozambique,MOZ,1997,,612.3715,16949988,Sub-Saharan Africa (WB)
Mozambique,MOZ,1998,,660.6502,17340463,Sub-Saharan Africa (WB)
Mozambique,MOZ,1999,,722.30554,17734499,Sub-Saharan Africa (WB)
Mozambique,MOZ,2000,,711.9764,18129652,Sub-Saharan Africa (WB)
Mozambique,MOZ,2001,,785.79016,18537735,Sub-Saharan Africa (WB)
Mozambique,MOZ,2002,,842.64526,18958338,Sub-Saharan Africa (WB)
Mozambique,MOZ,2003,,883.23914,19392477,Sub-Saharan Africa (WB)
Mozambique,MOZ,2004,,934.134,19840312,Sub-Saharan Africa (WB)
Mozambique,MOZ,2005,,970.38995,20304577,Sub-Saharan Africa (WB)
Mozambique,MOZ,2006,,1041.8047,20787088,Sub-Saharan Africa (WB)
Mozambique,MOZ,2007,,1095.1257,21287638,Sub-Saharan Africa (WB)
Mozambique,MOZ,2008,,1141.9425,21819037,Sub-Saharan Africa (WB)
Mozambique,MOZ,2009,,1178.7091,22391751,Sub-Saharan Africa (WB)
Mozambique,MOZ,2010,,1224.2302,22999234,Sub-Saharan Africa (WB)
Mozambique,MOZ,2011,,1275.5295,23649045,Sub-Saharan Africa (WB)
Mozambique,MOZ,2012,,1338.516,24337849,Sub-Saharan Africa (WB)
Mozambique,MOZ,2013,,1385.8325,25051613,Sub-Saharan Africa (WB)
Mozambique,MOZ,2014,,1449.9293,25788473,Sub-Saharan Africa (WB)
Mozambique,MOZ,2015,,1512.5997,26547576,Sub-Saharan Africa (WB)
Mozambique,MOZ,2016,,1537.9086,27337107,Sub-Saharan Africa (WB)
Mozambique,MOZ,2017,368,1532.0073,28166397,Sub-Saharan Africa (WB)
Mozambique,MOZ,2018,368.2436,1538.8351,29018647,Sub-Saharan Africa (WB)
Mozambique,MOZ,2019,,1528.8899,29884378,Sub-Saharan Africa (WB)
Mozambique,MOZ,2020,368.2436,1466.1248,30783685,Sub-Saharan Africa (WB)
Mozambique,MOZ,2021,,1457.2354,31707798,Sub-Saharan Africa (WB)
Mozambique,MOZ,2022,,1476.6656,32656242,Sub-Saharan Africa (WB)
Mozambique,MOZ,2023,,1512.2764,33635163,Sub-Saharan Africa (WB)
Mozambique,MOZ,2024,,1500.3143,33635163,Sub-Saharan Africa (WB)
Myanmar,MMR,1990,,775.32825,39817253,East Asia and Pacific (WB)
Myanmar,MMR,1991,,759.2828,40394159,East Asia and Pacific (WB)
Myanmar,MMR,1992,,821.32776,40950342,East Asia and Pacific (WB)
Myanmar,MMR,1993,,859.3455,41502423,East Asia and Pacific (WB)
Myanmar,MMR,1994,,911.46844,42055150,East Asia and Pacific (WB)
Myanmar,MMR,1995,,962.2094,42605343,East Asia and Pacific (WB)
Myanmar,MMR,1996,,1011.1599,43154858,East Asia and Pacific (WB)
Myanmar,MMR,1997,,1054.7675,43708802,East Asia and Pacific (WB)
Myanmar,MMR,1998,,1102.791,44257793,East Asia and Pacific (WB)
Myanmar,MMR,1999,,1209.0165,44787727,East Asia and Pacific (WB)
Myanmar,MMR,2000,,1359.9304,45290850,East Asia and Pacific (WB)
Myanmar,MMR,2001,,1498.3116,45771140,East Asia and Pacific (WB)
Myanmar,MMR,2002,,1661.7358,46232656,East Asia and Pacific (WB)
Myanmar,MMR,2003,,1874.1713,46667191,East Asia and Pacific (WB)
Myanmar,MMR,2004,,2110.2373,47068779,East Asia and Pacific (WB)
Myanmar,MMR,2005,,2377.9026,47438362,East Asia and Pacific (WB)
Myanmar,MMR,2006,,2669.327,47785141,East Asia and Pacific (WB)
Myanmar,MMR,2007,,2968.3032,48125047,East Asia and Pacific (WB)
Myanmar,MMR,2008,,3254.739,48390790,East Asia and Pacific (WB)
Myanmar,MMR,2009,,3578.1743,48660458,East Asia and Pacific (WB)
Myanmar,MMR,2010,,3893.7903,49024376,East Asia and Pacific (WB)
Myanmar,MMR,2011,,4078.6123,49419825,East Asia and Pacific (WB)
Myanmar,MMR,2012,,4340.9995,49837451,East Asia and Pacific (WB)
Myanmar,MMR,2013,,4666.9536,50262658,East Asia and Pacific (WB)
Myanmar,MMR,2014,,5006.507,50681635,East Asia and Pacific (WB)
Myanmar,MMR,2015,,5313.886,51089060,East Asia and Pacific (WB)
Myanmar,MMR,2016,,5580.9897,51495701,East Asia and Pacific (WB)
Myanmar,MMR,2017,425,5877.8745,51894939,East Asia and Pacific (WB)
Myanmar,MMR,2018,424.6313,6201.263,52272250,East Asia and Pacific (WB)
Myanmar,MMR,2019,,6562.989,52640718,East Asia and Pacific (WB)
Myanmar,MMR,2020,424.6313,5926.8345,53016525,East Asia and Pacific (WB)
Myanmar,MMR,2021,,5178.4473,53387103,East Asia and Pacific (WB)
Myanmar,MMR,2022,,5350.4766,53756791,East Asia and Pacific (WB)
Myanmar,MMR,2023,,5364.138,54133800,East Asia and Pacific (WB)
Myanmar,MMR,2024,,5276.2944,54133800,East Asia and Pacific (WB)
Namibia,NAM,1990,,7281.779,1369309,Sub-Saharan Africa (WB)
Namibia,NAM,1991,,7618.333,1415689,Sub-Saharan Africa (WB)
Namibia,NAM,1992,,7911.0103,1461324,Sub-Saharan Africa (WB)
Namibia,NAM,1993,,7541.561,1508698,Sub-Saharan Africa (WB)
Namibia,NAM,1994,,7437.3354,1556315,Sub-Saharan Africa (WB)
Namibia,NAM,1995,,7506.105,1602181,Sub-Saharan Africa (WB)
Namibia,NAM,1996,,7538.925,1646107,Sub-Saharan Africa (WB)
Namibia,NAM,1997,,7656.325,1689274,Sub-Saharan Africa (WB)
Namibia,NAM,1998,,7709.89,1732747,Sub-Saharan Africa (WB)
Namibia,NAM,1999,,7773.9434,1776371,Sub-Saharan Africa (WB)
Namibia,NAM,2000,,7858.3877,1818650,Sub-Saharan Africa (WB)
Namibia,NAM,2001,,7786.5415,1857059,Sub-Saharan Africa (WB)
Namibia,NAM,2002,,8017.2812,1889976,Sub-Saharan Africa (WB)
Namibia,NAM,2003,,8237.366,1917469,Sub-Saharan Africa (WB)
Namibia,NAM,2004,,9130.824,1942087,Sub-Saharan Africa (WB)
Namibia,NAM,2005,,9245.137,1966581,Sub-Saharan Africa (WB)
Namibia,NAM,2006,,9773.298,1991890,Sub-Saharan Africa (WB)
Namibia,NAM,2007,,10162.24,2018607,Sub-Saharan Africa (WB)
Namibia,NAM,2008,,10286.513,2047059,Sub-Saharan Africa (WB)
Namibia,NAM,2009,,10166.29,2077400,Sub-Saharan Africa (WB)
Namibia,NAM,2010,371.24017,10614.62,2109815,Sub-Saharan Africa (WB)
Namibia,NAM,2011,,10965.273,2146331,Sub-Saharan Africa (WB)
Namibia,NAM,2012,,11266.609,2194656,Sub-Saharan Africa (WB)
Namibia,NAM,2013,,11593.575,2252505,Sub-Saharan Africa (WB)
Namibia,NAM,2014,,11982.696,2312143,Sub-Saharan Africa (WB)
Namibia,NAM,2015,,12166.565,2374305,Sub-Saharan Africa (WB)
Namibia,NAM,2016,,11846.788,2439219,Sub-Saharan Africa (WB)
Namibia,NAM,2017,407,11408.726,2506854,Sub-Saharan Africa (WB)
Namibia,NAM,2018,406.66187,11214.386,2577327,Sub-Saharan Africa (WB)
Namibia,NAM,2019,,10813.305,2650499,Sub-Saharan Africa (WB)
Namibia,NAM,2020,406.66187,9652.248,2728760,Sub-Saharan Africa (WB)
Namibia,NAM,2021,,9709.1,2810552,Sub-Saharan Africa (WB)
Namibia,NAM,2022,,9953.098,2889668,Sub-Saharan Africa (WB)
Namibia,NAM,2023,,10137.673,2963102,Sub-Saharan Africa (WB)
Namibia,NAM,2024,,10281.336,2963102,Sub-Saharan Africa (WB)
Nauru,NRU,1990,,30123.365,9645,East Asia and Pacific (WB)
Nauru,NRU,1991,,23836.965,9873,East Asia and Pacific (WB)
Nauru,NRU,1992,,19620.383,10042,East Asia and Pacific (WB)
Nauru,NRU,1993,,16326.138,10123,East Asia and Pacific (WB)
Nauru,NRU,1994,,15640.759,10163,East Asia and Pacific (WB)
Nauru,NRU,1995,,14361.795,10187,East Asia and Pacific (WB)
Nauru,NRU,1996,,12636.182,10206,East Asia and Pacific (WB)
Nauru,NRU,1997,,11488.991,10218,East Asia and Pacific (WB)
Nauru,NRU,1998,,10133.678,10220,East Asia and Pacific (WB)
Nauru,NRU,1999,,9478.301,10207,East Asia and Pacific (WB)
Nauru,NRU,2000,,8844.947,10187,East Asia and Pacific (WB)
Nauru,NRU,2001,,8277.868,10147,East Asia and Pacific (WB)
Nauru,NRU,2002,,7487.931,10105,East Asia and Pacific (WB)
Nauru,NRU,2003,,7526.416,10086,East Asia and Pacific (WB)
Nauru,NRU,2004,,7200.948,10084,East Asia and Pacific (WB)
Nauru,NRU,2005,,7208.8306,10071,East Asia and Pacific (WB)
Nauru,NRU,2006,,7829.715,10061,East Asia and Pacific (WB)
Nauru,NRU,2007,,6109.601,10042,East Asia and Pacific (WB)
Nauru,NRU,2008,,7339.5786,10032,East Asia and Pacific (WB)
Nauru,NRU,2009,,6926.98,10041,East Asia and Pacific (WB)
Nauru,NRU,2010,,6908.357,10067,East Asia and Pacific (WB)
Nauru,NRU,2011,,7881.1313,10116,East Asia and Pacific (WB)
Nauru,NRU,2012,,9639.566,10289,East Asia and Pacific (WB)
Nauru,NRU,2013,,9798.482,10539,East Asia and Pacific (WB)
Nauru,NRU,2014,,11112.968,10766,East Asia and Pacific (WB)
Nauru,NRU,2015,,11270.468,10975,East Asia and Pacific (WB)
Nauru,NRU,2016,,11529.886,11173,East Asia and Pacific (WB)
Nauru,NRU,2017,,10631.914,11351,East Asia and Pacific (WB)
Nauru,NRU,2018,,10401.28,11499,East Asia and Pacific (WB)
Nauru,NRU,2019,,11183.096,11609,East Asia and Pacific (WB)
Nauru,NRU,2020,346.62967,11304.572,11665,East Asia and Pacific (WB)
Nauru,NRU,2021,,12112.235,11727,East Asia and Pacific (WB)
Nauru,NRU,2022,,12363.6455,11822,East Asia and Pacific (WB)
Nauru,NRU,2023,,12372.5205,11900,East Asia and Pacific (WB)
Nauru,NRU,2024,,12468.762,11900,East Asia and Pacific (WB)
Nepal,NPL,1990,,1808.2649,19524579,South Asia (WB)
Nepal,NPL,1991,,1874.2751,20036507,South Asia (WB)
Nepal,NPL,1992,,1896.9717,20609708,South Asia (WB)
Nepal,NPL,1993,,1916.9435,21180158,South Asia (WB)
Nepal,NPL,1994,,2023.1152,21717483,South Asia (WB)
Nepal,NPL,1995,,2043.6052,22245443,South Asia (WB)
Nepal,NPL,1996,,2105.5083,22741867,South Asia (WB)
Nepal,NPL,1997,,2166.3127,23219458,South Asia (WB)
Nepal,NPL,1998,,2188.222,23680358,South Asia (WB)
Nepal,NPL,1999,,2242.6501,24125201,South Asia (WB)
Nepal,NPL,2000,,2340.8157,24546509,South Asia (WB)
Nepal,NPL,2001,,2413.8142,24946755,South Asia (WB)
Nepal,NPL,2002,,2380.2441,25328989,South Asia (WB)
Nepal,NPL,2003,,2439.4949,25688762,South Asia (WB)
Nepal,NPL,2004,,2521.541,26016652,South Asia (WB)
Nepal,NPL,2005,,2580.231,26309462,South Asia (WB)
Nepal,NPL,2006,,2641.348,26565430,South Asia (WB)
Nepal,NPL,2007,,2708.7144,26788498,South Asia (WB)
Nepal,NPL,2008,,2852.6099,26990036,South Asia (WB)
Nepal,NPL,2009,,2961.839,27173035,South Asia (WB)
Nepal,NPL,2010,,3085.314,27341955,South Asia (WB)
Nepal,NPL,2011,,3176.6504,27464499,South Asia (WB)
Nepal,NPL,2012,,3316.5007,27534916,South Asia (WB)
Nepal,NPL,2013,,3426.5579,27589997,South Asia (WB)
Nepal,NPL,2014,,3621.7317,27672373,South Asia (WB)
Nepal,NPL,2015,,3745.2617,27823631,South Asia (WB)
Nepal,NPL,2016,,3743.7446,27955471,South Asia (WB)
Nepal,NPL,2017,369,4071.7043,28011258,South Asia (WB)
Nepal,NPL,2018,368.5576,4371.3857,28079688,South Asia (WB)
Nepal,NPL,2019,,4607.5244,28414066,South Asia (WB)
Nepal,NPL,2020,368.5576,4412.542,28966580,South Asia (WB)
Nepal,NPL,2021,,4546.2295,29475016,South Asia (WB)
Nepal,NPL,2022,,4763.3877,29715435,South Asia (WB)
Nepal,NPL,2023,,4861.2305,29694614,South Asia (WB)
Nepal,NPL,2024,,5046.816,29694614,South Asia (WB)
Netherlands,NLD,1990,,43128.312,15030886,Europe and Central Asia (WB)
Netherlands,NLD,1991,,43833.484,15155093,Europe and Central Asia (WB)
Netherlands,NLD,1992,,44245.527,15276787,Europe and Central Asia (WB)
Netherlands,NLD,1993,,44490.758,15389718,Europe and Central Asia (WB)
Netherlands,NLD,1994,,45532.805,15485453,Europe and Central Asia (WB)
Netherlands,NLD,1995,,46720.29,15565034,Europe and Central Asia (WB)
Netherlands,NLD,1996,,48095.965,15640032,Europe and Central Asia (WB)
Netherlands,NLD,1997,,49881.875,15723621,Europe and Central Asia (WB)
Netherlands,NLD,1998,,51879.38,15827109,Europe and Central Asia (WB)
Netherlands,NLD,1999,,54134.363,15940183,Europe and Central Asia (WB)
Netherlands,NLD,2000,,56016.87,16058757,Europe and Central Asia (WB)
Netherlands,NLD,2001,,56887.434,16182705,Europe and Central Asia (WB)
Netherlands,NLD,2002,,56664.414,16288060,Europe and Central Asia (WB)
Netherlands,NLD,2003,,56452.867,16366914,Europe and Central Asia (WB)
Netherlands,NLD,2004,,57391.363,16425562,Europe and Central Asia (WB)
Netherlands,NLD,2005,,58422.01,16465707,Europe and Central Asia (WB)
Netherlands,NLD,2006,,60391.543,16493851,Europe and Central Asia (WB)
Netherlands,NLD,2007,,62601.62,16531360,Europe and Central Asia (WB)
Netherlands,NLD,2008,,63678.402,16597259,Europe and Central Asia (WB)
Netherlands,NLD,2009,,61029.73,16684148,Europe and Central Asia (WB)
Netherlands,NLD,2010,536.4178,61518.555,16771232,Europe and Central Asia (WB)
Netherlands,NLD,2011,,62318.14,16851061,Europe and Central Asia (WB)
Netherlands,NLD,2012,,61480.812,16915191,Europe and Central Asia (WB)
Netherlands,NLD,2013,,61281.29,16967066,Europe and Central Asia (WB)
Netherlands,NLD,2014,,62045.855,17030085,Europe and Central Asia (WB)
Netherlands,NLD,2015,,63081.395,17107429,Europe and Central Asia (WB)
Netherlands,NLD,2016,,64267.74,17204693,Europe and Central Asia (WB)
Netherlands,NLD,2017,530,65666,17315376,Europe and Central Asia (WB)
Netherlands,NLD,2018,529.6234,66758.266,17421285,Europe and Central Asia (WB)
Netherlands,NLD,2019,,67847.85,17537505,Europe and Central Asia (WB)
Netherlands,NLD,2020,519.63464,64862.19,17636732,Europe and Central Asia (WB)
Netherlands,NLD,2021,,68573.56,17730565,Europe and Central Asia (WB)
Netherlands,NLD,2022,,71324.04,17904421,Europe and Central Asia (WB)
Netherlands,NLD,2023,,70198.93,18092526,Europe and Central Asia (WB)
Netherlands,NLD,2024,,70498.88,18092526,Europe and Central Asia (WB)
New Zealand,NZL,1990,,30695.467,3396981,East Asia and Pacific (WB)
New Zealand,NZL,1991,,28924.744,3480933,East Asia and Pacific (WB)
New Zealand,NZL,1992,,28938.098,3532246,East Asia and Pacific (WB)
New Zealand,NZL,1993,,30438.627,3573609,East Asia and Pacific (WB)
New Zealand,NZL,1994,,31574.357,3621030,East Asia and Pacific (WB)
New Zealand,NZL,1995,,32584.654,3674434,East Asia and Pacific (WB)
New Zealand,NZL,1996,,33231.45,3729383,East Asia and Pacific (WB)
New Zealand,NZL,1997,,33480.145,3776950,East Asia and Pacific (WB)
New Zealand,NZL,1998,,33469.254,3811376,East Asia and Pacific (WB)
New Zealand,NZL,1999,,35084.293,3835561,East Asia and Pacific (WB)
New Zealand,NZL,2000,,35879.793,3857576,East Asia and Pacific (WB)
New Zealand,NZL,2001,,36885.645,3891763,East Asia and Pacific (WB)
New Zealand,NZL,2002,,37959.066,3951116,East Asia and Pacific (WB)
New Zealand,NZL,2003,,38976.914,4022585,East Asia and Pacific (WB)
New Zealand,NZL,2004,,39971.77,4083912,East Asia and Pacific (WB)
New Zealand,NZL,2005,,40848.297,4135002,East Asia and Pacific (WB)
New Zealand,NZL,2006,,41475.12,4181943,East Asia and Pacific (WB)
New Zealand,NZL,2007,,42346.09,4223270,East Asia and Pacific (WB)
New Zealand,NZL,2008,,41561.184,4261819,East Asia and Pacific (WB)
New Zealand,NZL,2009,,41132.336,4304304,East Asia and Pacific (WB)
New Zealand,NZL,2010,541.71967,41270.93,4347766,East Asia and Pacific (WB)
New Zealand,NZL,2011,,41814.887,4382699,East Asia and Pacific (WB)
New Zealand,NZL,2012,,42570.332,4411682,East Asia and Pacific (WB)
New Zealand,NZL,2013,,43338.438,4453857,East Asia and Pacific (WB)
New Zealand,NZL,2014,,44255.504,4522976,East Asia and Pacific (WB)
New Zealand,NZL,2015,,44963.832,4614035,East Asia and Pacific (WB)
New Zealand,NZL,2016,,45626.684,4714768,East Asia and Pacific (WB)
New Zealand,NZL,2017,517,46193.29,4812749,East Asia and Pacific (WB)
New Zealand,NZL,2018,517.16144,46947.938,4900840,East Asia and Pacific (WB)
New Zealand,NZL,2019,,47362.32,4989410,East Asia and Pacific (WB)
New Zealand,NZL,2020,519.7484,46266.395,5069895,East Asia and Pacific (WB)
New Zealand,NZL,2021,,48248.72,5107694,East Asia and Pacific (WB)
New Zealand,NZL,2022,,49964.176,5131731,East Asia and Pacific (WB)
New Zealand,NZL,2023,,49508.27,5172837,East Asia and Pacific (WB)
New Zealand,NZL,2024,,49316.4,5172837,East Asia and Pacific (WB)
Nicaragua,NIC,1990,,4217.609,4162566,Latin America and Caribbean (WB)
Nicaragua,NIC,1991,,4113.6875,4259636,Latin America and Caribbean (WB)
Nicaragua,NIC,1992,,4037.2754,4357031,Latin America and Caribbean (WB)
Nicaragua,NIC,1993,,3934.0928,4453733,Latin America and Caribbean (WB)
Nicaragua,NIC,1994,,3979.9854,4549317,Latin America and Caribbean (WB)
Nicaragua,NIC,1995,,4130.286,4642933,Latin America and Caribbean (WB)
Nicaragua,NIC,1996,,4311.493,4729979,Latin America and Caribbean (WB)
Nicaragua,NIC,1997,,4408.329,4809574,Latin America and Caribbean (WB)
Nicaragua,NIC,1998,,4502.598,4883659,Latin America and Caribbean (WB)
Nicaragua,NIC,1999,,4750.9487,4954021,Latin America and Caribbean (WB)
Nicaragua,NIC,2000,,4878.2476,5022636,Latin America and Caribbean (WB)
Nicaragua,NIC,2001,,4958.3276,5087827,Latin America and Caribbean (WB)
Nicaragua,NIC,2002,,4935.4854,5149914,Latin America and Caribbean (WB)
Nicaragua,NIC,2003,,5000.612,5210970,Latin America and Caribbean (WB)
Nicaragua,NIC,2004,,5204.382,5272909,Latin America and Caribbean (WB)
Nicaragua,NIC,2005,,5356.9585,5342108,Latin America and Caribbean (WB)
Nicaragua,NIC,2006,,5500.406,5418857,Latin America and Caribbean (WB)
Nicaragua,NIC,2007,,5697.211,5497247,Latin America and Caribbean (WB)
Nicaragua,NIC,2008,,5809.0996,5576597,Latin America and Caribbean (WB)
Nicaragua,NIC,2009,,5538.3657,5656602,Latin America and Caribbean (WB)
Nicaragua,NIC,2010,,5701.128,5737451,Latin America and Caribbean (WB)
Nicaragua,NIC,2011,,5976.253,5819051,Latin America and Caribbean (WB)
Nicaragua,NIC,2012,,6275.7876,5901290,Latin America and Caribbean (WB)
Nicaragua,NIC,2013,,6494.1494,5983852,Latin America and Caribbean (WB)
Nicaragua,NIC,2014,,6712.2173,6066493,Latin America and Caribbean (WB)
Nicaragua,NIC,2015,,6939.0327,6149417,Latin America and Caribbean (WB)
Nicaragua,NIC,2016,,7158.758,6232664,Latin America and Caribbean (WB)
Nicaragua,NIC,2017,392,7391.197,6316235,Latin America and Caribbean (WB)
Nicaragua,NIC,2018,391.99045,7049.0273,6400074,Latin America and Caribbean (WB)
Nicaragua,NIC,2019,,6756.5938,6483660,Latin America and Caribbean (WB)
Nicaragua,NIC,2020,391.99045,6523.3696,6565267,Latin America and Caribbean (WB)
Nicaragua,NIC,2021,,7119.1694,6644745,Latin America and Caribbean (WB)
Nicaragua,NIC,2022,,7277.8228,6730662,Latin America and Caribbean (WB)
Nicaragua,NIC,2023,,7496.5293,6823619,Latin America and Caribbean (WB)
Nicaragua,NIC,2024,,7661.602,6823619,Latin America and Caribbean (WB)
Niger,NER,1990,,1411.8489,8286066,Sub-Saharan Africa (WB)
Niger,NER,1991,,1362.7455,8546900,Sub-Saharan Africa (WB)
Niger,NER,1992,,1347.3323,8817633,Sub-Saharan Africa (WB)
Niger,NER,1993,,1309.6112,9100789,Sub-Saharan Africa (WB)
Niger,NER,1994,,1291.6816,9398266,Sub-Saharan Africa (WB)
Niger,NER,1995,,1280.3354,9714537,Sub-Saharan Africa (WB)
Niger,NER,1996,,1239.4767,10044848,Sub-Saharan Africa (WB)
Niger,NER,1997,,1217.3125,10383977,Sub-Saharan Africa (WB)
Niger,NER,1998,,1294.1619,10741416,Sub-Saharan Africa (WB)
Niger,NER,1999,,1247.6471,11117414,Sub-Saharan Africa (WB)
Niger,NER,2000,,1190.5668,11509634,Sub-Saharan Africa (WB)
Niger,NER,2001,,1233.0651,11920648,Sub-Saharan Africa (WB)
Niger,NER,2002,,1248.8231,12349150,Sub-Saharan Africa (WB)
Niger,NER,2003,,1231.2781,12796979,Sub-Saharan Africa (WB)
Niger,NER,2004,,1192.0824,13265843,Sub-Saharan Africa (WB)
Niger,NER,2005,,1233.8755,13756192,Sub-Saharan Africa (WB)
Niger,NER,2006,,1260.1205,14268583,Sub-Saharan Africa (WB)
Niger,NER,2007,,1252.7483,14803604,Sub-Saharan Africa (WB)
Niger,NER,2008,,1300.5542,15361921,Sub-Saharan Africa (WB)
Niger,NER,2009,,1277.6923,15943673,Sub-Saharan Africa (WB)
Niger,NER,2010,,1336.5641,16548833,Sub-Saharan Africa (WB)
Niger,NER,2011,,1318.1013,17176286,Sub-Saharan Africa (WB)
Niger,NER,2012,,1403.1897,17836770,Sub-Saharan Africa (WB)
Niger,NER,2013,,1423.2617,18519899,Sub-Saharan Africa (WB)
Niger,NER,2014,,1462.8213,19215917,Sub-Saharan Africa (WB)
Niger,NER,2015,,1471.6614,19939496,Sub-Saharan Africa (WB)
Niger,NER,2016,,1500.0085,20685758,Sub-Saharan Africa (WB)
Niger,NER,2017,305,1520.0016,21435449,Sub-Saharan Africa (WB)
Niger,NER,2018,304.92224,1574.3384,22188074,Sub-Saharan Africa (WB)
Niger,NER,2019,,1612.6373,22947765,Sub-Saharan Africa (WB)
Niger,NER,2020,304.92224,1615.6927,23717615,Sub-Saharan Africa (WB)
Niger,NER,2021,,1585.5992,24502145,Sub-Saharan Africa (WB)
Niger,NER,2022,,1717.5189,25311978,Sub-Saharan Africa (WB)
Niger,NER,2023,,1689.5642,26159863,Sub-Saharan Africa (WB)
Niger,NER,2024,,1803.4369,26159863,Sub-Saharan Africa (WB)
Nigeria,NGA,1990,,5423.807,97120926,Sub-Saharan Africa (WB)
Nigeria,NGA,1991,,5301.3633,99720161,Sub-Saharan Africa (WB)
Nigeria,NGA,1992,,5403.1533,102372779,Sub-Saharan Africa (WB)
Nigeria,NGA,1993,,5154.758,105122075,Sub-Saharan Africa (WB)
Nigeria,NGA,1994,,4929.268,107935717,Sub-Saharan Africa (WB)
Nigeria,NGA,1995,,4797.5117,110819430,Sub-Saharan Africa (WB)
Nigeria,NGA,1996,,4869.8213,113754783,Sub-Saharan Africa (WB)
Nigeria,NGA,1997,,4884.0474,116754790,Sub-Saharan Africa (WB)
Nigeria,NGA,1998,,4880.88,119846261,Sub-Saharan Africa (WB)
Nigeria,NGA,1999,,4781.6733,123047324,Sub-Saharan Africa (WB)
Nigeria,NGA,2000,,4889.0034,126382490,Sub-Saharan Africa (WB)
Nigeria,NGA,2001,,5039.549,129862594,Sub-Saharan Africa (WB)
Nigeria,NGA,2002,,5654.897,133471995,Sub-Saharan Africa (WB)
Nigeria,NGA,2003,,5905.315,137202646,Sub-Saharan Africa (WB)
Nigeria,NGA,2004,,6275.299,141057045,Sub-Saharan Africa (WB)
Nigeria,NGA,2005,,6496.932,145017256,Sub-Saharan Africa (WB)
Nigeria,NGA,2006,,6702.9453,149077335,Sub-Saharan Africa (WB)
Nigeria,NGA,2007,,6949.4263,153267254,Sub-Saharan Africa (WB)
Nigeria,NGA,2008,,7215.7695,157595014,Sub-Saharan Africa (WB)
Nigeria,NGA,2009,,7581.406,162049466,Sub-Saharan Africa (WB)
Nigeria,NGA,2010,,7962.6396,166642888,Sub-Saharan Africa (WB)
Nigeria,NGA,2011,,8153.5317,171379602,Sub-Saharan Africa (WB)
Nigeria,NGA,2012,,8265.905,176200627,Sub-Saharan Africa (WB)
Nigeria,NGA,2013,,8581.208,181049440,Sub-Saharan Africa (WB)
Nigeria,NGA,2014,,8884.774,185896917,Sub-Saharan Africa (WB)
Nigeria,NGA,2015,,8892.058,190671883,Sub-Saharan Africa (WB)
Nigeria,NGA,2016,,8534.692,195443698,Sub-Saharan Africa (WB)
Nigeria,NGA,2017,325,8396.784,200254580,Sub-Saharan Africa (WB)
Nigeria,NGA,2018,309.02496,8362.623,204938752,Sub-Saharan Africa (WB)
Nigeria,NGA,2019,,8361.787,209485637,Sub-Saharan Africa (WB)
Nigeria,NGA,2020,309.02496,7664.211,213996185,Sub-Saharan Africa (WB)
Nigeria,NGA,2021,,7588.479,218529286,Sub-Saharan Africa (WB)
Nigeria,NGA,2022,,7752.262,223150906,Sub-Saharan Africa (WB)
Nigeria,NGA,2023,,7843.8345,227882949,Sub-Saharan Africa (WB)
Nigeria,NGA,2024,,7994.216,227882949,Sub-Saharan Africa (WB)
North America (WB),WB_NA,1990,,43996.17,,
North America (WB),WB_NA,1991,,43289.633,,
North America (WB),WB_NA,1992,,44104.367,,
North America (WB),WB_NA,1993,,44730.617,,
North America (WB),WB_NA,1994,,45989.266,,
North America (WB),WB_NA,1995,,46672.28,,
North America (WB),WB_NA,1996,,47793.414,,
North America (WB),WB_NA,1997,,49324.945,,
North America (WB),WB_NA,1998,,50930.855,,
North America (WB),WB_NA,1999,,52792.8,,
North America (WB),WB_NA,2000,,54395.99,,
North America (WB),WB_NA,2001,,54414.23,,
North America (WB),WB_NA,2002,,54881,,
North America (WB),WB_NA,2003,,55882.54,,
North America (WB),WB_NA,2004,,57460.652,,
North America (WB),WB_NA,2005,,58901.375,,
North America (WB),WB_NA,2006,,59950.812,,
North America (WB),WB_NA,2007,,60574.895,,
North America (WB),WB_NA,2008,,60110.46,,
North America (WB),WB_NA,2009,,58016.86,,
North America (WB),WB_NA,2010,,59082.02,,
North America (WB),WB_NA,2011,,59602.137,,
North America (WB),WB_NA,2012,,60435.074,,
North America (WB),WB_NA,2013,,61242.504,,
North America (WB),WB_NA,2014,,62295.5,,
North America (WB),WB_NA,2015,,63496.156,,
North America (WB),WB_NA,2016,,64079.96,,
North America (WB),WB_NA,2017,,65200.664,,
North America (WB),WB_NA,2018,,66672.05,,
North America (WB),WB_NA,2019,,67938.39,,
North America (WB),WB_NA,2020,,65982.81,,
North America (WB),WB_NA,2021,,69833.49,,
North America (WB),WB_NA,2022,,71184.96,,
North America (WB),WB_NA,2023,,72394.125,,
North America (WB),WB_NA,2024,,73462.04,,
North Macedonia,MKD,1990,,12904.54,2063690,Europe and Central Asia (WB)
North Macedonia,MKD,1991,,12153.549,2056002,Europe and Central Asia (WB)
North Macedonia,MKD,1992,,11486.776,2032516,Europe and Central Asia (WB)
North Macedonia,MKD,1993,,10764.747,2006853,Europe and Central Asia (WB)
North Macedonia,MKD,1994,,10650.783,1992669,Europe and Central Asia (WB)
North Macedonia,MKD,1995,,10501.133,1998531,Europe and Central Asia (WB)
North Macedonia,MKD,1996,,10551.566,2012553,Europe and Central Asia (WB)
North Macedonia,MKD,1997,,10787.575,2025764,Europe and Central Asia (WB)
North Macedonia,MKD,1998,,11092.875,2037575,Europe and Central Asia (WB)
North Macedonia,MKD,1999,,11519.005,2048088,Europe and Central Asia (WB)
North Macedonia,MKD,2000,,11988.295,2057254,Europe and Central Asia (WB)
North Macedonia,MKD,2001,,11571.859,2066300,Europe and Central Asia (WB)
North Macedonia,MKD,2002,,11830.312,2074482,Europe and Central Asia (WB)
North Macedonia,MKD,2003,,12077.899,2081417,Europe and Central Asia (WB)
North Macedonia,MKD,2004,,12683.434,2086581,Europe and Central Asia (WB)
North Macedonia,MKD,2005,,13354.517,2089809,Europe and Central Asia (WB)
North Macedonia,MKD,2006,,14118.288,2089232,Europe and Central Asia (WB)
North Macedonia,MKD,2007,,15118.307,2081972,Europe and Central Asia (WB)
North Macedonia,MKD,2008,,16038.107,2070837,Europe and Central Asia (WB)
North Macedonia,MKD,2009,,16084.295,2060601,Europe and Central Asia (WB)
North Macedonia,MKD,2010,416.81973,16731.16,2051510,Europe and Central Asia (WB)
North Macedonia,MKD,2011,,17201.307,2040445,Europe and Central Asia (WB)
North Macedonia,MKD,2012,,17190.066,2027288,Europe and Central Asia (WB)
North Macedonia,MKD,2013,,17758.3,2013280,Europe and Central Asia (WB)
North Macedonia,MKD,2014,,18452.283,1997842,Europe and Central Asia (WB)
North Macedonia,MKD,2015,,19215.154,1980366,Europe and Central Asia (WB)
North Macedonia,MKD,2016,,19825.855,1961268,Europe and Central Asia (WB)
North Macedonia,MKD,2017,382,20121.135,1940877,Europe and Central Asia (WB)
North Macedonia,MKD,2018,381.59296,20806.008,1919730,Europe and Central Asia (WB)
North Macedonia,MKD,2019,,21766.975,1897643,Europe and Central Asia (WB)
North Macedonia,MKD,2020,413.6173,20971.53,1872021,Europe and Central Asia (WB)
North Macedonia,MKD,2021,,22144.285,1851109,Europe and Central Asia (WB)
North Macedonia,MKD,2022,,22822.328,1840236,Europe and Central Asia (WB)
North Macedonia,MKD,2023,,23455.32,1831800,Europe and Central Asia (WB)
North Macedonia,MKD,2024,,24203.285,1831800,Europe and Central Asia (WB)
Norway,NOR,1990,,57106.883,4241440,Europe and Central Asia (WB)
Norway,NOR,1991,,58588.47,4261618,Europe and Central Asia (WB)
Norway,NOR,1992,,60333.45,4286255,Europe and Central Asia (WB)
Norway,NOR,1993,,61681.805,4311864,Europe and Central Asia (WB)
Norway,NOR,1994,,64432.074,4336467,Europe and Central Asia (WB)
Norway,NOR,1995,,66762.16,4358991,Europe and Central Asia (WB)
Norway,NOR,1996,,69764.38,4381137,Europe and Central Asia (WB)
Norway,NOR,1997,,73053.97,4404988,Europe and Central Asia (WB)
Norway,NOR,1998,,74558.3,4431308,Europe and Central Asia (WB)
Norway,NOR,1999,,75583.836,4461789,Europe and Central Asia (WB)
Norway,NOR,2000,,77587.21,4490864,Europe and Central Asia (WB)
Norway,NOR,2001,,78791.305,4513650,Europe and Central Asia (WB)
Norway,NOR,2002,,79447.09,4538016,Europe and Central Asia (WB)
Norway,NOR,2003,,79728.78,4564666,Europe and Central Asia (WB)
Norway,NOR,2004,,82440.95,4591739,Europe and Central Asia (WB)
Norway,NOR,2005,,84080,4623120,Europe and Central Asia (WB)
Norway,NOR,2006,,85458.55,4660487,Europe and Central Asia (WB)
Norway,NOR,2007,,87043.5,4709017,Europe and Central Asia (WB)
Norway,NOR,2008,,86379.664,4768097,Europe and Central Asia (WB)
Norway,NOR,2009,,83642.07,4828625,Europe and Central Asia (WB)
Norway,NOR,2010,517.11035,83256.79,4889160,Europe and Central Asia (WB)
Norway,NOR,2011,,83092.44,4952969,Europe and Central Asia (WB)
Norway,NOR,2012,,84237.15,5018453,Europe and Central Asia (WB)
Norway,NOR,2013,,84070.46,5080126,Europe and Central Asia (WB)
Norway,NOR,2014,,84830.26,5137397,Europe and Central Asia (WB)
Norway,NOR,2015,,85550.3,5189777,Europe and Central Asia (WB)
Norway,NOR,2016,,85787.62,5235974,Europe and Central Asia (WB)
Norway,NOR,2017,512,87194.11,5276807,Europe and Central Asia (WB)
Norway,NOR,2018,512.4741,87338.47,5311751,Europe and Central Asia (WB)
Norway,NOR,2019,,87725.73,5347733,Europe and Central Asia (WB)
Norway,NOR,2020,513.5878,86096.055,5379275,Europe and Central Asia (WB)
Norway,NOR,2021,,88984.14,5408082,Europe and Central Asia (WB)
Norway,NOR,2022,,91051.086,5456796,Europe and Central Asia (WB)
Norway,NOR,2023,,90085.44,5519167,Europe and Central Asia (WB)
Norway,NOR,2024,,91105.25,5519167,Europe and Central Asia (WB)
Oman,OMN,1990,,35201.55,1763957,"Middle East, North Africa, Afghanistan and Pakistan (WB)"
Oman,OMN,1991,,35574.676,1851476,"Middle East, North Africa, Afghanistan and Pakistan (WB)"
Oman,OMN,1992,,36841.402,1938240,"Middle East, North Africa, Afghanistan and Pakistan (WB)"
Oman,OMN,1993,,37455.34,2021677,"Middle East, North Africa, Afghanistan and Pakistan (WB)"
Oman,OMN,1994,,37782.723,2081839,"Middle East, North Africa, Afghanistan and Pakistan (WB)"
Oman,OMN,1995,,38946.773,2120531,"Middle East, North Africa, Afghanistan and Pakistan (WB)"
Oman,OMN,1996,,39455.83,2156925,"Middle East, North Africa, Afghanistan and Pakistan (WB)"
Oman,OMN,1997,,41191.03,2190726,"Middle East, North Africa, Afghanistan and Pakistan (WB)"
Oman,OMN,1998,,40574.676,2222492,"Middle East, North Africa, Afghanistan and Pakistan (WB)"
Oman,OMN,1999,,40145.93,2252910,"Middle East, North Africa, Afghanistan and Pakistan (WB)"
Oman,OMN,2000,,42086.043,2282139,"Middle East, North Africa, Afghanistan and Pakistan (WB)"
Oman,OMN,2001,,43492.285,2310223,"Middle East, North Africa, Afghanistan and Pakistan (WB)"
Oman,OMN,2002,,42654.15,2337144,"Middle East, North Africa, Afghanistan and Pakistan (WB)"
Oman,OMN,2003,,41247.586,2363801,"Middle East, North Africa, Afghanistan and Pakistan (WB)"
Oman,OMN,2004,,41351.77,2404822,"Middle East, North Africa, Afghanistan and Pakistan (WB)"
Oman,OMN,2005,,41551.14,2459808,"Middle East, North Africa, Afghanistan and Pakistan (WB)"
Oman,OMN,2006,,42540.44,2514794,"Middle East, North Africa, Afghanistan and Pakistan (WB)"
Oman,OMN,2007,,43696.97,2570175,"Middle East, North Africa, Afghanistan and Pakistan (WB)"
Oman,OMN,2008,,46586.395,2626536,"Middle East, North Africa, Afghanistan and Pakistan (WB)"
Oman,OMN,2009,,48304.117,2684665,"Middle East, North Africa, Afghanistan and Pakistan (WB)"
Oman,OMN,2010,388.88074,48191.613,2757450,"Middle East, North Africa, Afghanistan and Pakistan (WB)"
Oman,OMN,2011,,44440.31,3076762,"Middle East, North Africa, Afghanistan and Pakistan (WB)"
Oman,OMN,2012,,41964.082,3547104,"Middle East, North Africa, Afghanistan and Pakistan (WB)"
Oman,OMN,2013,,40854.484,3833915,"Middle East, North Africa, Afghanistan and Pakistan (WB)"
Oman,OMN,2014,,39639.99,4002444,"Middle East, North Africa, Afghanistan and Pakistan (WB)"
Oman,OMN,2015,,39813.79,4184898,"Middle East, North Africa, Afghanistan and Pakistan (WB)"
Oman,OMN,2016,,39860.99,4390880,"Middle East, North Africa, Afghanistan and Pakistan (WB)"
Oman,OMN,2017,424,38691.11,4537397,"Middle East, North Africa, Afghanistan and Pakistan (WB)"
Oman,OMN,2018,423.51343,38673.605,4597878,"Middle East, North Africa, Afghanistan and Pakistan (WB)"
Oman,OMN,2019,,38292.387,4591248,"Middle East, North Africa, Afghanistan and Pakistan (WB)"
Oman,OMN,2020,423.51343,37560.6,4522502,"Middle East, North Africa, Afghanistan and Pakistan (WB)"
Oman,OMN,2021,,38719.457,4500429,"Middle East, North Africa, Afghanistan and Pakistan (WB)"
Oman,OMN,2022,,39780.21,4730229,"Middle East, North Africa, Afghanistan and Pakistan (WB)"
Oman,OMN,2023,,37793.617,5049267,"Middle East, North Africa, Afghanistan and Pakistan (WB)"
Oman,OMN,2024,,36721.082,5049267,"Middle East, North Africa, Afghanistan and Pakistan (WB)"
Pakistan,PAK,1990,,3199.7297,116155584,"Middle East, North Africa, Afghanistan and Pakistan (WB)"
Pakistan,PAK,1991,,3252.351,120060409,"Middle East, North Africa, Afghanistan and Pakistan (WB)"
Pakistan,PAK,1992,,3404.1213,123546855,"Middle East, North Africa, Afghanistan and Pakistan (WB)"
Pakistan,PAK,1993,,3369.238,127020117,"Middle East, North Africa, Afghanistan and Pakistan (WB)"
Pakistan,PAK,1994,,3395.5044,130748076,"Middle East, North Africa, Afghanistan and Pakistan (WB)"
Pakistan,PAK,1995,,3462.4734,134582255,"Middle East, North Africa, Afghanistan and Pakistan (WB)"
Pakistan,PAK,1996,,3526.1416,138557089,"Middle East, North Africa, Afghanistan and Pakistan (WB)"
Pakistan,PAK,1997,,3462.5815,142531801,"Middle East, North Africa, Afghanistan and Pakistan (WB)"
Pakistan,PAK,1998,,3454.1768,146522354,"Middle East, North Africa, Afghanistan and Pakistan (WB)"
Pakistan,PAK,1999,,3484.4568,150565381,"Middle East, North Africa, Afghanistan and Pakistan (WB)"
Pakistan,PAK,2000,,3531.713,154879124,"Middle East, North Africa, Afghanistan and Pakistan (WB)"
Pakistan,PAK,2001,,3559.7278,159270910,"Middle East, North Africa, Afghanistan and Pakistan (WB)"
Pakistan,PAK,2002,,3563.6785,163222552,"Middle East, North Africa, Afghanistan and Pakistan (WB)"
Pakistan,PAK,2003,,3668.7793,167110250,"Middle East, North Africa, Afghanistan and Pakistan (WB)"
Pakistan,PAK,2004,,3859.646,171285999,"Middle East, North Africa, Afghanistan and Pakistan (WB)"
Pakistan,PAK,2005,,4042.1545,175453212,"Middle East, North Africa, Afghanistan and Pakistan (WB)"
Pakistan,PAK,2006,,4185.8667,179682690,"Middle East, North Africa, Afghanistan and Pakistan (WB)"
Pakistan,PAK,2007,,4257.926,184493231,"Middle East, North Africa, Afghanistan and Pakistan (WB)"
Pakistan,PAK,2008,,4233.348,189499112,"Middle East, North Africa, Afghanistan and Pakistan (WB)"
Pakistan,PAK,2009,,4270.439,194376535,"Middle East, North Africa, Afghanistan and Pakistan (WB)"
Pakistan,PAK,2010,,4228.7817,199239048,"Middle East, North Africa, Afghanistan and Pakistan (WB)"
Pakistan,PAK,2011,,4246.067,203746069,"Middle East, North Africa, Afghanistan and Pakistan (WB)"
Pakistan,PAK,2012,,4292.021,207667129,"Middle East, North Africa, Afghanistan and Pakistan (WB)"
Pakistan,PAK,2013,,4407.147,211073979,"Middle East, North Africa, Afghanistan and Pakistan (WB)"
Pakistan,PAK,2014,,4520.235,214264649,"Middle East, North Africa, Afghanistan and Pakistan (WB)"
Pakistan,PAK,2015,,4645.286,217290884,"Middle East, North Africa, Afghanistan and Pakistan (WB)"
Pakistan,PAK,2016,,4886.6123,220138863,"Middle East, North Africa, Afghanistan and Pakistan (WB)"
Pakistan,PAK,2017,339,5031.5605,223273974,"Middle East, North Africa, Afghanistan and Pakistan (WB)"
Pakistan,PAK,2018,338.65656,5255.0635,226928893,"Middle East, North Africa, Afghanistan and Pakistan (WB)"
Pakistan,PAK,2019,,5295.953,230800908,"Middle East, North Africa, Afghanistan and Pakistan (WB)"
Pakistan,PAK,2020,338.65656,5135.0146,235001745,"Middle East, North Africa, Afghanistan and Pakistan (WB)"
Pakistan,PAK,2021,,5367.2734,239477805,"Middle East, North Africa, Afghanistan and Pakistan (WB)"
Pakistan,PAK,2022,,5526.2793,243700667,"Middle East, North Africa, Afghanistan and Pakistan (WB)"
Pakistan,PAK,2023,,5418.7695,247504505,"Middle East, North Africa, Afghanistan and Pakistan (WB)"
Pakistan,PAK,2024,,5500.3237,247504505,"Middle East, North Africa, Afghanistan and Pakistan (WB)"
Palau,PLW,1990,,17851.184,15282,East Asia and Pacific (WB)
Palau,PLW,1991,,18301.05,15635,East Asia and Pacific (WB)
Palau,PLW,1992,,16728.021,16017,East Asia and Pacific (WB)
Palau,PLW,1993,,14327.272,16397,East Asia and Pacific (WB)
Palau,PLW,1994,,15008.319,16796,East Asia and Pacific (WB)
Palau,PLW,1995,,16232.837,17217,East Asia and Pacific (WB)
Palau,PLW,1996,,17455.115,17683,East Asia and Pacific (WB)
Palau,PLW,1997,,17408.885,18126,East Asia and Pacific (WB)
Palau,PLW,1998,,17358.283,18548,East Asia and Pacific (WB)
Palau,PLW,1999,,16093.402,18926,East Asia and Pacific (WB)
Palau,PLW,2000,,15447.952,19206,East Asia and Pacific (WB)
Palau,PLW,2001,,16433.64,19379,East Asia and Pacific (WB)
Palau,PLW,2002,,17075.248,19527,East Asia and Pacific (WB)
Palau,PLW,2003,,16579.314,19683,East Asia and Pacific (WB)
Palau,PLW,2004,,17015.68,19841,East Asia and Pacific (WB)
Palau,PLW,2005,,17507.436,19837,East Asia and Pacific (WB)
Palau,PLW,2006,,17749.773,19616,East Asia and Pacific (WB)
Palau,PLW,2007,,18255.67,19324,East Asia and Pacific (WB)
Palau,PLW,2008,,17574.074,19031,East Asia and Pacific (WB)
Palau,PLW,2009,,16688.723,18736,East Asia and Pacific (WB)
Palau,PLW,2010,,16524.043,18420,East Asia and Pacific (WB)
Palau,PLW,2011,,17670.914,18099,East Asia and Pacific (WB)
Palau,PLW,2012,,18279.889,17791,East Asia and Pacific (WB)
Palau,PLW,2013,,17931.432,17670,East Asia and Pacific (WB)
Palau,PLW,2014,,18786.834,17740,East Asia and Pacific (WB)
Palau,PLW,2015,,20212.018,17791,East Asia and Pacific (WB)
Palau,PLW,2016,,20449.13,17824,East Asia and Pacific (WB)
Palau,PLW,2017,,19821.098,17838,East Asia and Pacific (WB)
Palau,PLW,2018,439.6154,19572.344,17843,East Asia and Pacific (WB)
Palau,PLW,2019,,19519.018,17821,East Asia and Pacific (WB)
Palau,PLW,2020,463.21146,18183.736,17817,East Asia and Pacific (WB)
Palau,PLW,2021,,15780.55,17809,East Asia and Pacific (WB)
Palau,PLW,2022,,16040.908,17784,East Asia and Pacific (WB)
Palau,PLW,2023,,16425.973,17751,East Asia and Pacific (WB)
Palestine,PSE,1994,,3966.6887,2529164,"Middle East, North Africa, Afghanistan and Pakistan (WB)"
Palestine,PSE,1995,,4062.963,2636554,"Middle East, North Africa, Afghanistan and Pakistan (WB)"
Palestine,PSE,1996,,3932.227,2746830,"Middle East, North Africa, Afghanistan and Pakistan (WB)"
Palestine,PSE,1997,,4311.5386,2859581,"Middle East, North Africa, Afghanistan and Pakistan (WB)"
Palestine,PSE,1998,,4805.1914,2962895,"Middle East, North Africa, Afghanistan and Pakistan (WB)"
Palestine,PSE,1999,,5071.8213,3056256,"Middle East, North Africa, Afghanistan and Pakistan (WB)"
Palestine,PSE,2000,,4520.89,3151800,"Middle East, North Africa, Afghanistan and Pakistan (WB)"
Palestine,PSE,2001,,3996.5088,3242286,"Middle East, North Africa, Afghanistan and Pakistan (WB)"
Palestine,PSE,2002,,3409.1729,3322369,"Middle East, North Africa, Afghanistan and Pakistan (WB)"
Palestine,PSE,2003,,3788.9265,3398071,"Middle East, North Africa, Afghanistan and Pakistan (WB)"
Palestine,PSE,2004,,4503.0806,3475178,"Middle East, North Africa, Afghanistan and Pakistan (WB)"
Palestine,PSE,2005,,4885.0728,3557406,"Middle East, North Africa, Afghanistan and Pakistan (WB)"
Palestine,PSE,2006,,4714.3735,3645096,"Middle East, North Africa, Afghanistan and Pakistan (WB)"
Palestine,PSE,2007,,4769.5234,3736694,"Middle East, North Africa, Afghanistan and Pakistan (WB)"
Palestine,PSE,2008,,4984.8057,3829039,"Middle East, North Africa, Afghanistan and Pakistan (WB)"
Palestine,PSE,2009,,5270.663,3921245,"Middle East, North Africa, Afghanistan and Pakistan (WB)"
Palestine,PSE,2010,,5432.2437,4016918,"Middle East, North Africa, Afghanistan and Pakistan (WB)"
Palestine,PSE,2011,,5805.3213,4115912,"Middle East, North Africa, Afghanistan and Pakistan (WB)"
Palestine,PSE,2012,,6009.1094,4215318,"Middle East, North Africa, Afghanistan and Pakistan (WB)"
Palestine,PSE,2013,,6142.202,4315263,"Middle East, North Africa, Afghanistan and Pakistan (WB)"
Palestine,PSE,2014,,5990.427,4415887,"Middle East, North Africa, Afghanistan and Pakistan (WB)"
Palestine,PSE,2015,,6072.6504,4521564,"Middle East, North Africa, Afghanistan and Pakistan (WB)"
Palestine,PSE,2016,,6464.1333,4632743,"Middle East, North Africa, Afghanistan and Pakistan (WB)"
Palestine,PSE,2017,412,6426.7954,4742747,"Middle East, North Africa, Afghanistan and Pakistan (WB)"
Palestine,PSE,2018,412.31775,6342.9375,4850593,"Middle East, North Africa, Afghanistan and Pakistan (WB)"
Palestine,PSE,2019,,6269.891,4957773,"Middle East, North Africa, Afghanistan and Pakistan (WB)"
Palestine,PSE,2020,412.31775,5423.6826,5069692,"Middle East, North Africa, Afghanistan and Pakistan (WB)"
Palestine,PSE,2021,,5663.1216,5185341,"Middle East, North Africa, Afghanistan and Pakistan (WB)"
Palestine,PSE,2022,,5753.084,5305274,"Middle East, North Africa, Afghanistan and Pakistan (WB)"
Palestine,PSE,2023,,5361.131,5409201,"Middle East, North Africa, Afghanistan and Pakistan (WB)"
Palestine,PSE,2024,,3845.503,5409201,"Middle East, North Africa, Afghanistan and Pakistan (WB)"
Panama,PAN,1990,,10263.688,2455588,Latin America and Caribbean (WB)
Panama,PAN,1991,,10994.55,2508273,Latin America and Caribbean (WB)
Panama,PAN,1992,,11649.796,2561342,Latin America and Caribbean (WB)
Panama,PAN,1993,,12032.808,2615099,Latin America and Caribbean (WB)
Panama,PAN,1994,,12123.35,2669545,Latin America and Caribbean (WB)
Panama,PAN,1995,,12086.644,2724555,Latin America and Caribbean (WB)
Panama,PAN,1996,,12327.852,2780228,Latin America and Caribbean (WB)
Panama,PAN,1997,,13013.891,2836702,Latin America and Caribbean (WB)
Panama,PAN,1998,,13826.532,2893918,Latin America and Caribbean (WB)
Panama,PAN,1999,,14261.741,2951820,Latin America and Caribbean (WB)
Panama,PAN,2000,,14572.976,3010376,Latin America and Caribbean (WB)
Panama,PAN,2001,,14427.83,3069545,Latin America and Caribbean (WB)
Panama,PAN,2002,,14507.144,3129343,Latin America and Caribbean (WB)
Panama,PAN,2003,,14957.554,3189813,Latin America and Caribbean (WB)
Panama,PAN,2004,,15875.112,3251158,Latin America and Caribbean (WB)
Panama,PAN,2005,,16867.96,3313024,Latin America and Caribbean (WB)
Panama,PAN,2006,,18190.273,3375024,Latin America and Caribbean (WB)
Panama,PAN,2007,,20208.822,3437490,Latin America and Caribbean (WB)
Panama,PAN,2008,,21867.818,3500646,Latin America and Caribbean (WB)
Panama,PAN,2009,,21822.988,3564383,Latin America and Caribbean (WB)
Panama,PAN,2010,381.14746,22739.111,3628537,Latin America and Caribbean (WB)
Panama,PAN,2011,,24999.46,3693509,Latin America and Caribbean (WB)
Panama,PAN,2012,,26926.885,3759261,Latin America and Caribbean (WB)
Panama,PAN,2013,,28135.328,3825333,Latin America and Caribbean (WB)
Panama,PAN,2014,,28931.805,3892100,Latin America and Caribbean (WB)
Panama,PAN,2015,,29933.156,3960034,Latin America and Caribbean (WB)
Panama,PAN,2016,,30765.236,4029085,Latin America and Caribbean (WB)
Panama,PAN,2017,396,31979.812,4098704,Latin America and Caribbean (WB)
Panama,PAN,2018,396.10614,32681.447,4167860,Latin America and Caribbean (WB)
Panama,PAN,2019,,33163.727,4234698,Latin America and Caribbean (WB)
Panama,PAN,2020,376.8647,26881.799,4293258,Latin America and Caribbean (WB)
Panama,PAN,2021,,30932.764,4345410,Latin America and Caribbean (WB)
Panama,PAN,2022,,33915.152,4400775,Latin America and Caribbean (WB)
Panama,PAN,2023,,35872.95,4458758,Latin America and Caribbean (WB)
Panama,PAN,2024,,36394.918,4458758,Latin America and Caribbean (WB)
Papua New Guinea,PNG,1990,,3164.149,3896482,East Asia and Pacific (WB)
Papua New Guinea,PNG,1991,,3358.1887,4021840,East Asia and Pacific (WB)
Papua New Guinea,PNG,1992,,3690.345,4166702,East Asia and Pacific (WB)
Papua New Guinea,PNG,1993,,4206.429,4320880,East Asia and Pacific (WB)
Papua New Guinea,PNG,1994,,4297.891,4480210,East Asia and Pacific (WB)
Papua New Guinea,PNG,1995,,4008.722,4644282,East Asia and Pacific (WB)
Papua New Guinea,PNG,1996,,4167.036,4813363,East Asia and Pacific (WB)
Papua New Guinea,PNG,1997,,3864.2302,4987887,East Asia and Pacific (WB)
Papua New Guinea,PNG,1998,,3590.1,5166390,East Asia and Pacific (WB)
Papua New Guinea,PNG,1999,,3531.6594,5349333,East Asia and Pacific (WB)
Papua New Guinea,PNG,2000,,3326.7986,5537068,East Asia and Pacific (WB)
Papua New Guinea,PNG,2001,,3211.7593,5728444,East Asia and Pacific (WB)
Papua New Guinea,PNG,2002,,3100.7952,5924010,East Asia and Pacific (WB)
Papua New Guinea,PNG,2003,,3064.444,6124005,East Asia and Pacific (WB)
Papua New Guinea,PNG,2004,,3046.333,6328042,East Asia and Pacific (WB)
Papua New Guinea,PNG,2005,,3136.5857,6535905,East Asia and Pacific (WB)
Papua New Guinea,PNG,2006,,3202.4873,6747724,East Asia and Pacific (WB)
Papua New Guinea,PNG,2007,,3345.8503,6963353,East Asia and Pacific (WB)
Papua New Guinea,PNG,2008,,3233.9182,7183002,East Asia and Pacific (WB)
Papua New Guinea,PNG,2009,,3349.6436,7406442,East Asia and Pacific (WB)
Papua New Guinea,PNG,2010,,3579.1714,7633524,East Asia and Pacific (WB)
Papua New Guinea,PNG,2011,,3514.8328,7859349,East Asia and Pacific (WB)
Papua New Guinea,PNG,2012,,3577.4517,8081396,East Asia and Pacific (WB)
Papua New Guinea,PNG,2013,,3615.2832,8302700,East Asia and Pacific (WB)
Papua New Guinea,PNG,2014,,3998.6182,8523440,East Asia and Pacific (WB)
Papua New Guinea,PNG,2015,,4154.5234,8743247,East Asia and Pacific (WB)
Papua New Guinea,PNG,2016,,4275.7485,8961717,East Asia and Pacific (WB)
Papua New Guinea,PNG,2017,358,4322.2227,9178717,East Asia and Pacific (WB)
Papua New Guinea,PNG,2018,357.80362,4211.1455,9394518,East Asia and Pacific (WB)
Papua New Guinea,PNG,2019,,4301.6113,9609014,East Asia and Pacific (WB)
Papua New Guinea,PNG,2020,363.32062,4077.6313,9815743,East Asia and Pacific (WB)
Papua New Guinea,PNG,2021,,3976.9038,10012898,East Asia and Pacific (WB)
Papua New Guinea,PNG,2022,,4125.493,10203177,East Asia and Pacific (WB)
Papua New Guinea,PNG,2023,,4205.8477,10389638,East Asia and Pacific (WB)
Papua New Guinea,PNG,2024,,4288.5283,10389638,East Asia and Pacific (WB)
Paraguay,PRY,1990,,9962.48,4035752,Latin America and Caribbean (WB)
Paraguay,PRY,1991,,10040.3125,4144370,Latin America and Caribbean (WB)
Paraguay,PRY,1992,,9948.421,4253608,Latin America and Caribbean (WB)
Paraguay,PRY,1993,,10178.455,4362706,Latin America and Caribbean (WB)
Paraguay,PRY,1994,,10459.09,4471423,Latin America and Caribbean (WB)
Paraguay,PRY,1995,,10908.272,4579803,Latin America and Caribbean (WB)
Paraguay,PRY,1996,,10825.287,4687540,Latin America and Caribbean (WB)
Paraguay,PRY,1997,,11033.016,4794415,Latin America and Caribbean (WB)
Paraguay,PRY,1998,,10802.56,4900028,Latin America and Caribbean (WB)
Paraguay,PRY,1999,,10435.398,5003139,Latin America and Caribbean (WB)
Paraguay,PRY,2000,,9998.593,5100875,Latin America and Caribbean (WB)
Paraguay,PRY,2001,,9749.259,5187690,Latin America and Caribbean (WB)
Paraguay,PRY,2002,,9610.748,5261334,Latin America and Caribbean (WB)
Paraguay,PRY,2003,,9903.45,5326437,Latin America and Caribbean (WB)
Paraguay,PRY,2004,,10187.194,5388181,Latin America and Caribbean (WB)
Paraguay,PRY,2005,,10290.101,5448100,Latin America and Caribbean (WB)
Paraguay,PRY,2006,,10672.993,5505145,Latin America and Caribbean (WB)
Paraguay,PRY,2007,,11141.87,5559385,Latin America and Caribbean (WB)
Paraguay,PRY,2008,,11751.14,5613577,Latin America and Caribbean (WB)
Paraguay,PRY,2009,,11601.285,5671243,Latin America and Caribbean (WB)
Paraguay,PRY,2010,387.14374,12738.576,5737973,Latin America and Caribbean (WB)
Paraguay,PRY,2011,,13109.467,5814632,Latin America and Caribbean (WB)
Paraguay,PRY,2012,,12834.802,5897011,Latin America and Caribbean (WB)
Paraguay,PRY,2013,,13700.703,5982447,Latin America and Caribbean (WB)
Paraguay,PRY,2014,,14219.3545,6069819,Latin America and Caribbean (WB)
Paraguay,PRY,2015,,14427.601,6159106,Latin America and Caribbean (WB)
Paraguay,PRY,2016,,14826.664,6249129,Latin America and Caribbean (WB)
Paraguay,PRY,2017,386,15320.337,6338658,Latin America and Caribbean (WB)
Paraguay,PRY,2018,385.54428,15592.984,6427382,Latin America and Caribbean (WB)
Paraguay,PRY,2019,,15321.324,6515059,Latin America and Caribbean (WB)
Paraguay,PRY,2020,385.54428,14991.66,6603741,Latin America and Caribbean (WB)
Paraguay,PRY,2021,,15406.167,6684184,Latin America and Caribbean (WB)
Paraguay,PRY,2022,,15259.1455,6760460,Latin America and Caribbean (WB)
Paraguay,PRY,2023,,15826.088,6844150,Latin America and Caribbean (WB)
Paraguay,PRY,2024,,16296.283,6844150,Latin America and Caribbean (WB)
Peru,PER,1990,,6317.079,22014772,Latin America and Caribbean (WB)
Peru,PER,1991,,6322.5747,22483784,Latin America and Caribbean (WB)
Peru,PER,1992,,6161.6357,22946345,Latin America and Caribbean (WB)
Peru,PER,1993,,6355.262,23413783,Latin America and Caribbean (WB)
Peru,PER,1994,,6997.706,23881497,Latin America and Caribbean (WB)
Peru,PER,1995,,7372.0425,24348922,Latin America and Caribbean (WB)
Peru,PER,1996,,7437.1924,24811174,Latin America and Caribbean (WB)
Peru,PER,1997,,7773.827,25274149,Latin America and Caribbean (WB)
Peru,PER,1998,,7603.809,25738101,Latin America and Caribbean (WB)
Peru,PER,1999,,7585.328,26186499,Latin America and Caribbean (WB)
Peru,PER,2000,,7669.095,26598328,Latin America and Caribbean (WB)
Peru,PER,2001,,7611.6665,26964610,Latin America and Caribbean (WB)
Peru,PER,2002,,7931.5796,27288211,Latin America and Caribbean (WB)
Peru,PER,2003,,8174.3794,27580485,Latin America and Caribbean (WB)
Peru,PER,2004,,8495.986,27852190,Latin America and Caribbean (WB)
Peru,PER,2005,,8949.954,28101175,Latin America and Caribbean (WB)
Peru,PER,2006,,9547.913,28324488,Latin America and Caribbean (WB)
Peru,PER,2007,,10286.3545,28530704,Latin America and Caribbean (WB)
Peru,PER,2008,,11151.53,28719038,Latin America and Caribbean (WB)
Peru,PER,2009,,11204.377,28896819,Latin America and Caribbean (WB)
Peru,PER,2010,380.38602,12059.018,29086021,Latin America and Caribbean (WB)
Peru,PER,2011,,12726.6,29304083,Latin America and Caribbean (WB)
Peru,PER,2012,,13395.399,29550367,Latin America and Caribbean (WB)
Peru,PER,2013,,14052.138,29817908,Latin America and Caribbean (WB)
Peru,PER,2014,,14244.566,30115825,Latin America and Caribbean (WB)
Peru,PER,2015,,14542.793,30457598,Latin America and Caribbean (WB)
Peru,PER,2016,,14917.449,30866497,Latin America and Caribbean (WB)
Peru,PER,2017,407,15069.522,31324639,Latin America and Caribbean (WB)
Peru,PER,2018,406.75024,15386.26,31897590,Latin America and Caribbean (WB)
Peru,PER,2019,,15463.543,32449302,Latin America and Caribbean (WB)
Peru,PER,2020,415.02542,13609.6,32838577,Latin America and Caribbean (WB)
Peru,PER,2021,,15280.551,33155883,Latin America and Caribbean (WB)
Peru,PER,2022,,15559.821,33475436,Latin America and Caribbean (WB)
Peru,PER,2023,,15327.582,33845616,Latin America and Caribbean (WB)
Peru,PER,2024,,15661.75,33845616,Latin America and Caribbean (WB)
Philippines,PHL,1990,,4504.4624,62854668,East Asia and Pacific (WB)
Philippines,PHL,1991,,4378.3955,64382249,East Asia and Pacific (WB)
Philippines,PHL,1992,,4293.7183,65926130,East Asia and Pacific (WB)
Philippines,PHL,1993,,4283.1597,67530621,East Asia and Pacific (WB)
Philippines,PHL,1994,,4374.0674,69019297,East Asia and Pacific (WB)
Philippines,PHL,1995,,4477.323,70546245,East Asia and Pacific (WB)
Philippines,PHL,1996,,4631.772,72190237,East Asia and Pacific (WB)
Philippines,PHL,1997,,4758.7085,73908813,East Asia and Pacific (WB)
Philippines,PHL,1998,,4616.673,75791031,East Asia and Pacific (WB)
Philippines,PHL,1999,,4650.7593,77753256,East Asia and Pacific (WB)
Philippines,PHL,2000,,4740.439,79625401,East Asia and Pacific (WB)
Philippines,PHL,2001,,4778.401,81401488,East Asia and Pacific (WB)
Philippines,PHL,2002,,4856.4995,83068889,East Asia and Pacific (WB)
Philippines,PHL,2003,,5003.3833,84731836,East Asia and Pacific (WB)
Philippines,PHL,2004,,5229.4507,86394510,East Asia and Pacific (WB)
Philippines,PHL,2005,,5386.8164,88015959,East Asia and Pacific (WB)
Philippines,PHL,2006,,5578.5723,89508992,East Asia and Pacific (WB)
Philippines,PHL,2007,,5840.068,91075180,East Asia and Pacific (WB)
Philippines,PHL,2008,,5987.0376,92699091,East Asia and Pacific (WB)
Philippines,PHL,2009,,5965.307,94384256,East Asia and Pacific (WB)
Philippines,PHL,2010,,6273.039,96337127,East Asia and Pacific (WB)
Philippines,PHL,2011,,6388.313,98248614,East Asia and Pacific (WB)
Philippines,PHL,2012,,6697.556,100175511,East Asia and Pacific (WB)
Philippines,PHL,2013,,7016.5386,102076334,East Asia and Pacific (WB)
Philippines,PHL,2014,,7340.362,103767127,East Asia and Pacific (WB)
Philippines,PHL,2015,,7691.763,105312988,East Asia and Pacific (WB)
Philippines,PHL,2016,,8131.825,106735721,East Asia and Pacific (WB)
Philippines,PHL,2017,409,8584.136,108119691,East Asia and Pacific (WB)
Philippines,PHL,2018,408.92126,9016.286,109465284,East Asia and Pacific (WB)
Philippines,PHL,2019,,9452.294,110804685,East Asia and Pacific (WB)
Philippines,PHL,2020,361.646,8455.185,112081270,East Asia and Pacific (WB)
Philippines,PHL,2021,,8857.79,113100947,East Asia and Pacific (WB)
Philippines,PHL,2022,,9457.104,113964343,East Asia and Pacific (WB)
Philippines,PHL,2023,,9898.533,114891199,East Asia and Pacific (WB)
Philippines,PHL,2024,,10375.94,114891199,East Asia and Pacific (WB)
Poland,POL,1990,,12821.464,38055448,Europe and Central Asia (WB)
Poland,POL,1991,,11879.754,38152947,Europe and Central Asia (WB)
Poland,POL,1992,,12141.235,38233636,Europe and Central Asia (WB)
Poland,POL,1993,,12563.1045,38294882,Europe and Central Asia (WB)
Poland,POL,1994,,13200.161,38344312,Europe and Central Asia (WB)
Poland,POL,1995,,14227.566,38364668,Europe and Central Asia (WB)
Poland,POL,1996,,15083.098,38359164,Europe and Central Asia (WB)
Poland,POL,1997,,16031.721,38348307,Europe and Central Asia (WB)
Poland,POL,1998,,16766.648,38326431,Europe and Central Asia (WB)
Poland,POL,1999,,17556.002,38287717,Europe and Central Asia (WB)
Poland,POL,2000,,18566.355,38258077,Europe and Central Asia (WB)
Poland,POL,2001,,18800.602,38247359,Europe and Central Asia (WB)
Poland,POL,2002,,19166.914,38229407,Europe and Central Asia (WB)
Poland,POL,2003,,19855.63,38203527,Europe and Central Asia (WB)
Poland,POL,2004,,20878.654,38167568,Europe and Central Asia (WB)
Poland,POL,2005,,21568.947,38124377,Europe and Central Asia (WB)
Poland,POL,2006,,22921.197,38071169,Europe and Central Asia (WB)
Poland,POL,2007,,24484.066,38020420,Europe and Central Asia (WB)
Poland,POL,2008,,25553.906,37995902,Europe and Central Asia (WB)
Poland,POL,2009,,26204.41,38002153,Europe and Central Asia (WB)
Poland,POL,2010,517.96045,27112.133,38095356,Europe and Central Asia (WB)
Poland,POL,2011,,28521.662,38208644,Europe and Central Asia (WB)
Poland,POL,2012,,28952.916,38247867,Europe and Central Asia (WB)
Poland,POL,2013,,29168.625,38259267,Europe and Central Asia (WB)
Poland,POL,2014,,30334.879,38265113,Europe and Central Asia (WB)
Poland,POL,2015,,31700.37,38266314,Europe and Central Asia (WB)
Poland,POL,2016,,32675.305,38263260,Europe and Central Asia (WB)
Poland,POL,2017,537,34354.598,38254964,Europe and Central Asia (WB)
Poland,POL,2018,536.78107,36500.41,38241070,Europe and Central Asia (WB)
Poland,POL,2019,,38181.62,38225884,Europe and Central Asia (WB)
Poland,POL,2020,530.0858,37852.8,38171005,Europe and Central Asia (WB)
Poland,POL,2021,,41059.586,38040303,Europe and Central Asia (WB)
Poland,POL,2022,,43405.023,38385734,Europe and Central Asia (WB)
Poland,POL,2023,,43672.766,38762847,Europe and Central Asia (WB)
Poland,POL,2024,,45153.043,38762847,Europe and Central Asia (WB)
Portugal,PRT,1990,,27190.572,9989526,Europe and Central Asia (WB)
Portugal,PRT,1991,,28443.795,9969181,Europe and Central Asia (WB)
Portugal,PRT,1992,,28776.047,9960345,Europe and Central Asia (WB)
Portugal,PRT,1993,,28153.615,9972341,Europe and Central Asia (WB)
Portugal,PRT,1994,,28348.865,9998487,Europe and Central Asia (WB)
Portugal,PRT,1995,,29460.814,10031756,Europe and Central Asia (WB)
Portugal,PRT,1996,,30378.756,10067655,Europe and Central Asia (WB)
Portugal,PRT,1997,,31574.402,10110548,Europe and Central Asia (WB)
Portugal,PRT,1998,,32925.664,10159524,Europe and Central Asia (WB)
Portugal,PRT,1999,,34018.965,10214877,Europe and Central Asia (WB)
Portugal,PRT,2000,,35069.83,10283196,Europe and Central Asia (WB)
Portugal,PRT,2001,,35500.227,10354329,Europe and Central Asia (WB)
Portugal,PRT,2002,,35578.52,10413045,Europe and Central Asia (WB)
Portugal,PRT,2003,,35115.38,10454246,Europe and Central Asia (WB)
Portugal,PRT,2004,,35658.13,10481386,Europe and Central Asia (WB)
Portugal,PRT,2005,,35870.31,10502993,Europe and Central Asia (WB)
Portugal,PRT,2006,,36387.535,10524123,Europe and Central Asia (WB)
Portugal,PRT,2007,,37226.47,10546822,Europe and Central Asia (WB)
Portugal,PRT,2008,,37291.504,10564086,Europe and Central Asia (WB)
Portugal,PRT,2009,,36092.812,10576265,Europe and Central Asia (WB)
Portugal,PRT,2010,506.17978,36703.113,10578659,Europe and Central Asia (WB)
Portugal,PRT,2011,,36127.297,10557050,Europe and Central Asia (WB)
Portugal,PRT,2012,,34804.633,10513155,Europe and Central Asia (WB)
Portugal,PRT,2013,,34651.773,10458287,Europe and Central Asia (WB)
Portugal,PRT,2014,,35097.41,10406203,Europe and Central Asia (WB)
Portugal,PRT,2015,,35803.36,10370264,Europe and Central Asia (WB)
Portugal,PRT,2016,,36636.297,10346377,Europe and Central Asia (WB)
Portugal,PRT,2017,520,37943.113,10330838,Europe and Central Asia (WB)
Portugal,PRT,2018,519.9186,39123.613,10325355,Europe and Central Asia (WB)
Portugal,PRT,2019,,40188.285,10343218,Europe and Central Asia (WB)
Portugal,PRT,2020,508.5149,36852.23,10370519,Europe and Central Asia (WB)
Portugal,PRT,2021,,38657.668,10390957,Europe and Central Asia (WB)
Portugal,PRT,2022,,41070.86,10417074,Europe and Central Asia (WB)
Portugal,PRT,2023,,41768.254,10430735,Europe and Central Asia (WB)
Portugal,PRT,2024,,42197.203,10430735,Europe and Central Asia (WB)
Puerto Rico,PRI,1990,,26738.814,3541046,Latin America and Caribbean (WB)
Puerto Rico,PRI,1991,,27162.15,3573669,Latin America and Caribbean (WB)
Puerto Rico,PRI,1992,,28219.115,3606393,Latin America and Caribbean (WB)
Puerto Rico,PRI,1993,,29282.111,3637207,Latin America and Caribbean (WB)
Puerto Rico,PRI,1994,,30225.781,3666079,Latin America and Caribbean (WB)
Puerto Rico,PRI,1995,,31310.18,3693594,Latin America and Caribbean (WB)
Puerto Rico,PRI,1996,,31677.23,3719955,Latin America and Caribbean (WB)
Puerto Rico,PRI,1997,,32915.79,3745583,Latin America and Caribbean (WB)
Puerto Rico,PRI,1998,,34537.184,3770561,Latin America and Caribbean (WB)
Puerto Rico,PRI,1999,,36216.84,3794479,Latin America and Caribbean (WB)
Puerto Rico,PRI,2000,,37298.547,3809868,Latin America and Caribbean (WB)
Puerto Rico,PRI,2001,,39568.555,3813009,Latin America and Caribbean (WB)
Puerto Rico,PRI,2002,,39879.73,3810715,Latin America and Caribbean (WB)
Puerto Rico,PRI,2003,,39876.066,3806043,Latin America and Caribbean (WB)
Puerto Rico,PRI,2004,,43355.824,3798659,Latin America and Caribbean (WB)
Puerto Rico,PRI,2005,,42555.707,3788412,Latin America and Caribbean (WB)
Puerto Rico,PRI,2006,,42133.97,3776220,Latin America and Caribbean (WB)
Puerto Rico,PRI,2007,,41888.625,3763089,Latin America and Caribbean (WB)
Puerto Rico,PRI,2008,,41358.07,3749130,Latin America and Caribbean (WB)
Puerto Rico,PRI,2009,,40772.35,3735014,Latin America and Caribbean (WB)
Puerto Rico,PRI,2010,,40777.688,3714834,Latin America and Caribbean (WB)
Puerto Rico,PRI,2011,,40972.535,3683711,Latin America and Caribbean (WB)
Puerto Rico,PRI,2012,,41347.453,3646423,Latin America and Caribbean (WB)
Puerto Rico,PRI,2013,,41556.785,3606773,Latin America and Caribbean (WB)
Puerto Rico,PRI,2014,,41593.68,3565367,Latin America and Caribbean (WB)
Puerto Rico,PRI,2015,,41737.605,3521811,Latin America and Caribbean (WB)
Puerto Rico,PRI,2016,,41858.26,3476008,Latin America and Caribbean (WB)
Puerto Rico,PRI,2017,,41479.996,3371878,Latin America and Caribbean (WB)
Puerto Rico,PRI,2018,,41119.31,3290068,Latin America and Caribbean (WB)
Puerto Rico,PRI,2019,,41656.33,3288027,Latin America and Caribbean (WB)
Puerto Rico,PRI,2020,,40171.387,3275800,Latin America and Caribbean (WB)
Puerto Rico,PRI,2021,,40559.477,3253210,Latin America and Caribbean (WB)
Puerto Rico,PRI,2022,,42310.957,3240972,Latin America and Caribbean (WB)
Puerto Rico,PRI,2023,,42837.9,3242022,Latin America and Caribbean (WB)
Puerto Rico,PRI,2024,,44205.75,3242022,Latin America and Caribbean (WB)
Qatar,QAT,1990,,71584.375,440184,"Middle East, North Africa, Afghanistan and Pakistan (WB)"
Qatar,QAT,1991,,68122.87,454860,"Middle East, North Africa, Afghanistan and Pakistan (WB)"
Qatar,QAT,1992,,73450.95,469657,"Middle East, North Africa, Afghanistan and Pakistan (WB)"
Qatar,QAT,1993,,70250.695,484553,"Middle East, North Africa, Afghanistan and Pakistan (WB)"
Qatar,QAT,1994,,69119.88,499469,"Middle East, North Africa, Afghanistan and Pakistan (WB)"
Qatar,QAT,1995,,68732.47,514334,"Middle East, North Africa, Afghanistan and Pakistan (WB)"
Qatar,QAT,1996,,69746.15,529024,"Middle East, North Africa, Afghanistan and Pakistan (WB)"
Qatar,QAT,1997,,87140.04,550511,"Middle East, North Africa, Afghanistan and Pakistan (WB)"
Qatar,QAT,1998,,91901.07,580543,"Middle East, North Africa, Afghanistan and Pakistan (WB)"
Qatar,QAT,1999,,90837.375,612510,"Middle East, North Africa, Afghanistan and Pakistan (WB)"
Qatar,QAT,2000,,93186.97,644993,"Middle East, North Africa, Afghanistan and Pakistan (WB)"
Qatar,QAT,2001,,92115.734,677934,"Middle East, North Africa, Afghanistan and Pakistan (WB)"
Qatar,QAT,2002,,94111.59,711215,"Middle East, North Africa, Afghanistan and Pakistan (WB)"
Qatar,QAT,2003,,93224.36,744690,"Middle East, North Africa, Afghanistan and Pakistan (WB)"
Qatar,QAT,2004,,107023.58,773341,"Middle East, North Africa, Afghanistan and Pakistan (WB)"
Qatar,QAT,2005,,107784.414,825419,"Middle East, North Africa, Afghanistan and Pakistan (WB)"
Qatar,QAT,2006,,115383.63,972841,"Middle East, North Africa, Afghanistan and Pakistan (WB)"
Qatar,QAT,2007,,109579.68,1208601,"Middle East, North Africa, Afghanistan and Pakistan (WB)"
Qatar,QAT,2008,,109206.3,1426942,"Middle East, North Africa, Afghanistan and Pakistan (WB)"
Qatar,QAT,2009,,108435.75,1586052,"Middle East, North Africa, Afghanistan and Pakistan (WB)"
Qatar,QAT,2010,385.64792,129044.71,1709238,"Middle East, North Africa, Afghanistan and Pakistan (WB)"
Qatar,QAT,2011,,145590.77,1810960,"Middle East, North Africa, Afghanistan and Pakistan (WB)"
Qatar,QAT,2012,,143830.56,1907122,"Middle East, North Africa, Afghanistan and Pakistan (WB)"
Qatar,QAT,2013,,136453.94,2032650,"Middle East, North Africa, Afghanistan and Pakistan (WB)"
Qatar,QAT,2014,,128013.945,2218378,"Middle East, North Africa, Afghanistan and Pakistan (WB)"
Qatar,QAT,2015,,123070.82,2427340,"Middle East, North Africa, Afghanistan and Pakistan (WB)"
Qatar,QAT,2016,,120054.24,2599382,"Middle East, North Africa, Afghanistan and Pakistan (WB)"
Qatar,QAT,2017,432,115064.836,2706716,"Middle East, North Africa, Afghanistan and Pakistan (WB)"
Qatar,QAT,2018,431.65314,114909.79,2761144,"Middle East, North Africa, Afghanistan and Pakistan (WB)"
Qatar,QAT,2019,,113160.836,2797927,"Middle East, North Africa, Afghanistan and Pakistan (WB)"
Qatar,QAT,2020,427.47784,103061.9,2803375,"Middle East, North Africa, Afghanistan and Pakistan (WB)"
Qatar,QAT,2021,,116832.66,2814988,"Middle East, North Africa, Afghanistan and Pakistan (WB)"
Qatar,QAT,2022,,114740.164,2892466,"Middle East, North Africa, Afghanistan and Pakistan (WB)"
Qatar,QAT,2023,,116563.99,2979086,"Middle East, North Africa, Afghanistan and Pakistan (WB)"
Qatar,QAT,2024,,110889.79,2979086,"Middle East, North Africa, Afghanistan and Pakistan (WB)"
Romania,ROU,1990,,16316.912,22939530,Europe and Central Asia (WB)
Romania,ROU,1991,,14333.03,22947416,Europe and Central Asia (WB)
Romania,ROU,1992,,13195.097,22912389,Europe and Central Asia (WB)
Romania,ROU,1993,,13415.074,22842257,Europe and Central Asia (WB)
Romania,ROU,1994,,13962.832,22756247,Europe and Central Asia (WB)
Romania,ROU,1995,,14863.247,22657722,Europe and Central Asia (WB)
Romania,ROU,1996,,15488.622,22541915,Europe and Central Asia (WB)
Romania,ROU,1997,,14780.059,22411511,Europe and Central Asia (WB)
Romania,ROU,1998,,14510.054,22284901,Europe and Central Asia (WB)
Romania,ROU,1999,,14478.109,22166156,Europe and Central Asia (WB)
Romania,ROU,2000,,14853.668,22046264,Europe and Central Asia (WB)
Romania,ROU,2001,,15848.37,21919916,Europe and Central Asia (WB)
Romania,ROU,2002,,17061.7,21770020,Europe and Central Asia (WB)
Romania,ROU,2003,,17587.535,21593448,Europe and Central Asia (WB)
Romania,ROU,2004,,19532.56,21403215,Europe and Central Asia (WB)
Romania,ROU,2005,,20571.012,21213395,Europe and Central Asia (WB)
Romania,ROU,2006,,22354.656,21035732,Europe and Central Asia (WB)
Romania,ROU,2007,,24328.494,20870714,Europe and Central Asia (WB)
Romania,ROU,2008,,27039.713,20718745,Europe and Central Asia (WB)
Romania,ROU,2009,,25761.738,20576922,Europe and Central Asia (WB)
Romania,ROU,2010,440.93433,24903.008,20432575,Europe and Central Asia (WB)
Romania,ROU,2011,,26150.855,20282009,Europe and Central Asia (WB)
Romania,ROU,2012,,26767.566,20158451,Europe and Central Asia (WB)
Romania,ROU,2013,,26942.043,20062913,Europe and Central Asia (WB)
Romania,ROU,2014,,28156.248,19968179,Europe and Central Asia (WB)
Romania,ROU,2015,,29182,19871018,Europe and Central Asia (WB)
Romania,ROU,2016,,30189.273,19777049,Europe and Central Asia (WB)
Romania,ROU,2017,452,32852.773,19689405,Europe and Central Asia (WB)
Romania,ROU,2018,452.24103,34829.04,19597874,Europe and Central Asia (WB)
Romania,ROU,2019,,36399.625,19501542,Europe and Central Asia (WB)
Romania,ROU,2020,442.16174,35283.754,19392467,Europe and Central Asia (WB)
Romania,ROU,2021,,37534.156,19248159,Europe and Central Asia (WB)
Romania,ROU,2022,,39256.99,19166776,Europe and Central Asia (WB)
Romania,ROU,2023,,40116.855,19118482,Europe and Central Asia (WB)
Romania,ROU,2024,,40504,19118482,Europe and Central Asia (WB)
Russia,RUS,1990,,29643.596,148979537,Europe and Central Asia (WB)
Russia,RUS,1991,,28066.922,149448433,Europe and Central Asia (WB)
Russia,RUS,1992,,23965.244,148915993,Europe and Central Asia (WB)
Russia,RUS,1993,,21899.518,148135419,Europe and Central Asia (WB)
Russia,RUS,1994,,19153.363,148200734,Europe and Central Asia (WB)
Russia,RUS,1995,,18363.713,148291406,Europe and Central Asia (WB)
Russia,RUS,1996,,17699.87,148084580,Europe and Central Asia (WB)
Russia,RUS,1997,,17977.352,147853769,Europe and Central Asia (WB)
Russia,RUS,1998,,17052.756,147635543,Europe and Central Asia (WB)
Russia,RUS,1999,,18200.32,147241973,Europe and Central Asia (WB)
Russia,RUS,2000,,20104.75,146717784,Europe and Central Asia (WB)
Russia,RUS,2001,,21219.904,146117290,Europe and Central Asia (WB)
Russia,RUS,2002,,22319.678,145939502,Europe and Central Asia (WB)
Russia,RUS,2003,,24057.928,145794230,Europe and Central Asia (WB)
Russia,RUS,2004,,25894.146,145180091,Europe and Central Asia (WB)
Russia,RUS,2005,,27656.658,144597886,Europe and Central Asia (WB)
Russia,RUS,2006,,30022.672,144102948,Europe and Central Asia (WB)
Russia,RUS,2007,,32630.37,143859767,Europe and Central Asia (WB)
Russia,RUS,2008,,34342.227,143811837,Europe and Central Asia (WB)
Russia,RUS,2009,,31654.004,143869128,Europe and Central Asia (WB)
Russia,RUS,2010,484.3919,33063.586,143934468,Europe and Central Asia (WB)
Russia,RUS,2011,,34444.645,144043751,Europe and Central Asia (WB)
Russia,RUS,2012,,35740.7,144291025,Europe and Central Asia (WB)
Russia,RUS,2013,,36260.066,144604105,Europe and Central Asia (WB)
Russia,RUS,2014,,35853.246,144925639,Europe and Central Asia (WB)
Russia,RUS,2015,,35037.152,145307612,Europe and Central Asia (WB)
Russia,RUS,2016,,35005.45,145778668,Europe and Central Asia (WB)
Russia,RUS,2017,538,35570.39,146186798,Europe and Central Asia (WB)
Russia,RUS,2018,537.6397,36536.695,146430146,Europe and Central Asia (WB)
Russia,RUS,2019,,37319.32,146533063,Europe and Central Asia (WB)
Russia,RUS,2020,497.54623,36376.336,146371295,Europe and Central Asia (WB)
Russia,RUS,2021,,38638.43,145836172,Europe and Central Asia (WB)
Russia,RUS,2022,,38214.496,145579889,Europe and Central Asia (WB)
Russia,RUS,2023,,39887.34,145440502,Europe and Central Asia (WB)
Russia,RUS,2024,,41704.71,145440502,Europe and Central Asia (WB)
Rwanda,RWA,1990,,1122.9913,7375313,Sub-Saharan Africa (WB)
Rwanda,RWA,1991,,1072.6971,7526964,Sub-Saharan Africa (WB)
Rwanda,RWA,1992,,1112.5903,7683266,Sub-Saharan Africa (WB)
Rwanda,RWA,1993,,984.2175,7981142,Sub-Saharan Africa (WB)
Rwanda,RWA,1994,,575.36755,6792358,Sub-Saharan Africa (WB)
Rwanda,RWA,1995,,931.3678,5674118,Sub-Saharan Africa (WB)
Rwanda,RWA,1996,,888.131,6708767,Sub-Saharan Africa (WB)
Rwanda,RWA,1997,,874.6947,7755237,Sub-Saharan Africa (WB)
Rwanda,RWA,1998,,913.7196,8081688,Sub-Saharan Africa (WB)
Rwanda,RWA,1999,,945.7332,8147917,Sub-Saharan Africa (WB)
Rwanda,RWA,2000,,1016.662,8213936,Sub-Saharan Africa (WB)
Rwanda,RWA,2001,,1093.1841,8287091,Sub-Saharan Africa (WB)
Rwanda,RWA,2002,,1220.7395,8400185,Sub-Saharan Africa (WB)
Rwanda,RWA,2003,,1220.4991,8586878,Sub-Saharan Africa (WB)
Rwanda,RWA,2004,,1277.1927,8816849,Sub-Saharan Africa (WB)
Rwanda,RWA,2005,,1360.2959,9054532,Sub-Saharan Africa (WB)
Rwanda,RWA,2006,,1446.7109,9299251,Sub-Saharan Africa (WB)
Rwanda,RWA,2007,,1516.2675,9549940,Sub-Saharan Africa (WB)
Rwanda,RWA,2008,,1641.7777,9804268,Sub-Saharan Africa (WB)
Rwanda,RWA,2009,,1699.9446,10060438,Sub-Saharan Africa (WB)
Rwanda,RWA,2010,,1779.1586,10317560,Sub-Saharan Africa (WB)
Rwanda,RWA,2011,,1874.215,10573742,Sub-Saharan Africa (WB)
Rwanda,RWA,2012,,1988.0122,10829904,Sub-Saharan Africa (WB)
Rwanda,RWA,2013,,2032.4048,11093340,Sub-Saharan Africa (WB)
Rwanda,RWA,2014,,2106.2146,11364758,Sub-Saharan Africa (WB)
Rwanda,RWA,2015,,2238.5393,11640026,Sub-Saharan Africa (WB)
Rwanda,RWA,2016,,2316.6372,11919183,Sub-Saharan Africa (WB)
Rwanda,RWA,2017,358,2351.597,12202062,Sub-Saharan Africa (WB)
Rwanda,RWA,2018,358.08398,2493.44,12488000,Sub-Saharan Africa (WB)
Rwanda,RWA,2019,,2667.4646,12776102,Sub-Saharan Africa (WB)
Rwanda,RWA,2020,358.08398,2520.3174,13065838,Sub-Saharan Africa (WB)
Rwanda,RWA,2021,,2733.4355,13355260,Sub-Saharan Africa (WB)
Rwanda,RWA,2022,,2892.4597,13651025,Sub-Saharan Africa (WB)
Rwanda,RWA,2023,,3062.999,13954473,Sub-Saharan Africa (WB)
Rwanda,RWA,2024,,3264.6445,13954473,Sub-Saharan Africa (WB)
Saint Kitts and Nevis,KNA,1990,,14326.041,40456,Latin America and Caribbean (WB)
Saint Kitts and Nevis,KNA,1991,,14084.684,40382,Latin America and Caribbean (WB)
Saint Kitts and Nevis,KNA,1992,,14557.185,40740,Latin America and Caribbean (WB)
Saint Kitts and Nevis,KNA,1993,,15348.688,41266,Latin America and Caribbean (WB)
Saint Kitts and Nevis,KNA,1994,,15955.838,41798,Latin America and Caribbean (WB)
Saint Kitts and Nevis,KNA,1995,,16596.266,42347,Latin America and Caribbean (WB)
Saint Kitts and Nevis,KNA,1996,,17340.223,42903,Latin America and Caribbean (WB)
Saint Kitts and Nevis,KNA,1997,,18288.494,43453,Latin America and Caribbean (WB)
Saint Kitts and Nevis,KNA,1998,,17963.7,44018,Latin America and Caribbean (WB)
Saint Kitts and Nevis,KNA,1999,,18291.424,44625,Latin America and Caribbean (WB)
Saint Kitts and Nevis,KNA,2000,,19840.58,45272,Latin America and Caribbean (WB)
Saint Kitts and Nevis,KNA,2001,,20648.79,45785,Latin America and Caribbean (WB)
Saint Kitts and Nevis,KNA,2002,,20813.404,46048,Latin America and Caribbean (WB)
Saint Kitts and Nevis,KNA,2003,,19927.182,46200,Latin America and Caribbean (WB)
Saint Kitts and Nevis,KNA,2004,,20661.346,46337,Latin America and Caribbean (WB)
Saint Kitts and Nevis,KNA,2005,,22612.713,46459,Latin America and Caribbean (WB)
Saint Kitts and Nevis,KNA,2006,,23258.984,46592,Latin America and Caribbean (WB)
Saint Kitts and Nevis,KNA,2007,,23330.045,46734,Latin America and Caribbean (WB)
Saint Kitts and Nevis,KNA,2008,,25898.783,46857,Latin America and Caribbean (WB)
Saint Kitts and Nevis,KNA,2009,,24973.805,46941,Latin America and Caribbean (WB)
Saint Kitts and Nevis,KNA,2010,,24997.566,46871,Latin America and Caribbean (WB)
Saint Kitts and Nevis,KNA,2011,,25380.008,46917,Latin America and Caribbean (WB)
Saint Kitts and Nevis,KNA,2012,,25114.057,47056,Latin America and Caribbean (WB)
Saint Kitts and Nevis,KNA,2013,,26532.102,47092,Latin America and Caribbean (WB)
Saint Kitts and Nevis,KNA,2014,,28530.307,47112,Latin America and Caribbean (WB)
Saint Kitts and Nevis,KNA,2015,,28729.566,47108,Latin America and Caribbean (WB)
Saint Kitts and Nevis,KNA,2016,,29867.027,47099,Latin America and Caribbean (WB)
Saint Kitts and Nevis,KNA,2017,,29948.92,47075,Latin America and Caribbean (WB)
Saint Kitts and Nevis,KNA,2018,395.03336,30576.248,47032,Latin America and Caribbean (WB)
Saint Kitts and Nevis,KNA,2019,,31512.193,46976,Latin America and Caribbean (WB)
Saint Kitts and Nevis,KNA,2020,409.07446,26736.928,46896,Latin America and Caribbean (WB)
Saint Kitts and Nevis,KNA,2021,,26896.617,46786,Latin America and Caribbean (WB)
Saint Kitts and Nevis,KNA,2022,,29749.87,46732,Latin America and Caribbean (WB)
Saint Kitts and Nevis,KNA,2023,,30616.578,46783,Latin America and Caribbean (WB)
Saint Kitts and Nevis,KNA,2024,,30656.441,46783,Latin America and Caribbean (WB)
Saint Lucia,LCA,1990,,17222.148,137874,Latin America and Caribbean (WB)
Saint Lucia,LCA,1991,,17080.799,139536,Latin America and Caribbean (WB)
Saint Lucia,LCA,1992,,18166.207,141629,Latin America and Caribbean (WB)
Saint Lucia,LCA,1993,,18004.031,143735,Latin America and Caribbean (WB)
Saint Lucia,LCA,1994,,18020.514,145901,Latin America and Caribbean (WB)
Saint Lucia,LCA,1995,,18048.781,148227,Latin America and Caribbean (WB)
Saint Lucia,LCA,1996,,18301.152,150453,Latin America and Caribbean (WB)
Saint Lucia,LCA,1997,,17920.033,152584,Latin America and Caribbean (WB)
Saint Lucia,LCA,1998,,18786.998,154688,Latin America and Caribbean (WB)
Saint Lucia,LCA,1999,,19039.463,156719,Latin America and Caribbean (WB)
Saint Lucia,LCA,2000,,18818.885,158624,Latin America and Caribbean (WB)
Saint Lucia,LCA,2001,,17993.637,160247,Latin America and Caribbean (WB)
Saint Lucia,LCA,2002,,17911.629,161655,Latin America and Caribbean (WB)
Saint Lucia,LCA,2003,,18522.514,162985,Latin America and Caribbean (WB)
Saint Lucia,LCA,2004,,19715.83,164250,Latin America and Caribbean (WB)
Saint Lucia,LCA,2005,,19491.219,165460,Latin America and Caribbean (WB)
Saint Lucia,LCA,2006,,20551.06,166657,Latin America and Caribbean (WB)
Saint Lucia,LCA,2007,,20759.305,167766,Latin America and Caribbean (WB)
Saint Lucia,LCA,2008,,21651.234,168816,Latin America and Caribbean (WB)
Saint Lucia,LCA,2009,,20907.334,169880,Latin America and Caribbean (WB)
Saint Lucia,LCA,2010,,20849.055,170921,Latin America and Caribbean (WB)
Saint Lucia,LCA,2011,,21637.87,171814,Latin America and Caribbean (WB)
Saint Lucia,LCA,2012,,21515.9,172595,Latin America and Caribbean (WB)
Saint Lucia,LCA,2013,,21029.29,173380,Latin America and Caribbean (WB)
Saint Lucia,LCA,2014,,21214.477,174145,Latin America and Caribbean (WB)
Saint Lucia,LCA,2015,,21142.973,174919,Latin America and Caribbean (WB)
Saint Lucia,LCA,2016,,21775.475,175651,Latin America and Caribbean (WB)
Saint Lucia,LCA,2017,,22422.598,176352,Latin America and Caribbean (WB)
Saint Lucia,LCA,2018,404.52444,22981.918,177032,Latin America and Caribbean (WB)
Saint Lucia,LCA,2019,,22738.248,177675,Latin America and Caribbean (WB)
Saint Lucia,LCA,2020,417.76065,17142.045,178261,Latin America and Caribbean (WB)
Saint Lucia,LCA,2021,,19101.166,178540,Latin America and Caribbean (WB)
Saint Lucia,LCA,2022,,22962.281,178794,Latin America and Caribbean (WB)
Saint Lucia,LCA,2023,,23403.744,179291,Latin America and Caribbean (WB)
Saint Lucia,LCA,2024,,24252.469,179291,Latin America and Caribbean (WB)
Saint Vincent and the Grenadines,VCT,1990,,7467.379,111825,Latin America and Caribbean (WB)
Saint Vincent and the Grenadines,VCT,1991,,7524.585,112236,Latin America and Caribbean (WB)
Saint Vincent and the Grenadines,VCT,1992,,7984.0796,112524,Latin America and Caribbean (WB)
Saint Vincent and the Grenadines,VCT,1993,,8306.775,112753,Latin America and Caribbean (WB)
Saint Vincent and the Grenadines,VCT,1994,,8189.8438,112933,Latin America and Caribbean (WB)
Saint Vincent and the Grenadines,VCT,1995,,8815.849,113064,Latin America and Caribbean (WB)
Saint Vincent and the Grenadines,VCT,1996,,8923.705,113136,Latin America and Caribbean (WB)
Saint Vincent and the Grenadines,VCT,1997,,9234.699,113158,Latin America and Caribbean (WB)
Saint Vincent and the Grenadines,VCT,1998,,9609.104,113195,Latin America and Caribbean (WB)
Saint Vincent and the Grenadines,VCT,1999,,9853.348,113384,Latin America and Caribbean (WB)
Saint Vincent and the Grenadines,VCT,2000,,9999.059,113561,Latin America and Caribbean (WB)
Saint Vincent and the Grenadines,VCT,2001,,10177.81,113506,Latin America and Caribbean (WB)
Saint Vincent and the Grenadines,VCT,2002,,10736.088,113365,Latin America and Caribbean (WB)
Saint Vincent and the Grenadines,VCT,2003,,11475.331,113149,Latin America and Caribbean (WB)
Saint Vincent and the Grenadines,VCT,2004,,11979.907,112856,Latin America and Caribbean (WB)
Saint Vincent and the Grenadines,VCT,2005,,12320.071,112465,Latin America and Caribbean (WB)
Saint Vincent and the Grenadines,VCT,2006,,13233.407,112027,Latin America and Caribbean (WB)
Saint Vincent and the Grenadines,VCT,2007,,13732.362,111544,Latin America and Caribbean (WB)
Saint Vincent and the Grenadines,VCT,2008,,13850.394,111047,Latin America and Caribbean (WB)
Saint Vincent and the Grenadines,VCT,2009,,13723.784,110521,Latin America and Caribbean (WB)
Saint Vincent and the Grenadines,VCT,2010,,13175.723,109974,Latin America and Caribbean (WB)
Saint Vincent and the Grenadines,VCT,2011,,13168.896,109367,Latin America and Caribbean (WB)
Saint Vincent and the Grenadines,VCT,2012,,13397.963,108753,Latin America and Caribbean (WB)
Saint Vincent and the Grenadines,VCT,2013,,13804.184,108156,Latin America and Caribbean (WB)
Saint Vincent and the Grenadines,VCT,2014,,14040.246,107555,Latin America and Caribbean (WB)
Saint Vincent and the Grenadines,VCT,2015,,14508.861,106975,Latin America and Caribbean (WB)
Saint Vincent and the Grenadines,VCT,2016,,15197.748,106365,Latin America and Caribbean (WB)
Saint Vincent and the Grenadines,VCT,2017,,15533.222,105674,Latin America and Caribbean (WB)
Saint Vincent and the Grenadines,VCT,2018,386.32217,16139.066,104939,Latin America and Caribbean (WB)
Saint Vincent and the Grenadines,VCT,2019,,16365.325,104183,Latin America and Caribbean (WB)
Saint Vincent and the Grenadines,VCT,2020,391.3927,15763.705,103540,Latin America and Caribbean (WB)
Saint Vincent and the Grenadines,VCT,2021,,16200.899,102848,Latin America and Caribbean (WB)
Saint Vincent and the Grenadines,VCT,2022,,16835.023,102063,Latin America and Caribbean (WB)
Saint Vincent and the Grenadines,VCT,2023,,17858.244,101331,Latin America and Caribbean (WB)
Saint Vincent and the Grenadines,VCT,2024,,18714.2,101331,Latin America and Caribbean (WB)
Samoa,WSM,1990,,3990.9268,169061,East Asia and Pacific (WB)
Samoa,WSM,1991,,3891.63,169378,East Asia and Pacific (WB)
Samoa,WSM,1992,,3861.889,170340,East Asia and Pacific (WB)
Samoa,WSM,1993,,3986.4539,171786,East Asia and Pacific (WB)
Samoa,WSM,1994,,3854.0393,173167,East Asia and Pacific (WB)
Samoa,WSM,1995,,4077.991,174585,East Asia and Pacific (WB)
Samoa,WSM,1996,,4333.5127,176086,East Asia and Pacific (WB)
Samoa,WSM,1997,,4325.138,177561,East Asia and Pacific (WB)
Samoa,WSM,1998,,4386.519,178921,East Asia and Pacific (WB)
Samoa,WSM,1999,,4448.32,180279,East Asia and Pacific (WB)
Samoa,WSM,2000,,4638.594,181695,East Asia and Pacific (WB)
Samoa,WSM,2001,,4941.115,183174,East Asia and Pacific (WB)
Samoa,WSM,2002,,5183.4546,184482,East Asia and Pacific (WB)
Samoa,WSM,2003,,5425.444,185447,East Asia and Pacific (WB)
Samoa,WSM,2004,,5568.347,186265,East Asia and Pacific (WB)
Samoa,WSM,2005,,5914.8896,186993,East Asia and Pacific (WB)
Samoa,WSM,2006,,6017.477,187724,East Asia and Pacific (WB)
Samoa,WSM,2007,,6013.2764,188766,East Asia and Pacific (WB)
Samoa,WSM,2008,,6182.763,190117,East Asia and Pacific (WB)
Samoa,WSM,2009,,6104.1274,191530,East Asia and Pacific (WB)
Samoa,WSM,2010,,6427.3115,193035,East Asia and Pacific (WB)
Samoa,WSM,2011,,6616.771,194726,East Asia and Pacific (WB)
Samoa,WSM,2012,,6311.961,196518,East Asia and Pacific (WB)
Samoa,WSM,2013,,6262.3237,198284,East Asia and Pacific (WB)
Samoa,WSM,2014,,6247.905,200051,East Asia and Pacific (WB)
Samoa,WSM,2015,,6432.36,201794,East Asia and Pacific (WB)
Samoa,WSM,2016,,6887.305,203509,East Asia and Pacific (WB)
Samoa,WSM,2017,,6919.0156,205423,East Asia and Pacific (WB)
Samoa,WSM,2018,341.3546,6805.0454,207595,East Asia and Pacific (WB)
Samoa,WSM,2019,,7033.521,209794,East Asia and Pacific (WB)
Samoa,WSM,2020,369.9079,6745.2925,211957,East Asia and Pacific (WB)
Samoa,WSM,2021,,6350.1143,213792,East Asia and Pacific (WB)
Samoa,WSM,2022,,6449.365,215270,East Asia and Pacific (WB)
Samoa,WSM,2023,,7383.7456,216673,East Asia and Pacific (WB)
Samoa,WSM,2024,,7686.2495,216673,East Asia and Pacific (WB)
San Marino,SMR,1997,,66923.03,25821,Europe and Central Asia (WB)
San Marino,SMR,1998,,71024.56,26149,Europe and Central Asia (WB)
San Marino,SMR,1999,,76474.13,26485,Europe and Central Asia (WB)
San Marino,SMR,2000,,77149.414,26823,Europe and Central Asia (WB)
San Marino,SMR,2001,,80420.77,27173,Europe and Central Asia (WB)
San Marino,SMR,2002,,79649.53,27515,Europe and Central Asia (WB)
San Marino,SMR,2003,,81688.375,27871,Europe and Central Asia (WB)
San Marino,SMR,2004,,80724.81,28230,Europe and Central Asia (WB)
San Marino,SMR,2005,,81632.17,28600,Europe and Central Asia (WB)
San Marino,SMR,2006,,83781.55,28966,Europe and Central Asia (WB)
San Marino,SMR,2007,,86785.016,29334,Europe and Central Asia (WB)
San Marino,SMR,2008,,85120.29,29721,Europe and Central Asia (WB)
San Marino,SMR,2009,,73093.83,30115,Europe and Central Asia (WB)
San Marino,SMR,2010,,68669.25,30648,Europe and Central Asia (WB)
San Marino,SMR,2011,,64214.117,32194,Europe and Central Asia (WB)
San Marino,SMR,2012,,58176.38,33494,Europe and Central Asia (WB)
San Marino,SMR,2013,,58467.977,33641,Europe and Central Asia (WB)
San Marino,SMR,2014,,58743.586,33753,Europe and Central Asia (WB)
San Marino,SMR,2015,,59647.66,33927,Europe and Central Asia (WB)
San Marino,SMR,2016,,60669.82,34188,Europe and Central Asia (WB)
San Marino,SMR,2017,,59524.56,34405,Europe and Central Asia (WB)
San Marino,SMR,2018,,59194.043,34557,Europe and Central Asia (WB)
San Marino,SMR,2019,,60171.047,34674,Europe and Central Asia (WB)
San Marino,SMR,2020,,55998.07,34796,Europe and Central Asia (WB)
San Marino,SMR,2021,,64745.133,34599,Europe and Central Asia (WB)
San Marino,SMR,2022,,70887.57,34113,Europe and Central Asia (WB)
San Marino,SMR,2023,,70951.79,33761,Europe and Central Asia (WB)
Sao Tome and Principe,STP,1990,,3883.2043,122993,Sub-Saharan Africa (WB)
Sao Tome and Principe,STP,1991,,3844.8965,125711,Sub-Saharan Africa (WB)
Sao Tome and Principe,STP,1992,,3798.8835,128127,Sub-Saharan Africa (WB)
Sao Tome and Principe,STP,1993,,3771.2861,130478,Sub-Saharan Africa (WB)
Sao Tome and Principe,STP,1994,,3788.4836,132745,Sub-Saharan Africa (WB)
Sao Tome and Principe,STP,1995,,3802.2913,134905,Sub-Saharan Africa (WB)
Sao Tome and Principe,STP,1996,,3801.0815,136974,Sub-Saharan Africa (WB)
Sao Tome and Principe,STP,1997,,3784.7903,138935,Sub-Saharan Africa (WB)
Sao Tome and Principe,STP,1998,,3828.9983,140765,Sub-Saharan Africa (WB)
Sao Tome and Principe,STP,1999,,3878.131,142459,Sub-Saharan Africa (WB)
Sao Tome and Principe,STP,2000,,3852.8904,144029,Sub-Saharan Africa (WB)
Sao Tome and Principe,STP,2001,,3907.0193,146386,Sub-Saharan Africa (WB)
Sao Tome and Principe,STP,2002,,3942.7605,149932,Sub-Saharan Africa (WB)
Sao Tome and Principe,STP,2003,,4161.638,153824,Sub-Saharan Africa (WB)
Sao Tome and Principe,STP,2004,,4202.562,157721,Sub-Saharan Africa (WB)
Sao Tome and Principe,STP,2005,,4371.497,161650,Sub-Saharan Africa (WB)
Sao Tome and Principe,STP,2006,,4644.1807,165651,Sub-Saharan Africa (WB)
Sao Tome and Principe,STP,2007,,4698.084,169709,Sub-Saharan Africa (WB)
Sao Tome and Principe,STP,2008,,4873.181,173808,Sub-Saharan Africa (WB)
Sao Tome and Principe,STP,2009,,4919.1953,177866,Sub-Saharan Africa (WB)
Sao Tome and Principe,STP,2010,,4882.048,181810,Sub-Saharan Africa (WB)
Sao Tome and Principe,STP,2011,,4876.473,185665,Sub-Saharan Africa (WB)
Sao Tome and Principe,STP,2012,,4919.5527,189452,Sub-Saharan Africa (WB)
Sao Tome and Principe,STP,2013,,5072.112,193158,Sub-Saharan Africa (WB)
Sao Tome and Principe,STP,2014,,5223.0957,196780,Sub-Saharan Africa (WB)
Sao Tome and Principe,STP,2015,,5210.2036,200308,Sub-Saharan Africa (WB)
Sao Tome and Principe,STP,2016,,5388.5093,203702,Sub-Saharan Africa (WB)
Sao Tome and Principe,STP,2017,,5521.2026,206986,Sub-Saharan Africa (WB)
Sao Tome and Principe,STP,2018,,5674.7236,210198,Sub-Saharan Africa (WB)
Sao Tome and Principe,STP,2019,,5702.0835,213405,Sub-Saharan Africa (WB)
Sao Tome and Principe,STP,2020,,5742.9473,217450,Sub-Saharan Africa (WB)
Sao Tome and Principe,STP,2021,,5732.6943,221975,Sub-Saharan Africa (WB)
Sao Tome and Principe,STP,2022,,5632.1387,226313,Sub-Saharan Africa (WB)
Sao Tome and Principe,STP,2023,,5541.302,230882,Sub-Saharan Africa (WB)
Sao Tome and Principe,STP,2024,,5491.2983,230882,Sub-Saharan Africa (WB)
Saudi Arabia,SAU,1990,,65196.574,10640697,"Middle East, North Africa, Afghanistan and Pakistan (WB)"
Saudi Arabia,SAU,1991,,67268.555,11160752,"Middle East, North Africa, Afghanistan and Pakistan (WB)"
Saudi Arabia,SAU,1992,,67183.91,11686682,"Middle East, North Africa, Afghanistan and Pakistan (WB)"
Saudi Arabia,SAU,1993,,64517.664,12215864,"Middle East, North Africa, Afghanistan and Pakistan (WB)"
Saudi Arabia,SAU,1994,,62403.695,12750037,"Middle East, North Africa, Afghanistan and Pakistan (WB)"
Saudi Arabia,SAU,1995,,60058.316,13289246,"Middle East, North Africa, Afghanistan and Pakistan (WB)"
Saudi Arabia,SAU,1996,,59612.812,13831002,"Middle East, North Africa, Afghanistan and Pakistan (WB)"
Saudi Arabia,SAU,1997,,58875.547,14374948,"Middle East, North Africa, Afghanistan and Pakistan (WB)"
Saudi Arabia,SAU,1998,,58306.62,14922188,"Middle East, North Africa, Afghanistan and Pakistan (WB)"
Saudi Arabia,SAU,1999,,55878.17,15472076,"Middle East, North Africa, Afghanistan and Pakistan (WB)"
Saudi Arabia,SAU,2000,,55962.266,16177733,"Middle East, North Africa, Afghanistan and Pakistan (WB)"
Saudi Arabia,SAU,2001,,53309.113,17041405,"Middle East, North Africa, Afghanistan and Pakistan (WB)"
Saudi Arabia,SAU,2002,,50371.977,17910909,"Middle East, North Africa, Afghanistan and Pakistan (WB)"
Saudi Arabia,SAU,2003,,52234.65,18786771,"Middle East, North Africa, Afghanistan and Pakistan (WB)"
Saudi Arabia,SAU,2004,,54196.55,19669486,"Middle East, North Africa, Afghanistan and Pakistan (WB)"
Saudi Arabia,SAU,2005,,54931.793,20559886,"Middle East, North Africa, Afghanistan and Pakistan (WB)"
Saudi Arabia,SAU,2006,,54373.74,21459141,"Middle East, North Africa, Afghanistan and Pakistan (WB)"
Saudi Arabia,SAU,2007,,53318.418,22368313,"Middle East, North Africa, Afghanistan and Pakistan (WB)"
Saudi Arabia,SAU,2008,,54407.707,23287884,"Middle East, North Africa, Afghanistan and Pakistan (WB)"
Saudi Arabia,SAU,2009,,51760.766,24217656,"Middle East, North Africa, Afghanistan and Pakistan (WB)"
Saudi Arabia,SAU,2010,415.08786,54911.547,25157134,"Middle East, North Africa, Afghanistan and Pakistan (WB)"
Saudi Arabia,SAU,2011,,58645.445,26105636,"Middle East, North Africa, Afghanistan and Pakistan (WB)"
Saudi Arabia,SAU,2012,,59471.7,27062447,"Middle East, North Africa, Afghanistan and Pakistan (WB)"
Saudi Arabia,SAU,2013,,57998.465,28026825,"Middle East, North Africa, Afghanistan and Pakistan (WB)"
Saudi Arabia,SAU,2014,,58872.266,28998127,"Middle East, North Africa, Afghanistan and Pakistan (WB)"
Saudi Arabia,SAU,2015,,58498.54,29974944,"Middle East, North Africa, Afghanistan and Pakistan (WB)"
Saudi Arabia,SAU,2016,,57308.45,30717804,"Middle East, North Africa, Afghanistan and Pakistan (WB)"
Saudi Arabia,SAU,2017,407,57942.547,30782400,"Middle East, North Africa, Afghanistan and Pakistan (WB)"
Saudi Arabia,SAU,2018,407.3941,61359.465,30365119,"Middle East, North Africa, Afghanistan and Pakistan (WB)"
Saudi Arabia,SAU,2019,,62647.73,30472809,"Middle East, North Africa, Afghanistan and Pakistan (WB)"
Saudi Arabia,SAU,2020,398.96893,57420.734,30991206,"Middle East, North Africa, Afghanistan and Pakistan (WB)"
Saudi Arabia,SAU,2021,,62690.496,31328374,"Middle East, North Africa, Afghanistan and Pakistan (WB)"
Saudi Arabia,SAU,2022,,67178.59,32175351,"Middle East, North Africa, Afghanistan and Pakistan (WB)"
Saudi Arabia,SAU,2023,,64481.844,33264289,"Middle East, North Africa, Afghanistan and Pakistan (WB)"
Saudi Arabia,SAU,2024,,62792.773,33264289,"Middle East, North Africa, Afghanistan and Pakistan (WB)"
Senegal,SEN,1990,,2923.3442,7720524,Sub-Saharan Africa (WB)
Senegal,SEN,1991,,2917.0142,7943091,Sub-Saharan Africa (WB)
Senegal,SEN,1992,,2874.003,8168396,Sub-Saharan Africa (WB)
Senegal,SEN,1993,,2834.028,8396289,Sub-Saharan Africa (WB)
Senegal,SEN,1994,,2757.8608,8624077,Sub-Saharan Africa (WB)
Senegal,SEN,1995,,2835.0327,8848112,Sub-Saharan Africa (WB)
Senegal,SEN,1996,,2822.4683,9067018,Sub-Saharan Africa (WB)
Senegal,SEN,1997,,2840.6082,9283505,Sub-Saharan Africa (WB)
Senegal,SEN,1998,,2938.6917,9502951,Sub-Saharan Africa (WB)
Senegal,SEN,1999,,3050.178,9730897,Sub-Saharan Africa (WB)
Senegal,SEN,2000,,3093.2878,9968262,Sub-Saharan Africa (WB)
Senegal,SEN,2001,,3149.331,10212941,Sub-Saharan Africa (WB)
Senegal,SEN,2002,,3075.2317,10466216,Sub-Saharan Africa (WB)
Senegal,SEN,2003,,3170.035,10721176,Sub-Saharan Africa (WB)
Senegal,SEN,2004,,3240.302,10975711,Sub-Saharan Africa (WB)
Senegal,SEN,2005,,3301.8208,11235473,Sub-Saharan Africa (WB)
Senegal,SEN,2006,,3301.0315,11500094,Sub-Saharan Africa (WB)
Senegal,SEN,2007,,3316.4204,11770348,Sub-Saharan Africa (WB)
Senegal,SEN,2008,,3359.7056,12048963,Sub-Saharan Africa (WB)
Senegal,SEN,2009,,3371.4617,12337390,Sub-Saharan Africa (WB)
Senegal,SEN,2010,414.7511,3403.5671,12635418,Sub-Saharan Africa (WB)
Senegal,SEN,2011,,3362.8794,12958902,Sub-Saharan Africa (WB)
Senegal,SEN,2012,,3405.1086,13310499,Sub-Saharan Africa (WB)
Senegal,SEN,2013,,3385.426,13710857,Sub-Saharan Africa (WB)
Senegal,SEN,2014,,3484.0122,14152103,Sub-Saharan Africa (WB)
Senegal,SEN,2015,,3593.7947,14593335,Sub-Saharan Africa (WB)
Senegal,SEN,2016,,3710.0554,15034517,Sub-Saharan Africa (WB)
Senegal,SEN,2017,412,3871.4514,15475001,Sub-Saharan Africa (WB)
Senegal,SEN,2018,412.45386,3998.2864,15914495,Sub-Saharan Africa (WB)
Senegal,SEN,2019,,4070.6123,16352926,Sub-Saharan Africa (WB)
Senegal,SEN,2020,412.45386,4018.0413,16789217,Sub-Saharan Africa (WB)
Senegal,SEN,2021,,4173.6772,17220866,Sub-Saharan Africa (WB)
Senegal,SEN,2022,,4228.734,17651099,Sub-Saharan Africa (WB)
Senegal,SEN,2023,,4304.7617,18077573,Sub-Saharan Africa (WB)
Senegal,SEN,2024,,4460.924,18077573,Sub-Saharan Africa (WB)
Serbia,SRB,1995,,9444.791,7823281,Europe and Central Asia (WB)
Serbia,SRB,1996,,10035.056,7807720,Europe and Central Asia (WB)
Serbia,SRB,1997,,10965.528,7789186,Europe and Central Asia (WB)
Serbia,SRB,1998,,11598.379,7765929,Europe and Central Asia (WB)
Serbia,SRB,1999,,10438.504,7734367,Europe and Central Asia (WB)
Serbia,SRB,2000,,11105.995,7694608,Europe and Central Asia (WB)
Serbia,SRB,2001,,11879.226,7651927,Europe and Central Asia (WB)
Serbia,SRB,2002,,12661.992,7616741,Europe and Central Asia (WB)
Serbia,SRB,2003,,13273.745,7590946,Europe and Central Asia (WB)
Serbia,SRB,2004,,14194.424,7565843,Europe and Central Asia (WB)
Serbia,SRB,2005,,15077.621,7539139,Europe and Central Asia (WB)
Serbia,SRB,2006,,15727.469,7511395,Europe and Central Asia (WB)
Serbia,SRB,2007,,17028.158,7482996,Europe and Central Asia (WB)
Serbia,SRB,2008,,17983.355,7454285,Europe and Central Asia (WB)
Serbia,SRB,2009,,17488.195,7425346,Europe and Central Asia (WB)
Serbia,SRB,2010,457.25906,17841.506,7395872,Europe and Central Asia (WB)
Serbia,SRB,2011,,17986.658,7364858,Europe and Central Asia (WB)
Serbia,SRB,2012,,17993.889,7324624,Europe and Central Asia (WB)
Serbia,SRB,2013,,18163.28,7276183,Europe and Central Asia (WB)
Serbia,SRB,2014,,17922.51,7227203,Europe and Central Asia (WB)
Serbia,SRB,2015,,18247.885,7177257,Europe and Central Asia (WB)
Serbia,SRB,2016,,18889.46,7126083,Europe and Central Asia (WB)
Serbia,SRB,2017,521,19439.072,7073507,Europe and Central Asia (WB)
Serbia,SRB,2018,521.2537,20454.31,7020014,Europe and Central Asia (WB)
Serbia,SRB,2019,,21541.215,6966155,Europe and Central Asia (WB)
Serbia,SRB,2020,457.4535,21479.168,6907814,Europe and Central Asia (WB)
Serbia,SRB,2021,,23406.404,6835429,Europe and Central Asia (WB)
Serbia,SRB,2022,,24651.95,6791215,Europe and Central Asia (WB)
Serbia,SRB,2023,,25735.24,6773204,Europe and Central Asia (WB)
Serbia,SRB,2024,,26900.854,6773204,Europe and Central Asia (WB)
Seychelles,SYC,1990,,15478.848,74000,Sub-Saharan Africa (WB)
Seychelles,SYC,1991,,15695.671,74838,Sub-Saharan Africa (WB)
Seychelles,SYC,1992,,16744.508,75630,Sub-Saharan Africa (WB)
Seychelles,SYC,1993,,17596.898,76420,Sub-Saharan Africa (WB)
Seychelles,SYC,1994,,16716.521,77279,Sub-Saharan Africa (WB)
Seychelles,SYC,1995,,16552.455,78144,Sub-Saharan Africa (WB)
Seychelles,SYC,1996,,17942.174,78901,Sub-Saharan Africa (WB)
Seychelles,SYC,1997,,19895.143,79670,Sub-Saharan Africa (WB)
Seychelles,SYC,1998,,19991.229,80738,Sub-Saharan Africa (WB)
Seychelles,SYC,1999,,19969.352,82033,Sub-Saharan Africa (WB)
Seychelles,SYC,2000,,20633.674,83339,Sub-Saharan Africa (WB)
Seychelles,SYC,2001,,20147.418,84621,Sub-Saharan Africa (WB)
Seychelles,SYC,2002,,19777.752,85878,Sub-Saharan Africa (WB)
Seychelles,SYC,2003,,18825.22,87056,Sub-Saharan Africa (WB)
Seychelles,SYC,2004,,18356.47,88175,Sub-Saharan Africa (WB)
Seychelles,SYC,2005,,19917.12,89288,Sub-Saharan Africa (WB)
Seychelles,SYC,2006,,21341.86,90391,Sub-Saharan Africa (WB)
Seychelles,SYC,2007,,23117.855,91483,Sub-Saharan Africa (WB)
Seychelles,SYC,2008,,21990.37,92563,Sub-Saharan Africa (WB)
Seychelles,SYC,2009,,21361.13,93644,Sub-Saharan Africa (WB)
Seychelles,SYC,2010,431.77832,21708.756,94993,Sub-Saharan Africa (WB)
Seychelles,SYC,2011,,24406.412,97041,Sub-Saharan Africa (WB)
Seychelles,SYC,2012,,24919.955,99565,Sub-Saharan Africa (WB)
Seychelles,SYC,2013,,24770.652,102108,Sub-Saharan Africa (WB)
Seychelles,SYC,2014,,25379.418,104663,Sub-Saharan Africa (WB)
Seychelles,SYC,2015,,27032.209,107247,Sub-Saharan Africa (WB)
Seychelles,SYC,2016,,29905.135,109836,Sub-Saharan Africa (WB)
Seychelles,SYC,2017,463,31595.668,112443,Sub-Saharan Africa (WB)
Seychelles,SYC,2018,463.37933,32841.426,115053,Sub-Saharan Africa (WB)
Seychelles,SYC,2019,,34346.07,117662,Sub-Saharan Africa (WB)
Seychelles,SYC,2020,463.37933,30056.2,120299,Sub-Saharan Africa (WB)
Seychelles,SYC,2021,,29979.828,123000,Sub-Saharan Africa (WB)
Seychelles,SYC,2022,,27978.178,125533,Sub-Saharan Africa (WB)
Seychelles,SYC,2023,,28635.355,127961,Sub-Saharan Africa (WB)
Seychelles,SYC,2024,,29241.775,127961,Sub-Saharan Africa (WB)
Sierra Leone,SLE,1990,,2703.599,4196834,Sub-Saharan Africa (WB)
Sierra Leone,SLE,1991,,2734.9685,4246268,Sub-Saharan Africa (WB)
Sierra Leone,SLE,1992,,2257.4495,4166368,Sub-Saharan Africa (WB)
Sierra Leone,SLE,1993,,2293.5635,4157128,Sub-Saharan Africa (WB)
Sierra Leone,SLE,1994,,2240.29,4173111,Sub-Saharan Africa (WB)
Sierra Leone,SLE,1995,,2058.077,4179178,Sub-Saharan Africa (WB)
Sierra Leone,SLE,1996,,2084.1821,4199215,Sub-Saharan Africa (WB)
Sierra Leone,SLE,1997,,1936.5565,4253710,Sub-Saharan Africa (WB)
Sierra Leone,SLE,1998,,1951.8209,4295783,Sub-Saharan Africa (WB)
Sierra Leone,SLE,1999,,1903.3269,4318047,Sub-Saharan Africa (WB)
Sierra Leone,SLE,2000,,1981.5061,4423615,Sub-Saharan Africa (WB)
Sierra Leone,SLE,2001,,1749.3508,4692715,Sub-Saharan Africa (WB)
Sierra Leone,SLE,2002,,2089.2615,4971435,Sub-Saharan Africa (WB)
Sierra Leone,SLE,2003,,2196.2812,5177686,Sub-Saharan Africa (WB)
Sierra Leone,SLE,2004,,2260.8381,5355715,Sub-Saharan Africa (WB)
Sierra Leone,SLE,2005,,2296.6577,5501707,Sub-Saharan Africa (WB)
Sierra Leone,SLE,2006,,2342.7546,5624464,Sub-Saharan Africa (WB)
Sierra Leone,SLE,2007,,2377.8054,5749353,Sub-Saharan Africa (WB)
Sierra Leone,SLE,2008,,2404.652,5894728,Sub-Saharan Africa (WB)
Sierra Leone,SLE,2009,,2376.5825,6055655,Sub-Saharan Africa (WB)
Sierra Leone,SLE,2010,,2459.768,6222715,Sub-Saharan Africa (WB)
Sierra Leone,SLE,2011,,2590.5283,6387258,Sub-Saharan Africa (WB)
Sierra Leone,SLE,2012,,2792.9263,6551078,Sub-Saharan Africa (WB)
Sierra Leone,SLE,2013,,3124.7283,6714057,Sub-Saharan Africa (WB)
Sierra Leone,SLE,2014,,2812.5283,6876385,Sub-Saharan Africa (WB)
Sierra Leone,SLE,2015,,2628.1707,7037660,Sub-Saharan Africa (WB)
Sierra Leone,SLE,2016,,2732.261,7205339,Sub-Saharan Africa (WB)
Sierra Leone,SLE,2017,316,2753.4272,7379300,Sub-Saharan Africa (WB)
Sierra Leone,SLE,2018,315.87595,2767.3801,7554568,Sub-Saharan Africa (WB)
Sierra Leone,SLE,2019,,2852.6626,7731994,Sub-Saharan Africa (WB)
Sierra Leone,SLE,2020,315.87595,2752.6262,7912557,Sub-Saharan Africa (WB)
Sierra Leone,SLE,2021,,2849.3887,8094603,Sub-Saharan Africa (WB)
Sierra Leone,SLE,2022,,2934.7332,8276809,Sub-Saharan Africa (WB)
Sierra Leone,SLE,2023,,3034.946,8460523,Sub-Saharan Africa (WB)
Sierra Leone,SLE,2024,,3098.763,8460523,Sub-Saharan Africa (WB)
Singapore,SGP,1990,,45567.79,3039593,East Asia and Pacific (WB)
Singapore,SGP,1991,,47251.695,3136294,East Asia and Pacific (WB)
Singapore,SGP,1992,,48897.81,3226461,East Asia and Pacific (WB)
Singapore,SGP,1993,,53139.844,3317892,East Asia and Pacific (WB)
Singapore,SGP,1994,,57213.098,3417818,East Asia and Pacific (WB)
Singapore,SGP,1995,,59483.637,3533624,East Asia and Pacific (WB)
Singapore,SGP,1996,,61381.754,3664566,East Asia and Pacific (WB)
Singapore,SGP,1997,,64291.203,3796629,East Asia and Pacific (WB)
Singapore,SGP,1998,,60782.195,3901418,East Asia and Pacific (WB)
Singapore,SGP,1999,,63746.48,3966562,East Asia and Pacific (WB)
Singapore,SGP,2000,,68314.55,4035251,East Asia and Pacific (WB)
Singapore,SGP,2001,,65784.4,4116169,East Asia and Pacific (WB)
Singapore,SGP,2002,,67744.27,4146898,East Asia and Pacific (WB)
Singapore,SGP,2003,,71877.53,4138241,East Asia and Pacific (WB)
Singapore,SGP,2004,,78039.02,4172767,East Asia and Pacific (WB)
Singapore,SGP,2005,,81841.16,4268363,East Asia and Pacific (WB)
Singapore,SGP,2006,,86463.83,4407064,East Asia and Pacific (WB)
Singapore,SGP,2007,,90417.805,4596516,East Asia and Pacific (WB)
Singapore,SGP,2008,,87329.59,4806742,East Asia and Pacific (WB)
Singapore,SGP,2009,,84843.516,4968574,East Asia and Pacific (WB)
Singapore,SGP,2010,561.7329,95456.19,5077020,East Asia and Pacific (WB)
Singapore,SGP,2011,,99296.76,5182242,East Asia and Pacific (WB)
Singapore,SGP,2012,,101187.83,5293345,East Asia and Pacific (WB)
Singapore,SGP,2013,,104359.03,5385589,East Asia and Pacific (WB)
Singapore,SGP,2014,,107066.86,5457899,East Asia and Pacific (WB)
Singapore,SGP,2015,,108953.73,5525343,East Asia and Pacific (WB)
Singapore,SGP,2016,,111579.74,5577936,East Asia and Pacific (WB)
Singapore,SGP,2017,581,116471.82,5604087,East Asia and Pacific (WB)
Singapore,SGP,2018,580.8655,119927.766,5634366,East Asia and Pacific (WB)
Singapore,SGP,2019,,120114.13,5669562,East Asia and Pacific (WB)
Singapore,SGP,2020,575.27216,115893.04,5620151,East Asia and Pacific (WB)
Singapore,SGP,2021,,132617.36,5546291,East Asia and Pacific (WB)
Singapore,SGP,2022,,133571.97,5649888,East Asia and Pacific (WB)
Singapore,SGP,2023,,129555.24,5789092,East Asia and Pacific (WB)
Singapore,SGP,2024,,132569.53,5789092,East Asia and Pacific (WB)
Sint Maarten (Dutch part),SXM,2009,,50980.94,33514,Latin America and Caribbean (WB)
Sint Maarten (Dutch part),SXM,2010,,52140.6,33814,Latin America and Caribbean (WB)
Sint Maarten (Dutch part),SXM,2011,,53786.246,34288,Latin America and Caribbean (WB)
Sint Maarten (Dutch part),SXM,2012,,53357.004,35040,Latin America and Caribbean (WB)
Sint Maarten (Dutch part),SXM,2013,,52801.402,35871,Latin America and Caribbean (WB)
Sint Maarten (Dutch part),SXM,2014,,52439.473,36695,Latin America and Caribbean (WB)
Sint Maarten (Dutch part),SXM,2015,,51375.6,37490,Latin America and Caribbean (WB)
Sint Maarten (Dutch part),SXM,2016,,50817.68,38274,Latin America and Caribbean (WB)
Sint Maarten (Dutch part),SXM,2017,,46088.36,39012,Latin America and Caribbean (WB)
Sint Maarten (Dutch part),SXM,2018,,42154.1,39736,Latin America and Caribbean (WB)
Sint Maarten (Dutch part),SXM,2019,,45996.793,40410,Latin America and Caribbean (WB)
Sint Maarten (Dutch part),SXM,2020,,39265.76,41027,Latin America and Caribbean (WB)
Sint Maarten (Dutch part),SXM,2021,,40507.066,41593,Latin America and Caribbean (WB)
Sint Maarten (Dutch part),SXM,2022,,45515.652,42163,Latin America and Caribbean (WB)
Sint Maarten (Dutch part),SXM,2023,,46571.09,42775,Latin America and Caribbean (WB)
Sint Maarten (Dutch part),SXM,2024,,47303.195,42775,Latin America and Caribbean (WB)
Slovakia,SVK,1990,,17528.242,5266077,Europe and Central Asia (WB)
Slovakia,SVK,1991,,14962.115,5284876,Europe and Central Asia (WB)
Slovakia,SVK,1992,,13951.908,5306445,Europe and Central Asia (WB)
Slovakia,SVK,1993,,14163.014,5326363,Europe and Central Asia (WB)
Slovakia,SVK,1994,,14982.747,5343230,Europe and Central Asia (WB)
Slovakia,SVK,1995,,15811.925,5354287,Europe and Central Asia (WB)
Slovakia,SVK,1996,,16744.068,5362430,Europe and Central Asia (WB)
Slovakia,SVK,1997,,17630.04,5369781,Europe and Central Asia (WB)
Slovakia,SVK,1998,,18280.05,5374801,Europe and Central Asia (WB)
Slovakia,SVK,1999,,18174.98,5378105,Europe and Central Asia (WB)
Slovakia,SVK,2000,,18343.236,5380001,Europe and Central Asia (WB)
Slovakia,SVK,2001,,18914.39,5379439,Europe and Central Asia (WB)
Slovakia,SVK,2002,,19757.068,5377685,Europe and Central Asia (WB)
Slovakia,SVK,2003,,20730.25,5376197,Europe and Central Asia (WB)
Slovakia,SVK,2004,,21851.955,5376038,Europe and Central Asia (WB)
Slovakia,SVK,2005,,23266.758,5376697,Europe and Central Asia (WB)
Slovakia,SVK,2006,,25342.31,5376847,Europe and Central Asia (WB)
Slovakia,SVK,2007,,28075.807,5376993,Europe and Central Asia (WB)
Slovakia,SVK,2008,,29556.262,5379127,Europe and Central Asia (WB)
Slovakia,SVK,2009,,27891.896,5385074,Europe and Central Asia (WB)
Slovakia,SVK,2010,504.70273,29758.174,5391857,Europe and Central Asia (WB)
Slovakia,SVK,2011,,30481.377,5398105,Europe and Central Asia (WB)
Slovakia,SVK,2012,,30907.04,5404877,Europe and Central Asia (WB)
Slovakia,SVK,2013,,31090.988,5410422,Europe and Central Asia (WB)
Slovakia,SVK,2014,,31901.943,5415238,Europe and Central Asia (WB)
Slovakia,SVK,2015,,33521.594,5420278,Europe and Central Asia (WB)
Slovakia,SVK,2016,,34130.504,5427262,Europe and Central Asia (WB)
Slovakia,SVK,2017,500,35057.223,5435702,Europe and Central Asia (WB)
Slovakia,SVK,2018,500.31763,36430.793,5443229,Europe and Central Asia (WB)
Slovakia,SVK,2019,,37209.535,5450627,Europe and Central Asia (WB)
Slovakia,SVK,2020,485.35,36216.4,5455028,Europe and Central Asia (WB)
Slovakia,SVK,2021,,38346.094,5442766,Europe and Central Asia (WB)
Slovakia,SVK,2022,,38664.906,5473195,Europe and Central Asia (WB)
Slovakia,SVK,2023,,39518.223,5518057,Europe and Central Asia (WB)
Slovakia,SVK,2024,,40319.055,5518057,Europe and Central Asia (WB)
Slovenia,SVN,1990,,25345.049,1998010,Europe and Central Asia (WB)
Slovenia,SVN,1991,,23074.668,1999191,Europe and Central Asia (WB)
Slovenia,SVN,1992,,21845.963,1995862,Europe and Central Asia (WB)
Slovenia,SVN,1993,,22520.738,1990815,Europe and Central Asia (WB)
Slovenia,SVN,1994,,23747.986,1988262,Europe and Central Asia (WB)
Slovenia,SVN,1995,,24718.023,1988098,Europe and Central Asia (WB)
Slovenia,SVN,1996,,25454.125,1986792,Europe and Central Asia (WB)
Slovenia,SVN,1997,,26806.463,1984404,Europe and Central Asia (WB)
Slovenia,SVN,1998,,27688.094,1980071,Europe and Central Asia (WB)
Slovenia,SVN,1999,,29125.89,1981198,Europe and Central Asia (WB)
Slovenia,SVN,2000,,30055.572,1986817,Europe and Central Asia (WB)
Slovenia,SVN,2001,,30857.111,1989684,Europe and Central Asia (WB)
Slovenia,SVN,2002,,31830.555,1991571,Europe and Central Asia (WB)
Slovenia,SVN,2003,,32827.75,1992499,Europe and Central Asia (WB)
Slovenia,SVN,2004,,34298.13,1993548,Europe and Central Asia (WB)
Slovenia,SVN,2005,,35558.38,1996915,Europe and Central Asia (WB)
Slovenia,SVN,2006,,37539.46,2003116,Europe and Central Asia (WB)
Slovenia,SVN,2007,,39995.207,2014159,Europe and Central Asia (WB)
Slovenia,SVN,2008,,41278.61,2025090,Europe and Central Asia (WB)
Slovenia,SVN,2009,,37802.09,2035610,Europe and Central Asia (WB)
Slovenia,SVN,2010,515.78845,38056.18,2044611,Europe and Central Asia (WB)
Slovenia,SVN,2011,,38226.125,2048805,Europe and Central Asia (WB)
Slovenia,SVN,2012,,37033.766,2053322,Europe and Central Asia (WB)
Slovenia,SVN,2013,,36678.875,2056452,Europe and Central Asia (WB)
Slovenia,SVN,2014,,37655.2,2058395,Europe and Central Asia (WB)
Slovenia,SVN,2015,,38527.42,2059946,Europe and Central Asia (WB)
Slovenia,SVN,2016,,39667.457,2061379,Europe and Central Asia (WB)
Slovenia,SVN,2017,532,41692.836,2062410,Europe and Central Asia (WB)
Slovenia,SVN,2018,531.98975,43361.094,2069484,Europe and Central Asia (WB)
Slovenia,SVN,2019,,44569.586,2083438,Europe and Central Asia (WB)
Slovenia,SVN,2020,520.809,42463.562,2102421,Europe and Central Asia (WB)
Slovenia,SVN,2021,,45914.06,2113495,Europe and Central Asia (WB)
Slovenia,SVN,2022,,47050.066,2115231,Europe and Central Asia (WB)
Slovenia,SVN,2023,,47977.426,2118394,Europe and Central Asia (WB)
Slovenia,SVN,2024,,48648.906,2118394,Europe and Central Asia (WB)
Solomon Islands,SLB,1990,,2352.3992,331448,East Asia and Pacific (WB)
Solomon Islands,SLB,1991,,2418.3657,341743,East Asia and Pacific (WB)
Solomon Islands,SLB,1992,,2644.5005,352215,East Asia and Pacific (WB)
Solomon Islands,SLB,1993,,2669.676,362850,East Asia and Pacific (WB)
Solomon Islands,SLB,1994,,2802.2324,373685,East Asia and Pacific (WB)
Solomon Islands,SLB,1995,,2996.2717,384744,East Asia and Pacific (WB)
Solomon Islands,SLB,1996,,2957.819,396017,East Asia and Pacific (WB)
Solomon Islands,SLB,1997,,2848.3196,407480,East Asia and Pacific (WB)
Solomon Islands,SLB,1998,,2805.266,419078,East Asia and Pacific (WB)
Solomon Islands,SLB,1999,,2717.527,430511,East Asia and Pacific (WB)
Solomon Islands,SLB,2000,,2276.822,440481,East Asia and Pacific (WB)
Solomon Islands,SLB,2001,,2055.2744,449137,East Asia and Pacific (WB)
Solomon Islands,SLB,2002,,1960.4238,457676,East Asia and Pacific (WB)
Solomon Islands,SLB,2003,,2050.3086,466164,East Asia and Pacific (WB)
Solomon Islands,SLB,2004,,2168.5059,474618,East Asia and Pacific (WB)
Solomon Islands,SLB,2005,,2287.2737,483090,East Asia and Pacific (WB)
Solomon Islands,SLB,2006,,2340.6516,491602,East Asia and Pacific (WB)
Solomon Islands,SLB,2007,,2384.3179,500168,East Asia and Pacific (WB)
Solomon Islands,SLB,2008,,2489.783,508802,East Asia and Pacific (WB)
Solomon Islands,SLB,2009,,2514.891,518150,East Asia and Pacific (WB)
Solomon Islands,SLB,2010,,2682.2854,532976,East Asia and Pacific (WB)
Solomon Islands,SLB,2011,,2777.4785,552958,East Asia and Pacific (WB)
Solomon Islands,SLB,2012,,2743.4585,573623,East Asia and Pacific (WB)
Solomon Islands,SLB,2013,,2783.5918,594952,East Asia and Pacific (WB)
Solomon Islands,SLB,2014,,2716.422,616915,East Asia and Pacific (WB)
Solomon Islands,SLB,2015,,2664.7249,639423,East Asia and Pacific (WB)
Solomon Islands,SLB,2016,,2715.2336,662387,East Asia and Pacific (WB)
Solomon Islands,SLB,2017,362,2703.6636,685677,East Asia and Pacific (WB)
Solomon Islands,SLB,2018,362.19495,2686.119,709109,East Asia and Pacific (WB)
Solomon Islands,SLB,2019,,2661.6167,728156,East Asia and Pacific (WB)
Solomon Islands,SLB,2020,350.51862,2515.1414,744505,East Asia and Pacific (WB)
Solomon Islands,SLB,2021,,2449.87,762594,East Asia and Pacific (WB)
Solomon Islands,SLB,2022,,2330.103,781075,East Asia and Pacific (WB)
Solomon Islands,SLB,2023,,2339.575,800014,East Asia and Pacific (WB)
Solomon Islands,SLB,2024,,2353.248,800014,East Asia and Pacific (WB)
Somalia,SOM,1991,,837.267,6813762,Sub-Saharan Africa (WB)
Somalia,SOM,1992,,803.78705,6495109,Sub-Saharan Africa (WB)
Somalia,SOM,1993,,812.5573,6681406,Sub-Saharan Africa (WB)
Somalia,SOM,1994,,634.7277,7026804,Sub-Saharan Africa (WB)
Somalia,SOM,1995,,636.66205,7285013,Sub-Saharan Africa (WB)
Somalia,SOM,1996,,663.35114,7554476,Sub-Saharan Africa (WB)
Somalia,SOM,1997,,648.01715,7824531,Sub-Saharan Africa (WB)
Somalia,SOM,1998,,662.67487,8155414,Sub-Saharan Africa (WB)
Somalia,SOM,1999,,682.9791,8492066,Sub-Saharan Africa (WB)
Somalia,SOM,2000,,702.8501,8838714,Sub-Saharan Africa (WB)
Somalia,SOM,2001,,723.37976,9198495,Sub-Saharan Africa (WB)
Somalia,SOM,2002,,749.9136,9550069,Sub-Saharan Africa (WB)
Somalia,SOM,2003,,777.8846,9909161,Sub-Saharan Africa (WB)
Somalia,SOM,2004,,803.05975,10281001,Sub-Saharan Africa (WB)
Somalia,SOM,2005,,830.80725,10644234,Sub-Saharan Africa (WB)
Somalia,SOM,2006,,857.99365,10975502,Sub-Saharan Africa (WB)
Somalia,SOM,2007,,887.3693,11322581,Sub-Saharan Africa (WB)
Somalia,SOM,2008,,919.1321,11663090,Sub-Saharan Africa (WB)
Somalia,SOM,2009,,956.22034,11961205,Sub-Saharan Africa (WB)
Somalia,SOM,2010,,995.2256,12261761,Sub-Saharan Africa (WB)
Somalia,SOM,2011,,1054.3622,12348829,Sub-Saharan Africa (WB)
Somalia,SOM,2012,,1114.8042,12461163,Sub-Saharan Africa (WB)
Somalia,SOM,2013,,1197.7217,12869599,Sub-Saharan Africa (WB)
Somalia,SOM,2014,,1259.2743,13339497,Sub-Saharan Africa (WB)
Somalia,SOM,2015,,1343.9252,13806969,Sub-Saharan Africa (WB)
Somalia,SOM,2016,,1384.1552,14348741,Sub-Saharan Africa (WB)
Somalia,SOM,2017,,1527.6603,14916630,Sub-Saharan Africa (WB)
Somalia,SOM,2018,,1504.9791,15452489,Sub-Saharan Africa (WB)
Somalia,SOM,2019,,1491.2949,16030969,Sub-Saharan Africa (WB)
Somalia,SOM,2020,,1396.0554,16651200,Sub-Saharan Africa (WB)
Somalia,SOM,2021,,1392.3179,17271435,Sub-Saharan Africa (WB)
Somalia,SOM,2022,,1387.5475,17801895,Sub-Saharan Africa (WB)
Somalia,SOM,2023,,1401.6473,18358622,Sub-Saharan Africa (WB)
Somalia,SOM,2024,,1409.335,18358622,Sub-Saharan Africa (WB)
South Africa,ZAF,1990,,10811.151,40746274,Sub-Saharan Africa (WB)
South Africa,ZAF,1991,,10459.356,41687903,Sub-Saharan Africa (WB)
South Africa,ZAF,1992,,10053.61,42443510,Sub-Saharan Africa (WB)
South Africa,ZAF,1993,,9976.965,43297155,Sub-Saharan Africa (WB)
South Africa,ZAF,1994,,10130.806,44004140,Sub-Saharan Africa (WB)
South Africa,ZAF,1995,,10318.839,44541557,Sub-Saharan Africa (WB)
South Africa,ZAF,1996,,10623.86,45123023,Sub-Saharan Africa (WB)
South Africa,ZAF,1997,,10770.278,45666835,Sub-Saharan Africa (WB)
South Africa,ZAF,1998,,10693.688,46223888,Sub-Saharan Africa (WB)
South Africa,ZAF,1999,,10831.659,46730331,Sub-Saharan Africa (WB)
South Africa,ZAF,2000,,11183.825,47159715,Sub-Saharan Africa (WB)
South Africa,ZAF,2001,,11387.492,47566805,Sub-Saharan Africa (WB)
South Africa,ZAF,2002,,11697.565,48019414,Sub-Saharan Africa (WB)
South Africa,ZAF,2003,,11923.121,48500351,Sub-Saharan Africa (WB)
South Africa,ZAF,2004,,12341.21,48991420,Sub-Saharan Africa (WB)
South Africa,ZAF,2005,,12861.563,49490041,Sub-Saharan Africa (WB)
South Africa,ZAF,2006,,13444.233,49998271,Sub-Saharan Africa (WB)
South Africa,ZAF,2007,,14016.244,50528575,Sub-Saharan Africa (WB)
South Africa,ZAF,2008,,14297.688,51114595,Sub-Saharan Africa (WB)
South Africa,ZAF,2009,,13910.702,51728518,Sub-Saharan Africa (WB)
South Africa,ZAF,2010,381.36694,14164.996,52344047,Sub-Saharan Africa (WB)
South Africa,ZAF,2011,,14434.261,52995212,Sub-Saharan Africa (WB)
South Africa,ZAF,2012,,14563.763,53782570,Sub-Saharan Africa (WB)
South Africa,ZAF,2013,,14681.097,54678789,Sub-Saharan Africa (WB)
South Africa,ZAF,2014,,14643.339,55594840,Sub-Saharan Africa (WB)
South Africa,ZAF,2015,,14541.675,56723536,Sub-Saharan Africa (WB)
South Africa,ZAF,2016,,14501.281,57259550,Sub-Saharan Africa (WB)
South Africa,ZAF,2017,343,14573.598,57635158,Sub-Saharan Africa (WB)
South Africa,ZAF,2018,342.76398,14553.562,58613001,Sub-Saharan Africa (WB)
South Africa,ZAF,2019,,14352.67,59587880,Sub-Saharan Africa (WB)
South Africa,ZAF,2020,342.76398,13250.566,60562374,Sub-Saharan Africa (WB)
South Africa,ZAF,2021,,13681.955,61502602,Sub-Saharan Africa (WB)
South Africa,ZAF,2022,,13767.497,62378417,Sub-Saharan Africa (WB)
South Africa,ZAF,2023,,13695.376,63212386,Sub-Saharan Africa (WB)
South Africa,ZAF,2024,,13597.654,63212386,Sub-Saharan Africa (WB)
South Asia (WB),WB_SA,1990,,2221.104,,
South Asia (WB),WB_SA,1991,,2207.1523,,
South Asia (WB),WB_SA,1992,,2278.2957,,
South Asia (WB),WB_SA,1993,,2338.6492,,
South Asia (WB),WB_SA,1994,,2437.5273,,
South Asia (WB),WB_SA,1995,,2561.1387,,
South Asia (WB),WB_SA,1996,,2688.7488,,
South Asia (WB),WB_SA,1997,,2747.1846,,
South Asia (WB),WB_SA,1998,,2855.9998,,
South Asia (WB),WB_SA,1999,,3032.5386,,
South Asia (WB),WB_SA,2000,,3097.8066,,
South Asia (WB),WB_SA,2001,,3182.3164,,
South Asia (WB),WB_SA,2002,,3244.373,,
South Asia (WB),WB_SA,2003,,3427.977,,
South Asia (WB),WB_SA,2004,,3626.66,,
South Asia (WB),WB_SA,2005,,3844.0063,,
South Asia (WB),WB_SA,2006,,4085.0732,,
South Asia (WB),WB_SA,2007,,4330.3027,,
South Asia (WB),WB_SA,2008,,4419.832,,
South Asia (WB),WB_SA,2009,,4683.4233,,
South Asia (WB),WB_SA,2010,,4997.842,,
South Asia (WB),WB_SA,2011,,5199.3984,,
South Asia (WB),WB_SA,2012,,5421.17,,
South Asia (WB),WB_SA,2013,,5690.3267,,
South Asia (WB),WB_SA,2014,,6029.549,,
South Asia (WB),WB_SA,2015,,6420.3975,,
South Asia (WB),WB_SA,2016,,6853.8364,,
South Asia (WB),WB_SA,2017,,7237.9014,,
South Asia (WB),WB_SA,2018,,7622.251,,
South Asia (WB),WB_SA,2019,,7857.6147,,
South Asia (WB),WB_SA,2020,,7399.215,,
South Asia (WB),WB_SA,2021,,8015.357,,
South Asia (WB),WB_SA,2022,,8522.025,,
South Asia (WB),WB_SA,2023,,9169.174,,
South Asia (WB),WB_SA,2024,,9654.166,,
South Korea,KOR,1990,,14377.884,44081425,East Asia and Pacific (WB)
South Korea,KOR,1991,,15784.467,44439146,East Asia and Pacific (WB)
South Korea,KOR,1992,,16613.49,44653699,East Asia and Pacific (WB)
South Korea,KOR,1993,,17595.904,44887721,East Asia and Pacific (WB)
South Korea,KOR,1994,,19052.299,45130842,East Asia and Pacific (WB)
South Korea,KOR,1995,,20697.896,45368425,East Asia and Pacific (WB)
South Korea,KOR,1996,,22139.797,45638701,East Asia and Pacific (WB)
South Korea,KOR,1997,,23311.043,45941541,East Asia and Pacific (WB)
South Korea,KOR,1998,,22000.338,46230885,East Asia and Pacific (WB)
South Korea,KOR,1999,,24382.25,46500382,East Asia and Pacific (WB)
South Korea,KOR,2000,,26404.158,46766660,East Asia and Pacific (WB)
South Korea,KOR,2001,,27440.656,47043467,East Asia and Pacific (WB)
South Korea,KOR,2002,,29395.277,47299118,East Asia and Pacific (WB)
South Korea,KOR,2003,,30142.46,47514158,East Asia and Pacific (WB)
South Korea,KOR,2004,,31579.527,47697076,East Asia and Pacific (WB)
South Korea,KOR,2005,,32886.047,47851646,East Asia and Pacific (WB)
South Korea,KOR,2006,,34429.62,48006518,East Asia and Pacific (WB)
South Korea,KOR,2007,,36257.34,48178122,East Asia and Pacific (WB)
South Korea,KOR,2008,,37064.152,48356485,East Asia and Pacific (WB)
South Korea,KOR,2009,,37176.195,48546690,East Asia and Pacific (WB)
South Korea,KOR,2010,559.3654,39574.05,48769329,East Asia and Pacific (WB)
South Korea,KOR,2011,,40719.227,49127640,East Asia and Pacific (WB)
South Korea,KOR,2012,,41537.67,49599580,East Asia and Pacific (WB)
South Korea,KOR,2013,,42709.977,50071168,East Asia and Pacific (WB)
South Korea,KOR,2014,,43806.926,50539055,East Asia and Pacific (WB)
South Korea,KOR,2015,,44849.105,50983909,East Asia and Pacific (WB)
South Korea,KOR,2016,,46088.242,51297836,East Asia and Pacific (WB)
South Korea,KOR,2017,563,47536.79,51486268,East Asia and Pacific (WB)
South Korea,KOR,2018,563.12585,48834.445,51640894,East Asia and Pacific (WB)
South Korea,KOR,2019,,49790.867,51767844,East Asia and Pacific (WB)
South Korea,KOR,2020,537.2097,49374.094,51858481,East Asia and Pacific (WB)
South Korea,KOR,2021,,51718.25,51848401,East Asia and Pacific (WB)
South Korea,KOR,2022,,53228.605,51782515,East Asia and Pacific (WB)
South Korea,KOR,2023,,54029.344,51748744,East Asia and Pacific (WB)
South Korea,KOR,2024,,55070.938,51748744,East Asia and Pacific (WB)
South Sudan,SSD,2017,336,,10259150,Sub-Saharan Africa (WB)
South Sudan,SSD,2018,335.58743,,10122983,Sub-Saharan Africa (WB)
South Sudan,SSD,2020,335.58743,,10698471,Sub-Saharan Africa (WB)
Spain,ESP,1990,,31773.227,39084975,Europe and Central Asia (WB)
Spain,ESP,1991,,32499.348,39201750,Europe and Central Asia (WB)
Spain,ESP,1992,,32641.082,39420344,Europe and Central Asia (WB)
Spain,ESP,1993,,32137.314,39651627,Europe and Central Asia (WB)
Spain,ESP,1994,,32746.93,39858721,Europe and Central Asia (WB)
Spain,ESP,1995,,33501.73,40052733,Europe and Central Asia (WB)
Spain,ESP,1996,,34232.38,40237375,Europe and Central Asia (WB)
Spain,ESP,1997,,35312.086,40423823,Europe and Central Asia (WB)
Spain,ESP,1998,,36679.094,40617436,Europe and Central Asia (WB)
Spain,ESP,1999,,38141.316,40812855,Europe and Central Asia (WB)
Spain,ESP,2000,,39945.9,41019772,Europe and Central Asia (WB)
Spain,ESP,2001,,41224.293,41245602,Europe and Central Asia (WB)
Spain,ESP,2002,,41766.04,41755703,Europe and Central Asia (WB)
Spain,ESP,2003,,42223.13,42506540,Europe and Central Asia (WB)
Spain,ESP,2004,,42793.39,43234562,Europe and Central Asia (WB)
Spain,ESP,2005,,43570.766,43958883,Europe and Central Asia (WB)
Spain,ESP,2006,,44572.68,44695446,Europe and Central Asia (WB)
Spain,ESP,2007,,45301.285,45516501,Europe and Central Asia (WB)
Spain,ESP,2008,,44926.348,46235055,Europe and Central Asia (WB)
Spain,ESP,2009,,42852.223,46635182,Europe and Central Asia (WB)
Spain,ESP,2010,500.58258,42695.527,46840469,Europe and Central Asia (WB)
Spain,ESP,2011,,42271.836,46998040,Europe and Central Asia (WB)
Spain,ESP,2012,,41034.047,47018323,Europe and Central Asia (WB)
Spain,ESP,2013,,40594.914,46860394,Europe and Central Asia (WB)
Spain,ESP,2014,,41339.41,46720187,Europe and Central Asia (WB)
Spain,ESP,2015,,43053.76,46683683,Europe and Central Asia (WB)
Spain,ESP,2016,,44274.668,46732768,Europe and Central Asia (WB)
Spain,ESP,2017,514,45446.25,46868594,Europe and Central Asia (WB)
Spain,ESP,2018,513.76514,46325.21,47092817,Europe and Central Asia (WB)
Spain,ESP,2019,,46896.418,47435121,Europe and Central Asia (WB)
Spain,ESP,2020,506.6212,41553.45,47679482,Europe and Central Asia (WB)
Spain,ESP,2021,,44251.664,47735670,Europe and Central Asia (WB)
Spain,ESP,2022,,46733.48,47828386,Europe and Central Asia (WB)
Spain,ESP,2023,,47322.594,47911583,Europe and Central Asia (WB)
Spain,ESP,2024,,48460.293,47911583,Europe and Central Asia (WB)
Sri Lanka,LKA,1990,,4561.579,16352460,South Asia (WB)
Sri Lanka,LKA,1991,,4735.8193,16475354,South Asia (WB)
Sri Lanka,LKA,1992,,4866.2393,16739297,South Asia (WB)
Sri Lanka,LKA,1993,,5114.4365,17025924,South Asia (WB)
Sri Lanka,LKA,1994,,5322.7295,17275777,South Asia (WB)
Sri Lanka,LKA,1995,,5523.312,17564065,South Asia (WB)
Sri Lanka,LKA,1996,,5624.024,17905020,South Asia (WB)
Sri Lanka,LKA,1997,,5871.723,18248205,South Asia (WB)
Sri Lanka,LKA,1998,,6032.622,18596006,South Asia (WB)
Sri Lanka,LKA,1999,,6176.2354,18944734,South Asia (WB)
Sri Lanka,LKA,2000,,6428.6133,19293056,South Asia (WB)
Sri Lanka,LKA,2001,,6230.031,19600361,South Asia (WB)
Sri Lanka,LKA,2002,,6409.863,19805750,South Asia (WB)
Sri Lanka,LKA,2003,,6741.0127,19951521,South Asia (WB)
Sri Lanka,LKA,2004,,7059.911,20087608,South Asia (WB)
Sri Lanka,LKA,2005,,7452.742,20216531,South Asia (WB)
Sri Lanka,LKA,2006,,7970.665,20352416,South Asia (WB)
Sri Lanka,LKA,2007,,8454.207,20492546,South Asia (WB)
Sri Lanka,LKA,2008,,8897.827,20629377,South Asia (WB)
Sri Lanka,LKA,2009,,9156.319,20756438,South Asia (WB)
Sri Lanka,LKA,2010,,9832.187,20879092,South Asia (WB)
Sri Lanka,LKA,2011,,10618.492,21009054,South Asia (WB)
Sri Lanka,LKA,2012,,11447.693,21169461,South Asia (WB)
Sri Lanka,LKA,2013,,12249.723,21358829,South Asia (WB)
Sri Lanka,LKA,2014,,12909.966,21547454,South Asia (WB)
Sri Lanka,LKA,2015,,13329.779,21729975,South Asia (WB)
Sri Lanka,LKA,2016,,13845.614,21910763,South Asia (WB)
Sri Lanka,LKA,2017,400,14572.485,22087525,South Asia (WB)
Sri Lanka,LKA,2018,400,14759.825,22253116,South Asia (WB)
Sri Lanka,LKA,2019,,14637.444,22410552,South Asia (WB)
Sri Lanka,LKA,2020,400,13886.651,22561808,South Asia (WB)
Sri Lanka,LKA,2021,,14316.135,22700377,South Asia (WB)
Sri Lanka,LKA,2022,,13249.065,22834965,South Asia (WB)
Sri Lanka,LKA,2023,,13024.94,22971615,South Asia (WB)
Sri Lanka,LKA,2024,,13752.837,22971615,South Asia (WB)
Sub-Saharan Africa (WB),WB_SSA,1990,,3775.4473,,
Sub-Saharan Africa (WB),WB_SSA,1991,,3692.9666,,
Sub-Saharan Africa (WB),WB_SSA,1992,,3585.89,,
Sub-Saharan Africa (WB),WB_SSA,1993,,3446.3987,,
Sub-Saharan Africa (WB),WB_SSA,1994,,3382.8987,,
Sub-Saharan Africa (WB),WB_SSA,1995,,3400.792,,
Sub-Saharan Africa (WB),WB_SSA,1996,,3482.8354,,
Sub-Saharan Africa (WB),WB_SSA,1997,,3531.2527,,
Sub-Saharan Africa (WB),WB_SSA,1998,,3529.4673,,
Sub-Saharan Africa (WB),WB_SSA,1999,,3509.318,,
Sub-Saharan Africa (WB),WB_SSA,2000,,3534.5173,,
Sub-Saharan Africa (WB),WB_SSA,2001,,3592.1694,,
Sub-Saharan Africa (WB),WB_SSA,2002,,3732.0852,,
Sub-Saharan Africa (WB),WB_SSA,2003,,3787.212,,
Sub-Saharan Africa (WB),WB_SSA,2004,,3938.5247,,
Sub-Saharan Africa (WB),WB_SSA,2005,,4064.7947,,
Sub-Saharan Africa (WB),WB_SSA,2006,,4196.0176,,
Sub-Saharan Africa (WB),WB_SSA,2007,,4334.8833,,
Sub-Saharan Africa (WB),WB_SSA,2008,,4442.5605,,
Sub-Saharan Africa (WB),WB_SSA,2009,,4476.266,,
Sub-Saharan Africa (WB),WB_SSA,2010,,4629.3413,,
Sub-Saharan Africa (WB),WB_SSA,2011,,4716.822,,
Sub-Saharan Africa (WB),WB_SSA,2012,,4779.451,,
Sub-Saharan Africa (WB),WB_SSA,2013,,4893.031,,
Sub-Saharan Africa (WB),WB_SSA,2014,,4999.522,,
Sub-Saharan Africa (WB),WB_SSA,2015,,5016.2275,,
Sub-Saharan Africa (WB),WB_SSA,2016,,4948.61,,
Sub-Saharan Africa (WB),WB_SSA,2017,,4944.827,,
Sub-Saharan Africa (WB),WB_SSA,2018,,4954.5625,,
Sub-Saharan Africa (WB),WB_SSA,2019,,4956.282,,
Sub-Saharan Africa (WB),WB_SSA,2020,,4674.73,,
Sub-Saharan Africa (WB),WB_SSA,2021,,4720.3574,,
Sub-Saharan Africa (WB),WB_SSA,2022,,4796.0664,,
Sub-Saharan Africa (WB),WB_SSA,2023,,4810.216,,
Sub-Saharan Africa (WB),WB_SSA,2024,,4872.6357,,
Sudan,SDN,1990,,2460.1887,22021484,Sub-Saharan Africa (WB)
Sudan,SDN,1991,,2591.8691,22470676,Sub-Saharan Africa (WB)
Sudan,SDN,1992,,2709.79,22927356,Sub-Saharan Africa (WB)
Sudan,SDN,1993,,2777.275,23445599,Sub-Saharan Africa (WB)
Sudan,SDN,1994,,2736.472,24043951,Sub-Saharan Africa (WB)
Sudan,SDN,1995,,2824.632,24672144,Sub-Saharan Africa (WB)
Sudan,SDN,1996,,2924.2908,25231534,Sub-Saharan Africa (WB)
Sudan,SDN,1997,,3380.1868,25799826,Sub-Saharan Africa (WB)
Sudan,SDN,1998,,3441.1792,26458999,Sub-Saharan Africa (WB)
Sudan,SDN,1999,,3459.23,27130619,Sub-Saharan Africa (WB)
Sudan,SDN,2000,,3575.852,27816748,Sub-Saharan Africa (WB)
Sudan,SDN,2001,,3701.5488,28516774,Sub-Saharan Africa (WB)
Sudan,SDN,2002,,3814.3132,29228728,Sub-Saharan Africa (WB)
Sudan,SDN,2003,,3946.9226,29896038,Sub-Saharan Africa (WB)
Sudan,SDN,2004,,4041.0571,30556641,Sub-Saharan Africa (WB)
Sudan,SDN,2005,,4152.3228,31262447,Sub-Saharan Africa (WB)
Sudan,SDN,2006,,4299.974,31992438,Sub-Saharan Africa (WB)
Sudan,SDN,2007,,4415.785,32764139,Sub-Saharan Africa (WB)
Sudan,SDN,2008,,4446.4097,33623980,Sub-Saharan Africa (WB)
Sudan,SDN,2009,,4188.0547,34569114,Sub-Saharan Africa (WB)
Sudan,SDN,2010,,4219.837,35414403,Sub-Saharan Africa (WB)
Sudan,SDN,2011,,4467.626,36140808,Sub-Saharan Africa (WB)
Sudan,SDN,2012,,4145.9316,36923175,Sub-Saharan Africa (WB)
Sudan,SDN,2013,,4130.486,37785852,Sub-Saharan Africa (WB)
Sudan,SDN,2014,,4207.5005,38823324,Sub-Saharan Africa (WB)
Sudan,SDN,2015,,4159.1943,40024433,Sub-Saharan Africa (WB)
Sudan,SDN,2016,,4174.561,41259892,Sub-Saharan Africa (WB)
Sudan,SDN,2017,380,4061.0183,42714311,Sub-Saharan Africa (WB)
Sudan,SDN,2018,379.63367,3816.66,44230597,Sub-Saharan Africa (WB)
Sudan,SDN,2019,,3625.5232,45548179,Sub-Saharan Africa (WB)
Sudan,SDN,2020,379.63367,3401.2498,46789237,Sub-Saharan Africa (WB)
Sudan,SDN,2021,,3248.9756,48066930,Sub-Saharan Africa (WB)
Sudan,SDN,2022,,3132.0771,49383344,Sub-Saharan Africa (WB)
Sudan,SDN,2023,,2181.079,50042800,Sub-Saharan Africa (WB)
Sudan,SDN,2024,,1861.398,50042800,Sub-Saharan Africa (WB)
Suriname,SUR,1990,,17137.65,412500,Latin America and Caribbean (WB)
Suriname,SUR,1991,,17493.496,415021,Latin America and Caribbean (WB)
Suriname,SUR,1992,,17455.125,417602,Latin America and Caribbean (WB)
Suriname,SUR,1993,,16217.166,419357,Latin America and Caribbean (WB)
Suriname,SUR,1994,,16648.535,422382,Latin America and Caribbean (WB)
Suriname,SUR,1995,,16368.312,429611,Latin America and Caribbean (WB)
Suriname,SUR,1996,,16184.5,438834,Latin America and Caribbean (WB)
Suriname,SUR,1997,,16754.352,448068,Latin America and Caribbean (WB)
Suriname,SUR,1998,,16789.756,457413,Latin America and Caribbean (WB)
Suriname,SUR,1999,,16217.518,466925,Latin America and Caribbean (WB)
Suriname,SUR,2000,,16220.179,476647,Latin America and Caribbean (WB)
Suriname,SUR,2001,,16556.943,486566,Latin America and Caribbean (WB)
Suriname,SUR,2002,,16678.072,496566,Latin America and Caribbean (WB)
Suriname,SUR,2003,,17383.502,506421,Latin America and Caribbean (WB)
Suriname,SUR,2004,,18585.518,513928,Latin America and Caribbean (WB)
Suriname,SUR,2005,,19220.283,519321,Latin America and Caribbean (WB)
Suriname,SUR,2006,,20113.67,525003,Latin America and Caribbean (WB)
Suriname,SUR,2007,,20902.139,531026,Latin America and Caribbean (WB)
Suriname,SUR,2008,,21515.812,537252,Latin America and Caribbean (WB)
Suriname,SUR,2009,,21906.41,543580,Latin America and Caribbean (WB)
Suriname,SUR,2010,,22772.475,549931,Latin America and Caribbean (WB)
Suriname,SUR,2011,,23829.533,556279,Latin America and Caribbean (WB)
Suriname,SUR,2012,,24193.842,562640,Latin America and Caribbean (WB)
Suriname,SUR,2013,,24624.021,569024,Latin America and Caribbean (WB)
Suriname,SUR,2014,,24414.355,575380,Latin America and Caribbean (WB)
Suriname,SUR,2015,,23327.525,581634,Latin America and Caribbean (WB)
Suriname,SUR,2016,,21950.412,587765,Latin America and Caribbean (WB)
Suriname,SUR,2017,,22070.514,593720,Latin America and Caribbean (WB)
Suriname,SUR,2018,,22938.535,599519,Latin America and Caribbean (WB)
Suriname,SUR,2019,,22966.74,605779,Latin America and Caribbean (WB)
Suriname,SUR,2020,,19091.361,612320,Latin America and Caribbean (WB)
Suriname,SUR,2021,,18458.234,617905,Latin America and Caribbean (WB)
Suriname,SUR,2022,,18742.588,623172,Latin America and Caribbean (WB)
Suriname,SUR,2023,,19020.867,628892,Latin America and Caribbean (WB)
Suriname,SUR,2024,,19179.102,628892,Latin America and Caribbean (WB)
Sweden,SWE,1990,,40549.31,8558571,Europe and Central Asia (WB)
Sweden,SWE,1991,,39812.316,8616955,Europe and Central Asia (WB)
Sweden,SWE,1992,,39120.926,8667576,Europe and Central Asia (WB)
Sweden,SWE,1993,,38090.945,8718038,Europe and Central Asia (WB)
Sweden,SWE,1994,,39340,8780190,Europe and Central Asia (WB)
Sweden,SWE,1995,,40736.426,8826298,Europe and Central Asia (WB)
Sweden,SWE,1996,,41364.984,8840330,Europe and Central Asia (WB)
Sweden,SWE,1997,,42608.414,8845525,Europe and Central Asia (WB)
Sweden,SWE,1998,,44392.844,8850606,Europe and Central Asia (WB)
Sweden,SWE,1999,,46221.81,8857691,Europe and Central Asia (WB)
Sweden,SWE,2000,,48284.8,8872099,Europe and Central Asia (WB)
Sweden,SWE,2001,,48810.645,8896018,Europe and Central Asia (WB)
Sweden,SWE,2002,,49760.215,8925045,Europe and Central Asia (WB)
Sweden,SWE,2003,,50507.934,8958434,Europe and Central Asia (WB)
Sweden,SWE,2004,,52412.41,8993805,Europe and Central Asia (WB)
Sweden,SWE,2005,,53661.316,9029771,Europe and Central Asia (WB)
Sweden,SWE,2006,,55855.496,9080628,Europe and Central Asia (WB)
Sweden,SWE,2007,,57230.79,9148280,Europe and Central Asia (WB)
Sweden,SWE,2008,,56262.47,9219903,Europe and Central Asia (WB)
Sweden,SWE,2009,,53411.2,9298738,Europe and Central Asia (WB)
Sweden,SWE,2010,512.2116,56003.27,9378234,Europe and Central Asia (WB)
Sweden,SWE,2011,,57340.504,9449263,Europe and Central Asia (WB)
Sweden,SWE,2012,,56682.02,9519477,Europe and Central Asia (WB)
Sweden,SWE,2013,,56843.164,9600620,Europe and Central Asia (WB)
Sweden,SWE,2014,,57574.05,9696438,Europe and Central Asia (WB)
Sweden,SWE,2015,,59468.355,9799483,Europe and Central Asia (WB)
Sweden,SWE,2016,,59977.387,9923281,Europe and Central Asia (WB)
Sweden,SWE,2017,525,60288.8,10057864,Europe and Central Asia (WB)
Sweden,SWE,2018,525.11035,60647.45,10175400,Europe and Central Asia (WB)
Sweden,SWE,2019,,61601.63,10279120,Europe and Central Asia (WB)
Sweden,SWE,2020,519.36176,59975.363,10353682,Europe and Central Asia (WB)
Sweden,SWE,2021,,62731.7,10416134,Europe and Central Asia (WB)
Sweden,SWE,2022,,63088.42,10487335,Europe and Central Asia (WB)
Sweden,SWE,2023,,62662.766,10551493,Europe and Central Asia (WB)
Sweden,SWE,2024,,62978.938,10551493,Europe and Central Asia (WB)
Switzerland,CHE,1990,,64010.758,6713168,Europe and Central Asia (WB)
Switzerland,CHE,1991,,62636.773,6796942,Europe and Central Asia (WB)
Switzerland,CHE,1992,,61922.89,6875049,Europe and Central Asia (WB)
Switzerland,CHE,1993,,61284.203,6938106,Europe and Central Asia (WB)
Switzerland,CHE,1994,,61569.598,6993594,Europe and Central Asia (WB)
Switzerland,CHE,1995,,61453.63,7040481,Europe and Central Asia (WB)
Switzerland,CHE,1996,,61471.168,7071885,Europe and Central Asia (WB)
Switzerland,CHE,1997,,62709.99,7089161,Europe and Central Asia (WB)
Switzerland,CHE,1998,,64418.387,7110294,Europe and Central Asia (WB)
Switzerland,CHE,1999,,65177.883,7144119,Europe and Central Asia (WB)
Switzerland,CHE,2000,,67378.39,7184003,Europe and Central Asia (WB)
Switzerland,CHE,2001,,68008.34,7226391,Europe and Central Asia (WB)
Switzerland,CHE,2002,,67446.41,7278744,Europe and Central Asia (WB)
Switzerland,CHE,2003,,66926.17,7333451,Europe and Central Asia (WB)
Switzerland,CHE,2004,,68263.44,7384196,Europe and Central Asia (WB)
Switzerland,CHE,2005,,69692.59,7431824,Europe and Central Asia (WB)
Switzerland,CHE,2006,,72077.86,7478514,Europe and Central Asia (WB)
Switzerland,CHE,2007,,74234.305,7545386,Europe and Central Asia (WB)
Switzerland,CHE,2008,,75355.2,7641730,Europe and Central Asia (WB)
Switzerland,CHE,2009,,72709.81,7737644,Europe and Central Asia (WB)
Switzerland,CHE,2010,534.6463,74290.266,7825750,Europe and Central Asia (WB)
Switzerland,CHE,2011,,74800.89,7914379,Europe and Central Asia (WB)
Switzerland,CHE,2012,,74883.62,7998927,Europe and Central Asia (WB)
Switzerland,CHE,2013,,75354.16,8091199,Europe and Central Asia (WB)
Switzerland,CHE,2014,,76189.6,8190238,Europe and Central Asia (WB)
Switzerland,CHE,2015,,76566.08,8283940,Europe and Central Asia (WB)
Switzerland,CHE,2016,,77301.21,8374903,Europe and Central Asia (WB)
Switzerland,CHE,2017,524,77626.91,8453630,Europe and Central Asia (WB)
Switzerland,CHE,2018,523.5563,79261.36,8516341,Europe and Central Asia (WB)
Switzerland,CHE,2019,,79596.7,8577525,Europe and Central Asia (WB)
Switzerland,CHE,2020,515.13904,77324.89,8640582,Europe and Central Asia (WB)
Switzerland,CHE,2021,,81001.414,8707019,Europe and Central Asia (WB)
Switzerland,CHE,2022,,82777.3,8792180,Europe and Central Asia (WB)
Switzerland,CHE,2023,,82295.3,8870564,Europe and Central Asia (WB)
Switzerland,CHE,2024,,82286.18,8870564,Europe and Central Asia (WB)
Syria,SYR,1990,,5828.4053,12579212,"Middle East, North Africa, Afghanistan and Pakistan (WB)"
Syria,SYR,1991,,6081.089,12980824,"Middle East, North Africa, Afghanistan and Pakistan (WB)"
Syria,SYR,1992,,6662.243,13385570,"Middle East, North Africa, Afghanistan and Pakistan (WB)"
Syria,SYR,1993,,6861.795,13795687,"Middle East, North Africa, Afghanistan and Pakistan (WB)"
Syria,SYR,1994,,7142.9536,14208585,"Middle East, North Africa, Afghanistan and Pakistan (WB)"
Syria,SYR,1995,,7431.354,14616804,"Middle East, North Africa, Afghanistan and Pakistan (WB)"
Syria,SYR,1996,,7943.4404,15018110,"Middle East, North Africa, Afghanistan and Pakistan (WB)"
Syria,SYR,1997,,8126.3657,15417539,"Middle East, North Africa, Afghanistan and Pakistan (WB)"
Syria,SYR,1998,,8456.783,15820409,"Middle East, North Africa, Afghanistan and Pakistan (WB)"
Syria,SYR,1999,,7951.39,16228064,"Middle East, North Africa, Afghanistan and Pakistan (WB)"
Syria,SYR,2000,,7807.93,16637884,"Middle East, North Africa, Afghanistan and Pakistan (WB)"
Syria,SYR,2001,,7698.397,17051337,"Middle East, North Africa, Afghanistan and Pakistan (WB)"
Syria,SYR,2002,,7811.816,17468335,"Middle East, North Africa, Afghanistan and Pakistan (WB)"
Syria,SYR,2003,,8177.545,17889297,"Middle East, North Africa, Afghanistan and Pakistan (WB)"
Syria,SYR,2004,,8528.656,18336879,"Middle East, North Africa, Afghanistan and Pakistan (WB)"
Syria,SYR,2005,,8828.946,18814092,"Middle East, North Africa, Afghanistan and Pakistan (WB)"
Syria,SYR,2006,,8885.806,19637016,"Middle East, North Africa, Afghanistan and Pakistan (WB)"
Syria,SYR,2007,,8829.309,20884136,"Middle East, North Africa, Afghanistan and Pakistan (WB)"
Syria,SYR,2008,,8903.772,21636566,"Middle East, North Africa, Afghanistan and Pakistan (WB)"
Syria,SYR,2009,,9284.102,21976971,"Middle East, North Africa, Afghanistan and Pakistan (WB)"
Syria,SYR,2010,,9546.561,22482417,"Middle East, North Africa, Afghanistan and Pakistan (WB)"
Syria,SYR,2011,,9648.824,22878104,"Middle East, North Africa, Afghanistan and Pakistan (WB)"
Syria,SYR,2012,,7144.3726,22759763,"Middle East, North Africa, Afghanistan and Pakistan (WB)"
Syria,SYR,2013,,5530.9746,21666921,"Middle East, North Africa, Afghanistan and Pakistan (WB)"
Syria,SYR,2014,,5301.6255,20273661,"Middle East, North Africa, Afghanistan and Pakistan (WB)"
Syria,SYR,2015,,5302.074,19424615,"Middle East, North Africa, Afghanistan and Pakistan (WB)"
Syria,SYR,2016,,5022.113,19193835,"Middle East, North Africa, Afghanistan and Pakistan (WB)"
Syria,SYR,2017,,4977.792,19224671,"Middle East, North Africa, Afghanistan and Pakistan (WB)"
Syria,SYR,2018,,4956.093,19577849,"Middle East, North Africa, Afghanistan and Pakistan (WB)"
Syria,SYR,2019,,4825.4062,20353536,"Middle East, North Africa, Afghanistan and Pakistan (WB)"
Syria,SYR,2020,,4633.3496,21049431,"Middle East, North Africa, Afghanistan and Pakistan (WB)"
Syria,SYR,2021,,4592.8384,21628837,"Middle East, North Africa, Afghanistan and Pakistan (WB)"
Syria,SYR,2022,,4454.8535,22462170,"Middle East, North Africa, Afghanistan and Pakistan (WB)"
Tajikistan,TJK,1990,,4173.046,5398773,Europe and Central Asia (WB)
Tajikistan,TJK,1991,,3777.1074,5541200,Europe and Central Asia (WB)
Tajikistan,TJK,1992,,2630.3865,5649397,Europe and Central Asia (WB)
Tajikistan,TJK,1993,,2169.9675,5725001,Europe and Central Asia (WB)
Tajikistan,TJK,1994,,1678.3385,5825371,Europe and Central Asia (WB)
Tajikistan,TJK,1995,,1439.5028,5948588,Europe and Central Asia (WB)
Tajikistan,TJK,1996,,1175.7941,6066524,Europe and Central Asia (WB)
Tajikistan,TJK,1997,,1181.2811,6139829,Europe and Central Asia (WB)
Tajikistan,TJK,1998,,1236.6755,6176403,Europe and Central Asia (WB)
Tajikistan,TJK,1999,,1275.8225,6208373,Europe and Central Asia (WB)
Tajikistan,TJK,2000,,1365.2333,6284737,Europe and Central Asia (WB)
Tajikistan,TJK,2001,,1467.3988,6407376,Europe and Central Asia (WB)
Tajikistan,TJK,2002,,1594.939,6531674,Europe and Central Asia (WB)
Tajikistan,TJK,2003,,1736.6404,6658575,Europe and Central Asia (WB)
Tajikistan,TJK,2004,,1878.287,6790555,Europe and Central Asia (WB)
Tajikistan,TJK,2005,,1965.3002,6924722,Europe and Central Asia (WB)
Tajikistan,TJK,2006,,2063.2886,7057566,Europe and Central Asia (WB)
Tajikistan,TJK,2007,,2181.898,7194479,Europe and Central Asia (WB)
Tajikistan,TJK,2008,,2308.0942,7338402,Europe and Central Asia (WB)
Tajikistan,TJK,2009,,2349.5002,7490232,Europe and Central Asia (WB)
Tajikistan,TJK,2010,,2449.2737,7652144,Europe and Central Asia (WB)
Tajikistan,TJK,2011,,2572.4807,7824788,Europe and Central Asia (WB)
Tajikistan,TJK,2012,,2700.0955,8014087,Europe and Central Asia (WB)
Tajikistan,TJK,2013,,2828.3855,8216733,Europe and Central Asia (WB)
Tajikistan,TJK,2014,,2943.0886,8425559,Europe and Central Asia (WB)
Tajikistan,TJK,2015,,3041.4448,8643839,Europe and Central Asia (WB)
Tajikistan,TJK,2016,,3169.9668,8865623,Europe and Central Asia (WB)
Tajikistan,TJK,2017,444,3312.712,9085942,Europe and Central Asia (WB)
Tajikistan,TJK,2018,444.44235,3479.6924,9307345,Europe and Central Asia (WB)
Tajikistan,TJK,2019,,3649.8838,9529970,Europe and Central Asia (WB)
Tajikistan,TJK,2020,390.56555,3724.749,9749312,Europe and Central Asia (WB)
Tajikistan,TJK,2021,,3985.9126,9966912,Europe and Central Asia (WB)
Tajikistan,TJK,2022,,4213.7563,10182228,Europe and Central Asia (WB)
Tajikistan,TJK,2023,,4472.324,10389807,Europe and Central Asia (WB)
Tajikistan,TJK,2024,,4755.933,10389807,Europe and Central Asia (WB)
Tanzania,TZA,1990,,1794.2046,26110210,Sub-Saharan Africa (WB)
Tanzania,TZA,1991,,1785.664,26780440,Sub-Saharan Africa (WB)
Tanzania,TZA,1992,,1751.9185,27457599,Sub-Saharan Africa (WB)
Tanzania,TZA,1993,,1718.3931,28332691,Sub-Saharan Africa (WB)
Tanzania,TZA,1994,,1679.6624,29442357,Sub-Saharan Africa (WB)
Tanzania,TZA,1995,,1685.8511,30383496,Sub-Saharan Africa (WB)
Tanzania,TZA,1996,,1730.5546,30945761,Sub-Saharan Africa (WB)
Tanzania,TZA,1997,,1755.8037,31578093,Sub-Saharan Africa (WB)
Tanzania,TZA,1998,,1773.7242,32420461,Sub-Saharan Africa (WB)
Tanzania,TZA,1999,,1810.9716,33300335,Sub-Saharan Africa (WB)
Tanzania,TZA,2000,,1839.9366,34260142,Sub-Saharan Africa (WB)
Tanzania,TZA,2001,,1899.7454,35198303,Sub-Saharan Africa (WB)
Tanzania,TZA,2002,,1982.6443,36121301,Sub-Saharan Africa (WB)
Tanzania,TZA,2003,,2059.8374,37089555,Sub-Saharan Africa (WB)
Tanzania,TZA,2004,,2155.2415,38109666,Sub-Saharan Africa (WB)
Tanzania,TZA,2005,,2253.0933,39182083,Sub-Saharan Africa (WB)
Tanzania,TZA,2006,,2334.1045,40294900,Sub-Saharan Africa (WB)
Tanzania,TZA,2007,,2423.616,41435508,Sub-Saharan Africa (WB)
Tanzania,TZA,2008,,2493.2593,42570728,Sub-Saharan Africa (WB)
Tanzania,TZA,2009,,2560.811,43633975,Sub-Saharan Africa (WB)
Tanzania,TZA,2010,,2654.8035,44758491,Sub-Saharan Africa (WB)
Tanzania,TZA,2011,,2779.7078,46029371,Sub-Saharan Africa (WB)
Tanzania,TZA,2012,,2822.4854,47374261,Sub-Saharan Africa (WB)
Tanzania,TZA,2013,,2924.8633,48824134,Sub-Saharan Africa (WB)
Tanzania,TZA,2014,,3027.569,50351506,Sub-Saharan Africa (WB)
Tanzania,TZA,2015,,3111.4446,52020958,Sub-Saharan Africa (WB)
Tanzania,TZA,2016,,3214.2468,53824012,Sub-Saharan Africa (WB)
Tanzania,TZA,2017,388,3318.2883,55652888,Sub-Saharan Africa (WB)
Tanzania,TZA,2018,388.48016,3392.6887,57437134,Sub-Saharan Africa (WB)
Tanzania,TZA,2019,,3484.6326,59174889,Sub-Saharan Africa (WB)
Tanzania,TZA,2020,388.48016,3449.8215,60972803,Sub-Saharan Africa (WB)
Tanzania,TZA,2021,,3493.083,62830410,Sub-Saharan Africa (WB)
Tanzania,TZA,2022,,3546.981,64711822,Sub-Saharan Africa (WB)
Tanzania,TZA,2023,,3620.7935,66617607,Sub-Saharan Africa (WB)
Tanzania,TZA,2024,,3713.263,66617607,Sub-Saharan Africa (WB)
Thailand,THA,1990,,8701.954,54738329,East Asia and Pacific (WB)
Thailand,THA,1991,,9294.031,55637436,East Asia and Pacific (WB)
Thailand,THA,1992,,9886.899,56528832,East Asia and Pacific (WB)
Thailand,THA,1993,,10538.816,57408198,East Asia and Pacific (WB)
Thailand,THA,1994,,11215.037,58260855,East Asia and Pacific (WB)
Thailand,THA,1995,,11953.92,59098231,East Asia and Pacific (WB)
Thailand,THA,1996,,12456.329,59920059,East Asia and Pacific (WB)
Thailand,THA,1997,,11952.85,60724588,East Asia and Pacific (WB)
Thailand,THA,1998,,10897.153,61522632,East Asia and Pacific (WB)
Thailand,THA,1999,,11253.388,62299039,East Asia and Pacific (WB)
Thailand,THA,2000,,11622.525,63007815,East Asia and Pacific (WB)
Thailand,THA,2001,,11901.318,63651137,East Asia and Pacific (WB)
Thailand,THA,2002,,12512.184,64266433,East Asia and Pacific (WB)
Thailand,THA,2003,,13287.305,64868164,East Asia and Pacific (WB)
Thailand,THA,2004,,13997.001,65452049,East Asia and Pacific (WB)
Thailand,THA,2005,,14458.255,66017415,East Asia and Pacific (WB)
Thailand,THA,2006,,15051.061,66567685,East Asia and Pacific (WB)
Thailand,THA,2007,,15742.655,67102388,East Asia and Pacific (WB)
Thailand,THA,2008,,15891.782,67619835,East Asia and Pacific (WB)
Thailand,THA,2009,,15665.903,68121077,East Asia and Pacific (WB)
Thailand,THA,2010,435.92398,16730.37,68579443,East Asia and Pacific (WB)
Thailand,THA,2011,,16766.348,69007212,East Asia and Pacific (WB)
Thailand,THA,2012,,17869.637,69436091,East Asia and Pacific (WB)
Thailand,THA,2013,,18242.426,69845112,East Asia and Pacific (WB)
Thailand,THA,2014,,18324.615,70216362,East Asia and Pacific (WB)
Thailand,THA,2015,,18811.998,70540787,East Asia and Pacific (WB)
Thailand,THA,2016,,19370.61,70859835,East Asia and Pacific (WB)
Thailand,THA,2017,436,20094.678,71160183,East Asia and Pacific (WB)
Thailand,THA,2018,436.4975,20879.902,71376081,East Asia and Pacific (WB)
Thailand,THA,2019,,21277.84,71522264,East Asia and Pacific (WB)
Thailand,THA,2020,426.59998,19957.258,71641484,East Asia and Pacific (WB)
Thailand,THA,2021,,20242.77,71727338,East Asia and Pacific (WB)
Thailand,THA,2022,,20762.795,71735321,East Asia and Pacific (WB)
Thailand,THA,2023,,21191.453,71702436,East Asia and Pacific (WB)
Thailand,THA,2024,,21740.541,71702436,East Asia and Pacific (WB)
Togo,TGO,1990,,2237.5999,3714023,Sub-Saharan Africa (WB)
Togo,TGO,1991,,2158.8792,3822637,Sub-Saharan Africa (WB)
Togo,TGO,1992,,2015.1356,3932581,Sub-Saharan Africa (WB)
Togo,TGO,1993,,1721.5737,3887976,Sub-Saharan Africa (WB)
Togo,TGO,1994,,1972.2474,3904183,Sub-Saharan Africa (WB)
Togo,TGO,1995,,2036.3816,4110452,Sub-Saharan Africa (WB)
Togo,TGO,1996,,2135.4558,4291129,Sub-Saharan Africa (WB)
Togo,TGO,1997,,2366.4028,4438798,Sub-Saharan Africa (WB)
Togo,TGO,1998,,2247.3489,4551633,Sub-Saharan Africa (WB)
Togo,TGO,1999,,2238.935,4665757,Sub-Saharan Africa (WB)
Togo,TGO,2000,,2160.9893,4783721,Sub-Saharan Africa (WB)
Togo,TGO,2001,,2122.0806,4904135,Sub-Saharan Africa (WB)
Togo,TGO,2002,,2147.9744,5027128,Sub-Saharan Africa (WB)
Togo,TGO,2003,,2234.9773,5154113,Sub-Saharan Africa (WB)
Togo,TGO,2004,,2157.0276,5281320,Sub-Saharan Africa (WB)
Togo,TGO,2005,,2004.2585,5413151,Sub-Saharan Africa (WB)
Togo,TGO,2006,,2000.5417,5569659,Sub-Saharan Africa (WB)
Togo,TGO,2007,,1920.2693,5748437,Sub-Saharan Africa (WB)
Togo,TGO,2008,,1941.1549,5936140,Sub-Saharan Africa (WB)
Togo,TGO,2009,,1989.83,6130944,Sub-Saharan Africa (WB)
Togo,TGO,2010,383.7178,2049.7805,6325791,Sub-Saharan Africa (WB)
Togo,TGO,2011,,2111.4749,6500577,Sub-Saharan Africa (WB)
Togo,TGO,2012,,2186.3096,6653719,Sub-Saharan Africa (WB)
Togo,TGO,2013,,2254.9883,6798851,Sub-Saharan Africa (WB)
Togo,TGO,2014,,2322.404,6937647,Sub-Saharan Africa (WB)
Togo,TGO,2015,,2388.426,7071500,Sub-Saharan Africa (WB)
Togo,TGO,2016,,2427.3003,7200883,Sub-Saharan Africa (WB)
Togo,TGO,2017,384,2462.2773,7324379,Sub-Saharan Africa (WB)
Togo,TGO,2018,383.7178,2517.3489,7458205,Sub-Saharan Africa (WB)
Togo,TGO,2019,,2577.516,7619916,Sub-Saharan Africa (WB)
Togo,TGO,2020,383.7178,2570.4832,7788058,Sub-Saharan Africa (WB)
Togo,TGO,2021,,2638.811,7936185,Sub-Saharan Africa (WB)
Togo,TGO,2022,,2739.6882,8068616,Sub-Saharan Africa (WB)
Togo,TGO,2023,,2842.2307,8223853,Sub-Saharan Africa (WB)
Togo,TGO,2024,,2960.7754,8223853,Sub-Saharan Africa (WB)
Tonga,TON,1990,,4487.8193,99717,East Asia and Pacific (WB)
Tonga,TON,1991,,4766.388,99911,East Asia and Pacific (WB)
Tonga,TON,1992,,4772.331,100045,East Asia and Pacific (WB)
Tonga,TON,1993,,4946.718,100120,East Asia and Pacific (WB)
Tonga,TON,1994,,5188.4395,100187,East Asia and Pacific (WB)
Tonga,TON,1995,,5508.3394,100240,East Asia and Pacific (WB)
Tonga,TON,1996,,5510.7085,100294,East Asia and Pacific (WB)
Tonga,TON,1997,,5455.9053,100691,East Asia and Pacific (WB)
Tonga,TON,1998,,5541.683,101406,East Asia and Pacific (WB)
Tonga,TON,1999,,5632.7227,102058,East Asia and Pacific (WB)
Tonga,TON,2000,,5808.265,102695,East Asia and Pacific (WB)
Tonga,TON,2001,,5860.0806,103305,East Asia and Pacific (WB)
Tonga,TON,2002,,6085.1133,103888,East Asia and Pacific (WB)
Tonga,TON,2003,,6053.88,104481,East Asia and Pacific (WB)
Tonga,TON,2004,,5900.4575,105088,East Asia and Pacific (WB)
Tonga,TON,2005,,5828.3706,105684,East Asia and Pacific (WB)
Tonga,TON,2006,,5670.914,106266,East Asia and Pacific (WB)
Tonga,TON,2007,,5506.652,106744,East Asia and Pacific (WB)
Tonga,TON,2008,,5758.5684,107036,East Asia and Pacific (WB)
Tonga,TON,2009,,5453.875,107219,East Asia and Pacific (WB)
Tonga,TON,2010,,5488.7505,107415,East Asia and Pacific (WB)
Tonga,TON,2011,,5847.444,107584,East Asia and Pacific (WB)
Tonga,TON,2012,,5907.267,107476,East Asia and Pacific (WB)
Tonga,TON,2013,,5951.6943,107093,East Asia and Pacific (WB)
Tonga,TON,2014,,6096.869,106627,East Asia and Pacific (WB)
Tonga,TON,2015,,6194.639,106110,East Asia and Pacific (WB)
Tonga,TON,2016,,6639.1367,105536,East Asia and Pacific (WB)
Tonga,TON,2017,376,6862.669,105373,East Asia and Pacific (WB)
Tonga,TON,2018,370.0203,6885.1025,105590,East Asia and Pacific (WB)
Tonga,TON,2019,,6858.839,105688,East Asia and Pacific (WB)
Tonga,TON,2020,385.9568,6980.41,105721,East Asia and Pacific (WB)
Tonga,TON,2021,,6929.177,105504,East Asia and Pacific (WB)
Tonga,TON,2022,,6810.61,105053,East Asia and Pacific (WB)
Tonga,TON,2023,,7030.419,104613,East Asia and Pacific (WB)
Trinidad and Tobago,TTO,1990,,11869.528,1252215,Latin America and Caribbean (WB)
Trinidad and Tobago,TTO,1991,,12142.349,1262174,Latin America and Caribbean (WB)
Trinidad and Tobago,TTO,1992,,13267.978,1271681,Latin America and Caribbean (WB)
Trinidad and Tobago,TTO,1993,,13088.707,1280474,Latin America and Caribbean (WB)
Trinidad and Tobago,TTO,1994,,13472.746,1288353,Latin America and Caribbean (WB)
Trinidad and Tobago,TTO,1995,,13912.313,1295167,Latin America and Caribbean (WB)
Trinidad and Tobago,TTO,1996,,14838.902,1300937,Latin America and Caribbean (WB)
Trinidad and Tobago,TTO,1997,,15895.244,1305838,Latin America and Caribbean (WB)
Trinidad and Tobago,TTO,1998,,17129.092,1310226,Latin America and Caribbean (WB)
Trinidad and Tobago,TTO,1999,,18440.574,1314711,Latin America and Caribbean (WB)
Trinidad and Tobago,TTO,2000,,19637.555,1319781,Latin America and Caribbean (WB)
Trinidad and Tobago,TTO,2001,,20366.754,1325573,Latin America and Caribbean (WB)
Trinidad and Tobago,TTO,2002,,21876.854,1332017,Latin America and Caribbean (WB)
Trinidad and Tobago,TTO,2003,,24910.822,1338718,Latin America and Caribbean (WB)
Trinidad and Tobago,TTO,2004,,26757.908,1345386,Latin America and Caribbean (WB)
Trinidad and Tobago,TTO,2005,,29536.44,1352040,Latin America and Caribbean (WB)
Trinidad and Tobago,TTO,2006,,33348.75,1358706,Latin America and Caribbean (WB)
Trinidad and Tobago,TTO,2007,,34793.645,1365381,Latin America and Caribbean (WB)
Trinidad and Tobago,TTO,2008,,35825.332,1372090,Latin America and Caribbean (WB)
Trinidad and Tobago,TTO,2009,,34212.27,1379056,Latin America and Caribbean (WB)
Trinidad and Tobago,TTO,2010,449.1272,35145.125,1386657,Latin America and Caribbean (WB)
Trinidad and Tobago,TTO,2011,,34769.76,1394990,Latin America and Caribbean (WB)
Trinidad and Tobago,TTO,2012,,36903.69,1403814,Latin America and Caribbean (WB)
Trinidad and Tobago,TTO,2013,,37994.07,1412658,Latin America and Caribbean (WB)
Trinidad and Tobago,TTO,2014,,39248.656,1421135,Latin America and Caribbean (WB)
Trinidad and Tobago,TTO,2015,,38963.965,1429190,Latin America and Caribbean (WB)
Trinidad and Tobago,TTO,2016,,35914.99,1437031,Latin America and Caribbean (WB)
Trinidad and Tobago,TTO,2017,458,34095.99,1445265,Latin America and Caribbean (WB)
Trinidad and Tobago,TTO,2018,458.28894,33710.02,1470522,Latin America and Caribbean (WB)
Trinidad and Tobago,TTO,2019,,33748.707,1484898,Latin America and Caribbean (WB)
Trinidad and Tobago,TTO,2020,458.28894,30720.887,1481026,Latin America and Caribbean (WB)
Trinidad and Tobago,TTO,2021,,30482.121,1487715,Latin America and Caribbean (WB)
Trinidad and Tobago,TTO,2022,,30784.111,1495923,Latin America and Caribbean (WB)
Trinidad and Tobago,TTO,2023,,31196.604,1502938,Latin America and Caribbean (WB)
Trinidad and Tobago,TTO,2024,,31960.156,1502938,Latin America and Caribbean (WB)
Tunisia,TUN,1990,,6742.5845,8324509,"Middle East, North Africa, Afghanistan and Pakistan (WB)"
Tunisia,TUN,1991,,6859.7344,8501826,"Middle East, North Africa, Afghanistan and Pakistan (WB)"
Tunisia,TUN,1992,,7241.291,8682509,"Middle East, North Africa, Afghanistan and Pakistan (WB)"
Tunisia,TUN,1993,,7253.336,8857916,"Middle East, North Africa, Afghanistan and Pakistan (WB)"
Tunisia,TUN,1994,,7350.656,9018447,"Middle East, North Africa, Afghanistan and Pakistan (WB)"
Tunisia,TUN,1995,,7406.239,9161263,"Middle East, North Africa, Afghanistan and Pakistan (WB)"
Tunisia,TUN,1996,,7821.792,9294433,"Middle East, North Africa, Afghanistan and Pakistan (WB)"
Tunisia,TUN,1997,,8136.3374,9421273,"Middle East, North Africa, Afghanistan and Pakistan (WB)"
Tunisia,TUN,1998,,8417.985,9541669,"Middle East, North Africa, Afghanistan and Pakistan (WB)"
Tunisia,TUN,1999,,8821.988,9655966,"Middle East, North Africa, Afghanistan and Pakistan (WB)"
Tunisia,TUN,2000,,9134.415,9764940,"Middle East, North Africa, Afghanistan and Pakistan (WB)"
Tunisia,TUN,2001,,9380.563,9869679,"Middle East, North Africa, Afghanistan and Pakistan (WB)"
Tunisia,TUN,2002,,9407.557,9971521,"Middle East, North Africa, Afghanistan and Pakistan (WB)"
Tunisia,TUN,2003,,9752.024,10071638,"Middle East, North Africa, Afghanistan and Pakistan (WB)"
Tunisia,TUN,2004,,10263.806,10166170,"Middle East, North Africa, Afghanistan and Pakistan (WB)"
Tunisia,TUN,2005,,10529.16,10255474,"Middle East, North Africa, Afghanistan and Pakistan (WB)"
Tunisia,TUN,2006,,10983.922,10346408,"Middle East, North Africa, Afghanistan and Pakistan (WB)"
Tunisia,TUN,2007,,11613.925,10441705,"Middle East, North Africa, Afghanistan and Pakistan (WB)"
Tunisia,TUN,2008,,11990.196,10542637,"Middle East, North Africa, Afghanistan and Pakistan (WB)"
Tunisia,TUN,2009,,12229.775,10650682,"Middle East, North Africa, Afghanistan and Pakistan (WB)"
Tunisia,TUN,2010,404.89905,12458.271,10765984,"Middle East, North Africa, Afghanistan and Pakistan (WB)"
Tunisia,TUN,2011,,12068.714,10886041,"Middle East, North Africa, Afghanistan and Pakistan (WB)"
Tunisia,TUN,2012,,12436.3955,11009649,"Middle East, North Africa, Afghanistan and Pakistan (WB)"
Tunisia,TUN,2013,,12587.995,11141365,"Middle East, North Africa, Afghanistan and Pakistan (WB)"
Tunisia,TUN,2014,,12824.003,11274295,"Middle East, North Africa, Afghanistan and Pakistan (WB)"
Tunisia,TUN,2015,,12802.792,11402270,"Middle East, North Africa, Afghanistan and Pakistan (WB)"
Tunisia,TUN,2016,,12803.88,11528676,"Middle East, North Africa, Afghanistan and Pakistan (WB)"
Tunisia,TUN,2017,384,12955.401,11650504,"Middle East, North Africa, Afghanistan and Pakistan (WB)"
Tunisia,TUN,2018,384.07874,13163.195,11765515,"Middle East, North Africa, Afghanistan and Pakistan (WB)"
Tunisia,TUN,2019,,13243.902,11875084,"Middle East, North Africa, Afghanistan and Pakistan (WB)"
Tunisia,TUN,2020,384.07874,11955.599,11974058,"Middle East, North Africa, Afghanistan and Pakistan (WB)"
Tunisia,TUN,2021,,12444.326,12048625,"Middle East, North Africa, Afghanistan and Pakistan (WB)"
Tunisia,TUN,2022,,12712.224,12119338,"Middle East, North Africa, Afghanistan and Pakistan (WB)"
Tunisia,TUN,2023,,12650.962,12200434,"Middle East, North Africa, Afghanistan and Pakistan (WB)"
Tunisia,TUN,2024,,12774.916,12200434,"Middle East, North Africa, Afghanistan and Pakistan (WB)"
Turkey,TUR,1990,,12184.199,56015627,Europe and Central Asia (WB)
Turkey,TUR,1991,,12057.936,57009892,Europe and Central Asia (WB)
Turkey,TUR,1992,,12451.045,57990121,Europe and Central Asia (WB)
Turkey,TUR,1993,,13174.467,58999164,Europe and Central Asia (WB)
Turkey,TUR,1994,,12343.004,60033832,Europe and Central Asia (WB)
Turkey,TUR,1995,,13099.258,61024501,Europe and Central Asia (WB)
Turkey,TUR,1996,,13826.92,61951134,Europe and Central Asia (WB)
Turkey,TUR,1997,,14631.296,62852968,Europe and Central Asia (WB)
Turkey,TUR,1998,,14704.339,63734385,Europe and Central Asia (WB)
Turkey,TUR,1999,,14066.189,64591916,Europe and Central Asia (WB)
Turkey,TUR,2000,,14856.915,65425957,Europe and Central Asia (WB)
Turkey,TUR,2001,,13872.129,66245125,Europe and Central Asia (WB)
Turkey,TUR,2002,,14587.895,67048792,Europe and Central Asia (WB)
Turkey,TUR,2003,,15255.718,67831735,Europe and Central Asia (WB)
Turkey,TUR,2004,,16583.883,68592621,Europe and Central Asia (WB)
Turkey,TUR,2005,,17902.596,69329557,Europe and Central Asia (WB)
Turkey,TUR,2006,,18972.01,70045351,Europe and Central Asia (WB)
Turkey,TUR,2007,,19909.084,70750593,Europe and Central Asia (WB)
Turkey,TUR,2008,,19839.584,71562343,Europe and Central Asia (WB)
Turkey,TUR,2009,,18612.193,72464846,Europe and Central Asia (WB)
Turkey,TUR,2010,469.623,19897.447,73346766,Europe and Central Asia (WB)
Turkey,TUR,2011,,21760.43,74215203,Europe and Central Asia (WB)
Turkey,TUR,2012,,22517.715,75197196,Europe and Central Asia (WB)
Turkey,TUR,2013,,24117.312,76403032,Europe and Central Asia (WB)
Turkey,TUR,2014,,24888.852,78036154,Europe and Central Asia (WB)
Turkey,TUR,2015,,25984.803,80014222,Europe and Central Asia (WB)
Turkey,TUR,2016,,26489.645,81652087,Europe and Central Asia (WB)
Turkey,TUR,2017,459,28194.688,83083667,Europe and Central Asia (WB)
Turkey,TUR,2018,459.1798,28780.303,84415966,Europe and Central Asia (WB)
Turkey,TUR,2019,,28741.053,85357670,Europe and Central Asia (WB)
Turkey,TUR,2020,477.96265,28976.719,86091691,Europe and Central Asia (WB)
Turkey,TUR,2021,,32105.547,86686254,Europe and Central Asia (WB)
Turkey,TUR,2022,,33520.812,87058469,Europe and Central Asia (WB)
Turkey,TUR,2023,,35069.17,87270502,Europe and Central Asia (WB)
Turkey,TUR,2024,,36154.492,87270502,Europe and Central Asia (WB)
Turkmenistan,TKM,1990,,7925.498,3760561,Europe and Central Asia (WB)
Turkmenistan,TKM,1991,,7373.584,3855902,Europe and Central Asia (WB)
Turkmenistan,TKM,1992,,6128.9155,3944689,Europe and Central Asia (WB)
Turkmenistan,TKM,1993,,6085.5254,4032415,Europe and Central Asia (WB)
Turkmenistan,TKM,1994,,4929.734,4116662,Europe and Central Asia (WB)
Turkmenistan,TKM,1995,,4493.4277,4191207,Europe and Central Asia (WB)
Turkmenistan,TKM,1996,,4712.8335,4263818,Europe and Central Asia (WB)
Turkmenistan,TKM,1997,,4105.369,4336732,Europe and Central Asia (WB)
Turkmenistan,TKM,1998,,4323.302,4410511,Europe and Central Asia (WB)
Turkmenistan,TKM,1999,,4945.0854,4492174,Europe and Central Asia (WB)
Turkmenistan,TKM,2000,,5112.5293,4582675,Europe and Central Asia (WB)
Turkmenistan,TKM,2001,,5228.803,4675416,Europe and Central Asia (WB)
Turkmenistan,TKM,2002,,5138.871,4769473,Europe and Central Asia (WB)
Turkmenistan,TKM,2003,,5203.8545,4863871,Europe and Central Asia (WB)
Turkmenistan,TKM,2004,,5360.224,4958091,Europe and Central Asia (WB)
Turkmenistan,TKM,2005,,5945.9526,5052260,Europe and Central Asia (WB)
Turkmenistan,TKM,2006,,6476.828,5147103,Europe and Central Asia (WB)
Turkmenistan,TKM,2007,,7060.1484,5244047,Europe and Central Asia (WB)
Turkmenistan,TKM,2008,,7944.996,5345033,Europe and Central Asia (WB)
Turkmenistan,TKM,2009,,8264.865,5451597,Europe and Central Asia (WB)
Turkmenistan,TKM,2010,,8842.333,5564356,Europe and Central Asia (WB)
Turkmenistan,TKM,2011,,9929.689,5683413,Europe and Central Asia (WB)
Turkmenistan,TKM,2012,,10794.233,5808548,Europe and Central Asia (WB)
Turkmenistan,TKM,2013,,11633.291,5939348,Europe and Central Asia (WB)
Turkmenistan,TKM,2014,,12544.398,6075286,Europe and Central Asia (WB)
Turkmenistan,TKM,2015,,13057.83,6215773,Europe and Central Asia (WB)
Turkmenistan,TKM,2016,,13552.848,6360041,Europe and Central Asia (WB)
Turkmenistan,TKM,2017,,14107.667,6507065,Europe and Central Asia (WB)
Turkmenistan,TKM,2018,,14648.136,6655523,Europe and Central Asia (WB)
Turkmenistan,TKM,2019,,15231.306,6803943,Europe and Central Asia (WB)
Turkmenistan,TKM,2020,,15791.178,6949915,Europe and Central Asia (WB)
Turkmenistan,TKM,2021,,16434.14,7092042,Europe and Central Asia (WB)
Turkmenistan,TKM,2022,,17119.574,7230197,Europe and Central Asia (WB)
Turkmenistan,TKM,2023,,17866.404,7364437,Europe and Central Asia (WB)
Turkmenistan,TKM,2024,,18662.299,7364437,Europe and Central Asia (WB)
Turks and Caicos Islands,TCA,2007,,21878.82,26290,Latin America and Caribbean (WB)
Turks and Caicos Islands,TCA,2008,,22689.316,27452,Latin America and Caribbean (WB)
Turks and Caicos Islands,TCA,2009,,17512.197,28610,Latin America and Caribbean (WB)
Turks and Caicos Islands,TCA,2010,,17000.223,29763,Latin America and Caribbean (WB)
Turks and Caicos Islands,TCA,2011,,17147.424,30870,Latin America and Caribbean (WB)
Turks and Caicos Islands,TCA,2012,,16024.691,32152,Latin America and Caribbean (WB)
Turks and Caicos Islands,TCA,2013,,15461.873,33675,Latin America and Caribbean (WB)
Turks and Caicos Islands,TCA,2014,,16138.849,35077,Latin America and Caribbean (WB)
Turks and Caicos Islands,TCA,2015,,17201.771,36632,Latin America and Caribbean (WB)
Turks and Caicos Islands,TCA,2016,,17625.72,38342,Latin America and Caribbean (WB)
Turks and Caicos Islands,TCA,2017,,29540.354,39931,Latin America and Caribbean (WB)
Turks and Caicos Islands,TCA,2018,,30286.12,41580,Latin America and Caribbean (WB)
Turks and Caicos Islands,TCA,2019,,30611.213,43191,Latin America and Caribbean (WB)
Turks and Caicos Islands,TCA,2020,,19702.537,44405,Latin America and Caribbean (WB)
Turks and Caicos Islands,TCA,2021,,25056.488,45262,Latin America and Caribbean (WB)
Turks and Caicos Islands,TCA,2022,,28209.625,45869,Latin America and Caribbean (WB)
Turks and Caicos Islands,TCA,2023,,31839.371,46221,Latin America and Caribbean (WB)
Turks and Caicos Islands,TCA,2024,,33390.527,46221,Latin America and Caribbean (WB)
Tuvalu,TUV,1990,,2984.2856,8821,East Asia and Pacific (WB)
Tuvalu,TUV,1991,,3046.9717,8953,East Asia and Pacific (WB)
Tuvalu,TUV,1992,,3093.827,9060,East Asia and Pacific (WB)
Tuvalu,TUV,1993,,3189.949,9146,East Asia and Pacific (WB)
Tuvalu,TUV,1994,,3487.0337,9231,East Asia and Pacific (WB)
Tuvalu,TUV,1995,,3286.469,9299,East Asia and Pacific (WB)
Tuvalu,TUV,1996,,3070.0393,9363,East Asia and Pacific (WB)
Tuvalu,TUV,1997,,3356.3071,9425,East Asia and Pacific (WB)
Tuvalu,TUV,1998,,3855.6548,9469,East Asia and Pacific (WB)
Tuvalu,TUV,1999,,3777.3718,9518,East Asia and Pacific (WB)
Tuvalu,TUV,2000,,3721.8994,9566,East Asia and Pacific (WB)
Tuvalu,TUV,2001,,3705.5923,9608,East Asia and Pacific (WB)
Tuvalu,TUV,2002,,4042.9011,9645,East Asia and Pacific (WB)
Tuvalu,TUV,2003,,3838.4036,9715,East Asia and Pacific (WB)
Tuvalu,TUV,2004,,3704.9272,9839,East Asia and Pacific (WB)
Tuvalu,TUV,2005,,3488.5364,9964,East Asia and Pacific (WB)
Tuvalu,TUV,2006,,3532.3994,10078,East Asia and Pacific (WB)
Tuvalu,TUV,2007,,3737.8787,10204,East Asia and Pacific (WB)
Tuvalu,TUV,2008,,3933.374,10344,East Asia and Pacific (WB)
Tuvalu,TUV,2009,,3638.1875,10479,East Asia and Pacific (WB)
Tuvalu,TUV,2010,,3506.0603,10635,East Asia and Pacific (WB)
Tuvalu,TUV,2011,,3687.4392,10804,East Asia and Pacific (WB)
Tuvalu,TUV,2012,,3558.1523,10960,East Asia and Pacific (WB)
Tuvalu,TUV,2013,,3690.242,11028,East Asia and Pacific (WB)
Tuvalu,TUV,2014,,3695.9534,11007,East Asia and Pacific (WB)
Tuvalu,TUV,2015,,4088.7659,10985,East Asia and Pacific (WB)
Tuvalu,TUV,2016,,4333.249,10951,East Asia and Pacific (WB)
Tuvalu,TUV,2017,387,4464.259,10892,East Asia and Pacific (WB)
Tuvalu,TUV,2018,351.44724,4575.869,10775,East Asia and Pacific (WB)
Tuvalu,TUV,2019,,5292.0303,10603,East Asia and Pacific (WB)
Tuvalu,TUV,2020,346.49796,5154.4595,10423,East Asia and Pacific (WB)
Tuvalu,TUV,2021,,5352.9785,10214,East Asia and Pacific (WB)
Tuvalu,TUV,2022,,5498.1846,10012,East Asia and Pacific (WB)
Tuvalu,TUV,2023,,5812.3994,9837,East Asia and Pacific (WB)
Uganda,UGA,1990,,1080.0383,17569895,Sub-Saharan Africa (WB)
Uganda,UGA,1991,,1103.229,18155901,Sub-Saharan Africa (WB)
Uganda,UGA,1992,,1102.73,18785037,Sub-Saharan Africa (WB)
Uganda,UGA,1993,,1153.9937,19445161,Sub-Saharan Africa (WB)
Uganda,UGA,1994,,1187.3678,20108804,Sub-Saharan Africa (WB)
Uganda,UGA,1995,,1288.5089,20665673,Sub-Saharan Africa (WB)
Uganda,UGA,1996,,1367.9457,21231553,Sub-Saharan Africa (WB)
Uganda,UGA,1997,,1396.6311,21856044,Sub-Saharan Africa (WB)
Uganda,UGA,1998,,1422.2079,22515809,Sub-Saharan Africa (WB)
Uganda,UGA,1999,,1487.7579,23257279,Sub-Saharan Africa (WB)
Uganda,UGA,2000,,1487.005,24000158,Sub-Saharan Africa (WB)
Uganda,UGA,2001,,1516.9642,24745678,Sub-Saharan Africa (WB)
Uganda,UGA,2002,,1598.5829,25532872,Sub-Saharan Africa (WB)
Uganda,UGA,2003,,1649.1483,26352124,Sub-Saharan Africa (WB)
Uganda,UGA,2004,,1709.3616,27154513,Sub-Saharan Africa (WB)
Uganda,UGA,2005,,1765.0378,27963287,Sub-Saharan Africa (WB)
Uganda,UGA,2006,,1898.9791,28794005,Sub-Saharan Africa (WB)
Uganda,UGA,2007,,1999.0625,29653437,Sub-Saharan Africa (WB)
Uganda,UGA,2008,,2110.1006,30539547,Sub-Saharan Africa (WB)
Uganda,UGA,2009,,2188.299,31451147,Sub-Saharan Africa (WB)
Uganda,UGA,2010,368.50745,2244.606,32390801,Sub-Saharan Africa (WB)
Uganda,UGA,2011,,2384.4653,33354541,Sub-Saharan Africa (WB)
Uganda,UGA,2012,,2405.0945,34337436,Sub-Saharan Africa (WB)
Uganda,UGA,2013,,2420.8882,35337050,Sub-Saharan Africa (WB)
Uganda,UGA,2014,,2470.504,36395542,Sub-Saharan Africa (WB)
Uganda,UGA,2015,,2520.02,37531444,Sub-Saharan Africa (WB)
Uganda,UGA,2016,,2554.2278,38799153,Sub-Saharan Africa (WB)
Uganda,UGA,2017,397,2543.8477,40177384,Sub-Saharan Africa (WB)
Uganda,UGA,2018,397.15967,2613.88,41565839,Sub-Saharan Africa (WB)
Uganda,UGA,2019,,2689.4102,42999636,Sub-Saharan Africa (WB)
Uganda,UGA,2020,397.15967,2678.009,44457148,Sub-Saharan Africa (WB)
Uganda,UGA,2021,,2684.9204,45910931,Sub-Saharan Africa (WB)
Uganda,UGA,2022,,2724.906,47312718,Sub-Saharan Africa (WB)
Uganda,UGA,2023,,2791.0557,48656606,Sub-Saharan Africa (WB)
Uganda,UGA,2024,,2879.6702,48656606,Sub-Saharan Africa (WB)
Ukraine,UKR,1990,,22815.799,52054096,Europe and Central Asia (WB)
Ukraine,UKR,1991,,20784.16,52170967,Europe and Central Asia (WB)
Ukraine,UKR,1992,,18671.873,52323675,Europe and Central Asia (WB)
Ukraine,UKR,1993,,16012.372,52350122,Europe and Central Asia (WB)
Ukraine,UKR,1994,,12410.525,52076000,Europe and Central Asia (WB)
Ukraine,UKR,1995,,10983.009,51665535,Europe and Central Asia (WB)
Ukraine,UKR,1996,,9969.501,51226111,Europe and Central Asia (WB)
Ukraine,UKR,1997,,9754.05,50786881,Europe and Central Asia (WB)
Ukraine,UKR,1998,,9646.055,50379728,Europe and Central Asia (WB)
Ukraine,UKR,1999,,9704.445,49976445,Europe and Central Asia (WB)
Ukraine,UKR,2000,,10364.0625,49556654,Europe and Central Asia (WB)
Ukraine,UKR,2001,,11379.386,49106854,Europe and Central Asia (WB)
Ukraine,UKR,2002,,12092.789,48677280,Europe and Central Asia (WB)
Ukraine,UKR,2003,,13342.88,48315133,Europe and Central Asia (WB)
Ukraine,UKR,2004,,15021.066,47979502,Europe and Central Asia (WB)
Ukraine,UKR,2005,,15610.573,47585558,Europe and Central Asia (WB)
Ukraine,UKR,2006,,16901.508,47278691,Europe and Central Asia (WB)
Ukraine,UKR,2007,,18374.014,47062802,Europe and Central Asia (WB)
Ukraine,UKR,2008,,18883.986,46819168,Europe and Central Asia (WB)
Ukraine,UKR,2009,,16092.796,46623731,Europe and Central Asia (WB)
Ukraine,UKR,2010,490.08875,16811.795,46455997,Europe and Central Asia (WB)
Ukraine,UKR,2011,,17783.957,46307854,Europe and Central Asia (WB)
Ukraine,UKR,2012,,17848.74,46210051,Europe and Central Asia (WB)
Ukraine,UKR,2013,,17889.092,46126760,Europe and Central Asia (WB)
Ukraine,UKR,2014,,16978.812,45972379,Europe and Central Asia (WB)
Ukraine,UKR,2015,,15403.71,45784904,Europe and Central Asia (WB)
Ukraine,UKR,2016,,15856.8125,45616831,Europe and Central Asia (WB)
Ukraine,UKR,2017,490,16310.36,45436037,Europe and Central Asia (WB)
Ukraine,UKR,2018,490.08875,16978.984,45208903,Europe and Central Asia (WB)
Ukraine,UKR,2019,,17636.555,44957451,Europe and Central Asia (WB)
Ukraine,UKR,2020,478.17334,17092.54,44680008,Europe and Central Asia (WB)
Ukraine,UKR,2021,,17846.408,44298642,Europe and Central Asia (WB)
Ukraine,UKR,2022,,13787.121,41048768,Europe and Central Asia (WB)
Ukraine,UKR,2023,,15916.958,37732833,Europe and Central Asia (WB)
Ukraine,UKR,2024,,16319.845,37732833,Europe and Central Asia (WB)
United Arab Emirates,ARE,1990,,111377.05,1898220,"Middle East, North Africa, Afghanistan and Pakistan (WB)"
United Arab Emirates,ARE,1991,,106266.195,2006630,"Middle East, North Africa, Afghanistan and Pakistan (WB)"
United Arab Emirates,ARE,1992,,104206.76,2114738,"Middle East, North Africa, Afghanistan and Pakistan (WB)"
United Arab Emirates,ARE,1993,,100422.63,2222098,"Middle East, North Africa, Afghanistan and Pakistan (WB)"
United Arab Emirates,ARE,1994,,102456.1,2328191,"Middle East, North Africa, Afghanistan and Pakistan (WB)"
United Arab Emirates,ARE,1995,,104527.92,2434667,"Middle East, North Africa, Afghanistan and Pakistan (WB)"
United Arab Emirates,ARE,1996,,103653.48,2597570,"Middle East, North Africa, Afghanistan and Pakistan (WB)"
United Arab Emirates,ARE,1997,,103392.44,2817410,"Middle East, North Africa, Afghanistan and Pakistan (WB)"
United Arab Emirates,ARE,1998,,96088.49,3040432,"Middle East, North Africa, Afghanistan and Pakistan (WB)"
United Arab Emirates,ARE,1999,,92047.59,3266011,"Middle East, North Africa, Afghanistan and Pakistan (WB)"
United Arab Emirates,ARE,2000,,95390.7,3493583,"Middle East, North Africa, Afghanistan and Pakistan (WB)"
United Arab Emirates,ARE,2001,,90750.34,3723596,"Middle East, North Africa, Afghanistan and Pakistan (WB)"
United Arab Emirates,ARE,2002,,87479.24,3956829,"Middle East, North Africa, Afghanistan and Pakistan (WB)"
United Arab Emirates,ARE,2003,,89828.555,4192465,"Middle East, North Africa, Afghanistan and Pakistan (WB)"
United Arab Emirates,ARE,2004,,93166.15,4428964,"Middle East, North Africa, Afghanistan and Pakistan (WB)"
United Arab Emirates,ARE,2005,,92750.914,4664797,"Middle East, North Africa, Afghanistan and Pakistan (WB)"
United Arab Emirates,ARE,2006,,94872.54,5009106,"Middle East, North Africa, Afghanistan and Pakistan (WB)"
United Arab Emirates,ARE,2007,,87180.61,5624640,"Middle East, North Africa, Afghanistan and Pakistan (WB)"
United Arab Emirates,ARE,2008,,80285.19,6302669,"Middle East, North Africa, Afghanistan and Pakistan (WB)"
United Arab Emirates,ARE,2009,,71488.99,6707063,"Middle East, North Africa, Afghanistan and Pakistan (WB)"
United Arab Emirates,ARE,2010,444.5521,70913.78,6938372,"Middle East, North Africa, Afghanistan and Pakistan (WB)"
United Arab Emirates,ARE,2011,,73190.4,7199436,"Middle East, North Africa, Afghanistan and Pakistan (WB)"
United Arab Emirates,ARE,2012,,73644.055,7497122,"Middle East, North Africa, Afghanistan and Pakistan (WB)"
United Arab Emirates,ARE,2013,,74237.22,7831851,"Middle East, North Africa, Afghanistan and Pakistan (WB)"
United Arab Emirates,ARE,2014,,74145.11,8236880,"Middle East, North Africa, Afghanistan and Pakistan (WB)"
United Arab Emirates,ARE,2015,,75238.555,8674633,"Middle East, North Africa, Afghanistan and Pakistan (WB)"
United Arab Emirates,ARE,2016,,75671.055,9030873,"Middle East, North Africa, Afghanistan and Pakistan (WB)"
United Arab Emirates,ARE,2017,451,72529.055,9234330,"Middle East, North Africa, Afghanistan and Pakistan (WB)"
United Arab Emirates,ARE,2018,451.3416,72671.06,9346870,"Middle East, North Africa, Afghanistan and Pakistan (WB)"
United Arab Emirates,ARE,2019,,72822.97,9377855,"Middle East, North Africa, Afghanistan and Pakistan (WB)"
United Arab Emirates,ARE,2020,448.04068,66808.65,9448529,"Middle East, North Africa, Afghanistan and Pakistan (WB)"
United Arab Emirates,ARE,2021,,68580.15,9789055,"Middle East, North Africa, Afghanistan and Pakistan (WB)"
United Arab Emirates,ARE,2022,,70075.63,10242085,"Middle East, North Africa, Afghanistan and Pakistan (WB)"
United Arab Emirates,ARE,2023,,70239.85,10642089,"Middle East, North Africa, Afghanistan and Pakistan (WB)"
United Arab Emirates,ARE,2024,,69701.805,10642089,"Middle East, North Africa, Afghanistan and Pakistan (WB)"
United Kingdom,GBR,1990,,32993.168,57367867,Europe and Central Asia (WB)
United Kingdom,GBR,1991,,32466.195,57555199,Europe and Central Asia (WB)
United Kingdom,GBR,1992,,32797.73,57719273,Europe and Central Asia (WB)
United Kingdom,GBR,1993,,33861.254,57861037,Europe and Central Asia (WB)
United Kingdom,GBR,1994,,35448.18,58003200,Europe and Central Asia (WB)
United Kingdom,GBR,1995,,36603.74,58154632,Europe and Central Asia (WB)
United Kingdom,GBR,1996,,37465.38,58298563,Europe and Central Asia (WB)
United Kingdom,GBR,1997,,39192.61,58447091,Europe and Central Asia (WB)
United Kingdom,GBR,1998,,40347.18,58626822,Europe and Central Asia (WB)
United Kingdom,GBR,1999,,41396.938,58838663,Europe and Central Asia (WB)
United Kingdom,GBR,2000,,43115.562,59057333,Europe and Central Asia (WB)
United Kingdom,GBR,2001,,43976.84,59288095,Europe and Central Asia (WB)
United Kingdom,GBR,2002,,44539.465,59540764,Europe and Central Asia (WB)
United Kingdom,GBR,2003,,45759.402,59820385,Europe and Central Asia (WB)
United Kingdom,GBR,2004,,46558.13,60169964,Europe and Central Asia (WB)
United Kingdom,GBR,2005,,47529.938,60596107,Europe and Central Asia (WB)
United Kingdom,GBR,2006,,48215.047,61051093,Europe and Central Asia (WB)
United Kingdom,GBR,2007,,49243.25,61535859,Europe and Central Asia (WB)
United Kingdom,GBR,2008,,48833.07,62027303,Europe and Central Asia (WB)
United Kingdom,GBR,2009,,46241.805,62506222,Europe and Central Asia (WB)
United Kingdom,GBR,2010,517.0025,46917.89,63006482,Europe and Central Asia (WB)
United Kingdom,GBR,2011,,46949.02,63509285,Europe and Central Asia (WB)
United Kingdom,GBR,2012,,47328.21,63960488,Europe and Central Asia (WB)
United Kingdom,GBR,2013,,47820.28,64389386,Europe and Central Asia (WB)
United Kingdom,GBR,2014,,48964.285,64865914,Europe and Central Asia (WB)
United Kingdom,GBR,2015,,49652.72,65382107,Europe and Central Asia (WB)
United Kingdom,GBR,2016,,50346.86,65893359,Europe and Central Asia (WB)
United Kingdom,GBR,2017,517,51586.676,66354473,Europe and Central Asia (WB)
United Kingdom,GBR,2018,516.71564,52131.695,66752473,Europe and Central Asia (WB)
United Kingdom,GBR,2019,,52515.684,67110958,Europe and Central Asia (WB)
United Kingdom,GBR,2020,520.35645,47158.984,67351860,Europe and Central Asia (WB)
United Kingdom,GBR,2021,,51004.426,67668788,Europe and Central Asia (WB)
United Kingdom,GBR,2022,,53139.152,68179315,Europe and Central Asia (WB)
United Kingdom,GBR,2023,,52592.684,68682965,Europe and Central Asia (WB)
United Kingdom,GBR,2024,,52621.18,68682965,Europe and Central Asia (WB)
United States,USA,1990,,44378.523,253373387,North America (WB)
United States,USA,1991,,43742.027,256471424,North America (WB)
United States,USA,1992,,44659.152,259606021,North America (WB)
United States,USA,1993,,45286.934,262633229,North America (WB)
United States,USA,1994,,46537.355,265474811,North America (WB)
United States,USA,1995,,47220.957,268205796,North America (WB)
United States,USA,1996,,48435.7,270860695,North America (WB)
United States,USA,1997,,49984.27,273468014,North America (WB)
United States,USA,1998,,51619.87,276119323,North America (WB)
United States,USA,1999,,53474.047,278785482,North America (WB)
United States,USA,2000,,55038.62,281484126,North America (WB)
United States,USA,2001,,55017.305,284279634,North America (WB)
United States,USA,2002,,55436.117,287084335,North America (WB)
United States,USA,2003,,56498.207,289908091,North America (WB)
United States,USA,2004,,58131.633,292786248,North America (WB)
United States,USA,2005,,59604.754,295716666,North America (WB)
United States,USA,2006,,60676.566,298730208,North America (WB)
United States,USA,2007,,61306.598,301844223,North America (WB)
United States,USA,2008,,60798.434,304970325,North America (WB)
United States,USA,2009,,58714.973,308023452,North America (WB)
United States,USA,2010,513.0265,59789.414,311062785,North America (WB)
United States,USA,2011,,60245.484,314105075,North America (WB)
United States,USA,2012,,61134.53,317115349,North America (WB)
United States,USA,2013,,61958.723,320110752,North America (WB)
United States,USA,2014,,63018.805,323115377,North America (WB)
United States,USA,2015,,64359.473,326126496,North America (WB)
United States,USA,2016,,65017.656,329179423,North America (WB)
United States,USA,2017,523,66155.555,332204657,North America (WB)
United States,USA,2018,522.60864,67719.766,335056492,North America (WB)
United States,USA,2019,,69112.6,337790069,North America (WB)
United States,USA,2020,511.79868,67342.07,339436156,North America (WB)
United States,USA,2021,,71307.4,340161438,North America (WB)
United States,USA,2022,,72679.26,341534041,North America (WB)
United States,USA,2023,,74158.72,343477330,North America (WB)
United States,USA,2024,,75489.266,343477330,North America (WB)
United States Virgin Islands,VIR,2002,,54299.23,108433,Latin America and Caribbean (WB)
United States Virgin Islands,VIR,2003,,54086.156,108186,Latin America and Caribbean (WB)
United States Virgin Islands,VIR,2004,,55883.453,107851,Latin America and Caribbean (WB)
United States Virgin Islands,VIR,2005,,57838.098,107622,Latin America and Caribbean (WB)
United States Virgin Islands,VIR,2006,,59911.723,107463,Latin America and Caribbean (WB)
United States Virgin Islands,VIR,2007,,62332.945,107238,Latin America and Caribbean (WB)
United States Virgin Islands,VIR,2008,,63057.625,106971,Latin America and Caribbean (WB)
United States Virgin Islands,VIR,2009,,58895.305,106767,Latin America and Caribbean (WB)
United States Virgin Islands,VIR,2010,,59272.246,106325,Latin America and Caribbean (WB)
United States Virgin Islands,VIR,2011,,54443.07,105398,Latin America and Caribbean (WB)
United States Virgin Islands,VIR,2012,,46422.414,104307,Latin America and Caribbean (WB)
United States Virgin Islands,VIR,2013,,43563.887,103168,Latin America and Caribbean (WB)
United States Virgin Islands,VIR,2014,,42853.9,102012,Latin America and Caribbean (WB)
United States Virgin Islands,VIR,2015,,42739.082,100251,Latin America and Caribbean (WB)
United States Virgin Islands,VIR,2016,,43502.434,97795,Latin America and Caribbean (WB)
United States Virgin Islands,VIR,2017,,43277.156,95124,Latin America and Caribbean (WB)
United States Virgin Islands,VIR,2018,,44205.406,92317,Latin America and Caribbean (WB)
United States Virgin Islands,VIR,2019,,45632.637,89390,Latin America and Caribbean (WB)
United States Virgin Islands,VIR,2020,,45055.78,87724,Latin America and Caribbean (WB)
United States Virgin Islands,VIR,2021,,46893.55,87238,Latin America and Caribbean (WB)
United States Virgin Islands,VIR,2022,,46479.3,86521,Latin America and Caribbean (WB)
Upper-middle-income countries,OWID_UMC,1990,,5959.997,2133212546,
Upper-middle-income countries,OWID_UMC,1991,,5984.3267,2167382314,
Upper-middle-income countries,OWID_UMC,1992,,6093.581,2197406055,
Upper-middle-income countries,OWID_UMC,1993,,6281.1333,2225369861,
Upper-middle-income countries,OWID_UMC,1994,,6434.979,2251652283,
Upper-middle-income countries,OWID_UMC,1995,,6596.9785,2277401663,
Upper-middle-income countries,OWID_UMC,1996,,6887.3223,2302891501,
Upper-middle-income countries,OWID_UMC,1997,,7184.325,2327613637,
Upper-middle-income countries,OWID_UMC,1998,,7250.5654,2351662004,
Upper-middle-income countries,OWID_UMC,1999,,7382.556,2375149846,
Upper-middle-income countries,OWID_UMC,2000,,7738.539,2398658002,
Upper-middle-income countries,OWID_UMC,2001,,7918.8364,2421698836,
Upper-middle-income countries,OWID_UMC,2002,,8217.251,2443169936,
Upper-middle-income countries,OWID_UMC,2003,,8605.562,2464250116,
Upper-middle-income countries,OWID_UMC,2004,,9197.692,2485797097,
Upper-middle-income countries,OWID_UMC,2005,,9763.25,2507751547,
Upper-middle-income countries,OWID_UMC,2006,,10470.8545,2529346002,
Upper-middle-income countries,OWID_UMC,2007,,11315.484,2550034553,
Upper-middle-income countries,OWID_UMC,2008,,11880.056,2571616096,
Upper-middle-income countries,OWID_UMC,2009,,12087.708,2594532094,
Upper-middle-income countries,OWID_UMC,2010,,12967.51,2617657240,
Upper-middle-income countries,OWID_UMC,2011,,13710.941,2640400163,
Upper-middle-income countries,OWID_UMC,2012,,14318.651,2664517398,
Upper-middle-income countries,OWID_UMC,2013,,14943.774,2689585465,
Upper-middle-income countries,OWID_UMC,2014,,15484.943,2713983279,
Upper-middle-income countries,OWID_UMC,2015,,15974.421,2737646890,
Upper-middle-income countries,OWID_UMC,2016,,16542.852,2759890904,
Upper-middle-income countries,OWID_UMC,2017,,17244.504,2781778743,
Upper-middle-income countries,OWID_UMC,2018,,17907.459,2801804568,
Upper-middle-income countries,OWID_UMC,2019,,18493.598,2818594893,
Upper-middle-income countries,OWID_UMC,2020,,18242.543,2832101028,
Upper-middle-income countries,OWID_UMC,2021,,19507.21,2841892610,
Upper-middle-income countries,OWID_UMC,2022,,20094.838,2847730001,
Upper-middle-income countries,OWID_UMC,2023,,20950.184,2852870890,
Upper-middle-income countries,OWID_UMC,2024,,21737.637,2852870890,
Uruguay,URY,1990,,14060.846,3104404,Latin America and Caribbean (WB)
Uruguay,URY,1991,,14474.732,3122357,Latin America and Caribbean (WB)
Uruguay,URY,1992,,15536.487,3139704,Latin America and Caribbean (WB)
Uruguay,URY,1993,,15865.277,3156351,Latin America and Caribbean (WB)
Uruguay,URY,1994,,16932.03,3172839,Latin America and Caribbean (WB)
Uruguay,URY,1995,,16600.04,3189438,Latin America and Caribbean (WB)
Uruguay,URY,1996,,17433.693,3206329,Latin America and Caribbean (WB)
Uruguay,URY,1997,,18823.941,3223349,Latin America and Caribbean (WB)
Uruguay,URY,1998,,19577.79,3239286,Latin America and Caribbean (WB)
Uruguay,URY,1999,,19192.717,3254020,Latin America and Caribbean (WB)
Uruguay,URY,2000,,18752.059,3266212,Latin America and Caribbean (WB)
Uruguay,URY,2001,,17986.9,3274257,Latin America and Caribbean (WB)
Uruguay,URY,2002,,16572.79,3278868,Latin America and Caribbean (WB)
Uruguay,URY,2003,,16694.44,3281188,Latin America and Caribbean (WB)
Uruguay,URY,2004,,17519.379,3283157,Latin America and Caribbean (WB)
Uruguay,URY,2005,,18811.32,3285776,Latin America and Caribbean (WB)
Uruguay,URY,2006,,19560.082,3289508,Latin America and Caribbean (WB)
Uruguay,URY,2007,,20803.893,3295155,Latin America and Caribbean (WB)
Uruguay,URY,2008,,22249.383,3302184,Latin America and Caribbean (WB)
Uruguay,URY,2009,,23138.082,3310093,Latin America and Caribbean (WB)
Uruguay,URY,2010,440.92368,24879.836,3318581,Latin America and Caribbean (WB)
Uruguay,URY,2011,,26099.322,3326829,Latin America and Caribbean (WB)
Uruguay,URY,2012,,26953.281,3335406,Latin America and Caribbean (WB)
Uruguay,URY,2013,,28119.482,3345335,Latin America and Caribbean (WB)
Uruguay,URY,2014,,28935.098,3356343,Latin America and Caribbean (WB)
Uruguay,URY,2015,,28941.629,3368022,Latin America and Caribbean (WB)
Uruguay,URY,2016,,29332.566,3379279,Latin America and Caribbean (WB)
Uruguay,URY,2017,444,29762.434,3388444,Latin America and Caribbean (WB)
Uruguay,URY,2018,444.30972,29757.94,3394538,Latin America and Caribbean (WB)
Uruguay,URY,2019,,30010.574,3397206,Latin America and Caribbean (WB)
Uruguay,URY,2020,437.69662,27788.186,3398966,Latin America and Caribbean (WB)
Uruguay,URY,2021,,29431.885,3396693,Latin America and Caribbean (WB)
Uruguay,URY,2022,,30804.703,3390913,Latin America and Caribbean (WB)
Uruguay,URY,2023,,31059.254,3388083,Latin America and Caribbean (WB)
Uruguay,URY,2024,,32038.773,3388083,Latin America and Caribbean (WB)
Uzbekistan,UZB,1990,,4214.584,20464963,Europe and Central Asia (WB)
Uzbekistan,UZB,1991,,4094.2273,20962908,Europe and Central Asia (WB)
Uzbekistan,UZB,1992,,3547.3115,21485095,Europe and Central Asia (WB)
Uzbekistan,UZB,1993,,3386.4622,21987960,Europe and Central Asia (WB)
Uzbekistan,UZB,1994,,3142.4329,22463295,Europe and Central Asia (WB)
Uzbekistan,UZB,1995,,3052.4187,22917588,Europe and Central Asia (WB)
Uzbekistan,UZB,1996,,3046.5637,23351981,Europe and Central Asia (WB)
Uzbekistan,UZB,1997,,3150.0852,23758961,Europe and Central Asia (WB)
Uzbekistan,UZB,1998,,3234.3574,24134930,Europe and Central Asia (WB)
Uzbekistan,UZB,1999,,3326.4253,24476013,Europe and Central Asia (WB)
Uzbekistan,UZB,2000,,3410.6504,24787052,Europe and Central Asia (WB)
Uzbekistan,UZB,2001,,3509.7285,25090289,Europe and Central Asia (WB)
Uzbekistan,UZB,2002,,3604.6934,25399987,Europe and Central Asia (WB)
Uzbekistan,UZB,2003,,3711.7786,25711261,Europe and Central Asia (WB)
Uzbekistan,UZB,2004,,3939.5305,26029350,Europe and Central Asia (WB)
Uzbekistan,UZB,2005,,4160.955,26356977,Europe and Central Asia (WB)
Uzbekistan,UZB,2006,,4413.7227,26699046,Europe and Central Asia (WB)
Uzbekistan,UZB,2007,,4764.564,27076013,Europe and Central Asia (WB)
Uzbekistan,UZB,2008,,5115.644,27494780,Europe and Central Asia (WB)
Uzbekistan,UZB,2009,,5439.551,27939333,Europe and Central Asia (WB)
Uzbekistan,UZB,2010,,5760.805,28385509,Europe and Central Asia (WB)
Uzbekistan,UZB,2011,,6100.251,28823194,Europe and Central Asia (WB)
Uzbekistan,UZB,2012,,6435.5645,29261908,Europe and Central Asia (WB)
Uzbekistan,UZB,2013,,6797.775,29724065,Europe and Central Asia (WB)
Uzbekistan,UZB,2014,,7145.11,30222994,Europe and Central Asia (WB)
Uzbekistan,UZB,2015,,7529.7637,30749349,Europe and Central Asia (WB)
Uzbekistan,UZB,2016,,7839.978,31284565,Europe and Central Asia (WB)
Uzbekistan,UZB,2017,,8047.0537,31819172,Europe and Central Asia (WB)
Uzbekistan,UZB,2018,,8348.961,32373489,Europe and Central Asia (WB)
Uzbekistan,UZB,2019,,8755.126,32964700,Europe and Central Asia (WB)
Uzbekistan,UZB,2020,474.07513,8727.411,33586373,Europe and Central Asia (WB)
Uzbekistan,UZB,2021,,9247.644,34243696,Europe and Central Asia (WB)
Uzbekistan,UZB,2022,,9607.562,34938953,Europe and Central Asia (WB)
Uzbekistan,UZB,2023,,10007.686,35652311,Europe and Central Asia (WB)
Uzbekistan,UZB,2024,,10450.205,35652311,Europe and Central Asia (WB)
Vanuatu,VUT,1990,,3101.6807,148073,East Asia and Pacific (WB)
Vanuatu,VUT,1991,,3120.6938,151807,East Asia and Pacific (WB)
Vanuatu,VUT,1992,,3122.8894,155619,East Asia and Pacific (WB)
Vanuatu,VUT,1993,,3069.806,159475,East Asia and Pacific (WB)
Vanuatu,VUT,1994,,3269.6284,163328,East Asia and Pacific (WB)
Vanuatu,VUT,1995,,3226.915,167155,East Asia and Pacific (WB)
Vanuatu,VUT,1996,,3229.1023,170926,East Asia and Pacific (WB)
Vanuatu,VUT,1997,,3315.4814,174638,East Asia and Pacific (WB)
Vanuatu,VUT,1998,,3285.1384,178322,East Asia and Pacific (WB)
Vanuatu,VUT,1999,,3228.5918,182056,East Asia and Pacific (WB)
Vanuatu,VUT,2000,,3342.1672,186290,East Asia and Pacific (WB)
Vanuatu,VUT,2001,,3148.3347,191047,East Asia and Pacific (WB)
Vanuatu,VUT,2002,,2911.0413,195871,East Asia and Pacific (WB)
Vanuatu,VUT,2003,,2962.031,200760,East Asia and Pacific (WB)
Vanuatu,VUT,2004,,3005.7974,205720,East Asia and Pacific (WB)
Vanuatu,VUT,2005,,3089.437,210772,East Asia and Pacific (WB)
Vanuatu,VUT,2006,,3270.7024,215939,East Asia and Pacific (WB)
Vanuatu,VUT,2007,,3283.3655,221291,East Asia and Pacific (WB)
Vanuatu,VUT,2008,,3381.3857,226908,East Asia and Pacific (WB)
Vanuatu,VUT,2009,,3396.736,232740,East Asia and Pacific (WB)
Vanuatu,VUT,2010,,3359.8496,238256,East Asia and Pacific (WB)
Vanuatu,VUT,2011,,3390.961,243483,East Asia and Pacific (WB)
Vanuatu,VUT,2012,,3350.771,248894,East Asia and Pacific (WB)
Vanuatu,VUT,2013,,3292.2341,254495,East Asia and Pacific (WB)
Vanuatu,VUT,2014,,3302.2917,260247,East Asia and Pacific (WB)
Vanuatu,VUT,2015,,3357.639,266115,East Asia and Pacific (WB)
Vanuatu,VUT,2016,,3397.7673,272097,East Asia and Pacific (WB)
Vanuatu,VUT,2017,356,3465.9197,278518,East Asia and Pacific (WB)
Vanuatu,VUT,2018,331.97525,3482.0227,285273,East Asia and Pacific (WB)
Vanuatu,VUT,2019,,3512.072,291995,East Asia and Pacific (WB)
Vanuatu,VUT,2020,347.68582,3259.9954,298867,East Asia and Pacific (WB)
Vanuatu,VUT,2021,,3135.8367,305882,East Asia and Pacific (WB)
Vanuatu,VUT,2022,,3222.836,313061,East Asia and Pacific (WB)
Vanuatu,VUT,2023,,3214.7024,320422,East Asia and Pacific (WB)
Vanuatu,VUT,2024,,3172.0476,320422,East Asia and Pacific (WB)
Vietnam,VNM,1990,,2467.9646,65504551,East Asia and Pacific (WB)
Vietnam,VNM,1991,,2560.8438,66891778,East Asia and Pacific (WB)
Vietnam,VNM,1992,,2726.4736,68260336,East Asia and Pacific (WB)
Vietnam,VNM,1993,,2890.4243,69586394,East Asia and Pacific (WB)
Vietnam,VNM,1994,,3089.6094,70854393,East Asia and Pacific (WB)
Vietnam,VNM,1995,,3328.2148,72049945,East Asia and Pacific (WB)
Vietnam,VNM,1996,,3584.029,73156456,East Asia and Pacific (WB)
Vietnam,VNM,1997,,3820.3025,74226890,East Asia and Pacific (WB)
Vietnam,VNM,1998,,3982.958,75299665,East Asia and Pacific (WB)
Vietnam,VNM,1999,,4119.0537,76287454,East Asia and Pacific (WB)
Vietnam,VNM,2000,,4349.2236,77154016,East Asia and Pacific (WB)
Vietnam,VNM,2001,,4570.2686,77969357,East Asia and Pacific (WB)
Vietnam,VNM,2002,,4809.6216,78772227,East Asia and Pacific (WB)
Vietnam,VNM,2003,,5090.29,79563778,East Asia and Pacific (WB)
Vietnam,VNM,2004,,5421.097,80338977,East Asia and Pacific (WB)
Vietnam,VNM,2005,,5776.3633,81088309,East Asia and Pacific (WB)
Vietnam,VNM,2006,,6098.245,82167901,East Asia and Pacific (WB)
Vietnam,VNM,2007,,6418.544,83633374,East Asia and Pacific (WB)
Vietnam,VNM,2008,,6659.1357,85175789,East Asia and Pacific (WB)
Vietnam,VNM,2009,,6914.339,86460023,East Asia and Pacific (WB)
Vietnam,VNM,2010,533.4577,7274.733,87455148,East Asia and Pacific (WB)
Vietnam,VNM,2011,,7652.619,88468315,East Asia and Pacific (WB)
Vietnam,VNM,2012,,7979.868,89510355,East Asia and Pacific (WB)
Vietnam,VNM,2013,,8324.198,90573103,East Asia and Pacific (WB)
Vietnam,VNM,2014,,8751.883,91679582,East Asia and Pacific (WB)
Vietnam,VNM,2015,,9248.024,92823254,East Asia and Pacific (WB)
Vietnam,VNM,2016,,9743.188,94000115,East Asia and Pacific (WB)
Vietnam,VNM,2017,519,10290.549,95176978,East Asia and Pacific (WB)
Vietnam,VNM,2018,519.1003,10936.894,96237319,East Asia and Pacific (WB)
Vietnam,VNM,2019,,11628.614,97173778,East Asia and Pacific (WB)
Vietnam,VNM,2020,519.1003,11851.396,98079196,East Asia and Pacific (WB)
Vietnam,VNM,2021,,12048.902,98935101,East Asia and Pacific (WB)
Vietnam,VNM,2022,,12979.764,99680656,East Asia and Pacific (WB)
Vietnam,VNM,2023,,13545.935,100352189,East Asia and Pacific (WB)
Vietnam,VNM,2024,,14415.216,100352189,East Asia and Pacific (WB)
World,OWID_WRL,1990,,11257.437,5327803106,
World,OWID_WRL,1991,,11166.51,5418735886,
World,OWID_WRL,1992,,11132.38,5505989815,
World,OWID_WRL,1993,,11125.656,5591544802,
World,OWID_WRL,1994,,11251.216,5675551258,
World,OWID_WRL,1995,,11429.359,5758878977,
World,OWID_WRL,1996,,11679.153,5842055730,
World,OWID_WRL,1997,,11964.178,5924787819,
World,OWID_WRL,1998,,12088.102,6007066691,
World,OWID_WRL,1999,,12351.548,6089006328,
World,OWID_WRL,2000,,12769.831,6171702992,
World,OWID_WRL,2001,,12904.862,6254936464,
World,OWID_WRL,2002,,13093.065,6337730343,
World,OWID_WRL,2003,,13402.992,6420361633,
World,OWID_WRL,2004,,13914.812,6503377774,
World,OWID_WRL,2005,,14370.885,6586970132,
World,OWID_WRL,2006,,14927.549,6671452019,
World,OWID_WRL,2007,,15510.866,6757308776,
World,OWID_WRL,2008,,15747.7295,6844457659,
World,OWID_WRL,2009,,15452.501,6932766416,
World,OWID_WRL,2010,,16047.989,7021732143,
World,OWID_WRL,2011,,16479.488,7110923773,
World,OWID_WRL,2012,,16784.95,7201202478,
World,OWID_WRL,2013,,17122.045,7291793585,
World,OWID_WRL,2014,,17500.176,7381616239,
World,OWID_WRL,2015,,17868.092,7470491876,
World,OWID_WRL,2016,,18232.727,7558554527,
World,OWID_WRL,2017,,18714.94,7645617952,
World,OWID_WRL,2018,,19189.02,7729902779,
World,OWID_WRL,2019,,19552.084,7811293699,
World,OWID_WRL,2020,,18811.494,7887001289,
World,OWID_WRL,2021,,19866.768,7954448387,
World,OWID_WRL,2022,,20409.441,8021407196,
World,OWID_WRL,2023,,20918.305,8091734933,
World,OWID_WRL,2024,,21405.117,8091734933,
Yemen,YEM,2017,321,,33090923,"Middle East, North Africa, Afghanistan and Pakistan (WB)"
Yemen,YEM,2018,321.32703,,34085181,"Middle East, North Africa, Afghanistan and Pakistan (WB)"
Yemen,YEM,2020,321.32703,,36134867,"Middle East, North Africa, Afghanistan and Pakistan (WB)"
Zambia,ZMB,1990,,2425.1113,7786163,Sub-Saharan Africa (WB)
Zambia,ZMB,1991,,2364.8623,7981653,Sub-Saharan Africa (WB)
Zambia,ZMB,1992,,2268.498,8176677,Sub-Saharan Africa (WB)
Zambia,ZMB,1993,,2365.6296,8373920,Sub-Saharan Africa (WB)
Zambia,ZMB,1994,,2110.5833,8576270,Sub-Saharan Africa (WB)
Zambia,ZMB,1995,,2119.9565,8785768,Sub-Saharan Africa (WB)
Zambia,ZMB,1996,,2197.1956,9004059,Sub-Saharan Africa (WB)
Zambia,ZMB,1997,,2223.4575,9237064,Sub-Saharan Africa (WB)
Zambia,ZMB,1998,,2157.5735,9482414,Sub-Saharan Africa (WB)
Zambia,ZMB,1999,,2198.1892,9740013,Sub-Saharan Africa (WB)
Zambia,ZMB,2000,,2220.5654,10017633,Sub-Saharan Africa (WB)
Zambia,ZMB,2001,,2268.9697,10325186,Sub-Saharan Africa (WB)
Zambia,ZMB,2002,,2299.333,10647955,Sub-Saharan Africa (WB)
Zambia,ZMB,2003,,2383.8762,10983604,Sub-Saharan Africa (WB)
Zambia,ZMB,2004,,2471.7207,11338201,Sub-Saharan Africa (WB)
Zambia,ZMB,2005,,2564.4756,11718819,Sub-Saharan Africa (WB)
Zambia,ZMB,2006,,2673.4614,12129560,Sub-Saharan Africa (WB)
Zambia,ZMB,2007,,2796.353,12565093,Sub-Saharan Africa (WB)
Zambia,ZMB,2008,,2908.1436,13021327,Sub-Saharan Africa (WB)
Zambia,ZMB,2009,,3065.8442,13490395,Sub-Saharan Africa (WB)
Zambia,ZMB,2010,333.5833,3266.5076,13965592,Sub-Saharan Africa (WB)
Zambia,ZMB,2011,,3335.6433,14437796,Sub-Saharan Africa (WB)
Zambia,ZMB,2012,,3474.5525,14913631,Sub-Saharan Africa (WB)
Zambia,ZMB,2013,,3535.2246,15399000,Sub-Saharan Africa (WB)
Zambia,ZMB,2014,,3585.5774,15895320,Sub-Saharan Africa (WB)
Zambia,ZMB,2015,,3576.9255,16399092,Sub-Saharan Africa (WB)
Zambia,ZMB,2016,,3598.1716,16914428,Sub-Saharan Africa (WB)
Zambia,ZMB,2017,358,3612.5059,17441328,Sub-Saharan Africa (WB)
Zambia,ZMB,2018,358.14044,3646.9597,17973574,Sub-Saharan Africa (WB)
Zambia,ZMB,2019,,3591.5642,18513839,Sub-Saharan Africa (WB)
Zambia,ZMB,2020,358.14044,3391.5955,19059394,Sub-Saharan Africa (WB)
Zambia,ZMB,2021,,3503.035,19603610,Sub-Saharan Africa (WB)
Zambia,ZMB,2022,,3585.1238,20152935,Sub-Saharan Africa (WB)
Zambia,ZMB,2023,,3673.4841,20723967,Sub-Saharan Africa (WB)
Zambia,ZMB,2024,,3708.069,20723967,Sub-Saharan Africa (WB)
Zimbabwe,ZWE,1990,,6082.8423,10137287,Sub-Saharan Africa (WB)
Zimbabwe,ZWE,1991,,6254.275,10404820,Sub-Saharan Africa (WB)
Zimbabwe,ZWE,1992,,5532.0376,10702697,Sub-Saharan Africa (WB)
Zimbabwe,ZWE,1993,,5509.083,10860285,Sub-Saharan Africa (WB)
Zimbabwe,ZWE,1994,,6010.742,10873146,Sub-Saharan Africa (WB)
Zimbabwe,ZWE,1995,,5964.5894,10974607,Sub-Saharan Africa (WB)
Zimbabwe,ZWE,1996,,6474.16,11158364,Sub-Saharan Africa (WB)
Zimbabwe,ZWE,1997,,6524.0625,11369833,Sub-Saharan Africa (WB)
Zimbabwe,ZWE,1998,,6582.3486,11594299,Sub-Saharan Africa (WB)
Zimbabwe,ZWE,1999,,6423.709,11783454,Sub-Saharan Africa (WB)
Zimbabwe,ZWE,2000,,6170.334,11892055,Sub-Saharan Africa (WB)
Zimbabwe,ZWE,2001,,6217.4116,11971904,Sub-Saharan Africa (WB)
Zimbabwe,ZWE,2002,,5610.1914,12087661,Sub-Saharan Africa (WB)
Zimbabwe,ZWE,2003,,4601.6606,12232324,Sub-Saharan Africa (WB)
Zimbabwe,ZWE,2004,,4287.598,12365901,Sub-Saharan Africa (WB)
Zimbabwe,ZWE,2005,,4004.6646,12483433,Sub-Saharan Africa (WB)
Zimbabwe,ZWE,2006,,3819.2334,12636442,Sub-Saharan Africa (WB)
Zimbabwe,ZWE,2007,,3631.5376,12804062,Sub-Saharan Africa (WB)
Zimbabwe,ZWE,2008,,2954.0994,12959154,Sub-Saharan Africa (WB)
Zimbabwe,ZWE,2009,,3299.4138,13142791,Sub-Saharan Africa (WB)
Zimbabwe,ZWE,2010,394.19806,3885.3938,13356551,Sub-Saharan Africa (WB)
Zimbabwe,ZWE,2011,,4358.926,13595421,Sub-Saharan Africa (WB)
Zimbabwe,ZWE,2012,,5003.4873,13817887,Sub-Saharan Africa (WB)
Zimbabwe,ZWE,2013,,5031.6875,14013811,Sub-Saharan Africa (WB)
Zimbabwe,ZWE,2014,,5081.1123,14207367,Sub-Saharan Africa (WB)
Zimbabwe,ZWE,2015,,5102.7144,14399008,Sub-Saharan Africa (WB)
Zimbabwe,ZWE,2016,,5070.4023,14600297,Sub-Saharan Africa (WB)
Zimbabwe,ZWE,2017,396,5234.384,14812484,Sub-Saharan Africa (WB)
Zimbabwe,ZWE,2018,396.13882,5415.4697,15034457,Sub-Saharan Africa (WB)
Zimbabwe,ZWE,2019,,4993.8438,15271377,Sub-Saharan Africa (WB)
Zimbabwe,ZWE,2020,396.13882,4527.7197,15526887,Sub-Saharan Africa (WB)
Zimbabwe,ZWE,2021,,4827.089,15797220,Sub-Saharan Africa (WB)
Zimbabwe,ZWE,2022,,5036.761,16069061,Sub-Saharan Africa (WB)
Zimbabwe,ZWE,2023,,5218.0225,16340829,Sub-Saharan Africa (WB)
Zimbabwe,ZWE,2024,,5215.253,16340829,Sub-Saharan Africa (WB)